frame,epoch_utc,datetime_utc,ice_strength_mean,ice_strength_max,wind_speed_mean,wind_speed_max,current_speed_mean,current_speed_max,ice_speed_mean,ice_speed_max,fractured_fraction,wind_drag_mean,wind_drag_max,current_drag_mean,current_drag_max
1,1717632299,2024-06-06 00:04 UTC,245596,310750,8.76101,14.0163,0.367379,0.487561,8.92069e-06,0.00030568,0,0.13471,0.330047,0.707276,1.22414
2,1717632599,2024-06-06 00:09 UTC,245665,310893,8.75249,14.0235,0.362211,0.481315,1.75188e-05,0.00234524,0,0.134504,0.330385,0.687398,1.19289
3,1717632899,2024-06-06 00:14 UTC,245736,311036,8.74401,14.0306,0.357044,0.475069,2.52155e-05,0.00746603,0,0.134299,0.330722,0.66781,1.16206
4,1717633199,2024-06-06 00:19 UTC,245808,311180,8.73557,14.0378,0.351879,0.468825,3.28485e-05,0.0164768,0,0.134097,0.33106,0.648509,1.13164
5,1717633499,2024-06-06 00:24 UTC,245882,311325,8.72717,14.045,0.346716,0.462582,3.99289e-05,0.0296857,0,0.133896,0.331398,0.629498,1.10163
6,1717633799,2024-06-06 00:29 UTC,245956,311470,8.71881,14.0521,0.341555,0.456339,4.63936e-05,0.0470525,0,0.133697,0.331736,0.610776,1.07204
7,1717634099,2024-06-06 00:34 UTC,246032,311616,8.71048,14.0593,0.336395,0.450098,5.14264e-05,0.0255553,0,0.1335,0.332075,0.592343,1.04285
8,1717634399,2024-06-06 00:39 UTC,246109,311763,8.7022,14.0665,0.331238,0.443857,5.62521e-05,0.00632009,0,0.133304,0.332413,0.574197,1.01406
9,1717634699,2024-06-06 00:44 UTC,246187,311910,8.69395,14.0736,0.326082,0.437618,6.43834e-05,0.00536152,0,0.133111,0.332751,0.556338,0.985785
10,1717634999,2024-06-06 00:49 UTC,246267,312059,8.68574,14.0808,0.320929,0.43138,9.35414e-05,0.00485395,0,0.132919,0.333091,0.538767,0.957383
11,1717635299,2024-06-06 00:54 UTC,246349,312208,8.67758,14.0879,0.315778,0.425142,0.00048677,0.00454531,7.57204e-05,0.132731,0.33343,0.521641,0.930553
12,1717635599,2024-06-06 00:59 UTC,246431,312357,8.66945,14.0951,0.31063,0.418907,0.000610587,0.0247877,0.000586066,0.132546,0.33377,0.504988,0.915187
13,1717635899,2024-06-06 01:04 UTC,246514,312508,8.66137,14.1023,0.300853,0.407006,0.000707901,0.00350921,0.00139801,0.132366,0.334108,0.474474,0.86053
14,1717636199,2024-06-06 01:09 UTC,246598,312659,8.65332,14.1094,0.291062,0.395088,0.000351984,0.00283757,0.00139802,0.132171,0.334448,0.442891,0.802562
15,1717636499,2024-06-06 01:14 UTC,246684,312811,8.64532,14.1167,0.281272,0.383181,0.000292892,0.0024458,0.00139798,0.13199,0.334793,0.413676,0.756883
16,1717636799,2024-06-06 01:19 UTC,246770,312964,8.63736,14.1242,0.271484,0.371405,0.000286434,0.00219476,0.00139814,0.131812,0.335147,0.38561,0.709819
17,1717637099,2024-06-06 01:24 UTC,246858,313117,8.62944,14.1316,0.261697,0.359684,0.000284973,0.00189479,0.00139817,0.131633,0.3355,0.358288,0.665463
18,1717637398,2024-06-06 01:29 UTC,246947,313271,8.62159,14.139,0.251944,0.348007,0.000251781,0.0017285,0.00139815,0.131452,0.335853,0.331683,0.622637
19,1717637698,2024-06-06 01:34 UTC,247037,313426,8.61375,14.1465,0.24216,0.336295,0.000250797,0.00152629,0.00139817,0.131276,0.336207,0.306304,0.582321
20,1717637998,2024-06-06 01:39 UTC,247128,313582,8.60596,14.154,0.232379,0.324589,0.000234531,0.00136149,0.00139813,0.131107,0.336562,0.282408,0.543804
21,1717638298,2024-06-06 01:44 UTC,247220,313738,8.59821,14.1614,0.2226,0.312924,0.000188932,0.00124418,0.00139814,0.130935,0.336917,0.25905,0.504111
22,1717638598,2024-06-06 01:49 UTC,247311,313895,8.59051,14.1689,0.212824,0.301267,0.000185847,0.00117946,0.00139815,0.130763,0.337271,0.236626,0.46697
23,1717638898,2024-06-06 01:54 UTC,247405,314053,8.58284,14.1763,0.20305,0.289618,0.000191998,0.00108317,0.00139813,0.130596,0.337626,0.215468,0.431125
24,1717639198,2024-06-06 01:59 UTC,247500,314212,8.57523,14.1838,0.193281,0.277976,0.00019757,0.000971534,0.00139812,0.130432,0.337981,0.195413,0.398721
25,1717639498,2024-06-06 02:04 UTC,247597,314372,8.56765,14.1912,0.180705,0.262832,0.000165699,0.000920895,0.00139812,0.130265,0.338337,0.170729,0.355436
26,1717639798,2024-06-06 02:09 UTC,247695,314532,8.56012,14.1987,0.168114,0.247676,0.000169104,0.000996935,0.00139812,0.130105,0.338693,0.147969,0.315578
27,1717640098,2024-06-06 02:14 UTC,247793,314693,8.55264,14.2062,0.15553,0.232536,0.000143658,0.000728707,0.00139815,0.129943,0.339049,0.126708,0.278894
28,1717640398,2024-06-06 02:19 UTC,247893,314855,8.5452,14.2136,0.142953,0.217414,0.000146571,0.000697997,0.00139813,0.129784,0.339406,0.107153,0.243709
29,1717640698,2024-06-06 02:24 UTC,247993,315017,8.5378,14.2211,0.130385,0.202316,0.000116496,0.000640269,0.00139808,0.129624,0.339762,0.0891503,0.210936
30,1717640998,2024-06-06 02:29 UTC,248095,315180,8.53045,14.2285,0.11783,0.187245,0.000147092,0.000621646,0.00139801,0.129471,0.340118,0.07307,0.180833
31,1717641298,2024-06-06 02:34 UTC,248197,315344,8.52315,14.236,0.105291,0.172211,0.000123592,0.000538835,0.00139802,0.129315,0.340475,0.0584686,0.152942
32,1717641598,2024-06-06 02:39 UTC,248301,315509,8.51589,14.2435,0.0927734,0.157222,0.000130351,0.000607472,0.00139805,0.129162,0.340832,0.0455907,0.127532
33,1717641898,2024-06-06 02:44 UTC,248406,315674,8.50868,14.2509,0.0802881,0.142293,0.000139426,0.000492049,0.00139811,0.129011,0.341189,0.0343713,0.104041
34,1717642198,2024-06-06 02:49 UTC,248511,315841,8.50151,14.2584,0.067851,0.127463,0.000103582,0.000499884,0.00139812,0.128864,0.341546,0.0249291,0.0837921
35,1717642498,2024-06-06 02:54 UTC,248618,316007,8.49439,14.2658,0.0554929,0.112752,0.00010972,0.000514782,0.00139814,0.128715,0.341904,0.0170443,0.0656764
36,1717642798,2024-06-06 02:59 UTC,248726,316175,8.48732,14.2733,0.043288,0.0983038,9.97531e-05,0.000486735,0.00139813,0.128573,0.342262,0.0109147,0.0498419
37,1717643098,2024-06-06 03:04 UTC,248802,316293,8.48504,14.2521,0.031703,0.0835923,0.000103244,0.000498537,0.00139811,0.128503,0.341246,0.00630043,0.0361489
38,1717643397,2024-06-06 03:09 UTC,248871,316398,8.48281,14.2308,0.0233113,0.0696872,0.000132728,0.000492627,0.00139813,0.128437,0.340226,0.00318341,0.0252072
39,1717643697,2024-06-06 03:14 UTC,248940,316504,8.48059,14.2094,0.0188172,0.056645,0.000112896,0.000434283,0.00139812,0.128369,0.339204,0.00138556,0.016518
40,1717643997,2024-06-06 03:19 UTC,249009,316609,8.47838,14.188,0.0197906,0.0520443,8.42726e-05,0.000429307,0.00139811,0.128302,0.338183,0.00190012,0.0139753
41,1717644297,2024-06-06 03:24 UTC,249079,316714,8.47619,14.1666,0.0274333,0.0672436,7.84329e-05,0.000424506,0.00139812,0.128237,0.337164,0.00422598,0.0232997
42,1717644597,2024-06-06 03:29 UTC,249148,316819,8.47401,14.1452,0.0378699,0.082455,0.000103652,0.000379481,0.00139809,0.128174,0.336147,0.00804452,0.0349869
43,1717644897,2024-06-06 03:34 UTC,249218,316924,8.47185,14.1238,0.049399,0.0976726,7.13502e-05,0.000387932,0.00139811,0.128108,0.335131,0.0135193,0.0491498
44,1717645197,2024-06-06 03:39 UTC,249289,317028,8.4697,14.1024,0.0614009,0.11289,7.77425e-05,0.000411863,0.00139811,0.128045,0.334116,0.0205949,0.065641
45,1717645497,2024-06-06 03:44 UTC,249359,317133,8.46756,14.0811,0.0736303,0.128108,7.56302e-05,0.000365096,0.00139812,0.127982,0.333104,0.0293431,0.0844709
46,1717645797,2024-06-06 03:49 UTC,249430,317237,8.46545,14.0597,0.085982,0.143325,9.05713e-05,0.00037725,0.00139809,0.127919,0.332092,0.0397803,0.105839
47,1717646097,2024-06-06 03:54 UTC,249501,317342,8.46334,14.0383,0.0984057,0.158543,6.58758e-05,0.000322185,0.00139814,0.127857,0.331083,0.0518737,0.129403
48,1717646397,2024-06-06 03:59 UTC,249572,317446,8.46125,14.0169,0.110875,0.17376,5.01594e-05,0.000312106,0.00139819,0.127796,0.330075,0.0656105,0.15546
49,1717646697,2024-06-06 04:04 UTC,249644,317550,8.45918,13.9955,0.120849,0.184597,6.60839e-05,0.000299472,0.00139814,0.127737,0.329068,0.077698,0.175431
50,1717646997,2024-06-06 04:09 UTC,249715,317654,8.45712,13.9741,0.130817,0.195391,6.16664e-05,0.0003163,0.00139812,0.127676,0.328064,0.0908679,0.196607
51,1717647297,2024-06-06 04:14 UTC,249787,317758,8.45508,13.9532,0.1408,0.206187,4.71795e-05,0.000288391,0.00139809,0.127616,0.327082,0.105129,0.219009
52,1717647597,2024-06-06 04:19 UTC,249859,317861,8.45305,13.9322,0.150795,0.216983,4.44501e-05,0.000276447,0.00139809,0.127558,0.3261,0.120397,0.242493
53,1717647897,2024-06-06 04:24 UTC,249932,317965,8.45103,13.9113,0.1608,0.227781,5.37407e-05,0.000249985,0.00139808,0.127501,0.325121,0.136706,0.267157
54,1717648197,2024-06-06 04:29 UTC,250004,318069,8.44903,13.8904,0.170813,0.238579,3.66372e-05,0.000269633,0.001398,0.127443,0.324143,0.154167,0.29308
55,1717648497,2024-06-06 04:34 UTC,250077,318172,8.44705,13.8694,0.180833,0.249378,4.05535e-05,0.000239903,0.00139796,0.127386,0.323166,0.172631,0.320289
56,1717648797,2024-06-06 04:39 UTC,250150,318275,8.44508,13.8485,0.190858,0.260178,4.22643e-05,0.000250148,0.00139798,0.12733,0.322191,0.192177,0.3486
57,1717649097,2024-06-06 04:44 UTC,250223,318379,8.44313,13.8275,0.200887,0.270978,4.36538e-05,0.000253118,0.00139792,0.127275,0.321218,0.21279,0.378126
58,1717649396,2024-06-06 04:49 UTC,250296,318482,8.44119,13.8067,0.210887,0.281743,3.45529e-05,0.000249737,0.00139792,0.127219,0.320249,0.234451,0.408836
59,1717649696,2024-06-06 04:54 UTC,250370,318585,8.43927,13.7857,0.220924,0.292544,3.41243e-05,0.000265165,0.0013979,0.127166,0.319278,0.257161,0.440731
60,1717649996,2024-06-06 04:59 UTC,250445,318688,8.43736,13.7648,0.230964,0.303346,2.81189e-05,0.000279922,0.00139789,0.127112,0.318309,0.280988,0.47383
61,1717650296,2024-06-06 05:04 UTC,250519,318791,8.43547,13.7439,0.236794,0.30911,2.02756e-05,0.000297476,0.00139791,0.127058,0.317342,0.295321,0.492084
62,1717650596,2024-06-06 05:09 UTC,250595,318894,8.43359,13.7229,0.242568,0.314836,1.89379e-05,0.000321676,0.00139788,0.127006,0.316376,0.309841,0.510464
63,1717650896,2024-06-06 05:14 UTC,250670,318996,8.43173,13.702,0.248343,0.321054,3.1392e-05,0.000347591,0.0013979,0.126955,0.315411,0.324656,0.530718
64,1717651196,2024-06-06 05:19 UTC,250745,319099,8.42988,13.6811,0.254119,0.327521,1.98051e-05,0.00037964,0.00139794,0.126903,0.314448,0.339907,0.552421
65,1717651496,2024-06-06 05:24 UTC,250820,319202,8.42805,13.6601,0.259896,0.334005,1.87138e-05,0.000424828,0.00139797,0.126853,0.313487,0.355484,0.574497
66,1717651796,2024-06-06 05:29 UTC,250895,319304,8.42623,13.6392,0.265674,0.340489,1.88326e-05,0.000477449,0.001398,0.126802,0.312527,0.371436,0.59706
67,1717652096,2024-06-06 05:34 UTC,250971,319407,8.42443,13.6183,0.271453,0.346974,2.83955e-05,0.00053357,0.00139805,0.126753,0.311568,0.387683,0.620099
68,1717652396,2024-06-06 05:39 UTC,251047,319509,8.42265,13.5973,0.277232,0.353459,2.30832e-05,0.000604386,0.00139807,0.126705,0.310611,0.404321,0.643341
69,1717652696,2024-06-06 05:44 UTC,251123,319612,8.42088,13.5764,0.283013,0.359945,2.21812e-05,0.00068132,0.00139808,0.126657,0.309656,0.421292,0.667144
70,1717652996,2024-06-06 05:49 UTC,251200,319714,8.41913,13.5555,0.288794,0.366431,2.1031e-05,0.00077657,0.00139864,0.126609,0.308701,0.438626,0.691496
71,1717653296,2024-06-06 05:54 UTC,251276,319816,8.41739,13.5345,0.294575,0.37325,1.9984e-05,0.000878873,0.00139861,0.126562,0.307749,0.456324,0.717331
72,1717653596,2024-06-06 05:59 UTC,251353,319918,8.41568,13.5136,0.300358,0.380729,1.37087e-05,0.00099759,0.00139858,0.126516,0.306798,0.474384,0.746484
73,1717653896,2024-06-06 06:04 UTC,251383,319971,8.4282,13.5132,0.300843,0.381135,2.95135e-05,0.00108652,0.00140271,0.126852,0.306779,0.475866,0.748142
74,1717654196,2024-06-06 06:09 UTC,251400,320009,8.44097,13.5131,0.301261,0.381445,1.94814e-05,0.00118616,0.00140272,0.127194,0.306773,0.477151,0.749363
75,1717654496,2024-06-06 06:14 UTC,251416,320045,8.45378,13.513,0.301683,0.381756,1.26171e-05,0.00128977,0.00140272,0.127539,0.306768,0.4784,0.750438
76,1717654796,2024-06-06 06:19 UTC,251430,320077,8.46663,13.5129,0.302109,0.382156,1.22391e-05,0.00139518,0.00140272,0.127887,0.306764,0.479676,0.752161
77,1717655095,2024-06-06 06:24 UTC,251442,320106,8.47948,13.5128,0.302537,0.382563,1.3263e-05,0.0014914,0.0014027,0.128234,0.30676,0.480993,0.753819
78,1717655395,2024-06-06 06:29 UTC,251453,320133,8.49242,13.5127,0.30297,0.382971,1.01189e-05,0.00158939,0.00140271,0.128586,0.306757,0.482274,0.755364
79,1717655695,2024-06-06 06:34 UTC,251463,320156,8.50539,13.5127,0.303408,0.383379,9.35661e-06,0.00167648,0.00140269,0.128939,0.306756,0.483583,0.756843
80,1717655995,2024-06-06 06:39 UTC,251471,320177,8.51841,13.5127,0.303849,0.383788,9.77279e-06,0.00175895,0.00140269,0.129295,0.306754,0.48491,0.758578
81,1717656295,2024-06-06 06:44 UTC,251477,320194,8.53147,13.5126,0.304293,0.384196,8.64264e-06,0.00182999,0.00140269,0.129652,0.306754,0.486226,0.760129
82,1717656595,2024-06-06 06:49 UTC,251483,320209,8.54456,13.5127,0.304742,0.384692,8.14124e-06,0.00189539,0.00140271,0.130012,0.306754,0.487575,0.762155
83,1717656895,2024-06-06 06:54 UTC,251486,320221,8.5577,13.5127,0.305194,0.385325,6.90765e-06,0.00195484,0.00140271,0.130374,0.306756,0.488931,0.764661
84,1717657195,2024-06-06 06:59 UTC,251489,320230,8.57087,13.5127,0.30565,0.385977,6.40858e-06,0.00201309,0.00140271,0.130738,0.306757,0.490297,0.767211
85,1717657495,2024-06-06 07:04 UTC,251489,320236,8.58408,13.5128,0.300541,0.379159,1.32704e-05,0.00194954,0.00140271,0.131103,0.30676,0.473943,0.740455
86,1717657795,2024-06-06 07:09 UTC,251489,320239,8.59733,13.5129,0.295342,0.372783,1.30519e-05,0.00188059,0.00140275,0.131471,0.306764,0.457539,0.715741
87,1717658095,2024-06-06 07:14 UTC,251487,320240,8.61062,13.513,0.290147,0.366407,1.07158e-05,0.00181029,0.00140276,0.131841,0.306768,0.44143,0.691463
88,1717658395,2024-06-06 07:19 UTC,251484,320237,8.62395,13.5131,0.284957,0.360034,1.29917e-05,0.00173924,0.00140276,0.132214,0.306773,0.425634,0.667603
89,1717658695,2024-06-06 07:24 UTC,251479,320232,8.63731,13.5132,0.279771,0.353662,1.39045e-05,0.00166472,0.00140278,0.132588,0.306779,0.410134,0.644228
90,1717658995,2024-06-06 07:29 UTC,251473,320224,8.65071,13.5133,0.274591,0.347291,1.24483e-05,0.0015899,0.00140271,0.132965,0.306785,0.394924,0.621195
91,1717659295,2024-06-06 07:34 UTC,251466,320213,8.66415,13.5168,0.269415,0.340919,1.08203e-05,0.00151376,0.00140276,0.133343,0.306943,0.380014,0.598635
92,1717659595,2024-06-06 07:39 UTC,251457,320200,8.67763,13.5376,0.264246,0.334547,1.20553e-05,0.00143632,0.00140277,0.133724,0.307887,0.365411,0.576467
93,1717659895,2024-06-06 07:44 UTC,251447,320184,8.69114,13.5584,0.259082,0.328175,1.32181e-05,0.00135868,0.00140275,0.134107,0.308833,0.351107,0.554751
94,1717660195,2024-06-06 07:49 UTC,251436,320165,8.70468,13.5791,0.253924,0.321804,9.92851e-06,0.0012806,0.00140272,0.134492,0.30978,0.337089,0.533367
95,1717660495,2024-06-06 07:54 UTC,251424,320143,8.71827,13.5999,0.248774,0.315432,9.86971e-06,0.00120307,0.00140274,0.134879,0.310729,0.323379,0.512466
96,1717660795,2024-06-06 07:59 UTC,251410,320119,8.73189,13.6207,0.24363,0.30906,1.01122e-05,0.00112405,0.00140265,0.135268,0.311679,0.309969,0.491974
97,1717661094,2024-06-06 08:04 UTC,251395,320092,8.7455,13.6414,0.234273,0.29785,1.71796e-05,0.000951609,0.00140266,0.135657,0.312628,0.286494,0.456978
98,1717661394,2024-06-06 08:09 UTC,251377,320063,8.75919,13.6622,0.224815,0.286519,1.6299e-05,0.000786555,0.00140261,0.136051,0.313582,0.263695,0.422889
99,1717661694,2024-06-06 08:14 UTC,251359,320031,8.77292,13.683,0.215363,0.275189,1.41975e-05,0.000628191,0.0014026,0.136446,0.314537,0.241852,0.390066
100,1717661994,2024-06-06 08:19 UTC,251340,319996,8.78668,13.7038,0.205915,0.263858,1.55535e-05,0.00048034,0.0014026,0.136844,0.315494,0.220977,0.358615
101,1717662294,2024-06-06 08:24 UTC,251320,319959,8.80048,13.7247,0.196473,0.252528,1.58545e-05,0.000348222,0.00140266,0.137244,0.316458,0.20106,0.328495
102,1717662594,2024-06-06 08:29 UTC,251299,319919,8.81431,13.7489,0.187038,0.241197,1.3064e-05,0.000256042,0.00140266,0.137645,0.317576,0.182096,0.299655
103,1717662894,2024-06-06 08:34 UTC,251277,319876,8.82818,13.7732,0.177611,0.230333,1.38338e-05,0.000207501,0.00140264,0.138049,0.318696,0.164099,0.273283
104,1717663194,2024-06-06 08:39 UTC,251253,319831,8.84208,13.7974,0.168194,0.219877,1.42452e-05,0.00021623,0.00140266,0.138455,0.319818,0.14706,0.249052
105,1717663494,2024-06-06 08:44 UTC,251228,319828,8.85602,13.8216,0.158789,0.209422,1.29564e-05,0.000283418,0.0014027,0.138863,0.320942,0.130978,0.225925
106,1717663794,2024-06-06 08:49 UTC,251202,319852,8.86999,13.8458,0.149397,0.198967,1.14653e-05,0.000368141,0.00140271,0.139274,0.322068,0.115855,0.203931
107,1717664094,2024-06-06 08:54 UTC,251174,319874,8.884,13.8701,0.140024,0.188514,1.05163e-05,0.000449897,0.00140275,0.139686,0.323196,0.101691,0.183061
108,1717664394,2024-06-06 08:59 UTC,251146,319895,8.89804,13.8943,0.130673,0.178065,1.06702e-05,0.000525159,0.00140281,0.1401,0.324326,0.0884888,0.163333
109,1717664694,2024-06-06 09:04 UTC,251064,319884,8.94424,13.9583,0.119979,0.165427,1.13568e-05,0.000594201,0.00140281,0.141458,0.32732,0.0745239,0.140965
110,1717664994,2024-06-06 09:09 UTC,250966,319863,8.99118,14.0231,0.109292,0.152744,1.09907e-05,0.000653069,0.00140283,0.142845,0.330367,0.0617626,0.120188
111,1717665294,2024-06-06 09:14 UTC,250865,319838,9.03821,14.0879,0.0986536,0.140062,1.00804e-05,0.000703157,0.00140286,0.144243,0.333428,0.0502431,0.101062
112,1717665594,2024-06-06 09:19 UTC,250760,319808,9.08533,14.1527,0.0880839,0.127382,9.14897e-06,0.000744622,0.00140287,0.145651,0.336504,0.0399645,0.0835906
113,1717665894,2024-06-06 09:24 UTC,250652,319775,9.13254,14.2176,0.0776153,0.114706,8.14939e-06,0.000776828,0.00140288,0.147069,0.339595,0.0309252,0.0677837
114,1717666194,2024-06-06 09:29 UTC,250540,319738,9.17983,14.2825,0.0673024,0.102039,7.14185e-06,0.000800502,0.00140287,0.148498,0.342701,0.023121,0.0536361
115,1717666494,2024-06-06 09:34 UTC,250425,319697,9.22719,14.3473,0.0572411,0.0893781,6.30854e-06,0.000818345,0.00140286,0.149937,0.345822,0.0165452,0.0411569
116,1717666794,2024-06-06 09:39 UTC,250306,319652,9.27464,14.4122,0.0476026,0.076725,5.54343e-06,0.00082634,0.00140285,0.151386,0.348957,0.0111828,0.030329
117,1717667093,2024-06-06 09:44 UTC,250184,319603,9.322,14.4769,0.0387078,0.0641263,4.45525e-06,0.000828263,0.00140287,0.152841,0.352097,0.00701839,0.0211859
118,1717667393,2024-06-06 09:49 UTC,250058,319550,9.36959,14.5419,0.0309376,0.0515067,4.31251e-06,0.000826772,0.00140285,0.154311,0.355262,0.00400678,0.0136686
119,1717667693,2024-06-06 09:54 UTC,249928,319493,9.41725,14.6068,0.0249398,0.0432112,2.95771e-06,0.000820569,0.00140285,0.155792,0.358442,0.0023411,0.00961573
120,1717667993,2024-06-06 09:59 UTC,249795,319433,9.46499,14.6717,0.0217774,0.0513555,3.4419e-06,0.000812001,0.00140283,0.157283,0.361637,0.00247621,0.0135817
121,1717668293,2024-06-06 10:04 UTC,249659,319368,9.51278,14.7367,0.0222468,0.0593518,2.84413e-06,0.000801527,0.00140285,0.158785,0.364846,0.00359532,0.0181398
122,1717668593,2024-06-06 10:09 UTC,249519,319300,9.56065,14.8017,0.0269988,0.0680684,3.08619e-06,0.000792539,0.00140286,0.160297,0.368071,0.00531076,0.0238599
123,1717668893,2024-06-06 10:14 UTC,249376,319228,9.60857,14.8667,0.0346703,0.0771829,3.81631e-06,0.000786683,0.00140286,0.161819,0.37131,0.00784733,0.0306761
124,1717669193,2024-06-06 10:19 UTC,249229,319152,9.65656,14.9317,0.0431771,0.0865696,3.61556e-06,0.000782435,0.00140287,0.163352,0.374564,0.0112991,0.0385948
125,1717669493,2024-06-06 10:24 UTC,249079,319073,9.70461,14.9967,0.0520108,0.0961487,4.37009e-06,0.000780741,0.00140287,0.164895,0.377833,0.0156796,0.0476052
126,1717669793,2024-06-06 10:29 UTC,248926,318989,9.75272,15.0617,0.0610132,0.105868,5.27632e-06,0.000782378,0.00140286,0.166449,0.381117,0.0209925,0.0577175
127,1717670093,2024-06-06 10:34 UTC,248769,318902,9.80088,15.1267,0.0701169,0.115692,5.56142e-06,0.000784815,0.00140285,0.168013,0.384415,0.0272386,0.0689241
128,1717670393,2024-06-06 10:39 UTC,248609,318811,9.8491,15.1918,0.0792872,0.125597,6.65377e-06,0.000789482,0.00140283,0.169587,0.387728,0.0344168,0.0812275
129,1717670693,2024-06-06 10:44 UTC,248445,318716,9.89737,15.2569,0.0885038,0.135564,7.62227e-06,0.000796327,0.00140283,0.171172,0.391056,0.0425271,0.0946346
130,1717670993,2024-06-06 10:49 UTC,248278,318618,9.9457,15.3219,0.0977543,0.145581,7.78283e-06,0.000804937,0.00140276,0.172768,0.3944,0.0515702,0.109136
131,1717671293,2024-06-06 10:54 UTC,248107,318516,9.99407,15.3887,0.10703,0.155638,9.04696e-06,0.000814463,0.00140276,0.174374,0.397844,0.0615437,0.124734
132,1717671593,2024-06-06 10:59 UTC,247934,318410,10.0425,15.4607,0.116326,0.165731,1.0349e-05,0.000825742,0.00140269,0.17599,0.401576,0.072448,0.141439
133,1717671893,2024-06-06 11:04 UTC,247757,318300,10.091,15.5327,0.122591,0.172247,7.96975e-06,0.000829539,0.00140271,0.177617,0.405326,0.0802762,0.152783
134,1717672193,2024-06-06 11:09 UTC,247576,318187,10.1395,15.6079,0.128791,0.178692,7.96836e-06,0.000832834,0.0014027,0.179255,0.409258,0.0884264,0.16443
135,1717672493,2024-06-06 11:14 UTC,247392,318070,10.1881,15.6847,0.134996,0.185152,9.27494e-06,0.000837705,0.00140269,0.180902,0.413297,0.0969891,0.176527
136,1717672792,2024-06-06 11:19 UTC,247205,317949,10.2365,15.7618,0.141187,0.191602,7.92455e-06,0.000843363,0.00140276,0.182555,0.417368,0.10594,0.189052
137,1717673092,2024-06-06 11:24 UTC,247014,317824,10.2852,15.8391,0.147403,0.198083,8.20965e-06,0.000849135,0.00140281,0.184224,0.421474,0.115332,0.202053
138,1717673392,2024-06-06 11:29 UTC,246820,317696,10.3339,15.9164,0.153623,0.204575,9.06073e-06,0.000855329,0.00140285,0.185903,0.4256,0.125137,0.215518
139,1717673692,2024-06-06 11:34 UTC,246623,317564,10.3827,15.9938,0.159847,0.211075,8.92345e-06,0.000862669,0.00140287,0.187593,0.429746,0.135358,0.229425
140,1717673992,2024-06-06 11:39 UTC,246423,317429,10.4315,16.0711,0.166074,0.217583,9.80736e-06,0.000869452,0.00140286,0.189293,0.433912,0.145992,0.243797
141,1717674292,2024-06-06 11:44 UTC,246219,317290,10.4803,16.1485,0.172305,0.224098,1.03927e-05,0.000876031,0.00140287,0.191004,0.438099,0.157041,0.258599
142,1717674592,2024-06-06 11:49 UTC,246012,317147,10.5292,16.2258,0.178538,0.230621,1.06522e-05,0.000882995,0.00140285,0.192725,0.442306,0.168504,0.27389
143,1717674892,2024-06-06 11:54 UTC,245802,317000,10.5781,16.3032,0.184774,0.237151,1.15497e-05,0.000890917,0.00140287,0.194457,0.446534,0.180381,0.289612
144,1717675192,2024-06-06 11:59 UTC,245588,316850,10.627,16.3806,0.191012,0.243686,1.15113e-05,0.000897995,0.00140285,0.196199,0.450781,0.192674,0.305802
145,1717675492,2024-06-06 12:04 UTC,245396,316725,10.6432,16.3335,0.193374,0.246325,5.43225e-06,0.000895922,0.00140282,0.196799,0.448196,0.197423,0.312478
146,1717675792,2024-06-06 12:09 UTC,245207,316605,10.6586,16.2831,0.195634,0.24888,4.79418e-06,0.000895697,0.00140283,0.197372,0.445433,0.202007,0.318988
147,1717676092,2024-06-06 12:14 UTC,245016,316482,10.674,16.2326,0.197897,0.251451,6.46609e-06,0.000893963,0.00140283,0.197951,0.442678,0.206645,0.325607
148,1717676392,2024-06-06 12:19 UTC,244823,316357,10.6895,16.1822,0.200163,0.254038,4.46114e-06,0.000890865,0.00140282,0.198535,0.439932,0.21135,0.332348
149,1717676692,2024-06-06 12:24 UTC,244627,316230,10.7052,16.1318,0.202433,0.256641,3.77177e-06,0.000889749,0.00140287,0.199124,0.437195,0.216111,0.339197
150,1717676992,2024-06-06 12:29 UTC,244429,316101,10.7209,16.0814,0.204706,0.259259,4.59409e-06,0.000889352,0.00140287,0.199718,0.434468,0.220928,0.346146
151,1717677292,2024-06-06 12:34 UTC,244229,315970,10.7366,16.031,0.206982,0.261892,4.52322e-06,0.000885766,0.00140283,0.200318,0.431749,0.225805,0.35321
152,1717677592,2024-06-06 12:39 UTC,244027,315837,10.7525,15.9806,0.209261,0.264539,4.68145e-06,0.000882979,0.00140282,0.200923,0.429039,0.230741,0.36039
153,1717677892,2024-06-06 12:44 UTC,243822,315702,10.7684,15.9303,0.211543,0.2672,5.50593e-06,0.000878373,0.00140281,0.201533,0.426339,0.235734,0.367672
154,1717678192,2024-06-06 12:49 UTC,243616,315564,10.7845,15.8802,0.213828,0.269875,5.31004e-06,0.000874453,0.00140281,0.202149,0.423665,0.240789,0.375072
155,1717678492,2024-06-06 12:54 UTC,243406,315424,10.8006,15.8353,0.216116,0.272562,6.08199e-06,0.000869848,0.00140286,0.20277,0.421269,0.2459,0.382577
156,1717678791,2024-06-06 12:59 UTC,243197,315282,10.8167,15.7906,0.218399,0.275253,5.63835e-06,0.000864274,0.00140287,0.203394,0.418898,0.251056,0.390172
157,1717679091,2024-06-06 13:04 UTC,242984,315138,10.8329,15.752,0.216627,0.27269,2.03549e-06,0.000838989,0.00140287,0.204026,0.416853,0.246963,0.382958
158,1717679391,2024-06-06 13:09 UTC,242766,314992,10.8493,15.7148,0.21473,0.269968,2.4396e-06,0.000813928,0.00140286,0.204663,0.414883,0.242609,0.375353
159,1717679691,2024-06-06 13:14 UTC,242548,314844,10.8657,15.6775,0.212835,0.267274,1.45779e-06,0.000792488,0.00140286,0.205305,0.412918,0.23829,0.367891
160,1717679991,2024-06-06 13:19 UTC,242328,314694,10.8821,15.6403,0.210942,0.264943,3.06906e-06,0.000769881,0.00140285,0.205953,0.410958,0.234022,0.361514
161,1717680291,2024-06-06 13:24 UTC,242106,314542,10.8987,15.603,0.20905,0.262611,3.72127e-06,0.000748344,0.00140283,0.206606,0.409003,0.229791,0.355183
162,1717680591,2024-06-06 13:29 UTC,241881,314387,10.9153,15.5658,0.20716,0.26028,2.76117e-06,0.000727867,0.00140281,0.207265,0.407052,0.225597,0.348898
163,1717680891,2024-06-06 13:34 UTC,241655,314230,10.932,15.5285,0.205271,0.257948,3.03473e-06,0.000707271,0.00140281,0.207929,0.405107,0.221447,0.342671
164,1717681191,2024-06-06 13:39 UTC,241426,314072,10.9487,15.4913,0.203384,0.255616,3.33157e-06,0.000688107,0.00140281,0.208598,0.403166,0.217338,0.336513
165,1717681491,2024-06-06 13:44 UTC,241195,313911,10.9656,15.4541,0.201499,0.253285,2.97332e-06,0.000667546,0.00140281,0.209273,0.401231,0.213268,0.3304
166,1717681791,2024-06-06 13:49 UTC,240962,313748,10.9824,15.4168,0.199615,0.250954,3.5183e-06,0.000650564,0.00140281,0.209953,0.3993,0.20924,0.324343
167,1717682091,2024-06-06 13:54 UTC,240726,313582,10.9994,15.3796,0.197734,0.248622,4.16805e-06,0.000631127,0.00140325,0.210639,0.397374,0.205253,0.318342
168,1717682391,2024-06-06 13:59 UTC,240489,313415,11.0164,15.3424,0.195854,0.246291,4.45408e-06,0.000613709,0.00140325,0.21133,0.395453,0.201311,0.312392
169,1717682691,2024-06-06 14:04 UTC,240249,313245,11.0335,15.3052,0.190717,0.240195,7.03003e-06,0.000588014,0.00140327,0.212026,0.393536,0.190874,0.297152
170,1717682991,2024-06-06 14:09 UTC,240008,313074,11.0507,15.2679,0.185481,0.233983,7.51349e-06,0.000563192,0.00140327,0.212728,0.391625,0.180521,0.281979
171,1717683291,2024-06-06 14:14 UTC,239764,312900,11.0679,15.2307,0.180246,0.227771,6.68803e-06,0.000536087,0.00140323,0.213435,0.389718,0.170458,0.2672
172,1717683591,2024-06-06 14:19 UTC,239518,312724,11.0851,15.243,0.175013,0.221577,7.2024e-06,0.000515631,0.00140323,0.214148,0.390346,0.160693,0.252874
173,1717683891,2024-06-06 14:24 UTC,239269,312546,11.1025,15.2892,0.169783,0.215495,7.85874e-06,0.000495767,0.00140322,0.214867,0.392715,0.151223,0.239186
174,1717684191,2024-06-06 14:29 UTC,239019,312366,11.1199,15.3356,0.164556,0.209412,6.76773e-06,0.00047785,0.00140326,0.21559,0.395101,0.142043,0.225869
175,1717684490,2024-06-06 14:34 UTC,238767,312183,11.1373,15.382,0.159348,0.20335,6.22922e-06,0.000458627,0.00140328,0.216317,0.397497,0.133189,0.212981
176,1717684790,2024-06-06 14:39 UTC,238512,311998,11.1548,15.4287,0.154126,0.197268,5.91327e-06,0.000442933,0.00140329,0.217052,0.399917,0.124599,0.200433
177,1717685090,2024-06-06 14:44 UTC,238255,311811,11.1724,15.4757,0.148908,0.191185,5.7903e-06,0.000426266,0.00140329,0.217792,0.402355,0.116303,0.18826
178,1717685390,2024-06-06 14:49 UTC,237997,311622,11.1901,15.5228,0.143693,0.185103,5.32962e-06,0.000413057,0.00140326,0.218537,0.404809,0.108301,0.176475
179,1717685690,2024-06-06 14:54 UTC,237736,311431,11.2078,15.5701,0.138483,0.179021,5.21522e-06,0.000399943,0.00140326,0.219288,0.407281,0.100595,0.165078
180,1717685990,2024-06-06 14:59 UTC,237473,311238,11.2256,15.6176,0.133278,0.172938,5.7499e-06,0.000386458,0.00140327,0.220045,0.40977,0.0931838,0.15404
181,1717686290,2024-06-06 15:04 UTC,237275,311116,11.2566,15.6422,0.126897,0.165357,5.4201e-06,0.000372032,0.00140328,0.221209,0.411062,0.0844796,0.140825
182,1717686590,2024-06-06 15:09 UTC,237091,311010,11.2881,15.6661,0.120483,0.15785,5.58154e-06,0.000356711,0.00140328,0.222392,0.412316,0.0761627,0.128338
183,1717686890,2024-06-06 15:14 UTC,236907,310905,11.3197,15.69,0.114077,0.150344,5.58799e-06,0.000344045,0.00140327,0.223582,0.413574,0.0682888,0.116426
184,1717687190,2024-06-06 15:19 UTC,236723,310799,11.3513,15.7139,0.107683,0.142837,5.52648e-06,0.000333903,0.00140326,0.224778,0.414835,0.0608586,0.105089
185,1717687490,2024-06-06 15:24 UTC,236538,310694,11.383,15.7378,0.101301,0.135918,4.77938e-06,0.000321408,0.00140327,0.22598,0.4161,0.0538723,0.0951503
186,1717687790,2024-06-06 15:29 UTC,236353,310589,11.4147,15.7618,0.0949357,0.12914,4.59595e-06,0.000311761,0.00140328,0.227188,0.417369,0.0473303,0.0858969
187,1717688090,2024-06-06 15:34 UTC,236167,310484,11.4465,15.7858,0.0885894,0.122373,4.54314e-06,0.000300556,0.00140326,0.228402,0.418641,0.0412316,0.0771292
188,1717688390,2024-06-06 15:39 UTC,235981,310380,11.4784,15.8098,0.0822676,0.115613,3.07628e-06,0.000291236,0.00140326,0.229623,0.419917,0.0355752,0.068839
189,1717688690,2024-06-06 15:44 UTC,235795,310276,11.5103,15.8339,0.0759771,0.108853,3.40309e-06,0.000284054,0.00140325,0.230849,0.421196,0.030364,0.0610301
190,1717688990,2024-06-06 15:49 UTC,235609,310172,11.5423,15.858,0.0697275,0.102095,3.15089e-06,0.000276493,0.00140325,0.232082,0.422479,0.0255953,0.0536873
191,1717689290,2024-06-06 15:54 UTC,235422,310068,11.5743,15.8821,0.0635324,0.0953366,7.25248e-06,0.000269012,0.00140323,0.233321,0.423766,0.0212681,0.046842
192,1717689590,2024-06-06 15:59 UTC,235236,309965,11.6064,15.9063,0.0574121,0.0885796,1.36527e-05,0.000266507,0.00140322,0.234566,0.425056,0.0173848,0.040415
193,1717689890,2024-06-06 16:04 UTC,235048,309862,11.6385,15.9305,0.0522361,0.0824332,2.14977e-05,0.000252586,0.00140322,0.235817,0.42635,0.0143991,0.0350214
194,1717690190,2024-06-06 16:09 UTC,234861,309759,11.6706,15.9547,0.0471409,0.0763092,1.82046e-05,0.000266949,0.00140318,0.237074,0.427648,0.0117297,0.029988
195,1717690489,2024-06-06 16:14 UTC,234673,309656,11.7028,15.9789,0.0421326,0.0702073,1.96618e-05,0.000241847,0.0014032,0.238333,0.428945,0.00937619,0.0253546
196,1717690789,2024-06-06 16:19 UTC,234485,309554,11.735,16.0032,0.0372073,0.0640872,1.77228e-05,0.00024056,0.00140321,0.239603,0.43025,0.00731257,0.0211429
197,1717691089,2024-06-06 16:24 UTC,234296,309451,11.7674,16.0275,0.0324298,0.0580694,1.64725e-05,0.000232625,0.00140321,0.240879,0.431558,0.00555015,0.0173796
198,1717691389,2024-06-06 16:29 UTC,234108,309349,11.7997,16.0518,0.0278778,0.0526307,8.43842e-05,0.000404706,0.00140321,0.242161,0.43287,0.00408839,0.0142713
199,1717691689,2024-06-06 16:34 UTC,233918,309247,11.8322,16.0762,0.0236809,0.0472122,9.91235e-05,0.000451794,0.0014032,0.243448,0.434186,0.00291422,0.0115829
200,1717691989,2024-06-06 16:39 UTC,233729,309146,11.8646,16.1006,0.0200521,0.0418215,0.00011792,0.000584464,0.00140321,0.244743,0.435506,0.00203252,0.00899217
201,1717692289,2024-06-06 16:44 UTC,233539,309044,11.8971,16.1251,0.0173258,0.0368287,0.000108899,0.000413224,0.00140321,0.246044,0.436829,0.00143227,0.00704587
202,1717692589,2024-06-06 16:49 UTC,233349,308943,11.9297,16.1495,0.0160074,0.0391877,0.000118284,0.000407055,0.0014032,0.247348,0.438156,0.00112056,0.0079068
203,1717692889,2024-06-06 16:54 UTC,233159,308842,11.9623,16.174,0.0165598,0.0429169,9.71782e-05,0.000338154,0.00140321,0.248661,0.439486,0.00114255,0.00948683
204,1717693189,2024-06-06 16:59 UTC,232968,308741,11.995,16.1986,0.0186376,0.0469705,9.38075e-05,0.000397458,0.0014032,0.249981,0.44082,0.0015418,0.0113623
205,1717693489,2024-06-06 17:04 UTC,232777,308641,12.0277,16.2231,0.019986,0.0487092,0.000104667,0.000384019,0.0014032,0.251304,0.442158,0.00185514,0.0122179
206,1717693789,2024-06-06 17:09 UTC,232586,308540,12.0604,16.2477,0.0214761,0.0504572,0.000100486,0.00042293,0.00140321,0.252635,0.443499,0.00222063,0.0131127
207,1717694089,2024-06-06 17:14 UTC,232394,308440,12.0932,16.2723,0.0231308,0.0522994,8.11234e-05,0.000943115,0.00140322,0.253974,0.444844,0.00265823,0.0140873
208,1717694389,2024-06-06 17:19 UTC,232203,308340,12.1261,16.297,0.0249296,0.0542262,6.92799e-05,0.000383209,0.00140321,0.255316,0.446193,0.00317814,0.0151433
209,1717694689,2024-06-06 17:24 UTC,232010,308243,12.1589,16.3226,0.0268561,0.0562289,7.26927e-05,0.000217125,0.0014032,0.256665,0.447599,0.00375271,0.0162826
210,1717694989,2024-06-06 17:29 UTC,231818,308147,12.1919,16.3491,0.0288939,0.0582997,7.30831e-05,0.00032892,0.00140322,0.258022,0.449054,0.00440331,0.0175051
211,1717695289,2024-06-06 17:34 UTC,231625,308052,12.2248,16.3757,0.0310266,0.0604316,6.22658e-05,0.000271926,0.00140321,0.259383,0.450514,0.00512229,0.0188079
212,1717695589,2024-06-06 17:39 UTC,231432,307957,12.2579,16.4023,0.0332385,0.0626183,7.58262e-05,0.000458223,0.00140322,0.260749,0.451977,0.00592148,0.0201944
213,1717695889,2024-06-06 17:44 UTC,231238,307862,12.2909,16.4289,0.0355156,0.0648544,6.58183e-05,0.000258211,0.00140322,0.262124,0.453445,0.00677954,0.0216615
214,1717696189,2024-06-06 17:49 UTC,231045,307768,12.324,16.4555,0.037846,0.0671349,0.000157322,0.00069816,0.00140449,0.263507,0.454916,0.00768924,0.0232099
215,1717696488,2024-06-06 17:54 UTC,230850,307673,12.3571,16.4821,0.0402115,0.0694475,0.000183096,0.000879476,0.00140537,0.264889,0.456388,0.00868477,0.0248345
216,1717696788,2024-06-06 17:59 UTC,230656,307579,12.3902,16.5088,0.0426199,0.071804,0.000197586,0.000679328,0.00140539,0.266277,0.457867,0.00980966,0.0265444
217,1717697088,2024-06-06 18:04 UTC,230496,307517,12.415,16.5108,0.0416858,0.0695363,0.000157654,0.000682862,0.0014054,0.267318,0.457977,0.00938198,0.0248983
218,1717697388,2024-06-06 18:09 UTC,230343,307462,12.4395,16.5117,0.040627,0.0671104,0.000153402,0.000489534,0.00140539,0.268343,0.45803,0.00895748,0.023192
219,1717697688,2024-06-06 18:14 UTC,230191,307408,12.464,16.5127,0.039585,0.0647244,0.00014134,0.000472673,0.00140539,0.269373,0.458083,0.00852348,0.021577
220,1717697988,2024-06-06 18:19 UTC,230040,307355,12.4885,16.5137,0.038561,0.0623827,0.00011716,0.000386386,0.00140543,0.270407,0.458138,0.00812722,0.02004
221,1717698288,2024-06-06 18:24 UTC,229888,307303,12.5131,16.5147,0.0375566,0.0600907,0.000135029,0.00066866,0.00140654,0.271447,0.458194,0.00771279,0.0185922
222,1717698588,2024-06-06 18:29 UTC,229737,307251,12.5377,16.5157,0.0365733,0.0578541,0.000121274,0.000604153,0.00140654,0.272484,0.45825,0.00737434,0.0172354
223,1717698888,2024-06-06 18:34 UTC,229587,307201,12.5623,16.5167,0.0356129,0.0562035,0.000101143,0.000301586,0.00140658,0.27353,0.458306,0.00703019,0.0163081
224,1717699188,2024-06-06 18:39 UTC,229436,307151,12.587,16.5329,0.0346773,0.0559404,0.00010743,0.000338744,0.00140655,0.274581,0.459208,0.00667717,0.0161127
225,1717699488,2024-06-06 18:44 UTC,229287,307102,12.6116,16.5607,0.0337682,0.0557157,0.000114318,0.000354209,0.00140655,0.27563,0.460752,0.00638068,0.015993
226,1717699788,2024-06-06 18:49 UTC,229137,307053,12.6364,16.5885,0.0328877,0.0555299,9.88217e-05,0.00029141,0.00140655,0.276686,0.462299,0.00609079,0.0159504
227,1717700088,2024-06-06 18:54 UTC,228988,307006,12.6611,16.6163,0.0320377,0.0553835,8.9897e-05,0.000399739,0.00140657,0.277747,0.46385,0.00580221,0.0158469
228,1717700388,2024-06-06 18:59 UTC,228840,306959,12.6859,16.6441,0.0312201,0.0552766,8.02415e-05,0.000250469,0.00140658,0.27881,0.465405,0.00554797,0.0157383
229,1717700688,2024-06-06 19:04 UTC,228691,306913,12.7107,16.672,0.0273917,0.0504807,8.49714e-05,0.000257953,0.00140654,0.279876,0.466963,0.00425719,0.0132019
230,1717700988,2024-06-06 19:09 UTC,228543,306868,12.7355,16.6998,0.0239579,0.0458085,7.58555e-05,0.000244411,0.00140657,0.280949,0.468527,0.00317625,0.0108336
231,1717701288,2024-06-06 19:14 UTC,228396,306824,12.7604,16.7277,0.0212081,0.0415715,6.55645e-05,0.000228518,0.00140655,0.282023,0.470093,0.00240011,0.00886217
232,1717701588,2024-06-06 19:19 UTC,228249,306781,12.7853,16.7556,0.0194064,0.037916,6.93115e-05,0.000215782,0.00140654,0.2831,0.471663,0.00192288,0.00745032
233,1717701888,2024-06-06 19:24 UTC,228102,306738,12.8102,16.7836,0.0189375,0.0375353,6.00616e-05,0.000159305,0.00140715,0.284184,0.473237,0.00176072,0.00723515
234,1717702187,2024-06-06 19:29 UTC,227955,306696,12.8351,16.8114,0.0199887,0.042906,5.68165e-05,0.00037306,0.00140714,0.285266,0.474809,0.00195133,0.00949852
235,1717702487,2024-06-06 19:34 UTC,227809,306655,12.8601,16.8394,0.0223185,0.0483738,6.01872e-05,0.000196499,0.00140714,0.286354,0.476391,0.00247275,0.0120565
236,1717702787,2024-06-06 19:39 UTC,227663,306614,12.8851,16.8674,0.0255633,0.0538859,6.20213e-05,0.000311585,0.00140712,0.287446,0.477976,0.00329982,0.0149381
237,1717703087,2024-06-06 19:44 UTC,227518,306575,12.9101,16.8954,0.0294297,0.0594299,5.62448e-05,0.000176338,0.0014071,0.288545,0.479565,0.00445118,0.0182223
238,1717703387,2024-06-06 19:49 UTC,227373,306536,12.9352,16.9235,0.0337122,0.0649977,6.82579e-05,0.000357683,0.00140767,0.289644,0.481157,0.00587775,0.0217183
239,1717703687,2024-06-06 19:54 UTC,227228,306498,12.9602,16.9515,0.0382762,0.0705837,6.90207e-05,0.000201841,0.00140767,0.290747,0.482753,0.00759129,0.0256412
240,1717703987,2024-06-06 19:59 UTC,227083,306460,12.9854,16.9796,0.0430345,0.0761972,5.95895e-05,0.000235108,0.00140768,0.291856,0.484355,0.00964078,0.029895
241,1717704287,2024-06-06 20:04 UTC,226939,306424,13.0105,17.0077,0.0502487,0.0847464,6.51194e-05,0.000304446,0.00140768,0.292967,0.485958,0.0132334,0.0369944
242,1717704587,2024-06-06 20:09 UTC,226795,306388,13.0357,17.0358,0.0579564,0.0938268,0.000161339,0.000489258,0.00140763,0.294078,0.487566,0.0176114,0.0452326
243,1717704887,2024-06-06 20:14 UTC,226652,306353,13.0608,17.0639,0.0659243,0.103235,0.000115002,0.000430298,0.00140761,0.295203,0.489177,0.0229058,0.0548234
244,1717705187,2024-06-06 20:19 UTC,226508,306318,13.0861,17.0921,0.0740654,0.112846,0.000101633,0.000500887,0.00140823,0.296322,0.490792,0.0288432,0.0651335
245,1717705487,2024-06-06 20:24 UTC,226366,306284,13.1113,17.1202,0.082325,0.122523,0.000124694,0.000461442,0.00140828,0.297449,0.492413,0.0356586,0.0771929
246,1717705787,2024-06-06 20:29 UTC,226223,306252,13.1366,17.1484,0.0906681,0.132268,0.000103597,0.000335322,0.00140826,0.298579,0.494035,0.0432307,0.089911
247,1717706087,2024-06-06 20:34 UTC,226081,306219,13.1619,17.184,0.0990719,0.142076,0.000104461,0.000932587,0.00140829,0.299714,0.496084,0.0516396,0.103908
248,1717706387,2024-06-06 20:39 UTC,225939,306188,13.1872,17.2294,0.107521,0.152066,0.00010249,0.000328959,0.00140829,0.300849,0.498701,0.0607485,0.118801
249,1717706687,2024-06-06 20:44 UTC,225797,306157,13.2125,17.2747,0.116004,0.162138,0.000106234,0.000364135,0.00140828,0.301991,0.501335,0.0707335,0.135059
250,1717706987,2024-06-06 20:49 UTC,225656,306127,13.2379,17.3201,0.124515,0.172238,8.93774e-05,0.000631889,0.00140966,0.303137,0.503975,0.0814951,0.152997
251,1717707287,2024-06-06 20:54 UTC,225514,306097,13.2633,17.3654,0.133046,0.182339,9.58107e-05,0.000327822,0.00140966,0.304285,0.506618,0.0930499,0.17094
252,1717707587,2024-06-06 20:59 UTC,225374,306068,13.2887,17.4108,0.141595,0.19244,7.93621e-05,0.000274142,0.0014104,0.305437,0.509273,0.105359,0.190578
253,1717707887,2024-06-06 21:04 UTC,225296,306063,13.3217,17.4755,0.150919,0.203494,9.00549e-05,0.000592973,0.00141108,0.306937,0.513062,0.119631,0.213069
254,1717708186,2024-06-06 21:09 UTC,225232,306062,13.355,17.5409,0.160274,0.214555,6.16363e-05,0.000255315,0.00141158,0.308459,0.516908,0.134989,0.237062
255,1717708486,2024-06-06 21:14 UTC,225171,306063,13.3884,17.6065,0.169682,0.225653,0.000104587,0.000530538,0.00141158,0.309989,0.520784,0.151231,0.262474
256,1717708786,2024-06-06 21:19 UTC,225110,306065,13.4219,17.6722,0.179109,0.237206,9.17047e-05,0.000444302,0.001412,0.311529,0.524668,0.168571,0.289894
257,1717709086,2024-06-06 21:24 UTC,225050,306067,13.4555,17.7378,0.188552,0.249068,8.7363e-05,0.000424694,0.00141238,0.313073,0.528573,0.186783,0.319665
258,1717709386,2024-06-06 21:29 UTC,224992,306071,13.4892,17.8034,0.198008,0.26093,0.000167644,0.00108789,0.00148037,0.314624,0.532489,0.205981,0.350579
259,1717709686,2024-06-06 21:34 UTC,224935,306076,13.5229,17.8691,0.207476,0.272793,0.000135841,0.000754589,0.0015256,0.316183,0.536417,0.22618,0.383421
260,1717709986,2024-06-06 21:39 UTC,224880,306082,13.5567,17.9347,0.216954,0.284656,0.000175272,0.00162403,0.00163632,0.317746,0.540371,0.247269,0.416895
261,1717710286,2024-06-06 21:44 UTC,224826,306089,13.5905,18.0004,0.226441,0.29652,0.000190567,0.00694992,0.00169985,0.319318,0.544341,0.269396,0.452293
262,1717710586,2024-06-06 21:49 UTC,224773,306096,13.6244,18.0766,0.235935,0.308383,0.000152989,0.00121999,0.00175312,0.320896,0.548967,0.292482,0.48949
263,1717710886,2024-06-06 21:54 UTC,224722,306105,13.6584,18.1564,0.245435,0.320247,0.000187449,0.000936053,0.00183958,0.322479,0.553823,0.316408,0.527315
264,1717711186,2024-06-06 21:59 UTC,224672,306116,13.6924,18.2362,0.254942,0.332112,0.000190754,0.00078533,0.00187829,0.324069,0.558693,0.341333,0.567189
265,1717711486,2024-06-06 22:04 UTC,224624,306126,13.7265,18.316,0.262458,0.342025,0.00014462,0.00765595,0.00191069,0.32567,0.563608,0.361959,0.602822
266,1717711786,2024-06-06 22:09 UTC,224577,306138,13.7607,18.3959,0.269878,0.351844,0.000126632,0.000556933,0.00193154,0.327275,0.568529,0.382673,0.637131
267,1717712086,2024-06-06 22:14 UTC,224531,306151,13.7949,18.4758,0.277299,0.361662,0.000129844,0.000771939,0.00197649,0.328885,0.573468,0.403907,0.673958
268,1717712386,2024-06-06 22:19 UTC,224486,306165,13.8292,18.5557,0.284722,0.371481,0.000110891,0.0019292,0.00199444,0.330502,0.578448,0.425728,0.709879
269,1717712686,2024-06-06 22:24 UTC,224443,306180,13.8635,18.6356,0.292145,0.381299,8.725e-05,0.000599028,0.00200353,0.332127,0.583435,0.44825,0.748208
270,1717712986,2024-06-06 22:29 UTC,224402,306196,13.8979,18.7156,0.299571,0.391118,0.000152929,0.00570981,0.00204344,0.333758,0.588454,0.471321,0.786967
271,1717713286,2024-06-06 22:34 UTC,224361,306213,13.9323,18.7955,0.306997,0.400936,0.000111577,0.0139648,0.0020775,0.335395,0.593502,0.4949,0.827612
272,1717713586,2024-06-06 22:39 UTC,224322,306231,13.9668,18.8756,0.314424,0.410755,8.99094e-05,0.00168278,0.0021043,0.337038,0.598557,0.519079,0.868523
273,1717713886,2024-06-06 22:44 UTC,224284,306249,14.0014,18.9556,0.321852,0.420573,0.000106378,0.0312201,0.00213075,0.338689,0.603643,0.543906,0.911097
274,1717714185,2024-06-06 22:49 UTC,224248,306269,14.0359,19.0354,0.329256,0.430359,8.11182e-05,0.0637709,0.00214313,0.340341,0.608737,0.569188,0.953742
275,1717714485,2024-06-06 22:54 UTC,224213,306290,14.0705,19.1155,0.336686,0.440178,0.000115835,0.18332,0.00220321,0.342004,0.613859,0.595083,0.997194
276,1717714785,2024-06-06 22:59 UTC,224180,306311,14.1052,19.1956,0.344116,0.449996,0.00139644,0.163875,0.00429026,0.343648,0.619028,0.619856,1.04415
277,1717715085,2024-06-06 23:04 UTC,224155,306334,14.14,19.2757,0.347608,0.455005,0.000736623,0.205741,0.00732517,0.345341,0.624231,0.633336,1.0643
278,1717715385,2024-06-06 23:09 UTC,224128,306357,14.1748,19.3559,0.350894,0.459761,0.000347898,0.272021,0.00735829,0.347037,0.62943,0.646354,1.08733
279,1717715685,2024-06-06 23:14 UTC,224101,306382,14.2097,19.4366,0.354179,0.464517,0.000279319,0.330888,0.00738243,0.348729,0.634672,0.658554,1.11076
280,1717715985,2024-06-06 23:19 UTC,224077,306407,14.2447,19.5173,0.357465,0.469273,0.000239309,0.3844,0.00741902,0.35042,0.639963,0.670346,1.13394
281,1717716285,2024-06-06 23:24 UTC,224057,306433,14.2796,19.5981,0.360751,0.474029,0.000221748,0.433348,0.00747067,0.352135,0.645276,0.683508,1.15788
282,1717716585,2024-06-06 23:29 UTC,224033,306460,14.3147,19.6789,0.364037,0.478785,0.000180609,0.452587,0.00749352,0.353837,0.650588,0.695336,1.18013
283,1717716885,2024-06-06 23:34 UTC,224012,306488,14.3497,19.7597,0.367323,0.483541,0.000529086,0.468147,0.00789446,0.355545,0.655957,0.707154,1.20225
284,1717717185,2024-06-06 23:39 UTC,223993,306517,14.3849,19.8406,0.370609,0.488297,0.000311834,0.47996,0.00819843,0.357279,0.661336,0.720795,1.22883
285,1717717485,2024-06-06 23:44 UTC,223976,306547,14.4201,19.9214,0.373895,0.493053,0.000217665,0.488325,0.00834934,0.359011,0.666719,0.733728,1.25174
286,1717717785,2024-06-06 23:49 UTC,223955,306578,14.4553,20.0023,0.377182,0.49782,0.000218494,0.513227,0.00841718,0.360745,0.67215,0.746463,1.27638
287,1717718085,2024-06-06 23:54 UTC,223934,306609,14.4906,20.0832,0.380468,0.502834,0.000472798,0.531706,0.00929215,0.362487,0.677601,0.759349,1.30021
288,1717718385,2024-06-06 23:59 UTC,223915,306642,14.5259,20.1641,0.383755,0.507849,0.000209616,0.544916,0.0093506,0.364242,0.683077,0.772902,1.3272
289,1717718685,2024-06-07 00:04 UTC,223893,306663,14.5318,20.182,0.382313,0.506595,0.000187508,0.553601,0.00936214,0.36452,0.684281,0.766959,1.3212
290,1717718985,2024-06-07 00:09 UTC,223874,306682,14.5362,20.1965,0.380622,0.505017,0.000163797,0.507697,0.00937921,0.364723,0.685271,0.760167,1.31352
291,1717719285,2024-06-07 00:14 UTC,223854,306702,14.5407,20.2111,0.378931,0.503439,0.000170815,0.50758,0.0093805,0.364929,0.686258,0.753481,1.30599
292,1717719585,2024-06-07 00:19 UTC,223835,306723,14.5451,20.2256,0.377242,0.501861,0.00015038,0.509164,0.00938615,0.365136,0.687243,0.746689,1.29742
293,1717719884,2024-06-07 00:24 UTC,223816,306744,14.5496,20.2401,0.375558,0.500289,0.000140454,0.50944,0.0093795,0.365343,0.688233,0.739931,1.28916
294,1717720184,2024-06-07 00:29 UTC,223798,306766,14.554,20.2547,0.37387,0.498713,0.00014561,0.508809,0.00937341,0.365556,0.689222,0.733359,1.28146
295,1717720484,2024-06-07 00:34 UTC,223781,306788,14.5586,20.2692,0.372183,0.497137,0.000128424,0.507587,0.00937397,0.365767,0.690217,0.726595,1.27284
296,1717720784,2024-06-07 00:39 UTC,223765,306811,14.5631,20.2838,0.370496,0.495562,0.000121217,0.517454,0.00936908,0.365981,0.691203,0.71992,1.26453
297,1717721084,2024-06-07 00:44 UTC,223748,306835,14.5676,20.2983,0.36881,0.493987,0.000104602,0.543295,0.00935329,0.366198,0.692203,0.713372,1.25653
298,1717721384,2024-06-07 00:49 UTC,223735,306859,14.5722,20.3129,0.367125,0.492413,9.81239e-05,0.534524,0.00935066,0.366416,0.693192,0.706816,1.24874
299,1717721684,2024-06-07 00:54 UTC,223720,306884,14.5768,20.3275,0.36544,0.490839,7.70199e-05,0.510855,0.00933505,0.366637,0.694187,0.700303,1.24081
300,1717721984,2024-06-07 00:59 UTC,223709,306909,14.5814,20.342,0.363757,0.489266,6.31541e-05,0.522854,0.00933867,0.366859,0.695182,0.693786,1.23282
301,1717722284,2024-06-07 01:04 UTC,223697,306935,14.586,20.3566,0.357293,0.481465,0.000102947,0.53024,0.00933997,0.367084,0.696177,0.669384,1.19447
302,1717722584,2024-06-07 01:09 UTC,223687,306962,14.5907,20.3711,0.350561,0.473314,6.88055e-05,0.533492,0.00933473,0.36731,0.697172,0.644309,1.1543
303,1717722884,2024-06-07 01:14 UTC,223677,306989,14.5954,20.3857,0.343831,0.465165,5.52264e-05,0.533778,0.00933245,0.367537,0.698172,0.619699,1.11447
304,1717723184,2024-06-07 01:19 UTC,223671,307016,14.6001,20.4003,0.337103,0.457017,5.71995e-05,0.532028,0.00933733,0.367767,0.699169,0.595606,1.07579
305,1717723484,2024-06-07 01:24 UTC,223667,307045,14.6048,20.4149,0.330377,0.44887,5.76242e-05,0.528933,0.0093513,0.367999,0.700168,0.571986,1.03776
306,1717723784,2024-06-07 01:29 UTC,223661,307074,14.6095,20.4294,0.323653,0.440725,6.30803e-05,0.524967,0.00934448,0.368233,0.701168,0.548881,1.00041
307,1717724084,2024-06-07 01:34 UTC,223658,307103,14.6142,20.444,0.316931,0.432581,6.08916e-05,0.520433,0.00935056,0.368468,0.702168,0.526209,0.963804
308,1717724384,2024-06-07 01:39 UTC,223656,307133,14.619,20.4586,0.310212,0.424439,6.11203e-05,0.515529,0.0093567,0.368705,0.70317,0.504035,0.927917
309,1717724684,2024-06-07 01:44 UTC,223654,307164,14.6238,20.4732,0.303495,0.416299,6.03822e-05,0.510388,0.00935956,0.368944,0.704173,0.48234,0.89263
310,1717724984,2024-06-07 01:49 UTC,223651,307195,14.6286,20.4877,0.296781,0.408161,5.8511e-05,0.505105,0.0093502,0.369186,0.705176,0.461149,0.858181
311,1717725284,2024-06-07 01:54 UTC,223651,307226,14.6335,20.5023,0.29007,0.400025,5.32986e-05,0.499745,0.00935038,0.369429,0.70618,0.440418,0.824178
312,1717725584,2024-06-07 01:59 UTC,223652,307259,14.6383,20.5169,0.283362,0.39189,4.96086e-05,0.494352,0.00934954,0.369674,0.707186,0.420183,0.791062
313,1717725883,2024-06-07 02:04 UTC,223654,307291,14.6432,20.5314,0.272637,0.378898,7.36513e-05,0.488253,0.00936488,0.369921,0.708187,0.388995,0.739512
314,1717726183,2024-06-07 02:09 UTC,223657,307324,14.648,20.546,0.261647,0.365658,5.77391e-05,0.481004,0.00936531,0.37017,0.709194,0.358266,0.688808
315,1717726483,2024-06-07 02:14 UTC,223660,307358,14.653,20.5606,0.25066,0.352478,6.26869e-05,0.473071,0.00937651,0.37042,0.710201,0.328795,0.64
316,1717726783,2024-06-07 02:19 UTC,223663,307393,14.6579,20.5752,0.239675,0.339303,4.49665e-05,0.460468,0.00936719,0.370673,0.711209,0.300631,0.593077
317,1717727083,2024-06-07 02:24 UTC,223668,307428,14.6628,20.5898,0.228692,0.326131,4.42937e-05,0.453616,0.00936736,0.370928,0.712219,0.273726,0.547888
318,1717727383,2024-06-07 02:29 UTC,223675,307463,14.6678,20.6044,0.217712,0.312964,5.01762e-05,0.446024,0.00937457,0.371184,0.713228,0.248083,0.504639
319,1717727683,2024-06-07 02:34 UTC,223681,307536,14.6728,20.619,0.206735,0.299802,0.000119843,0.43793,0.0094039,0.371444,0.71424,0.223777,0.463043
320,1717727983,2024-06-07 02:39 UTC,223688,307641,14.6778,20.6336,0.195763,0.286646,7.85651e-05,0.429496,0.00941306,0.371703,0.715251,0.200619,0.423241
321,1717728283,2024-06-07 02:44 UTC,223697,307748,14.6828,20.6482,0.184794,0.273497,5.60985e-05,0.420832,0.00941373,0.371966,0.71627,0.178815,0.388123
322,1717728583,2024-06-07 02:49 UTC,223707,307855,14.6879,20.6628,0.173831,0.260355,4.64405e-05,0.412015,0.00941461,0.37223,0.717279,0.158277,0.389711
323,1717728883,2024-06-07 02:54 UTC,223717,307963,14.6929,20.6774,0.162874,0.247261,3.91816e-05,0.4031,0.00941468,0.372496,0.718293,0.139003,0.393063
324,1717729183,2024-06-07 02:59 UTC,223729,308071,14.698,20.692,0.151925,0.234261,3.46285e-05,0.394127,0.00941508,0.372764,0.719306,0.121003,0.393996
325,1717729483,2024-06-07 03:04 UTC,223658,308127,14.7181,20.7024,0.138979,0.21865,3.75193e-05,0.384752,0.00941514,0.373712,0.720031,0.101398,0.400637
326,1717729783,2024-06-07 03:09 UTC,223570,308173,14.7392,20.7126,0.125926,0.202909,3.70269e-05,0.374723,0.00941527,0.374704,0.720742,0.0834038,0.404034
327,1717730083,2024-06-07 03:14 UTC,223482,308219,14.7603,20.7229,0.112891,0.187204,3.04019e-05,0.364277,0.00941611,0.3757,0.721457,0.0672156,0.406371
328,1717730383,2024-06-07 03:19 UTC,223392,308265,14.7814,20.7333,0.0998788,0.171543,3.19404e-05,0.353571,0.00941727,0.376698,0.722179,0.0528441,0.409636
329,1717730683,2024-06-07 03:24 UTC,223302,308310,14.8025,20.7437,0.0869001,0.155942,2.5229e-05,0.342704,0.00941773,0.377699,0.722905,0.0402726,0.410894
330,1717730983,2024-06-07 03:29 UTC,223207,308354,14.8236,20.7542,0.0739704,0.14042,1.98769e-05,0.290988,0.00940614,0.378704,0.723636,0.0295155,0.302132
331,1717731283,2024-06-07 03:34 UTC,223117,308399,14.8448,20.7647,0.0611179,0.125005,1.62234e-05,0.0251255,0.00941558,0.379711,0.724373,0.0205629,0.0804994
332,1717731583,2024-06-07 03:39 UTC,223023,308443,14.8659,20.7754,0.0483997,0.109743,4.33492e-05,0.0320287,0.00941602,0.380722,0.725113,0.0134167,0.0620451
333,1717731882,2024-06-07 03:44 UTC,222928,308486,14.887,20.786,0.03606,0.0947589,5.06093e-05,0.0419465,0.00942034,0.381733,0.725863,0.00809054,0.0462109
334,1717732182,2024-06-07 03:49 UTC,222833,308530,14.9082,20.7968,0.026623,0.0801549,3.59996e-05,0.055362,0.00942044,0.382749,0.72661,0.00439603,0.0330633
335,1717732482,2024-06-07 03:54 UTC,222736,308572,14.9294,20.8076,0.0214948,0.0664977,3.03695e-05,0.0720537,0.00942048,0.383769,0.72737,0.00209869,0.0270502
336,1717732782,2024-06-07 03:59 UTC,222638,308615,14.9507,20.8442,0.0212145,0.0544419,3.75791e-05,0.0918649,0.00942354,0.384793,0.729925,0.0019972,0.0514515
337,1717733082,2024-06-07 04:04 UTC,222538,308657,14.9719,20.8908,0.02686,0.0670861,3.00166e-05,0.116654,0.00942036,0.385819,0.733193,0.00393522,0.0945902
338,1717733382,2024-06-07 04:09 UTC,222439,308699,14.9932,20.9374,0.0360269,0.0812529,2.63134e-05,0.137829,0.0094207,0.386848,0.736468,0.007304,0.135743
339,1717733682,2024-06-07 04:14 UTC,222338,308740,15.0144,20.984,0.0467381,0.0956298,2.8843e-05,0.156623,0.00942048,0.387881,0.739752,0.0121576,0.192785
340,1717733982,2024-06-07 04:19 UTC,222237,308781,15.0357,21.0306,0.0581597,0.110168,2.89815e-05,0.171436,0.00942667,0.388917,0.743043,0.0185707,0.250956
341,1717734282,2024-06-07 04:24 UTC,222134,308822,15.057,21.0773,0.0699275,0.124707,2.27027e-05,0.179783,0.00942359,0.389955,0.746343,0.0265681,0.298753
342,1717734582,2024-06-07 04:29 UTC,222030,308862,15.0784,21.1239,0.0818791,0.139251,2.60793e-05,0.18262,0.00942404,0.390997,0.74965,0.0361355,0.335218
343,1717734882,2024-06-07 04:34 UTC,221925,308903,15.0997,21.1706,0.0939374,0.153811,2.6835e-05,0.181307,0.00942151,0.392043,0.752965,0.0472935,0.361174
344,1717735182,2024-06-07 04:39 UTC,221819,308942,15.121,21.2172,0.106062,0.168372,2.38093e-05,0.0838623,0.00942284,0.39309,0.756288,0.0600556,0.145997
345,1717735482,2024-06-07 04:44 UTC,221713,308982,15.1424,21.2639,0.118232,0.182933,2.56437e-05,0.0908649,0.00942594,0.394141,0.759617,0.0743977,0.172312
346,1717735782,2024-06-07 04:49 UTC,221605,309021,15.1638,21.3106,0.130432,0.197494,6.39966e-05,0.100219,0.00943438,0.395196,0.762936,0.0903265,0.20081
347,1717736082,2024-06-07 04:54 UTC,221496,309060,15.1852,21.3572,0.142654,0.212055,4.84865e-05,0.109838,0.00943667,0.396253,0.766297,0.107856,0.238857
348,1717736382,2024-06-07 04:59 UTC,221387,309098,15.2066,21.4039,0.154893,0.226616,3.43479e-05,0.107722,0.00943959,0.397314,0.769659,0.126963,0.264414
349,1717736682,2024-06-07 05:04 UTC,221276,309136,15.228,21.4506,0.164125,0.236377,3.00741e-05,0.113399,0.00944065,0.398377,0.773016,0.142388,0.287718
350,1717736982,2024-06-07 05:09 UTC,221165,309174,15.2495,21.4973,0.173173,0.245832,6.01197e-05,0.117193,0.00945511,0.399444,0.776385,0.158359,0.311513
351,1717737282,2024-06-07 05:14 UTC,221052,309212,15.2709,21.544,0.182228,0.255287,4.57602e-05,0.118165,0.0094528,0.400514,0.779758,0.175211,0.340308
352,1717737581,2024-06-07 05:19 UTC,220938,309249,15.2923,21.5905,0.191259,0.264712,4.14948e-05,0.116923,0.00946353,0.401583,0.783132,0.192889,0.360826
353,1717737881,2024-06-07 05:24 UTC,220824,309286,15.3138,21.6373,0.200326,0.274169,2.81746e-05,0.114251,0.00946337,0.402659,0.786528,0.211482,0.387088
354,1717738181,2024-06-07 05:29 UTC,220708,309322,15.3353,21.684,0.209397,0.283626,3.17526e-05,0.110787,0.00946463,0.403738,0.789929,0.230938,0.414199
355,1717738481,2024-06-07 05:34 UTC,220592,309359,15.3568,21.7307,0.218473,0.293084,4.216e-05,0.0268515,0.0094712,0.40482,0.793334,0.251288,0.442362
356,1717738781,2024-06-07 05:39 UTC,220475,309395,15.3783,21.7774,0.227552,0.302542,3.32344e-05,0.0240259,0.00947493,0.405906,0.796751,0.272515,0.471436
357,1717739081,2024-06-07 05:44 UTC,220358,309430,15.3999,21.8242,0.236634,0.312,3.55196e-05,0.024072,0.00947731,0.406994,0.800171,0.294612,0.501209
358,1717739381,2024-06-07 05:49 UTC,220239,309466,15.4214,21.8709,0.245718,0.321459,3.49524e-05,0.026256,0.00948582,0.408085,0.803604,0.317605,0.532107
359,1717739681,2024-06-07 05:54 UTC,220120,309501,15.443,21.9176,0.254806,0.330918,5.15198e-05,0.032327,0.00949866,0.40918,0.807043,0.341433,0.563962
360,1717739981,2024-06-07 05:59 UTC,219999,309536,15.4646,21.9644,0.263895,0.340378,3.66507e-05,0.0402676,0.00950268,0.410278,0.81049,0.366149,0.596506
361,1717740281,2024-06-07 06:04 UTC,219824,309511,15.4984,21.9599,0.268565,0.344829,4.6188e-05,0.0473219,0.00951374,0.412033,0.81016,0.379191,0.612321
362,1717740581,2024-06-07 06:09 UTC,219637,309474,15.533,21.952,0.272936,0.349466,3.48803e-05,0.0530843,0.00952483,0.413837,0.809574,0.391605,0.628738
363,1717740881,2024-06-07 06:14 UTC,219448,309434,15.5677,21.9441,0.277309,0.354341,5.29697e-05,0.0579444,0.0095366,0.415647,0.80899,0.404208,0.64656
364,1717741181,2024-06-07 06:19 UTC,219255,309391,15.6024,21.9362,0.281683,0.359236,4.98032e-05,0.0621807,0.00953608,0.417462,0.808409,0.41701,0.664487
365,1717741481,2024-06-07 06:24 UTC,219061,309345,15.6371,21.9283,0.286057,0.364133,4.17541e-05,0.0659847,0.00954099,0.419283,0.807827,0.430006,0.682808
366,1717741781,2024-06-07 06:29 UTC,218864,309296,15.6718,21.9204,0.290433,0.369031,3.83595e-05,0.0698833,0.00954279,0.42111,0.807242,0.443209,0.70135
367,1717742081,2024-06-07 06:34 UTC,218664,309244,15.7065,21.9125,0.294809,0.373931,5.88664e-05,0.0738212,0.00955052,0.422941,0.806665,0.456632,0.720433
368,1717742381,2024-06-07 06:39 UTC,218465,309190,15.7413,21.9046,0.299186,0.378833,4.39025e-05,0.0781724,0.00956777,0.424778,0.806085,0.470243,0.739125
369,1717742681,2024-06-07 06:44 UTC,218261,309133,15.776,21.8968,0.303564,0.383737,5.21319e-05,0.0833566,0.00958227,0.426621,0.805508,0.484042,0.75831
370,1717742981,2024-06-07 06:49 UTC,218055,309074,15.8108,21.8889,0.307943,0.388642,4.3501e-05,0.0886527,0.00958786,0.428468,0.804932,0.498083,0.777838
371,1717743281,2024-06-07 06:54 UTC,217845,309011,15.8456,21.8811,0.312322,0.393549,4.67991e-05,0.0958241,0.00959423,0.430322,0.804355,0.512287,0.797477
372,1717743580,2024-06-07 06:59 UTC,217633,308946,15.8803,21.8733,0.316688,0.398995,5.86359e-05,0.10265,0.00960022,0.432175,0.803782,0.526657,0.818958
373,1717743880,2024-06-07 07:04 UTC,217419,308878,15.9151,21.8655,0.315796,0.397686,3.47161e-05,0.10868,0.00959791,0.434038,0.80321,0.523693,0.814443
374,1717744180,2024-06-07 07:09 UTC,217204,308808,15.9499,21.8577,0.314531,0.395888,3.02321e-05,0.112362,0.00960185,0.435907,0.802639,0.519443,0.807057
375,1717744480,2024-06-07 07:14 UTC,216988,308734,15.9847,21.85,0.313271,0.394106,2.98657e-05,0.11647,0.00962067,0.437782,0.802067,0.5152,0.799805
376,1717744780,2024-06-07 07:19 UTC,216767,308659,16.0196,21.8422,0.312016,0.392561,2.72713e-05,0.119885,0.00961491,0.439662,0.801496,0.510998,0.793616
377,1717745080,2024-06-07 07:24 UTC,216544,308580,16.0545,21.8344,0.310764,0.391039,2.50568e-05,0.121841,0.00961181,0.441548,0.800928,0.506829,0.787508
378,1717745380,2024-06-07 07:29 UTC,216321,308499,16.0893,21.8267,0.309518,0.389541,2.52874e-05,0.123075,0.00962186,0.443439,0.80036,0.502692,0.781522
379,1717745680,2024-06-07 07:34 UTC,216093,308415,16.1242,21.819,0.308275,0.388067,2.37454e-05,0.123954,0.00961513,0.445335,0.799793,0.498569,0.77557
380,1717745980,2024-06-07 07:39 UTC,215865,308329,16.1592,21.8112,0.307037,0.386617,2.10185e-05,0.124363,0.00962115,0.447237,0.799227,0.494479,0.769761
381,1717746280,2024-06-07 07:44 UTC,215635,308240,16.1941,21.8035,0.305804,0.385191,2.28285e-05,0.124458,0.00963632,0.449144,0.798662,0.490416,0.764152
382,1717746580,2024-06-07 07:49 UTC,215402,308148,16.229,21.8255,0.304575,0.38379,2.9917e-05,0.124351,0.00963643,0.451057,0.80027,0.486375,0.758603
383,1717746880,2024-06-07 07:54 UTC,215167,308053,16.264,21.8585,0.303351,0.382413,0.000156422,0.127954,0.00963839,0.452976,0.802687,0.482305,0.752824
384,1717747180,2024-06-07 07:59 UTC,214932,307956,16.2989,21.8916,0.302131,0.38145,0.000192378,0.135195,0.00968626,0.454898,0.805144,0.47845,0.749716
385,1717747480,2024-06-07 08:04 UTC,214692,307857,16.3339,21.9247,0.29567,0.373489,0.000117957,0.140727,0.00968582,0.45683,0.807562,0.457877,0.718317
386,1717747780,2024-06-07 08:09 UTC,214450,307755,16.3689,21.9577,0.288838,0.365016,0.000125511,0.127616,0.00968614,0.458762,0.809997,0.436947,0.686426
387,1717748080,2024-06-07 08:14 UTC,214206,307650,16.4039,21.9908,0.282012,0.356557,0.000105927,0.126177,0.00968586,0.460701,0.812433,0.416388,0.654479
388,1717748380,2024-06-07 08:19 UTC,213959,307542,16.4389,22.0239,0.27519,0.348112,0.000110825,0.122231,0.00968618,0.462647,0.814884,0.396307,0.623897
389,1717748680,2024-06-07 08:24 UTC,213710,307432,16.4739,22.057,0.268375,0.339683,9.30649e-05,0.122144,0.0096863,0.464597,0.81733,0.37678,0.594112
390,1717748980,2024-06-07 08:29 UTC,213460,307320,16.509,22.09,0.261565,0.33127,6.75694e-05,0.122298,0.00968624,0.466553,0.819785,0.35773,0.565362
391,1717749280,2024-06-07 08:34 UTC,213207,307205,16.544,22.1231,0.254762,0.322875,0.000112608,0.122724,0.00968677,0.468515,0.822241,0.339189,0.536776
392,1717749579,2024-06-07 08:39 UTC,212953,307087,16.579,22.1561,0.247988,0.314526,7.4992e-05,0.123442,0.00968674,0.470473,0.8247,0.321308,0.509534
393,1717749879,2024-06-07 08:44 UTC,212696,306967,16.6141,22.1892,0.2412,0.306171,6.98306e-05,0.124466,0.00968685,0.472446,0.827162,0.303734,0.483005
394,1717750179,2024-06-07 08:49 UTC,212437,306844,16.6492,22.2223,0.23442,0.297838,6.8632e-05,0.125799,0.00968742,0.474424,0.829636,0.286722,0.456984
395,1717750479,2024-06-07 08:54 UTC,212176,306718,16.6843,22.2554,0.22765,0.28953,6.4663e-05,0.116903,0.00968261,0.476408,0.832107,0.270196,0.431597
396,1717750779,2024-06-07 08:59 UTC,211914,306590,16.7194,22.2885,0.22089,0.281248,7.47742e-05,0.118709,0.0096858,0.478395,0.834577,0.254253,0.407329
397,1717751079,2024-06-07 09:04 UTC,211704,306462,16.7257,22.2842,0.210576,0.267976,6.11636e-05,0.121027,0.00968598,0.478801,0.834261,0.23092,0.369983
398,1717751379,2024-06-07 09:09 UTC,211503,306333,16.7298,22.2771,0.200002,0.254467,6.24378e-05,0.108723,0.00968426,0.479092,0.833731,0.208076,0.33322
399,1717751679,2024-06-07 09:14 UTC,211300,306201,16.7339,22.27,0.189438,0.241879,5.17433e-05,0.118944,0.00968498,0.479379,0.833199,0.186612,0.301479
400,1717751979,2024-06-07 09:19 UTC,211097,306067,16.738,22.2629,0.178885,0.229298,5.13679e-05,0.129548,0.00968169,0.479669,0.832666,0.166276,0.273988
401,1717752279,2024-06-07 09:24 UTC,210893,305930,16.7422,22.2558,0.168346,0.216724,5.01686e-05,0.138233,0.00968115,0.479961,0.832137,0.147108,0.285994
402,1717752579,2024-06-07 09:29 UTC,210689,305791,16.7463,22.2487,0.157823,0.204158,5.66558e-05,0.146296,0.00968509,0.480253,0.831605,0.129184,0.296495
403,1717752879,2024-06-07 09:34 UTC,210484,305650,16.7505,22.2416,0.147321,0.191603,5.22412e-05,0.15528,0.00967909,0.480545,0.831078,0.112479,0.311952
404,1717753179,2024-06-07 09:39 UTC,210278,305506,16.7546,22.2345,0.136845,0.17906,3.97033e-05,0.162977,0.00967931,0.48084,0.830551,0.0969014,0.318779
405,1717753479,2024-06-07 09:44 UTC,210073,305360,16.7588,22.2275,0.126401,0.166533,3.78624e-05,0.170069,0.00968576,0.481135,0.830023,0.082568,0.322065
406,1717753779,2024-06-07 09:49 UTC,209865,305211,16.763,22.2204,0.116002,0.15411,5.84557e-05,0.176975,0.00968343,0.481431,0.829491,0.0694273,0.322985
407,1717754079,2024-06-07 09:54 UTC,209657,305060,16.7672,22.2133,0.10566,0.141792,4.51729e-05,0.111459,0.00968098,0.481729,0.828967,0.0574775,0.103576
408,1717754379,2024-06-07 09:59 UTC,209449,304906,16.7714,22.2063,0.0953983,0.130009,3.86949e-05,0.126432,0.00968342,0.482027,0.828442,0.046726,0.125307
409,1717754679,2024-06-07 10:04 UTC,209241,304750,16.7756,22.1992,0.0845998,0.116916,4.15121e-05,0.150211,0.0096865,0.482326,0.827912,0.0365982,0.176819
410,1717754979,2024-06-07 10:09 UTC,209031,304591,16.7798,22.1922,0.073913,0.103765,3.70851e-05,0.154006,0.0096865,0.482626,0.827389,0.0277503,0.152551
411,1717755278,2024-06-07 10:14 UTC,208821,304430,16.784,22.1852,0.0635051,0.090737,3.83339e-05,0.167523,0.00968989,0.482928,0.826863,0.020256,0.164666
412,1717755578,2024-06-07 10:19 UTC,208610,304267,16.7882,22.1781,0.0534471,0.0777825,3.65139e-05,0.181698,0.00968735,0.48323,0.826341,0.0140824,0.180897
413,1717755878,2024-06-07 10:24 UTC,208398,304102,16.7924,22.1711,0.0440089,0.0650159,4.34201e-05,0.195194,0.00968389,0.483533,0.825817,0.00922852,0.196111
414,1717756178,2024-06-07 10:29 UTC,208186,303933,16.7967,22.1641,0.035565,0.0525743,3.51613e-05,0.102932,0.00968067,0.483838,0.825291,0.0057081,0.0864662
415,1717756478,2024-06-07 10:34 UTC,207973,303763,16.8009,22.157,0.0287001,0.0482836,3.23932e-05,0.101347,0.00967752,0.484143,0.824766,0.00363802,0.0711716
416,1717756778,2024-06-07 10:39 UTC,207759,303590,16.8052,22.15,0.0244342,0.0539241,3.47933e-05,0.0630944,0.00967856,0.484449,0.824244,0.00322127,0.0219944
417,1717757078,2024-06-07 10:44 UTC,207543,303414,16.8094,22.143,0.0245742,0.0623416,3.32177e-05,0.0894133,0.00966721,0.484757,0.823721,0.00416111,0.0209949
418,1717757378,2024-06-07 10:49 UTC,207329,303236,16.8137,22.136,0.0303234,0.0725762,3.40657e-05,0.0231303,0.00966772,0.485065,0.823202,0.0062211,0.0271296
419,1717757678,2024-06-07 10:54 UTC,207114,303056,16.818,22.129,0.038986,0.0839661,2.53058e-05,0.0264547,0.00966777,0.485374,0.822679,0.00954375,0.0363207
420,1717757978,2024-06-07 10:59 UTC,206898,302873,16.8222,22.122,0.0488781,0.0961014,2.89653e-05,0.0309131,0.00966829,0.485684,0.822158,0.0141969,0.0475796
421,1717758278,2024-06-07 11:04 UTC,206682,302688,16.8265,22.115,0.0576516,0.105654,2.35268e-05,0.0365064,0.00966834,0.485996,0.82164,0.0190876,0.057502
422,1717758578,2024-06-07 11:09 UTC,206465,302500,16.8308,22.108,0.0664856,0.115102,2.60665e-05,0.0433577,0.00966827,0.486308,0.821119,0.0248159,0.0682082
423,1717758878,2024-06-07 11:14 UTC,206248,302310,16.8351,22.101,0.0754358,0.124651,2.47376e-05,0.0515987,0.00967317,0.486621,0.820601,0.0314583,0.0800176
424,1717759178,2024-06-07 11:19 UTC,206030,302117,16.8395,22.094,0.0844638,0.134278,2.86227e-05,0.0599795,0.00967367,0.486935,0.820082,0.0390154,0.0928224
425,1717759478,2024-06-07 11:24 UTC,205812,301922,16.8438,22.087,0.0935472,0.143969,2.8814e-05,0.0673023,0.00967418,0.487251,0.819565,0.0474893,0.106735
426,1717759778,2024-06-07 11:29 UTC,205591,301725,16.8481,22.08,0.102671,0.153711,3.27168e-05,0.0729498,0.00966546,0.487567,0.819046,0.0568869,0.12167
427,1717760078,2024-06-07 11:34 UTC,205373,301525,16.8525,22.0837,0.111826,0.163495,3.09424e-05,0.0815666,0.00967581,0.487885,0.819321,0.0671921,0.13761
428,1717760378,2024-06-07 11:39 UTC,205153,301323,16.8568,22.0971,0.121006,0.173313,3.40369e-05,0.0879479,0.00967652,0.488203,0.820315,0.0784103,0.154667
429,1717760678,2024-06-07 11:44 UTC,204933,301118,16.8612,22.1105,0.130204,0.183161,2.97894e-05,0.0941053,0.00968039,0.488522,0.821309,0.090545,0.172775
430,1717760978,2024-06-07 11:49 UTC,204711,300910,16.8655,22.1239,0.139418,0.193034,2.76162e-05,0.100093,0.00967189,0.488843,0.822309,0.103594,0.19184
431,1717761277,2024-06-07 11:54 UTC,204489,300700,16.8699,22.1374,0.148614,0.202895,2.63984e-05,0.109946,0.00967238,0.489163,0.823307,0.117513,0.212009
432,1717761577,2024-06-07 11:59 UTC,204267,300488,16.8743,22.1509,0.157851,0.212807,2.84618e-05,0.120591,0.00967586,0.489485,0.824311,0.13238,0.233202
433,1717761877,2024-06-07 12:04 UTC,204072,300350,16.8828,22.1711,0.16386,0.21905,1.72277e-05,0.0122638,0.00967354,0.489993,0.825819,0.142521,0.247092
434,1717762177,2024-06-07 12:09 UTC,203881,300224,16.8916,22.1919,0.169606,0.225001,1.76061e-05,0.00528871,0.00967532,0.490518,0.827368,0.152556,0.260695
435,1717762477,2024-06-07 12:14 UTC,203690,300098,16.9005,22.2127,0.175355,0.230965,1.69008e-05,0.00465823,0.00967887,0.491043,0.828919,0.16294,0.274683
436,1717762777,2024-06-07 12:19 UTC,203498,299971,16.9094,22.2335,0.181109,0.23694,1.77404e-05,0.00420206,0.00968092,0.491571,0.830473,0.173695,0.289138
437,1717763077,2024-06-07 12:24 UTC,203308,299844,16.9183,22.2543,0.186867,0.242926,1.8725e-05,0.00386614,0.00968233,0.492099,0.832029,0.184781,0.303906
438,1717763377,2024-06-07 12:29 UTC,203117,299717,16.9273,22.2752,0.192627,0.248923,1.66907e-05,0.00359909,0.00968241,0.492629,0.833587,0.196238,0.319067
439,1717763677,2024-06-07 12:34 UTC,202925,299589,16.9362,22.296,0.198391,0.255125,2.60527e-05,0.00337968,0.0096868,0.493161,0.835145,0.208059,0.335192
440,1717763977,2024-06-07 12:39 UTC,202734,299461,16.9452,22.3168,0.204158,0.262992,2.33193e-05,0.00318114,0.00968864,0.493693,0.836708,0.22022,0.356067
441,1717764277,2024-06-07 12:44 UTC,202542,299332,16.9542,22.3377,0.209928,0.270859,2.74074e-05,0.00303238,0.00968947,0.494227,0.83827,0.232737,0.377467
442,1717764577,2024-06-07 12:49 UTC,202351,299203,16.9633,22.3585,0.2157,0.278726,1.73058e-05,0.00302681,0.00969069,0.494763,0.839838,0.245638,0.400052
443,1717764877,2024-06-07 12:54 UTC,202160,299074,16.9723,22.3794,0.221475,0.286594,2.19116e-05,0.00377864,0.0096933,0.4953,0.841405,0.258856,0.422825
444,1717765177,2024-06-07 12:59 UTC,201969,298945,16.9814,22.4002,0.227251,0.294461,2.36759e-05,0.00472587,0.00969424,0.495838,0.842975,0.272443,0.446429
445,1717765477,2024-06-07 13:04 UTC,201778,298815,16.9905,22.4215,0.229187,0.297268,1.11742e-05,0.00580524,0.009695,0.496379,0.844573,0.277065,0.455063
446,1717765777,2024-06-07 13:09 UTC,201587,298685,16.9996,22.4429,0.230807,0.299655,2.75684e-05,0.00703712,0.00969822,0.49692,0.846191,0.280928,0.462464
447,1717766077,2024-06-07 13:14 UTC,201396,298555,17.0087,22.4644,0.23243,0.302042,2.00811e-05,0.0084046,0.00969823,0.497463,0.847808,0.284822,0.469732
448,1717766377,2024-06-07 13:19 UTC,201204,298424,17.0179,22.4858,0.234056,0.304435,2.47445e-05,0.00991609,0.00969835,0.498007,0.84943,0.288752,0.477365
449,1717766677,2024-06-07 13:24 UTC,201013,298293,17.0271,22.5073,0.235686,0.306829,0.000101031,0.0116501,0.00970486,0.498552,0.851054,0.292703,0.484868
450,1717766977,2024-06-07 13:29 UTC,200822,298162,17.0363,22.5291,0.237319,0.309222,7.06628e-05,0.0134665,0.00970638,0.499099,0.852703,0.296699,0.492598
451,1717767276,2024-06-07 13:34 UTC,200631,298030,17.0454,22.5576,0.238949,0.311607,8.429e-05,0.0155772,0.00970692,0.499647,0.854862,0.300817,0.500698
452,1717767576,2024-06-07 13:39 UTC,200440,297898,17.0547,22.5865,0.240588,0.314001,8.49821e-05,0.0178554,0.0097085,0.500195,0.85705,0.304802,0.508223
453,1717767876,2024-06-07 13:44 UTC,200249,297765,17.0639,22.6153,0.242231,0.316394,9.21953e-05,0.0204996,0.00970977,0.500745,0.859242,0.308838,0.515354
454,1717768176,2024-06-07 13:49 UTC,200058,297632,17.0732,22.6461,0.243876,0.318787,8.1317e-05,0.0222557,0.00971793,0.501299,0.861582,0.313018,0.522722
455,1717768476,2024-06-07 13:54 UTC,199867,297499,17.0825,22.6774,0.245524,0.321181,8.46073e-05,0.0241061,0.00972475,0.501852,0.863965,0.317172,0.531156
456,1717768776,2024-06-07 13:59 UTC,199676,297366,17.0919,22.7087,0.247174,0.323574,7.50081e-05,0.0252131,0.00972727,0.502407,0.866351,0.321338,0.538654
457,1717769076,2024-06-07 14:04 UTC,199485,297232,17.1012,22.74,0.244955,0.321294,6.27814e-05,0.0273303,0.00972932,0.502965,0.868741,0.315588,0.53158
458,1717769376,2024-06-07 14:09 UTC,199294,297098,17.1106,22.7713,0.242401,0.318607,6.84076e-05,0.0294792,0.0097297,0.503524,0.871135,0.309048,0.523003
459,1717769676,2024-06-07 14:14 UTC,199103,296963,17.12,22.8026,0.239847,0.315921,6.19341e-05,0.0315041,0.00972966,0.504082,0.87353,0.302438,0.513659
460,1717769976,2024-06-07 14:19 UTC,198912,296828,17.1294,22.8339,0.237295,0.313234,5.84979e-05,0.0334069,0.00972954,0.504644,0.87593,0.296061,0.50535
461,1717770276,2024-06-07 14:24 UTC,198721,296693,17.1388,22.8665,0.234743,0.310548,4.71574e-05,0.0351872,0.00973761,0.505206,0.878432,0.289665,0.496718
462,1717770576,2024-06-07 14:29 UTC,198531,296558,17.1483,22.9042,0.232193,0.307865,5.37148e-05,0.0369057,0.00973742,0.505769,0.881335,0.283341,0.488044
463,1717770876,2024-06-07 14:34 UTC,198340,296422,17.1578,22.942,0.229644,0.305181,5.77197e-05,0.0387064,0.00973735,0.506335,0.884242,0.27714,0.479649
464,1717771176,2024-06-07 14:39 UTC,198149,296285,17.1673,22.9797,0.227096,0.302497,5.24289e-05,0.0406465,0.00973735,0.506903,0.887155,0.271024,0.47152
465,1717771476,2024-06-07 14:44 UTC,197959,296149,17.1768,23.0175,0.224549,0.299871,4.47462e-05,0.0429822,0.00974093,0.50747,0.890072,0.264928,0.463254
466,1717771776,2024-06-07 14:49 UTC,197768,296012,17.1863,23.0552,0.222004,0.29733,4.85477e-05,0.0419884,0.00974275,0.50804,0.892994,0.258915,0.455493
467,1717772076,2024-06-07 14:54 UTC,197577,295874,17.1959,23.093,0.21946,0.294789,5.358e-05,0.0436474,0.00974281,0.508611,0.895921,0.25298,0.447541
468,1717772376,2024-06-07 14:59 UTC,197386,295737,17.2055,23.1308,0.216918,0.292248,7.09491e-05,0.0470865,0.0097347,0.509182,0.898854,0.24708,0.439638
469,1717772676,2024-06-07 15:04 UTC,197246,295641,17.1998,23.0905,0.211597,0.286573,6.42664e-05,0.048863,0.00973464,0.50876,0.895731,0.23518,0.423144
470,1717772975,2024-06-07 15:09 UTC,197115,295552,17.1929,23.0437,0.206056,0.280646,5.50053e-05,0.0492751,0.00973479,0.508253,0.892099,0.223085,0.40561
471,1717773275,2024-06-07 15:14 UTC,196984,295463,17.1859,22.9967,0.200499,0.274699,4.78166e-05,0.0487874,0.00973484,0.507746,0.888462,0.211261,0.388405
472,1717773575,2024-06-07 15:19 UTC,196856,295375,17.179,22.9497,0.194944,0.268752,0.00010373,0.0489408,0.00973491,0.507241,0.884834,0.199848,0.372608
473,1717773875,2024-06-07 15:24 UTC,196728,295287,17.172,22.9026,0.189392,0.262805,0.000205576,0.0491128,0.00973936,0.50673,0.881212,0.188489,0.355016
474,1717774175,2024-06-07 15:29 UTC,196600,295199,17.1651,22.8556,0.183844,0.25702,0.00015703,0.048426,0.00973953,0.506233,0.877599,0.177957,0.340617
475,1717774475,2024-06-07 15:34 UTC,196471,295112,17.1581,22.8086,0.178299,0.251823,0.00015395,0.047498,0.00974056,0.505726,0.873992,0.167306,0.326763
476,1717774775,2024-06-07 15:39 UTC,196346,295025,17.1512,22.7616,0.172758,0.246737,0.00012579,0.0473617,0.00974058,0.505224,0.870394,0.157207,0.313497
477,1717775075,2024-06-07 15:44 UTC,196220,294938,17.1442,22.7146,0.167222,0.241677,9.95616e-05,0.0486995,0.0097407,0.504724,0.866802,0.147425,0.300081
478,1717775375,2024-06-07 15:49 UTC,196095,294852,17.1373,22.6676,0.16169,0.236678,9.69428e-05,0.0506963,0.00974069,0.504225,0.863219,0.13798,0.288902
479,1717775675,2024-06-07 15:54 UTC,195971,294767,17.1304,22.6206,0.156164,0.231775,9.22242e-05,0.0533057,0.00974087,0.503726,0.859642,0.128842,0.276955
480,1717775975,2024-06-07 15:59 UTC,195848,294681,17.1234,22.5736,0.150644,0.226872,8.96454e-05,0.0470661,0.0097409,0.503229,0.856073,0.120044,0.26505
481,1717776275,2024-06-07 16:04 UTC,195726,294596,17.1165,22.5266,0.144463,0.220731,6.65094e-05,0.0417624,0.00974104,0.502732,0.852511,0.110522,0.25116
482,1717776575,2024-06-07 16:09 UTC,195605,294512,17.1096,22.4796,0.138228,0.214496,7.35033e-05,0.0364228,0.00974121,0.502237,0.848958,0.101353,0.236801
483,1717776875,2024-06-07 16:14 UTC,195484,294428,17.1026,22.4326,0.132001,0.208292,7.33491e-05,0.0317581,0.00974133,0.501742,0.845411,0.0925533,0.223515
484,1717777175,2024-06-07 16:19 UTC,195364,294344,17.0957,22.3856,0.125783,0.202101,6.67698e-05,0.0272579,0.00974453,0.501249,0.841872,0.0842166,0.209993
485,1717777475,2024-06-07 16:24 UTC,195245,294260,17.0888,22.3386,0.119577,0.195949,8.03125e-05,0.0230304,0.00974462,0.500758,0.838341,0.0763246,0.197694
486,1717777775,2024-06-07 16:29 UTC,195127,294178,17.0818,22.2916,0.113384,0.189849,8.52766e-05,0.0191947,0.00974475,0.500264,0.834817,0.0687642,0.185585
487,1717778075,2024-06-07 16:34 UTC,195009,294095,17.0749,22.2446,0.107208,0.183786,6.7769e-05,0.0158884,0.00974479,0.499775,0.831301,0.0616964,0.174007
488,1717778375,2024-06-07 16:39 UTC,194892,294012,17.068,22.1976,0.101051,0.177723,6.0484e-05,0.0130516,0.0097448,0.499286,0.827792,0.0550335,0.16258
489,1717778675,2024-06-07 16:44 UTC,194776,293931,17.0611,22.1506,0.0949188,0.17166,0.000116053,0.0106153,0.00974713,0.498799,0.82429,0.0488073,0.151826
490,1717778974,2024-06-07 16:49 UTC,194661,293849,17.0542,22.1038,0.0888367,0.165617,0.000163515,0.00859832,0.0097472,0.498317,0.820809,0.0430467,0.141527
491,1717779274,2024-06-07 16:54 UTC,194547,293768,17.0473,22.0569,0.0827725,0.159554,0.000138513,0.0069949,0.00974725,0.497828,0.817332,0.0375839,0.131634
492,1717779574,2024-06-07 16:59 UTC,194433,293687,17.0404,22.0115,0.0767578,0.153504,0.000136559,0.00775117,0.00974726,0.497344,0.813967,0.0326114,0.121721
493,1717779874,2024-06-07 17:04 UTC,194320,293606,17.0335,21.9665,0.0720052,0.148333,0.000202609,0.0102614,0.00974721,0.496862,0.810647,0.0289167,0.113612
494,1717780174,2024-06-07 17:09 UTC,194208,293526,17.0265,21.9215,0.0673897,0.143245,0.000198851,0.0105166,0.00974878,0.496372,0.807331,0.0254615,0.105451
495,1717780474,2024-06-07 17:14 UTC,194095,293446,17.0196,21.8766,0.0628009,0.138158,0.000210291,0.00209163,0.00974266,0.495898,0.804023,0.0224245,0.0983256
496,1717780774,2024-06-07 17:19 UTC,193985,293367,17.0127,21.8316,0.0582466,0.13307,0.000211195,0.000981455,0.00974252,0.495417,0.800723,0.0194876,0.0913622
497,1717781074,2024-06-07 17:24 UTC,193875,293288,17.0058,21.7867,0.0537373,0.127983,0.00021684,0.000805783,0.00974257,0.494927,0.797429,0.0167424,0.084362
498,1717781374,2024-06-07 17:29 UTC,193766,293209,16.9989,21.7417,0.0492888,0.122896,0.000231757,0.000943368,0.00974946,0.494451,0.79414,0.0143247,0.0773221
499,1717781674,2024-06-07 17:34 UTC,193658,293130,16.992,21.6968,0.044924,0.117809,0.000247942,0.00111274,0.00974959,0.493985,0.790861,0.0123044,0.07218
500,1717781974,2024-06-07 17:39 UTC,193550,293052,16.9851,21.6518,0.0406787,0.112733,0.000189472,0.000869574,0.00974956,0.493502,0.787587,0.0102759,0.0661047
501,1717782274,2024-06-07 17:44 UTC,193444,292975,16.9782,21.6069,0.0366089,0.107657,0.00016105,0.000684577,0.0097557,0.49303,0.784321,0.00857275,0.0600582
502,1717782574,2024-06-07 17:49 UTC,193337,292897,16.9713,21.5661,0.0328039,0.102581,0.000160536,0.000595788,0.00975581,0.492557,0.781357,0.00710201,0.0543993
503,1717782874,2024-06-07 17:54 UTC,193232,292820,16.9645,21.5267,0.0294016,0.0975082,0.000163529,0.000598326,0.0097557,0.492085,0.77851,0.00584743,0.0494616
504,1717783174,2024-06-07 17:59 UTC,193127,292744,16.9576,21.4873,0.0265925,0.0924501,0.000111584,0.000576727,0.0097557,0.491611,0.775659,0.00475152,0.0442235
505,1717783474,2024-06-07 18:04 UTC,193008,292696,16.9492,21.4696,0.0255116,0.0904217,0.000117473,0.000644907,0.00975578,0.491107,0.77439,0.0043401,0.0419365
506,1717783774,2024-06-07 18:09 UTC,192887,292653,16.9407,21.454,0.0246865,0.0886809,9.68289e-05,0.000594992,0.00975578,0.490607,0.773253,0.00402345,0.040485
507,1717784074,2024-06-07 18:14 UTC,192767,292611,16.9322,21.4384,0.0240294,0.0869401,0.000112223,0.000588582,0.00975572,0.490109,0.77213,0.00374404,0.0390311
508,1717784374,2024-06-07 18:19 UTC,192647,292570,16.9237,21.4228,0.0235824,0.0851994,8.36757e-05,0.000576794,0.00975571,0.489603,0.771013,0.00345658,0.0373655
509,1717784674,2024-06-07 18:24 UTC,192527,292529,16.9152,21.4072,0.0233455,0.0834588,8.39624e-05,0.000660751,0.00975572,0.489105,0.769886,0.00320567,0.0359152
510,1717784973,2024-06-07 18:29 UTC,192408,292489,16.9067,21.3916,0.0233039,0.0817241,7.12631e-05,0.000603059,0.00975571,0.488608,0.76877,0.00297362,0.0344345
511,1717785273,2024-06-07 18:34 UTC,192290,292450,16.8982,21.3761,0.0234324,0.0799836,7.3417e-05,0.000554858,0.00975616,0.488108,0.767649,0.00273896,0.0329739
512,1717785573,2024-06-07 18:39 UTC,192171,292411,16.8897,21.3605,0.0236982,0.0782474,6.11396e-05,0.000568158,0.00975617,0.487611,0.766535,0.00252898,0.0314961
513,1717785873,2024-06-07 18:44 UTC,192054,292373,16.8812,21.3449,0.024078,0.0765229,6.06624e-05,0.000556319,0.00975615,0.487113,0.765415,0.00233548,0.0301636
514,1717786173,2024-06-07 18:49 UTC,191936,292336,16.8727,21.3293,0.0245555,0.0747985,5.38857e-05,0.000548947,0.00975617,0.486613,0.7643,0.0021702,0.0287459
515,1717786473,2024-06-07 18:54 UTC,191819,292300,16.8643,21.3138,0.025118,0.0731096,5.79122e-05,0.000500627,0.00975645,0.486119,0.763188,0.00205729,0.0275016
516,1717786773,2024-06-07 18:59 UTC,191703,292264,16.8558,21.2982,0.0257551,0.0714833,4.54006e-05,0.000548236,0.00975697,0.48562,0.762072,0.00199655,0.0263691
517,1717787073,2024-06-07 19:04 UTC,191587,292228,16.8473,21.2827,0.0254,0.0738094,6.22604e-05,0.000550402,0.00978148,0.485126,0.760961,0.0020915,0.0280887
518,1717787373,2024-06-07 19:09 UTC,191471,292194,16.8388,21.2671,0.0250499,0.0765723,4.48384e-05,0.000547561,0.00978203,0.48463,0.759846,0.0022811,0.030213
519,1717787673,2024-06-07 19:14 UTC,191356,292160,16.8304,21.2516,0.0248242,0.0793859,4.65427e-05,0.000563225,0.00978204,0.484132,0.758741,0.00253014,0.0324749
520,1717787973,2024-06-07 19:19 UTC,191241,292127,16.8219,21.2361,0.0247393,0.0822008,3.52699e-05,0.000476154,0.00978204,0.48364,0.757631,0.0028327,0.0348483
521,1717788273,2024-06-07 19:24 UTC,191126,292094,16.8135,21.2205,0.024818,0.085018,5.04527e-05,0.000480655,0.00978383,0.483144,0.756519,0.00317001,0.0372765
522,1717788573,2024-06-07 19:29 UTC,191012,292063,16.805,21.205,0.0250772,0.0878474,3.69015e-05,0.000515272,0.00978386,0.482652,0.755418,0.00353614,0.0397244
523,1717788873,2024-06-07 19:34 UTC,190898,292031,16.7966,21.1895,0.0255292,0.0906769,3.41165e-05,0.000505225,0.00978383,0.482159,0.754316,0.00393359,0.0423572
524,1717789173,2024-06-07 19:39 UTC,190785,292001,16.7881,21.174,0.0261703,0.0935064,3.30487e-05,0.000484872,0.00978389,0.481666,0.753209,0.00435851,0.0450473
525,1717789473,2024-06-07 19:44 UTC,190672,291971,16.7797,21.1585,0.0269905,0.096336,2.77571e-05,0.000504346,0.0097851,0.481174,0.752106,0.00481466,0.0478016
526,1717789773,2024-06-07 19:49 UTC,190560,291942,16.7713,21.143,0.0279808,0.0991656,2.70834e-05,0.000508601,0.00978639,0.480683,0.751005,0.00530827,0.0506661
527,1717790073,2024-06-07 19:54 UTC,190447,291913,16.7628,21.1275,0.0291293,0.101995,2.55736e-05,0.000441711,0.0097871,0.480191,0.749905,0.00582935,0.0535707
528,1717790373,2024-06-07 19:59 UTC,190336,291885,16.7544,21.112,0.0304209,0.10483,2.40186e-05,0.000436372,0.00978779,0.479701,0.748807,0.00639393,0.0565988
529,1717790672,2024-06-07 20:04 UTC,190224,291857,16.746,21.0966,0.033659,0.111621,2.05189e-05,0.000460551,0.00978784,0.479212,0.747712,0.00793483,0.0641745
530,1717790972,2024-06-07 20:09 UTC,190113,291831,16.7376,21.0811,0.0378808,0.118828,2.32012e-05,0.000469527,0.00978793,0.478722,0.746616,0.0098694,0.0727026
531,1717791272,2024-06-07 20:14 UTC,190002,291805,16.7292,21.0657,0.0426629,0.126034,1.93831e-05,0.000451015,0.00978901,0.478234,0.745521,0.0121472,0.0817743
532,1717791572,2024-06-07 20:19 UTC,189892,291779,16.7208,21.0502,0.0478085,0.133272,2.26366e-05,0.000439428,0.00978902,0.477745,0.744426,0.0147672,0.0914576
533,1717791872,2024-06-07 20:24 UTC,189782,291754,16.7124,21.0347,0.0531887,0.140648,1.73517e-05,0.000428036,0.00979035,0.477257,0.743335,0.0177617,0.101832
534,1717792172,2024-06-07 20:29 UTC,189673,291730,16.7039,21.0193,0.058723,0.148065,1.6298e-05,0.000442831,0.00979038,0.47677,0.742243,0.0211198,0.112862
535,1717792472,2024-06-07 20:34 UTC,189564,291706,16.6956,21.0043,0.0643616,0.155514,2.52531e-05,0.000475282,0.00979421,0.476282,0.741181,0.0248375,0.124529
536,1717792772,2024-06-07 20:39 UTC,189455,291683,16.6872,20.9912,0.0700732,0.162988,2.40167e-05,0.000424879,0.009796,0.475797,0.740265,0.028946,0.136763
537,1717793072,2024-06-07 20:44 UTC,189346,291661,16.6788,20.9782,0.0758375,0.170461,1.76794e-05,0.000468738,0.00979592,0.47531,0.739342,0.0334112,0.149502
538,1717793372,2024-06-07 20:49 UTC,189238,291639,16.6704,20.9652,0.081641,0.177935,5.96039e-05,0.000517248,0.00980426,0.474824,0.738423,0.0382436,0.163155
539,1717793672,2024-06-07 20:54 UTC,189131,291618,16.662,20.9521,0.0874743,0.185408,3.91684e-05,0.000449113,0.00980428,0.474339,0.737506,0.0434746,0.177078
540,1717793972,2024-06-07 20:59 UTC,189023,291597,16.6536,20.9391,0.0933308,0.192882,2.61211e-05,0.000459683,0.00980487,0.473855,0.736587,0.0490659,0.191565
541,1717794272,2024-06-07 21:04 UTC,188943,291604,16.6549,20.9396,0.10137,0.202799,2.21369e-05,0.000449222,0.00980549,0.473915,0.736625,0.0573353,0.211753
542,1717794572,2024-06-07 21:09 UTC,188867,291614,16.6571,20.9416,0.109715,0.212967,3.65802e-05,0.000464927,0.00980743,0.474031,0.736762,0.066632,0.23372
543,1717794872,2024-06-07 21:14 UTC,188791,291626,16.6594,20.9435,0.118123,0.22314,4.94743e-05,0.00070199,0.00981116,0.474148,0.736898,0.076688,0.256463
544,1717795172,2024-06-07 21:19 UTC,188717,291639,16.6617,20.9454,0.126579,0.233335,3.63338e-05,0.000505886,0.00981179,0.474265,0.737031,0.0875601,0.280231
545,1717795472,2024-06-07 21:24 UTC,188644,291652,16.664,20.9474,0.135074,0.243529,0.000238538,0.00114922,0.00995514,0.474382,0.737187,0.0992344,0.304793
546,1717795772,2024-06-07 21:29 UTC,188571,291666,16.6662,20.9493,0.143599,0.253732,0.000126134,0.00098371,0.00995904,0.4745,0.737312,0.111672,0.33331
547,1717796072,2024-06-07 21:34 UTC,188500,291681,16.6685,20.9513,0.152147,0.264052,8.31467e-05,0.000727947,0.00996837,0.47462,0.737452,0.124956,0.358979
548,1717796372,2024-06-07 21:39 UTC,188429,291697,16.6708,20.9532,0.160716,0.274461,0.000116182,0.000547658,0.0100975,0.47474,0.737589,0.139064,0.387549
549,1717796671,2024-06-07 21:44 UTC,188360,291714,16.6731,20.9552,0.169272,0.284845,8.78359e-05,0.000651213,0.0101113,0.474857,0.737721,0.153785,0.417951
550,1717796971,2024-06-07 21:49 UTC,188291,291731,16.6754,20.9571,0.17787,0.295274,6.46478e-05,0.00153337,0.0101233,0.474978,0.737852,0.169499,0.448708
551,1717797271,2024-06-07 21:54 UTC,188223,291750,16.6777,20.9591,0.186479,0.305719,0.000195467,0.00226222,0.0102177,0.475099,0.737997,0.185921,0.480759
552,1717797571,2024-06-07 21:59 UTC,188155,291769,16.68,20.961,0.195098,0.31624,0.00018538,0.00207294,0.0104726,0.475219,0.73812,0.203154,0.514635
553,1717797871,2024-06-07 22:04 UTC,188089,291789,16.6824,20.963,0.203884,0.327519,0.000166247,0.00440411,0.0105717,0.47534,0.73827,0.221565,0.551098
554,1717798171,2024-06-07 22:09 UTC,188024,291809,16.6847,20.9649,0.2127,0.338884,0.00033772,0.00308982,0.0109523,0.475462,0.738411,0.240843,0.589896
555,1717798471,2024-06-07 22:14 UTC,187960,291831,16.687,20.9668,0.221527,0.350256,0.000252961,0.00613944,0.0115354,0.475587,0.738543,0.261084,0.630198
556,1717798771,2024-06-07 22:19 UTC,187898,291853,16.6894,20.9688,0.230365,0.361641,0.000586121,0.00629419,0.0123539,0.475698,0.738699,0.281419,0.672348
557,1717799071,2024-06-07 22:24 UTC,187837,291876,16.6917,20.9708,0.239212,0.373026,0.000258846,0.00338157,0.0124248,0.475827,0.738807,0.303574,0.715991
558,1717799371,2024-06-07 22:29 UTC,187775,291900,16.694,20.9727,0.248067,0.384412,0.000167999,0.00100142,0.0126782,0.475958,0.738943,0.326566,0.759579
559,1717799671,2024-06-07 22:34 UTC,187713,291925,16.6964,20.9747,0.25693,0.395797,0.000350468,0.00992612,0.0129056,0.476074,0.739083,0.349613,0.802052
560,1717799971,2024-06-07 22:39 UTC,187653,291950,16.6987,20.9766,0.265798,0.407264,0.0003535,0.0116197,0.0132013,0.476199,0.739225,0.373885,0.853151
561,1717800271,2024-06-07 22:44 UTC,187594,291976,16.7011,20.9786,0.274672,0.418873,0.000194288,0.0237095,0.013441,0.47633,0.739361,0.39938,0.900641
562,1717800571,2024-06-07 22:49 UTC,187535,292003,16.7035,20.9805,0.283552,0.430495,0.000217417,0.00142867,0.0135355,0.476455,0.739499,0.425361,0.954011
563,1717800871,2024-06-07 22:54 UTC,187478,292031,16.7058,20.9825,0.292436,0.442117,0.000131178,0.000962054,0.0137377,0.476587,0.739646,0.452502,1.00575
564,1717801171,2024-06-07 22:59 UTC,187421,292060,16.7082,20.9844,0.301324,0.453739,0.000188376,0.00483108,0.0139975,0.47671,0.739765,0.479975,1.05736
565,1717801471,2024-06-07 23:04 UTC,187365,292089,16.7106,20.9864,0.307919,0.463625,0.000123859,0.117949,0.0143753,0.476843,0.739917,0.50151,1.10694
566,1717801771,2024-06-07 23:09 UTC,187312,292119,16.713,20.9883,0.314269,0.473325,0.000112178,0.212524,0.0143927,0.476969,0.740057,0.522145,1.1523
567,1717802071,2024-06-07 23:14 UTC,187258,292149,16.7154,20.9903,0.320619,0.483026,0.000449294,0.294741,0.0146028,0.477084,0.740193,0.542444,1.1941
568,1717802370,2024-06-07 23:19 UTC,187206,292181,16.7178,20.9922,0.326949,0.492694,0.000173834,0.367063,0.0147394,0.477224,0.74033,0.564833,1.24904
569,1717802670,2024-06-07 23:24 UTC,187153,292213,16.7202,20.9942,0.333301,0.502394,0.000173656,0.414671,0.0149309,0.477355,0.74047,0.587032,1.29867
570,1717802970,2024-06-07 23:29 UTC,187101,292246,16.7226,20.9962,0.339653,0.512094,0.000216166,0.454207,0.0150468,0.477482,0.740606,0.60935,1.3484
571,1717803270,2024-06-07 23:34 UTC,187049,292280,16.725,20.9981,0.346006,0.521795,0.000707539,0.482407,0.0160761,0.477591,0.74075,0.630696,1.39844
572,1717803570,2024-06-07 23:39 UTC,187000,292314,16.7274,21.0001,0.35236,0.531495,0.00101724,0.501103,0.0176733,0.477715,0.74088,0.653445,1.43347
573,1717803870,2024-06-07 23:44 UTC,186950,292350,16.7298,21.002,0.358713,0.541195,0.000317506,0.51284,0.0179245,0.477875,0.741024,0.679401,1.50506
574,1717804170,2024-06-07 23:49 UTC,186901,292385,16.7322,21.004,0.365068,0.550895,0.000316681,0.523137,0.0180601,0.478005,0.741162,0.703511,1.55896
575,1717804470,2024-06-07 23:54 UTC,186856,292422,16.7347,21.0098,0.371423,0.560596,0.0029185,0.531332,0.0216471,0.47802,0.74157,0.720215,1.60906
576,1717804770,2024-06-07 23:59 UTC,186818,292459,16.7371,21.0237,0.377778,0.570296,0.000477481,0.538436,0.0249507,0.478274,0.742556,0.753466,1.67082
577,1717805070,2024-06-08 00:04 UTC,186815,292532,16.738,21.0259,0.379977,0.574485,0.000343867,0.544139,0.0256,0.478349,0.742717,0.762726,1.7008
578,1717805370,2024-06-08 00:09 UTC,186821,292611,16.7388,21.0452,0.381714,0.578062,0.000184767,0.548108,0.0257067,0.478413,0.74407,0.769723,1.71997
579,1717805670,2024-06-08 00:14 UTC,186829,292691,16.7395,21.0645,0.383452,0.581638,0.000369505,0.551117,0.0261785,0.478468,0.745437,0.776091,1.74062
580,1717805970,2024-06-08 00:19 UTC,186836,292772,16.7403,21.0837,0.38519,0.585215,0.000244389,0.553599,0.0264051,0.47854,0.746798,0.783748,1.75966
581,1717806270,2024-06-08 00:24 UTC,186851,292854,16.741,21.1031,0.386927,0.588791,0.00120261,0.555827,0.027069,0.478568,0.748159,0.788185,1.78175
582,1717806570,2024-06-08 00:29 UTC,186869,292936,16.7418,21.1226,0.388665,0.592368,0.000341177,0.557919,0.0282466,0.478672,0.749559,0.79826,1.80537
583,1717806870,2024-06-08 00:34 UTC,186884,293019,16.7426,21.142,0.390403,0.595945,0.000202203,0.559933,0.02828,0.478737,0.750931,0.805384,1.82679
584,1717807170,2024-06-08 00:39 UTC,186901,293104,16.7434,21.1615,0.392142,0.599522,0.00014967,0.561912,0.0283134,0.478805,0.752318,0.812804,1.85056
585,1717807470,2024-06-08 00:44 UTC,186920,293189,16.7442,21.181,0.39388,0.603099,0.000154941,0.563881,0.0285004,0.478871,0.753705,0.820028,1.87111
586,1717807770,2024-06-08 00:49 UTC,186940,293275,16.7449,21.2005,0.395618,0.606675,0.000259789,0.565844,0.0285964,0.478935,0.75509,0.827029,1.89427
587,1717808070,2024-06-08 00:54 UTC,186963,293362,16.7457,21.22,0.397357,0.610252,0.000152135,0.567791,0.0286716,0.479006,0.756479,0.834713,1.91661
588,1717808369,2024-06-08 00:59 UTC,186987,293450,16.7465,21.2394,0.39909,0.613817,0.000179006,0.56972,0.0289568,0.479073,0.757871,0.842022,1.93939
589,1717808669,2024-06-08 01:04 UTC,187014,293538,16.7473,21.259,0.396414,0.611432,0.000129258,0.570648,0.0289813,0.479145,0.759268,0.831163,1.92462
590,1717808969,2024-06-08 01:09 UTC,187043,293628,16.7481,21.2785,0.39323,0.608359,0.000111805,0.569893,0.0289836,0.479215,0.760667,0.818048,1.90613
591,1717809269,2024-06-08 01:14 UTC,187072,293719,16.749,21.2981,0.390047,0.605287,9.82074e-05,0.568279,0.0289845,0.479285,0.762065,0.804989,1.88717
592,1717809569,2024-06-08 01:19 UTC,187102,293810,16.7498,21.3177,0.386864,0.602219,9.36987e-05,0.566236,0.0289854,0.479354,0.763464,0.792023,1.86783
593,1717809869,2024-06-08 01:24 UTC,187135,293902,16.7506,21.3373,0.383683,0.599171,7.93838e-05,0.563981,0.0289871,0.479424,0.76487,0.779143,1.84873
594,1717810169,2024-06-08 01:29 UTC,187170,293995,16.7514,21.3569,0.380502,0.596192,6.73976e-05,0.539781,0.0289847,0.479495,0.766277,0.766415,1.83068
595,1717810469,2024-06-08 01:34 UTC,187207,294089,16.7522,21.3765,0.377323,0.593214,7.26006e-05,0.541653,0.0289922,0.479567,0.767686,0.753833,1.81258
596,1717810769,2024-06-08 01:39 UTC,187244,294184,16.7531,21.3962,0.374144,0.590235,6.71028e-05,0.54219,0.0289943,0.479638,0.769098,0.741289,1.79442
597,1717811069,2024-06-08 01:44 UTC,187284,294279,16.7539,21.4158,0.370966,0.587257,6.61635e-05,0.541788,0.0289986,0.47971,0.770511,0.72887,1.77629
598,1717811369,2024-06-08 01:49 UTC,187326,294375,16.7548,21.4355,0.36779,0.584278,7.71447e-05,0.54073,0.029004,0.479783,0.771928,0.716577,1.75839
599,1717811669,2024-06-08 01:54 UTC,187369,294473,16.7556,21.4552,0.364614,0.5813,6.3498e-05,0.539209,0.0290047,0.479856,0.773346,0.704395,1.74033
600,1717811969,2024-06-08 01:59 UTC,187411,294571,16.7565,21.4749,0.36144,0.578321,6.06591e-05,0.537356,0.0289943,0.47993,0.774767,0.692317,1.72252
601,1717812269,2024-06-08 02:04 UTC,187457,294669,16.7573,21.4946,0.353989,0.569866,0.000102031,0.534599,0.0290145,0.480004,0.776188,0.664431,1.67323
602,1717812569,2024-06-08 02:09 UTC,187504,294769,16.7582,21.5143,0.346047,0.560779,8.12433e-05,0.530387,0.029015,0.480079,0.777617,0.635302,1.61992
603,1717812869,2024-06-08 02:14 UTC,187552,294869,16.759,21.5341,0.338107,0.551692,7.78829e-05,0.525231,0.0290158,0.480154,0.779044,0.606847,1.56736
604,1717813169,2024-06-08 02:19 UTC,187602,294970,16.7599,21.5538,0.330169,0.542605,7.87291e-05,0.519469,0.0290184,0.480229,0.780474,0.579058,1.51676
605,1717813469,2024-06-08 02:24 UTC,187653,295072,16.7608,21.5736,0.322232,0.533518,8.79863e-05,0.513322,0.0290266,0.480305,0.781907,0.551933,1.46633
606,1717813769,2024-06-08 02:29 UTC,187706,295175,16.7617,21.5934,0.314297,0.524431,7.65986e-05,0.50693,0.029028,0.480381,0.783342,0.525451,1.41692
607,1717814069,2024-06-08 02:34 UTC,187759,295279,16.7625,21.6132,0.306365,0.515345,6.2166e-05,0.499353,0.029027,0.480458,0.784778,0.499647,1.36817
608,1717814368,2024-06-08 02:39 UTC,187814,295383,16.7634,21.6329,0.298461,0.506288,4.92558e-05,0.488636,0.0290244,0.480535,0.786212,0.474606,1.32047
609,1717814668,2024-06-08 02:44 UTC,187871,295488,16.7643,21.6528,0.290534,0.497201,4.69567e-05,0.482484,0.0290244,0.480612,0.787655,0.450143,1.2735
610,1717814968,2024-06-08 02:49 UTC,187930,295594,16.7652,21.6726,0.282609,0.488114,4.50763e-05,0.476098,0.0290275,0.48069,0.789098,0.42633,1.22747
611,1717815268,2024-06-08 02:54 UTC,187990,295701,16.7661,21.6924,0.274688,0.479028,6.42905e-05,0.469551,0.0290373,0.480769,0.790549,0.403222,1.18197
612,1717815568,2024-06-08 02:59 UTC,188050,295808,16.767,21.7123,0.26677,0.469941,4.39191e-05,0.448353,0.029035,0.480847,0.791997,0.380744,1.13758
613,1717815868,2024-06-08 03:04 UTC,188065,295873,16.7566,21.7014,0.255493,0.456732,4.68151e-05,0.330392,0.0290317,0.480257,0.791196,0.350084,1.07495
614,1717816168,2024-06-08 03:09 UTC,188075,295934,16.7447,21.6867,0.243817,0.443032,4.26989e-05,0.0445561,0.0290346,0.479588,0.790129,0.319731,1.01158
615,1717816468,2024-06-08 03:14 UTC,188085,295994,16.7329,21.6721,0.232142,0.429332,6.33518e-05,0.0360047,0.029037,0.478919,0.789065,0.290825,0.949613
616,1717816768,2024-06-08 03:19 UTC,188096,296054,16.7211,21.6575,0.220469,0.415631,6.35781e-05,0.0346833,0.0290599,0.478251,0.788004,0.263305,0.890137
617,1717817068,2024-06-08 03:24 UTC,188110,296115,16.7094,21.6429,0.208799,0.401931,5.18935e-05,0.187023,0.0290781,0.477584,0.786939,0.237276,0.832549
618,1717817368,2024-06-08 03:29 UTC,188124,296176,16.6976,21.6283,0.197132,0.38823,4.34822e-05,0.247506,0.0290924,0.476917,0.785876,0.212648,0.776526
619,1717817668,2024-06-08 03:34 UTC,188139,296236,16.6858,21.6137,0.185468,0.37453,5.08881e-05,0.279151,0.0291264,0.476251,0.784813,0.189462,0.722623
620,1717817968,2024-06-08 03:39 UTC,188153,296285,16.674,21.5991,0.173809,0.36083,5.99921e-05,0.338843,0.0291485,0.475587,0.783754,0.167737,0.670974
621,1717818268,2024-06-08 03:44 UTC,188167,296346,16.6622,21.5845,0.162154,0.34713,4.7068e-05,0.373206,0.0291403,0.474923,0.782692,0.147409,0.621039
622,1717818568,2024-06-08 03:49 UTC,188184,296408,16.6505,21.5699,0.150506,0.33343,0.000122326,0.392263,0.0292435,0.47426,0.781635,0.128561,0.573433
623,1717818868,2024-06-08 03:54 UTC,188200,296469,16.6387,21.5553,0.138867,0.31973,6.16552e-05,0.39905,0.0292488,0.473596,0.780577,0.111077,0.526737
624,1717819168,2024-06-08 03:59 UTC,188218,296531,16.627,21.5407,0.127238,0.30603,6.04229e-05,0.398153,0.0292641,0.472935,0.779523,0.0950764,0.482536
625,1717819468,2024-06-08 04:04 UTC,188234,296593,16.6152,21.5261,0.114381,0.290243,5.77095e-05,0.392674,0.0292639,0.472275,0.778465,0.0789783,0.441818
626,1717819768,2024-06-08 04:09 UTC,188252,296655,16.6035,21.5115,0.101399,0.274206,6.28546e-05,0.384681,0.0292858,0.471615,0.777414,0.06445,0.449604
627,1717820067,2024-06-08 04:14 UTC,188272,296717,16.5918,21.4969,0.0884985,0.258223,5.72786e-05,0.375716,0.0293106,0.470956,0.77636,0.0517159,0.454599
628,1717820367,2024-06-08 04:19 UTC,188291,296779,16.5801,21.4824,0.075618,0.242187,0.000213144,0.178485,0.029352,0.470301,0.775317,0.040823,0.302663
629,1717820667,2024-06-08 04:24 UTC,188311,296842,16.5684,21.4678,0.0628627,0.226151,0.000142864,0.0676021,0.0293568,0.469643,0.77426,0.0316198,0.263888
630,1717820967,2024-06-08 04:29 UTC,188330,296904,16.5566,21.4532,0.0512084,0.210116,0.00012523,0.0845693,0.0293712,0.468983,0.773202,0.0240574,0.227518
631,1717821267,2024-06-08 04:34 UTC,188350,296967,16.5449,21.4386,0.0435632,0.194081,0.00012512,0.118119,0.0293953,0.468325,0.772149,0.0179662,0.194096
632,1717821567,2024-06-08 04:39 UTC,188371,297030,16.5332,21.424,0.0398863,0.178046,0.000123107,0.130726,0.0293938,0.467674,0.771104,0.012848,0.163405
633,1717821867,2024-06-08 04:44 UTC,188393,297093,16.5215,21.4095,0.0399954,0.162013,8.67248e-05,0.0991877,0.0294043,0.46702,0.770059,0.00817417,0.135192
634,1717822167,2024-06-08 04:49 UTC,188415,297156,16.5098,21.3949,0.0428965,0.14598,8.79554e-05,0.0910101,0.0294114,0.466363,0.769005,0.00444582,0.109754
635,1717822467,2024-06-08 04:54 UTC,188439,297220,16.4982,21.3803,0.0474727,0.129949,8.29506e-05,0.0942997,0.029421,0.465712,0.767958,0.00593694,0.0987522
636,1717822767,2024-06-08 04:59 UTC,188464,297283,16.4865,21.3658,0.0532761,0.11392,8.97013e-05,0.105669,0.0294358,0.465062,0.766915,0.0117088,0.135854
637,1717823067,2024-06-08 05:04 UTC,188488,297347,16.4748,21.3512,0.059104,0.123047,7.60761e-05,0.123617,0.0294471,0.464409,0.765866,0.0180165,0.188435
638,1717823367,2024-06-08 05:09 UTC,188511,297411,16.4632,21.3367,0.0657374,0.136144,8.10569e-05,0.139446,0.0294688,0.463759,0.764823,0.025079,0.243022
639,1717823667,2024-06-08 05:14 UTC,188536,297475,16.4515,21.3221,0.0733219,0.149242,6.17563e-05,0.117721,0.0294737,0.463109,0.763777,0.0330548,0.150212
640,1717823967,2024-06-08 05:19 UTC,188561,297539,16.4398,21.3075,0.0818485,0.162347,4.65121e-05,0.0525227,0.0294786,0.462461,0.762743,0.0420135,0.135699
641,1717824267,2024-06-08 05:24 UTC,188588,297604,16.4282,21.293,0.0912564,0.175469,4.89683e-05,0.0196681,0.0294865,0.461814,0.761697,0.0520744,0.158523
642,1717824567,2024-06-08 05:29 UTC,188614,297668,16.4166,21.2785,0.101428,0.18859,3.9053e-05,0.0160589,0.0294878,0.461166,0.760658,0.0633431,0.183113
643,1717824867,2024-06-08 05:34 UTC,188641,297733,16.4049,21.2639,0.112198,0.201712,0.000156378,0.0150032,0.0295386,0.460519,0.759627,0.0759352,0.209466
644,1717825167,2024-06-08 05:39 UTC,188668,297798,16.3933,21.2494,0.123343,0.214834,8.56809e-05,0.0147372,0.0295393,0.459873,0.758577,0.089821,0.237745
645,1717825467,2024-06-08 05:44 UTC,188696,297863,16.3817,21.2348,0.134629,0.227956,7.86613e-05,0.0151842,0.0295435,0.459229,0.757539,0.105098,0.267542
646,1717825767,2024-06-08 05:49 UTC,188723,297928,16.3701,21.2203,0.145973,0.241078,7.08544e-05,0.0163831,0.0295434,0.458585,0.756512,0.121756,0.299222
647,1717826066,2024-06-08 05:54 UTC,188752,297993,16.3585,21.2058,0.157311,0.254157,6.03515e-05,0.0184898,0.0295474,0.457943,0.755475,0.139772,0.332652
648,1717826366,2024-06-08 05:59 UTC,188782,298059,16.3469,21.1913,0.168708,0.267279,9.4769e-05,0.0218174,0.0295769,0.457304,0.754437,0.159063,0.367737
649,1717826666,2024-06-08 06:04 UTC,188775,298082,16.3267,21.1656,0.176744,0.275439,7.31257e-05,0.0276432,0.0296095,0.456189,0.752615,0.173483,0.390593
650,1717826966,2024-06-08 06:09 UTC,188750,298085,16.3054,21.1385,0.184357,0.282965,6.00341e-05,0.0371014,0.0296209,0.455016,0.750691,0.187744,0.412173
651,1717827266,2024-06-08 06:14 UTC,188725,298087,16.2841,21.1114,0.191976,0.290491,4.65144e-05,0.0470446,0.0296328,0.453845,0.748763,0.202597,0.43453
652,1717827566,2024-06-08 06:19 UTC,188700,298087,16.2629,21.0843,0.1996,0.298017,5.43833e-05,0.0549837,0.0296411,0.452678,0.746843,0.218017,0.457228
653,1717827866,2024-06-08 06:24 UTC,188675,298086,16.2416,21.0573,0.207229,0.305544,5.30446e-05,0.0552498,0.0296734,0.451512,0.744923,0.234131,0.480678
654,1717828166,2024-06-08 06:29 UTC,188649,298083,16.2204,21.0302,0.214862,0.313071,7.06163e-05,0.0577371,0.0297438,0.450348,0.743009,0.250841,0.504605
655,1717828466,2024-06-08 06:34 UTC,188621,298079,16.1991,21.0031,0.222498,0.320598,5.71049e-05,0.0648105,0.0297581,0.449187,0.7411,0.268148,0.529291
656,1717828766,2024-06-08 06:39 UTC,188593,298073,16.1779,20.976,0.230137,0.328126,6.43833e-05,0.0535217,0.0298105,0.448027,0.73919,0.286099,0.554316
657,1717829066,2024-06-08 06:44 UTC,188563,298065,16.1566,20.949,0.237779,0.335654,0.000150977,0.0507542,0.0299345,0.446869,0.737275,0.304651,0.579882
658,1717829366,2024-06-08 06:49 UTC,188533,298056,16.1354,20.9219,0.245423,0.343182,0.000161437,0.0538513,0.0300831,0.445717,0.735382,0.323752,0.606502
659,1717829666,2024-06-08 06:54 UTC,188506,298046,16.1142,20.8948,0.253069,0.35071,0.000377156,0.0584235,0.0305623,0.444574,0.733475,0.34309,0.632832
660,1717829966,2024-06-08 06:59 UTC,188477,298034,16.093,20.8678,0.260717,0.358238,0.000112008,0.0669633,0.0306951,0.443411,0.731586,0.364037,0.660826
661,1717830266,2024-06-08 07:04 UTC,188447,298020,16.0718,20.8407,0.26396,0.360997,8.08043e-05,0.0742542,0.0307272,0.44226,0.729681,0.372909,0.6713
662,1717830566,2024-06-08 07:09 UTC,188415,298005,16.0506,20.8137,0.26664,0.363835,8.75369e-05,0.0741917,0.0307668,0.441115,0.727798,0.380209,0.681611
663,1717830866,2024-06-08 07:14 UTC,188383,297989,16.0295,20.7866,0.269322,0.366741,6.64252e-05,0.0777268,0.0307734,0.439969,0.725897,0.387667,0.692572
664,1717831166,2024-06-08 07:19 UTC,188350,297971,16.0083,20.7596,0.272005,0.369661,0.000110425,0.0809722,0.0308503,0.438829,0.724012,0.395009,0.703492
665,1717831466,2024-06-08 07:24 UTC,188318,297951,15.9871,20.7325,0.274689,0.372585,0.000149677,0.0854753,0.031048,0.437687,0.722126,0.402633,0.714049
666,1717831766,2024-06-08 07:29 UTC,188285,297930,15.966,20.7055,0.277375,0.375513,9.03854e-05,0.0856324,0.0310786,0.436548,0.720263,0.410389,0.726088
667,1717832065,2024-06-08 07:34 UTC,188249,297908,15.9449,20.6786,0.280052,0.378435,7.09058e-05,0.0902156,0.0310948,0.435415,0.718371,0.418103,0.737609
668,1717832365,2024-06-08 07:39 UTC,188215,297884,15.9238,20.6515,0.282739,0.38137,7.26175e-05,0.0943349,0.0311138,0.434283,0.716495,0.425836,0.748885
669,1717832665,2024-06-08 07:44 UTC,188181,297859,15.9026,20.6245,0.285428,0.384309,5.82322e-05,0.0983876,0.0311376,0.43315,0.714624,0.43379,0.760527
670,1717832965,2024-06-08 07:49 UTC,188144,297833,15.8815,20.5975,0.288117,0.387251,6.17306e-05,0.100716,0.0311636,0.432021,0.712748,0.441671,0.772333
671,1717833265,2024-06-08 07:54 UTC,188107,297805,15.8604,20.5705,0.290808,0.390197,0.000190311,0.104177,0.031366,0.430893,0.710883,0.4498,0.784285
672,1717833565,2024-06-08 07:59 UTC,188070,297775,15.8393,20.5434,0.293499,0.393146,8.98206e-05,0.107037,0.0313737,0.429768,0.709017,0.457842,0.796039
673,1717833865,2024-06-08 08:04 UTC,188034,297744,15.8182,20.5164,0.291311,0.390254,7.53278e-05,0.108782,0.031387,0.428645,0.70715,0.451011,0.784268
674,1717834165,2024-06-08 08:09 UTC,187996,297712,15.7972,20.4894,0.288484,0.386613,6.29582e-05,0.109914,0.0313962,0.427523,0.70529,0.442312,0.769796
675,1717834465,2024-06-08 08:14 UTC,187958,297679,15.7761,20.4624,0.285661,0.382997,6.52031e-05,0.111336,0.0314022,0.426403,0.703435,0.433691,0.755537
676,1717834765,2024-06-08 08:19 UTC,187920,297644,15.755,20.4354,0.282844,0.379406,5.28973e-05,0.112098,0.0314081,0.425287,0.701581,0.425092,0.74136
677,1717835065,2024-06-08 08:24 UTC,187879,297608,15.734,20.4084,0.280031,0.375841,4.6373e-05,0.11183,0.0314068,0.424172,0.699724,0.416654,0.727555
678,1717835365,2024-06-08 08:29 UTC,187840,297570,15.7129,20.4019,0.277224,0.372303,4.54765e-05,0.111703,0.031409,0.42306,0.699279,0.40828,0.713852
679,1717835665,2024-06-08 08:34 UTC,187800,297531,15.6919,20.3973,0.274423,0.368793,4.06816e-05,0.111313,0.0314147,0.42195,0.698966,0.400032,0.700381
680,1717835965,2024-06-08 08:39 UTC,187759,297490,15.6709,20.3928,0.271627,0.365311,3.76327e-05,0.110561,0.0314118,0.420841,0.698653,0.391892,0.687221
681,1717836265,2024-06-08 08:44 UTC,187715,297449,15.6498,20.3882,0.268836,0.361859,3.31902e-05,0.1098,0.031392,0.419735,0.698339,0.38382,0.674467
682,1717836565,2024-06-08 08:49 UTC,187675,297406,15.6288,20.3836,0.266052,0.358436,2.9613e-05,0.108958,0.0314071,0.418631,0.698028,0.37585,0.661668
683,1717836865,2024-06-08 08:54 UTC,187631,297361,15.6078,20.3791,0.263273,0.355044,2.88968e-05,0.108019,0.0313978,0.417529,0.697716,0.368002,0.649165
684,1717837165,2024-06-08 08:59 UTC,187587,297315,15.5869,20.3745,0.260501,0.351685,3.19831e-05,0.106821,0.0313948,0.416429,0.697405,0.360247,0.636979
685,1717837465,2024-06-08 09:04 UTC,187518,297253,15.5577,20.3558,0.253269,0.341494,3.19251e-05,0.107229,0.0314136,0.414881,0.69612,0.340522,0.600573
686,1717837764,2024-06-08 09:09 UTC,187430,297183,15.5276,20.3352,0.245478,0.330457,2.54541e-05,0.108268,0.0314045,0.413283,0.694715,0.319884,0.562395
687,1717838064,2024-06-08 09:14 UTC,187339,297111,15.4974,20.3146,0.237667,0.31941,2.69565e-05,0.0830197,0.0313867,0.411684,0.693309,0.299879,0.525463
688,1717838364,2024-06-08 09:19 UTC,187251,297037,15.4673,20.2941,0.229863,0.308391,2.21236e-05,0.0649827,0.031397,0.410091,0.691907,0.280511,0.489829
689,1717838664,2024-06-08 09:24 UTC,187160,296960,15.4372,20.2736,0.222067,0.297404,2.37307e-05,0.0698573,0.0313981,0.408503,0.690508,0.261821,0.455589
690,1717838964,2024-06-08 09:29 UTC,187069,296882,15.4072,20.2531,0.214278,0.286453,1.96611e-05,0.0689239,0.0313958,0.40692,0.689114,0.243784,0.422628
691,1717839264,2024-06-08 09:34 UTC,186975,296802,15.3772,20.2326,0.2065,0.275542,1.98549e-05,0.071886,0.0313903,0.405342,0.687724,0.226429,0.391048
692,1717839564,2024-06-08 09:39 UTC,186880,296719,15.3473,20.2122,0.198731,0.264676,1.83299e-05,0.0773879,0.0313848,0.403769,0.686337,0.20973,0.360772
693,1717839864,2024-06-08 09:44 UTC,186786,296635,15.3174,20.1919,0.190975,0.25386,2.23244e-05,0.0825284,0.031386,0.4022,0.684954,0.193708,0.331983
694,1717840164,2024-06-08 09:49 UTC,186690,296549,15.2875,20.1715,0.183231,0.243102,1.69853e-05,0.0872193,0.0313961,0.400638,0.683576,0.178334,0.304397
695,1717840464,2024-06-08 09:54 UTC,186594,296461,15.2578,20.1512,0.175503,0.232409,1.8927e-05,0.0896241,0.0314083,0.399079,0.682201,0.163641,0.278234
696,1717840764,2024-06-08 09:59 UTC,186495,296370,15.228,20.131,0.167792,0.221791,2.01477e-05,0.0895496,0.0314053,0.397526,0.68083,0.149612,0.258928
697,1717841064,2024-06-08 10:04 UTC,186394,296278,15.1984,20.1107,0.157371,0.207424,2.29482e-05,0.0925199,0.0313999,0.395978,0.679463,0.131775,0.243107
698,1717841364,2024-06-08 10:09 UTC,186292,296184,15.1687,20.0906,0.146597,0.194164,2.66158e-05,0.0948231,0.0314031,0.394435,0.6781,0.114547,0.227581
699,1717841664,2024-06-08 10:14 UTC,186190,296088,15.1391,20.0704,0.135847,0.181392,1.95211e-05,0.0403574,0.0314099,0.392897,0.676741,0.0985812,0.169473
700,1717841964,2024-06-08 10:19 UTC,186085,295990,15.1096,20.0503,0.125126,0.168637,1.62175e-05,0.0455461,0.0314008,0.391364,0.675385,0.0838766,0.151206
701,1717842264,2024-06-08 10:24 UTC,185980,295890,15.0801,20.0302,0.114444,0.155903,1.54243e-05,0.0506195,0.0314012,0.389836,0.674033,0.0704345,0.144007
702,1717842564,2024-06-08 10:29 UTC,185875,295788,15.0507,20.0102,0.103813,0.143203,1.66169e-05,0.0560031,0.0314119,0.388313,0.672686,0.0582554,0.137437
703,1717842864,2024-06-08 10:34 UTC,185766,295685,15.0214,19.9902,0.0932513,0.131026,2.04504e-05,0.0651931,0.0314011,0.386795,0.671343,0.0473355,0.141906
704,1717843164,2024-06-08 10:39 UTC,185655,295579,14.992,19.9703,0.0827891,0.11892,1.94449e-05,0.0827204,0.0313833,0.385282,0.670003,0.0376736,0.147136
705,1717843464,2024-06-08 10:44 UTC,185545,295471,14.9628,19.9503,0.0724751,0.106891,1.52527e-05,0.0886903,0.031384,0.383775,0.668667,0.0292622,0.144142
706,1717843763,2024-06-08 10:49 UTC,185435,295362,14.9337,19.9305,0.0624311,0.0949799,1.35673e-05,0.0309677,0.0313874,0.382276,0.66734,0.0221241,0.0556497
707,1717844063,2024-06-08 10:54 UTC,185323,295250,14.9045,19.9107,0.0527734,0.0831403,1.12772e-05,0.0291928,0.0313876,0.380779,0.666012,0.0161884,0.0467201
708,1717844363,2024-06-08 10:59 UTC,185210,295137,14.8754,19.8909,0.044063,0.0714676,1.07432e-05,0.029543,0.0313879,0.379286,0.664687,0.0114362,0.0382873
709,1717844663,2024-06-08 11:04 UTC,185097,295021,14.8464,19.8711,0.0376643,0.0598821,9.08572e-06,0.0227243,0.031388,0.377798,0.663367,0.00776672,0.025573
710,1717844963,2024-06-08 11:09 UTC,184982,294904,14.8174,19.8514,0.0339908,0.0508725,1.24167e-05,0.0147015,0.0313892,0.376315,0.66205,0.00509976,0.014898
711,1717845263,2024-06-08 11:14 UTC,184866,294785,14.7884,19.8317,0.0323617,0.0606928,1.02253e-05,0.0105217,0.031391,0.374837,0.660739,0.00390687,0.0189701
712,1717845563,2024-06-08 11:19 UTC,184749,294664,14.7595,19.8121,0.032778,0.0730913,8.94464e-06,0.00847428,0.031394,0.373364,0.65943,0.00481405,0.0275148
713,1717845863,2024-06-08 11:24 UTC,184632,294541,14.7307,19.7925,0.0357042,0.0858639,1.05024e-05,0.00723793,0.0313941,0.371896,0.658125,0.0071943,0.0379628
714,1717846163,2024-06-08 11:29 UTC,184513,294416,14.7019,19.7747,0.0416321,0.0988566,1.79548e-05,0.00639701,0.0313961,0.370433,0.65694,0.010627,0.0503283
715,1717846463,2024-06-08 11:34 UTC,184394,294289,14.6732,19.7598,0.0498711,0.11213,1.34839e-05,0.00578522,0.0313961,0.368975,0.655954,0.0152064,0.0647473
716,1717846763,2024-06-08 11:39 UTC,184273,294161,14.6446,19.7449,0.0593265,0.125585,1.12376e-05,0.00534455,0.0313968,0.367522,0.654968,0.0210159,0.081207
717,1717847063,2024-06-08 11:44 UTC,184152,294030,14.616,19.7323,0.069378,0.139095,1.09847e-05,0.00503461,0.031397,0.366074,0.654131,0.0280932,0.0996259
718,1717847363,2024-06-08 11:49 UTC,184030,293898,14.5874,19.7211,0.0797467,0.152645,1.1735e-05,0.00482071,0.031397,0.364631,0.65339,0.0364456,0.119961
719,1717847663,2024-06-08 11:54 UTC,183906,293763,14.559,19.71,0.0903052,0.166226,1.27735e-05,0.00468915,0.0313983,0.363193,0.652654,0.0460839,0.142255
720,1717847963,2024-06-08 11:59 UTC,183782,293627,14.5306,19.6989,0.100987,0.179834,3.07422e-05,0.00463045,0.0314168,0.36176,0.651922,0.0570045,0.166513
721,1717848263,2024-06-08 12:04 UTC,183662,293471,14.5057,19.6639,0.109629,0.191101,1.83983e-05,0.00459395,0.0314168,0.360494,0.649601,0.0666771,0.188037
722,1717848563,2024-06-08 12:09 UTC,183542,293304,14.4814,19.6254,0.118007,0.202045,1.65753e-05,0.00461196,0.0314175,0.359255,0.647065,0.0767879,0.210209
723,1717848863,2024-06-08 12:14 UTC,183421,293135,14.4572,19.587,0.126409,0.212998,1.51902e-05,0.00467398,0.0314176,0.358021,0.644532,0.0876713,0.233577
724,1717849163,2024-06-08 12:19 UTC,183300,292963,14.433,19.5486,0.13483,0.224291,1.5079e-05,0.00478587,0.0314189,0.356792,0.642004,0.0993223,0.259017
725,1717849463,2024-06-08 12:24 UTC,183177,292789,14.4089,19.5101,0.143268,0.235748,1.69271e-05,0.00494357,0.031419,0.355569,0.639482,0.111743,0.286168
726,1717849762,2024-06-08 12:29 UTC,183054,292612,14.3849,19.4718,0.151691,0.247168,1.56709e-05,0.00515674,0.0314207,0.354354,0.636972,0.124889,0.314526
727,1717850062,2024-06-08 12:34 UTC,182930,292432,14.3608,19.4334,0.160154,0.258626,1.71682e-05,0.0054186,0.0314221,0.35314,0.63446,0.138845,0.34439
728,1717850362,2024-06-08 12:39 UTC,182806,292249,14.3369,19.3949,0.168625,0.270084,1.95304e-05,0.00574425,0.0314233,0.35193,0.631952,0.153569,0.375553
729,1717850662,2024-06-08 12:44 UTC,182679,292064,14.3129,19.3565,0.177105,0.281542,1.91962e-05,0.00612349,0.0314146,0.350726,0.62945,0.169068,0.408114
730,1717850962,2024-06-08 12:49 UTC,182553,291876,14.2891,19.318,0.185591,0.293,3.64794e-05,0.00652896,0.0314194,0.349527,0.626957,0.185324,0.441912
731,1717851262,2024-06-08 12:54 UTC,182426,291685,14.2653,19.2796,0.194083,0.304458,2.75805e-05,0.00692674,0.03142,0.348332,0.624459,0.202374,0.47723
732,1717851562,2024-06-08 12:59 UTC,182298,291492,14.2415,19.2411,0.202581,0.315916,2.29224e-05,0.00722913,0.0314208,0.347143,0.621972,0.220177,0.51382
733,1717851862,2024-06-08 13:04 UTC,182170,291296,14.2178,19.2027,0.207899,0.323263,1.68101e-05,0.00733159,0.0314215,0.345959,0.619489,0.231734,0.538119
734,1717852162,2024-06-08 13:09 UTC,182040,291097,14.1942,19.1643,0.212759,0.330013,2.80441e-05,0.00747258,0.0314231,0.344779,0.617011,0.242543,0.560747
735,1717852462,2024-06-08 13:14 UTC,181910,290895,14.1706,19.1258,0.217622,0.336763,1.64369e-05,0.00770219,0.03142,0.343605,0.614539,0.253611,0.583956
736,1717852762,2024-06-08 13:19 UTC,181779,290690,14.1471,19.0874,0.222488,0.343513,1.51422e-05,0.00810525,0.031421,0.342435,0.61207,0.264932,0.607583
737,1717853062,2024-06-08 13:24 UTC,181648,290483,14.1237,19.0489,0.227357,0.350264,1.80443e-05,0.00871704,0.0314217,0.34127,0.609608,0.276502,0.631609
738,1717853362,2024-06-08 13:29 UTC,181516,290274,14.1002,19.0105,0.232229,0.357014,1.6392e-05,0.00956177,0.031423,0.34011,0.60715,0.288338,0.656313
739,1717853662,2024-06-08 13:34 UTC,181384,290061,14.0769,18.9721,0.237104,0.363765,1.66633e-05,0.0106607,0.0314242,0.338955,0.604697,0.300426,0.681413
740,1717853962,2024-06-08 13:39 UTC,181251,289846,14.0536,18.9336,0.241981,0.370515,1.77482e-05,0.0120297,0.0314255,0.337805,0.602249,0.312768,0.706876
741,1717854262,2024-06-08 13:44 UTC,181117,289627,14.0304,18.8952,0.24686,0.377266,1.76405e-05,0.013611,0.031427,0.33666,0.599806,0.325373,0.732924
742,1717854562,2024-06-08 13:49 UTC,180982,289406,14.0072,18.8567,0.251742,0.384016,1.66973e-05,0.0150822,0.0314269,0.33552,0.597367,0.338229,0.759353
743,1717854862,2024-06-08 13:54 UTC,180846,289183,13.9841,18.8183,0.256626,0.390767,1.90631e-05,0.0158865,0.0314288,0.334385,0.594935,0.35134,0.786319
744,1717855162,2024-06-08 13:59 UTC,180710,288956,13.961,18.7798,0.261511,0.397518,1.75094e-05,0.0161462,0.031433,0.333255,0.592507,0.364713,0.813687
745,1717855461,2024-06-08 14:04 UTC,180572,288727,13.9381,18.7415,0.262697,0.399178,7.63166e-06,0.0162568,0.0314268,0.332134,0.590092,0.368016,0.8206
746,1717855761,2024-06-08 14:09 UTC,180435,288495,13.9152,18.7031,0.263351,0.400104,6.97208e-06,0.0162878,0.0314272,0.331014,0.587674,0.369813,0.824398
747,1717856061,2024-06-08 14:14 UTC,180297,288260,13.8923,18.6647,0.264008,0.40103,1.17886e-05,0.0163852,0.031428,0.329898,0.58526,0.371625,0.828201
748,1717856361,2024-06-08 14:19 UTC,180158,288022,13.8695,18.6262,0.264668,0.401956,7.52039e-06,0.0165883,0.0314279,0.328788,0.582852,0.373444,0.832067
749,1717856661,2024-06-08 14:24 UTC,180019,287782,13.8468,18.5878,0.265331,0.402882,2.55616e-05,0.0170328,0.031437,0.327682,0.58045,0.375274,0.835657
750,1717856961,2024-06-08 14:29 UTC,179879,287538,13.8241,18.5493,0.265997,0.403809,1.42201e-05,0.0177803,0.0314376,0.326582,0.578051,0.377121,0.839712
751,1717857261,2024-06-08 14:34 UTC,179739,287292,13.8014,18.5109,0.266666,0.404735,1.01208e-05,0.0188945,0.0314383,0.325486,0.575657,0.378975,0.843569
752,1717857561,2024-06-08 14:39 UTC,179598,287043,13.7789,18.4725,0.267339,0.405662,1.19283e-05,0.0205282,0.031442,0.324396,0.57327,0.380836,0.847506
753,1717857861,2024-06-08 14:44 UTC,179456,286791,13.7564,18.434,0.268014,0.406589,1.03318e-05,0.0230395,0.0314435,0.32331,0.570886,0.382708,0.851298
754,1717858161,2024-06-08 14:49 UTC,179314,286537,13.7339,18.3956,0.268692,0.407516,8.05086e-06,0.0271125,0.0314453,0.32223,0.568507,0.384596,0.855197
755,1717858461,2024-06-08 14:54 UTC,179171,286279,13.7115,18.3571,0.269373,0.408443,8.49973e-06,0.0335701,0.0314468,0.321154,0.566134,0.386489,0.859143
756,1717858761,2024-06-08 14:59 UTC,179027,286019,13.6892,18.3187,0.270057,0.40937,7.76918e-06,0.0424156,0.0314423,0.320083,0.563765,0.388392,0.863037
757,1717859061,2024-06-08 15:04 UTC,178905,285874,13.67,18.2893,0.267355,0.406149,1.0486e-05,0.0523603,0.0314424,0.319216,0.561959,0.380801,0.849557
758,1717859361,2024-06-08 15:09 UTC,178792,285775,13.6512,18.2618,0.264148,0.402307,1.18823e-05,0.0626605,0.0314405,0.31838,0.560267,0.371867,0.833597
759,1717859661,2024-06-08 15:14 UTC,178680,285677,13.6324,18.2342,0.260942,0.398467,1.18291e-05,0.0721089,0.0314474,0.317546,0.558579,0.363038,0.817739
760,1717859961,2024-06-08 15:19 UTC,178567,285580,13.6137,18.2067,0.257736,0.394626,1.29249e-05,0.0818159,0.0314475,0.316714,0.556895,0.354326,0.802076
761,1717860261,2024-06-08 15:24 UTC,178453,285483,13.595,18.1793,0.254532,0.390787,1.25828e-05,0.0913084,0.0314384,0.315884,0.555216,0.34572,0.786504
762,1717860561,2024-06-08 15:29 UTC,178340,285387,13.5762,18.1518,0.251328,0.386947,1.24543e-05,0.100457,0.0314354,0.315057,0.553541,0.337227,0.771167
763,1717860861,2024-06-08 15:34 UTC,178228,285291,13.5575,18.1244,0.248124,0.383109,1.38917e-05,0.0846042,0.0314452,0.314231,0.551871,0.328848,0.755935
764,1717861161,2024-06-08 15:39 UTC,178115,285196,13.5388,18.0999,0.244922,0.37927,1.165e-05,0.0603063,0.0314452,0.313408,0.55038,0.320577,0.740871
765,1717861460,2024-06-08 15:44 UTC,178002,285101,13.5202,18.0758,0.241732,0.375445,1.00853e-05,0.0423515,0.0314458,0.312589,0.548914,0.312443,0.725984
766,1717861760,2024-06-08 15:49 UTC,177886,285006,13.5015,18.0536,0.238531,0.371608,1.56845e-05,0.031773,0.0314303,0.31177,0.547568,0.30439,0.711134
767,1717862060,2024-06-08 15:54 UTC,177772,284912,13.4829,18.0344,0.235332,0.367771,2.70142e-05,0.0259069,0.031431,0.310953,0.546405,0.296462,0.696735
768,1717862360,2024-06-08 15:59 UTC,177659,284819,13.4643,18.0153,0.232134,0.363935,3.0912e-05,0.0223899,0.0314308,0.310138,0.545246,0.288637,0.682146
769,1717862660,2024-06-08 16:04 UTC,177546,284726,13.4456,17.9962,0.226894,0.357631,3.36205e-05,0.0199714,0.0314313,0.309325,0.544089,0.276104,0.658807
770,1717862960,2024-06-08 16:09 UTC,177433,284633,13.427,17.9771,0.221343,0.350949,2.97503e-05,0.0181517,0.0314312,0.308514,0.542934,0.26315,0.634253
771,1717863260,2024-06-08 16:14 UTC,177320,284541,13.4084,17.958,0.215796,0.344268,2.47332e-05,0.0168007,0.0314312,0.307705,0.541782,0.250518,0.610382
772,1717863560,2024-06-08 16:19 UTC,177206,284449,13.3898,17.9389,0.210251,0.337842,2.40139e-05,0.0158165,0.0314317,0.306898,0.540632,0.238218,0.587885
773,1717863860,2024-06-08 16:24 UTC,177093,284358,13.3713,17.9199,0.204711,0.331516,2.1521e-05,0.0151409,0.0314337,0.306094,0.539485,0.226243,0.56609
774,1717864160,2024-06-08 16:29 UTC,176980,284267,13.3527,17.9009,0.199175,0.325193,2.06422e-05,0.014746,0.0314356,0.305291,0.53834,0.214604,0.544708
775,1717864460,2024-06-08 16:34 UTC,176867,284176,13.3342,17.8818,0.193644,0.318876,1.69467e-05,0.0146233,0.0314354,0.304491,0.537198,0.203289,0.523762
776,1717864760,2024-06-08 16:39 UTC,176753,284086,13.3157,17.8629,0.188117,0.312563,3.04793e-05,0.0148062,0.0314359,0.303692,0.536058,0.192296,0.503177
777,1717865060,2024-06-08 16:44 UTC,176640,283997,13.2972,17.8439,0.182597,0.306252,4.58791e-05,0.0153489,0.0314442,0.302896,0.534921,0.181652,0.483018
778,1717865360,2024-06-08 16:49 UTC,176527,283908,13.2787,17.825,0.177083,0.299946,2.59634e-05,0.0163339,0.0314441,0.302102,0.533786,0.171334,0.463249
779,1717865660,2024-06-08 16:54 UTC,176413,283819,13.2602,17.8061,0.171576,0.293642,2.41691e-05,0.0179129,0.0314449,0.30131,0.532653,0.161347,0.444146
780,1717865960,2024-06-08 16:59 UTC,176300,283731,13.2417,17.7872,0.166077,0.287343,1.98514e-05,0.0203388,0.0314449,0.30052,0.531523,0.15168,0.425275
781,1717866260,2024-06-08 17:04 UTC,176187,283643,13.2233,17.7683,0.160398,0.280347,2.34662e-05,0.0239997,0.0314457,0.299732,0.530396,0.141945,0.40485
782,1717866560,2024-06-08 17:09 UTC,176073,283556,13.2048,17.7494,0.154695,0.273248,2.70052e-05,0.0294071,0.0314477,0.298946,0.529271,0.13249,0.384557
783,1717866860,2024-06-08 17:14 UTC,175959,283469,13.1864,17.7306,0.148998,0.266201,2.10733e-05,0.0368323,0.0314433,0.298162,0.528148,0.12339,0.365127
784,1717867160,2024-06-08 17:19 UTC,175846,283383,13.168,17.7118,0.14331,0.259294,2.46928e-05,0.0452145,0.0314542,0.297381,0.527028,0.114639,0.346279
785,1717867459,2024-06-08 17:24 UTC,175733,283297,13.1497,17.6931,0.137648,0.25243,2.40178e-05,0.0539641,0.0314541,0.296604,0.525915,0.106265,0.328214
786,1717867759,2024-06-08 17:29 UTC,175619,283211,13.1313,17.6743,0.131978,0.245547,2.35202e-05,0.0632974,0.0314548,0.295826,0.5248,0.0982119,0.31063
787,1717868059,2024-06-08 17:34 UTC,175505,283126,13.113,17.6555,0.126319,0.238669,2.18694e-05,0.0733904,0.031456,0.295051,0.523687,0.0905075,0.293361
788,1717868359,2024-06-08 17:39 UTC,175392,283041,13.0946,17.6368,0.120674,0.231797,1.9645e-05,0.0843012,0.0314566,0.294278,0.522577,0.0831541,0.276775
789,1717868659,2024-06-08 17:44 UTC,175277,282957,13.0763,17.6181,0.115046,0.224931,1.81129e-05,0.0956702,0.0314529,0.293506,0.521469,0.0761458,0.260588
790,1717868959,2024-06-08 17:49 UTC,175164,282873,13.058,17.5994,0.109437,0.218071,1.58858e-05,0.0731027,0.031454,0.292737,0.520364,0.069492,0.244928
791,1717869259,2024-06-08 17:54 UTC,175050,282789,13.0397,17.5808,0.103852,0.211219,1.34578e-05,0.0326176,0.0314545,0.29197,0.519261,0.0631858,0.229777
792,1717869559,2024-06-08 17:59 UTC,174936,282706,13.0214,17.5622,0.0982962,0.204375,1.29013e-05,0.0172613,0.0314557,0.291205,0.518161,0.0572289,0.21515
793,1717869859,2024-06-08 18:04 UTC,174828,282659,13.0336,17.6043,0.0942148,0.198965,9.50063e-06,0.0131423,0.0314576,0.29179,0.520649,0.0530041,0.203883
794,1717870159,2024-06-08 18:09 UTC,174722,282626,13.0507,17.656,0.0903721,0.193785,8.78415e-06,0.0114569,0.0314583,0.292592,0.523714,0.0491822,0.193412
795,1717870459,2024-06-08 18:14 UTC,174616,282594,13.0677,17.7078,0.0865406,0.18861,9.56686e-06,0.010328,0.0314591,0.293397,0.526789,0.0455232,0.183195
796,1717870759,2024-06-08 18:19 UTC,174511,282563,13.0848,17.7595,0.0827225,0.183439,8.45214e-06,0.00945021,0.0314592,0.294205,0.529874,0.0420248,0.173321
797,1717871059,2024-06-08 18:24 UTC,174405,282533,13.102,17.8113,0.078921,0.178274,8.02682e-06,0.00873532,0.0314604,0.295015,0.532968,0.0386912,0.163706
798,1717871359,2024-06-08 18:29 UTC,174300,282504,13.1191,17.8631,0.0751404,0.173114,6.86829e-06,0.00813444,0.0314605,0.295829,0.536073,0.0355194,0.154362
799,1717871659,2024-06-08 18:34 UTC,174195,282475,13.1363,17.9149,0.0713864,0.16796,1.08422e-05,0.00762343,0.0314621,0.296646,0.539187,0.0325109,0.145328
800,1717871959,2024-06-08 18:39 UTC,174089,282448,13.1534,17.9667,0.0676671,0.162813,9.06166e-06,0.00718282,0.0314657,0.297466,0.542311,0.0296644,0.136535
801,1717872259,2024-06-08 18:44 UTC,173984,282421,13.1706,18.0186,0.0639937,0.157674,8.62793e-06,0.00680042,0.031467,0.298288,0.545445,0.0269813,0.128025
802,1717872559,2024-06-08 18:49 UTC,173879,282396,13.1879,18.0704,0.0603825,0.152542,5.88092e-06,0.006464,0.0314677,0.299114,0.548588,0.0244575,0.119848
803,1717872859,2024-06-08 18:54 UTC,173774,282371,13.2051,18.1223,0.0568571,0.14742,9.13008e-06,0.00616917,0.0314697,0.299943,0.551741,0.0220954,0.111938
804,1717873158,2024-06-08 18:59 UTC,173670,282346,13.2223,18.174,0.053461,0.142324,7.57542e-06,0.00590659,0.0314696,0.300772,0.554894,0.0198953,0.104343
805,1717873458,2024-06-08 19:04 UTC,173565,282323,13.2396,18.2259,0.0521265,0.140167,1.25329e-05,0.00567803,0.03147,0.301606,0.558067,0.0190295,0.101179
806,1717873758,2024-06-08 19:09 UTC,173460,282301,13.2569,18.2778,0.0511199,0.13849,8.77683e-06,0.0054721,0.03147,0.302444,0.56125,0.0183828,0.0987714
807,1717874058,2024-06-08 19:14 UTC,173356,282279,13.2742,18.3297,0.0501179,0.136813,1.03501e-05,0.00528626,0.0314707,0.303284,0.564442,0.0177482,0.0963997
808,1717874358,2024-06-08 19:19 UTC,173252,282258,13.2915,18.3816,0.0491206,0.135136,7.70486e-06,0.00511533,0.0314711,0.304128,0.567645,0.0171262,0.0940607
809,1717874658,2024-06-08 19:24 UTC,173146,282239,13.3089,18.4336,0.0481284,0.133459,7.05403e-06,0.00495553,0.031465,0.304975,0.570857,0.0165182,0.0917265
810,1717874958,2024-06-08 19:29 UTC,173042,282220,13.3263,18.4855,0.0471415,0.131782,7.57376e-06,0.00480829,0.0314662,0.305824,0.574079,0.0159238,0.0894531
811,1717875258,2024-06-08 19:34 UTC,172938,282202,13.3437,18.5375,0.0461601,0.130105,5.72168e-06,0.00467214,0.0314669,0.306677,0.577311,0.0153415,0.0871782
812,1717875558,2024-06-08 19:39 UTC,172834,282184,13.3611,18.5894,0.0451847,0.128428,6.4294e-06,0.00454687,0.0314669,0.307533,0.580553,0.0147729,0.084943
813,1717875858,2024-06-08 19:44 UTC,172730,282168,13.3785,18.6414,0.0442154,0.126751,5.49059e-06,0.0032342,0.0314668,0.308391,0.583804,0.0142166,0.0827392
814,1717876158,2024-06-08 19:49 UTC,172627,282152,13.396,18.6934,0.0432528,0.125073,5.11384e-06,0.00261435,0.0314669,0.309253,0.587066,0.0136736,0.0805586
815,1717876458,2024-06-08 19:54 UTC,172523,282137,13.4135,18.7454,0.0422974,0.123396,4.90399e-06,0.00240416,0.0314674,0.310117,0.590337,0.0131446,0.0784202
816,1717876758,2024-06-08 19:59 UTC,172420,282123,13.431,18.7974,0.0413496,0.121719,7.19144e-06,0.00223181,0.0314694,0.310985,0.593618,0.0126273,0.0762962
817,1717877058,2024-06-08 20:04 UTC,172316,282109,13.4485,18.8495,0.0427927,0.123987,6.54739e-06,0.00208889,0.0314724,0.311856,0.596909,0.0134216,0.0791624
818,1717877358,2024-06-08 20:09 UTC,172213,282097,13.466,18.9015,0.0447589,0.12691,5.38561e-06,0.00197001,0.0314723,0.312729,0.600209,0.0144859,0.0829365
819,1717877658,2024-06-08 20:14 UTC,172110,282085,13.4836,18.9576,0.0468468,0.129847,1.23015e-05,0.00186942,0.0314839,0.313606,0.603776,0.0156155,0.0868145
820,1717877958,2024-06-08 20:19 UTC,172007,282074,13.5011,19.0147,0.0490339,0.132798,6.38087e-06,0.00178139,0.0314845,0.314485,0.607416,0.0168136,0.0908134
821,1717878258,2024-06-08 20:24 UTC,171904,282064,13.5187,19.0717,0.0513006,0.13576,4.94187e-06,0.0017053,0.0314849,0.315368,0.611068,0.0180815,0.0949089
822,1717878558,2024-06-08 20:29 UTC,171801,282054,13.5363,19.1307,0.0536306,0.138734,7.81356e-05,0.00154211,0.0315223,0.316253,0.614854,0.0194232,0.0991582
823,1717878858,2024-06-08 20:34 UTC,171698,282045,13.554,19.1909,0.056011,0.141718,4.31508e-05,0.00147148,0.0315222,0.317142,0.618729,0.0208329,0.103414
824,1717879157,2024-06-08 20:39 UTC,171595,282038,13.5716,19.2509,0.0584237,0.144702,3.23815e-05,0.00144892,0.0315223,0.31803,0.622602,0.022314,0.107845
825,1717879457,2024-06-08 20:44 UTC,171493,282030,13.5892,19.311,0.0608769,0.147706,2.93974e-05,0.0013941,0.0315227,0.318925,0.626501,0.0238714,0.112335
826,1717879757,2024-06-08 20:49 UTC,171390,282024,13.6069,19.3712,0.0633565,0.150718,2.58113e-05,0.00135583,0.0315227,0.319822,0.630412,0.0255014,0.116993
827,1717880057,2024-06-08 20:54 UTC,171287,282018,13.6246,19.4314,0.065858,0.153739,2.33267e-05,0.00133099,0.0315229,0.320723,0.634335,0.0272045,0.121681
828,1717880357,2024-06-08 20:59 UTC,171185,282014,13.6424,19.492,0.0683777,0.156768,2.15125e-05,0.00129018,0.0315234,0.321626,0.638294,0.0289827,0.126545
829,1717880657,2024-06-08 21:04 UTC,171109,282050,13.6548,19.5307,0.073709,0.163228,2.03176e-05,0.0012734,0.0315239,0.322214,0.640835,0.0330085,0.137176
830,1717880957,2024-06-08 21:09 UTC,171044,282104,13.6664,19.5658,0.0795566,0.170278,1.78696e-05,0.0012658,0.0315238,0.322751,0.643141,0.0377593,0.149313
831,1717881257,2024-06-08 21:14 UTC,170980,282158,13.678,19.6009,0.0854415,0.177343,1.55231e-05,0.00128382,0.0315255,0.323292,0.645452,0.0428908,0.161928
832,1717881557,2024-06-08 21:19 UTC,170916,282213,13.6897,19.6361,0.0913538,0.184422,1.55022e-05,0.00132639,0.0315267,0.323836,0.647766,0.0484067,0.175112
833,1717881857,2024-06-08 21:24 UTC,170853,282270,13.7014,19.6712,0.097287,0.191512,1.3072e-05,0.00135741,0.0315267,0.324384,0.650084,0.0543026,0.188845
834,1717882157,2024-06-08 21:29 UTC,170790,282327,13.7132,19.7063,0.103237,0.198614,1.3213e-05,0.00138666,0.031527,0.324934,0.652408,0.0605805,0.203115
835,1717882457,2024-06-08 21:34 UTC,170729,282385,13.725,19.7414,0.109199,0.205724,1.23804e-05,0.00140848,0.031527,0.325488,0.654736,0.0672426,0.21793
836,1717882757,2024-06-08 21:39 UTC,170668,282444,13.7369,19.7766,0.115172,0.212873,1.15306e-05,0.00145584,0.0315282,0.326045,0.657068,0.0742877,0.233357
837,1717883057,2024-06-08 21:44 UTC,170607,282505,13.7488,19.8117,0.121153,0.220172,1.14774e-05,0.00150063,0.0315281,0.326605,0.659405,0.0817147,0.249616
838,1717883357,2024-06-08 21:49 UTC,170548,282566,13.7607,19.8468,0.127142,0.227482,1.10908e-05,0.00154321,0.0315282,0.327168,0.661747,0.0895255,0.26646
839,1717883657,2024-06-08 21:54 UTC,170489,282628,13.7727,19.882,0.133136,0.234836,1.12266e-05,0.00158341,0.0315281,0.327735,0.664093,0.0977186,0.283935
840,1717883957,2024-06-08 21:59 UTC,170431,282691,13.7848,19.9171,0.139135,0.24226,1.09866e-05,0.00163346,0.0315293,0.328305,0.666443,0.106296,0.302182
841,1717884257,2024-06-08 22:04 UTC,170373,282756,13.7969,19.9523,0.146988,0.252167,1.507e-05,0.00169547,0.0315338,0.328877,0.668799,0.118173,0.327399
842,1717884557,2024-06-08 22:09 UTC,170317,282821,13.809,19.9875,0.155173,0.262493,1.45722e-05,0.00176097,0.0315345,0.329453,0.671158,0.131258,0.354773
843,1717884857,2024-06-08 22:14 UTC,170260,282887,13.8211,20.0226,0.163381,0.272822,1.55963e-05,0.00183468,0.0315352,0.330033,0.673521,0.145078,0.383219
844,1717885156,2024-06-08 22:19 UTC,170205,282954,13.8333,20.0577,0.171578,0.283121,1.79509e-05,0.00190777,0.0315375,0.330613,0.675882,0.159587,0.412714
845,1717885456,2024-06-08 22:24 UTC,170150,283022,13.8456,20.0929,0.179818,0.293458,1.7347e-05,0.00199283,0.0315375,0.331199,0.678255,0.174885,0.443386
846,1717885756,2024-06-08 22:29 UTC,170096,283091,13.8578,20.1281,0.188071,0.303797,1.81087e-05,0.00207867,0.0315374,0.331788,0.680633,0.19092,0.4752
847,1717886056,2024-06-08 22:34 UTC,170042,283161,13.8702,20.1632,0.196335,0.314142,4.09106e-05,0.00217926,0.0315478,0.33238,0.683019,0.207687,0.507941
848,1717886356,2024-06-08 22:39 UTC,169990,283232,13.8826,20.1984,0.204609,0.32449,2.30327e-05,0.00227856,0.0315478,0.332975,0.6854,0.225206,0.542078
849,1717886656,2024-06-08 22:44 UTC,169937,283304,13.895,20.2336,0.212891,0.334839,2.29788e-05,0.00238342,0.0315522,0.333574,0.687792,0.243463,0.577245
850,1717886956,2024-06-08 22:49 UTC,169886,283377,13.9074,20.2688,0.22118,0.34519,2.4003e-05,0.00251116,0.0315549,0.334175,0.690187,0.262452,0.613504
851,1717887256,2024-06-08 22:54 UTC,169835,283450,13.9199,20.304,0.229475,0.355544,2.55824e-05,0.00263369,0.0315581,0.33478,0.692587,0.282181,0.650709
852,1717887556,2024-06-08 22:59 UTC,169785,283525,13.9325,20.3393,0.237776,0.365898,2.73019e-05,0.00279572,0.0315618,0.335388,0.694992,0.302657,0.689323
853,1717887856,2024-06-08 23:04 UTC,169736,283601,13.9451,20.3745,0.245794,0.376579,2.78588e-05,0.00296199,0.0315645,0.335999,0.6974,0.323197,0.730129
854,1717888156,2024-06-08 23:09 UTC,169687,283677,13.9577,20.4097,0.25377,0.387315,2.99859e-05,0.00313846,0.0315667,0.336614,0.699813,0.344315,0.772302
855,1717888456,2024-06-08 23:14 UTC,169639,283754,13.9704,20.4449,0.261753,0.398051,2.93184e-05,0.0033388,0.0315709,0.337231,0.702232,0.366119,0.815664
856,1717888756,2024-06-08 23:19 UTC,169591,283833,13.9831,20.4802,0.269741,0.408788,3.36728e-05,0.00353782,0.0315771,0.337852,0.704654,0.388602,0.860326
857,1717889056,2024-06-08 23:24 UTC,169544,283912,13.9958,20.5154,0.277734,0.419524,4.09127e-05,0.00376236,0.0315996,0.338476,0.70708,0.411787,0.905998
858,1717889356,2024-06-08 23:29 UTC,169498,283992,14.0086,20.5506,0.285731,0.430261,3.57584e-05,0.00395628,0.0316063,0.339104,0.709512,0.435648,0.952967
859,1717889656,2024-06-08 23:34 UTC,169452,284072,14.0214,20.5859,0.293734,0.440998,3.66817e-05,0.00411489,0.0316112,0.339734,0.711947,0.460196,1.00122
860,1717889956,2024-06-08 23:39 UTC,169406,284154,14.0343,20.6211,0.30174,0.451735,5.16685e-05,0.00422821,0.0316337,0.340367,0.714388,0.485413,1.0505
861,1717890256,2024-06-08 23:44 UTC,169362,284237,14.0472,20.6564,0.309749,0.462472,4.09433e-05,0.00433462,0.0316414,0.341004,0.716833,0.511356,1.1012
862,1717890556,2024-06-08 23:49 UTC,169318,284320,14.0602,20.6917,0.317762,0.473209,4.18038e-05,0.0044159,0.0316515,0.341644,0.719282,0.537962,1.15281
863,1717890855,2024-06-08 23:54 UTC,169274,284405,14.0731,20.7268,0.325752,0.483911,4.56897e-05,0.00449337,0.03166,0.342286,0.721728,0.565167,1.20555
864,1717891155,2024-06-08 23:59 UTC,169231,284490,14.0862,20.7622,0.333771,0.494648,4.60915e-05,0.00455429,0.0316646,0.342932,0.724193,0.593144,1.25965
865,1717891455,2024-06-09 00:04 UTC,169202,284562,14.1066,20.7836,0.338899,0.502136,3.39788e-05,0.00452416,0.0316765,0.343934,0.725689,0.611434,1.29817
866,1717891755,2024-06-09 00:09 UTC,169179,284629,14.1283,20.8026,0.343518,0.509051,4.5444e-05,0.00449505,0.0317022,0.345003,0.727018,0.628068,1.33412
867,1717892055,2024-06-09 00:14 UTC,169157,284696,14.1501,20.8217,0.348138,0.515965,3.01765e-05,0.00445554,0.0317097,0.346078,0.728351,0.644965,1.37071
868,1717892355,2024-06-09 00:19 UTC,169136,284765,14.1719,20.8408,0.352757,0.52288,2.96656e-05,0.00440129,0.0317227,0.347158,0.729687,0.662059,1.4077
869,1717892655,2024-06-09 00:24 UTC,169116,284834,14.1938,20.8599,0.357377,0.529795,3.34641e-05,0.00434298,0.0317316,0.348244,0.731026,0.679374,1.44519
870,1717892955,2024-06-09 00:29 UTC,169097,284904,14.2157,20.8791,0.361997,0.53671,3.54281e-05,0.00427459,0.0317366,0.349334,0.732373,0.696918,1.48306
871,1717893255,2024-06-09 00:34 UTC,169079,284975,14.2376,20.8983,0.366617,0.543625,3.97608e-05,0.00420631,0.0317623,0.350431,0.733725,0.714716,1.52159
872,1717893555,2024-06-09 00:39 UTC,169062,285046,14.2596,20.9176,0.371237,0.550541,3.69264e-05,0.00414147,0.0317729,0.351533,0.73508,0.732714,1.56048
873,1717893855,2024-06-09 00:44 UTC,169045,285118,14.2816,20.937,0.375858,0.557456,0.00014873,0.00410959,0.0318857,0.35264,0.736438,0.750913,1.59928
874,1717894155,2024-06-09 00:49 UTC,169030,285191,14.3036,20.9564,0.380479,0.564372,5.66239e-05,0.00401327,0.0318976,0.353753,0.737806,0.76941,1.63995
875,1717894455,2024-06-09 00:54 UTC,169015,285265,14.3257,20.9758,0.3851,0.571287,5.55599e-05,0.00394434,0.0319192,0.354871,0.739172,0.788083,1.68039
876,1717894755,2024-06-09 00:59 UTC,169002,285339,14.3478,20.9953,0.389721,0.578203,9.42835e-05,0.0038789,0.0319642,0.355994,0.740545,0.806926,1.72126
877,1717895055,2024-06-09 01:04 UTC,168989,285414,14.3699,21.0148,0.390541,0.580198,3.7964e-05,0.00377363,0.0319711,0.357126,0.741926,0.810533,1.73361
878,1717895355,2024-06-09 01:09 UTC,168977,285489,14.3921,21.0344,0.390692,0.581326,2.2133e-05,0.00366624,0.0319722,0.35826,0.743308,0.811166,1.74033
879,1717895655,2024-06-09 01:14 UTC,168965,285565,14.4143,21.054,0.390842,0.582453,1.69495e-05,0.00354449,0.0319722,0.359401,0.744697,0.811796,1.74701
880,1717895955,2024-06-09 01:19 UTC,168955,285642,14.4366,21.0737,0.390992,0.58358,1.86889e-05,0.00344525,0.0319793,0.360546,0.746089,0.812424,1.75392
881,1717896255,2024-06-09 01:24 UTC,168945,285720,14.4589,21.0934,0.391143,0.584707,1.44719e-05,0.00336418,0.0319822,0.361697,0.747485,0.813065,1.76065
882,1717896555,2024-06-09 01:29 UTC,168936,285798,14.4812,21.1132,0.391294,0.585834,1.16543e-05,0.00326629,0.0319838,0.362854,0.748887,0.813709,1.76728
883,1717896854,2024-06-09 01:34 UTC,168928,285877,14.5035,21.1329,0.391444,0.586958,9.65511e-06,0.0031919,0.0319851,0.364012,0.750289,0.814355,1.77425
884,1717897154,2024-06-09 01:39 UTC,168921,285956,14.5259,21.1528,0.391595,0.588085,1.27284e-05,0.00309979,0.0319914,0.36518,0.751699,0.814998,1.78107
885,1717897454,2024-06-09 01:44 UTC,168915,286036,14.5483,21.1727,0.391746,0.589212,1.05788e-05,0.00304147,0.0319935,0.366353,0.753115,0.815646,1.78796
886,1717897754,2024-06-09 01:49 UTC,168910,286117,14.5707,21.1926,0.391898,0.590339,9.15625e-06,0.00297031,0.0319967,0.367531,0.754535,0.816308,1.79469
887,1717898054,2024-06-09 01:54 UTC,168905,286199,14.5932,21.2126,0.392049,0.591466,1.07417e-05,0.00291246,0.0319986,0.368715,0.755959,0.816963,1.80159
888,1717898354,2024-06-09 01:59 UTC,168901,286281,14.6158,21.2447,0.392201,0.592594,2.52643e-05,0.00285523,0.0320086,0.369904,0.758247,0.817569,1.80828
889,1717898654,2024-06-09 02:04 UTC,168898,286363,14.6383,21.3003,0.388445,0.588494,1.65915e-05,0.00274488,0.0320087,0.3711,0.762218,0.802269,1.78378
890,1717898954,2024-06-09 02:09 UTC,168896,286447,14.6609,21.3559,0.383983,0.583447,1.61456e-05,0.00263908,0.0320086,0.3723,0.766208,0.784122,1.7533
891,1717899254,2024-06-09 02:14 UTC,168894,286531,14.6836,21.4117,0.379522,0.5784,1.62227e-05,0.00253942,0.0320085,0.373506,0.770215,0.766185,1.72308
892,1717899554,2024-06-09 02:19 UTC,168893,286615,14.7063,21.4676,0.375062,0.573353,1.60994e-05,0.00246106,0.0320085,0.374717,0.774239,0.748461,1.69318
893,1717899854,2024-06-09 02:24 UTC,168893,286700,14.729,21.5235,0.370604,0.568306,1.76912e-05,0.00236909,0.0320087,0.375934,0.778281,0.730957,1.66352
894,1717900154,2024-06-09 02:29 UTC,168893,286786,14.7517,21.5796,0.366147,0.56326,1.73531e-05,0.00228993,0.0320107,0.377156,0.782341,0.713656,1.63412
895,1717900454,2024-06-09 02:34 UTC,168895,286873,14.7745,21.6358,0.361692,0.558213,1.73182e-05,0.00222269,0.032013,0.378384,0.786418,0.696573,1.60497
896,1717900754,2024-06-09 02:39 UTC,168897,286960,14.7973,21.692,0.357238,0.553168,1.8022e-05,0.0021518,0.032013,0.379617,0.790513,0.67971,1.57607
897,1717901054,2024-06-09 02:44 UTC,168900,287047,14.8201,21.7484,0.352785,0.548122,1.74355e-05,0.00208557,0.0320131,0.380855,0.794625,0.663052,1.54745
898,1717901354,2024-06-09 02:49 UTC,168903,287136,14.843,21.8048,0.348334,0.543111,1.74946e-05,0.00202327,0.0320139,0.382099,0.798755,0.646609,1.51934
899,1717901654,2024-06-09 02:54 UTC,168907,287225,14.8659,21.8613,0.343885,0.538214,1.6807e-05,0.00196627,0.0320144,0.383348,0.802902,0.630376,1.49199
900,1717901954,2024-06-09 02:59 UTC,168912,287314,14.8889,21.918,0.339438,0.533324,1.64396e-05,0.00191123,0.0320146,0.384603,0.807067,0.614364,1.46507
901,1717902254,2024-06-09 03:04 UTC,168911,287399,14.877,21.8237,0.331364,0.524001,3.09413e-05,0.0018264,0.0320151,0.383991,0.800142,0.58597,1.41451
902,1717902554,2024-06-09 03:09 UTC,168910,287482,14.859,21.7024,0.322635,0.5139,3.06165e-05,0.00173468,0.0320157,0.383046,0.791268,0.555989,1.36049
903,1717902853,2024-06-09 03:14 UTC,168910,287565,14.8411,21.5816,0.313937,0.503837,3.23562e-05,0.00165354,0.0320158,0.382109,0.78249,0.526918,1.30769
904,1717903153,2024-06-09 03:19 UTC,168910,287649,14.8231,21.4608,0.305212,0.493742,3.462e-05,0.00158242,0.0320177,0.381176,0.773748,0.498553,1.25581
905,1717903453,2024-06-09 03:24 UTC,168912,287733,14.8053,21.3401,0.296489,0.483649,4.05339e-05,0.00151228,0.0320199,0.38025,0.765073,0.470987,1.20497
906,1717903753,2024-06-09 03:29 UTC,168914,287818,14.7875,21.2197,0.287769,0.473559,3.3318e-05,0.00142688,0.0320208,0.379329,0.756464,0.444219,1.15527
907,1717904053,2024-06-09 03:34 UTC,168917,287904,14.7698,21.0996,0.279052,0.463472,3.18155e-05,0.00139029,0.0320213,0.378415,0.747922,0.41827,1.1067
908,1717904353,2024-06-09 03:39 UTC,168921,287990,14.7521,20.9797,0.270338,0.453388,3.21886e-05,0.00132967,0.0320165,0.377507,0.739447,0.393125,1.05898
909,1717904653,2024-06-09 03:44 UTC,168926,288076,14.7346,20.86,0.261628,0.443307,3.66265e-05,0.00561958,0.032021,0.376606,0.731038,0.368781,1.0124
910,1717904953,2024-06-09 03:49 UTC,168931,288163,14.7171,20.7407,0.252921,0.433229,5.24307e-05,0.00122031,0.032022,0.37571,0.722695,0.345257,0.967324
911,1717905253,2024-06-09 03:54 UTC,168939,288250,14.6996,20.6216,0.244218,0.423155,3.50648e-05,0.00114917,0.0320301,0.374821,0.714419,0.322519,0.922758
912,1717905553,2024-06-09 03:59 UTC,168946,288338,14.6823,20.5027,0.23552,0.413084,2.98408e-05,0.00110613,0.0320314,0.373939,0.706209,0.300591,0.879121
913,1717905853,2024-06-09 04:04 UTC,168954,288426,14.665,20.3842,0.224378,0.400164,3.5327e-05,0.0010499,0.032033,0.373063,0.698066,0.273818,0.824959
914,1717906153,2024-06-09 04:09 UTC,168963,288515,14.6478,20.2659,0.212784,0.386721,3.77842e-05,0.0010184,0.0320373,0.372193,0.689989,0.247348,0.770596
915,1717906453,2024-06-09 04:14 UTC,168973,288604,14.6306,20.1703,0.201194,0.373289,3.69269e-05,0.000962293,0.0320428,0.371329,0.683496,0.222296,0.717896
916,1717906753,2024-06-09 04:19 UTC,168983,288694,14.6136,20.0835,0.18961,0.359866,3.21535e-05,0.000922478,0.0320469,0.370472,0.677623,0.198651,0.667311
917,1717907053,2024-06-09 04:24 UTC,168995,288784,14.5966,19.9968,0.178032,0.346456,3.26884e-05,0.000885867,0.0320486,0.369621,0.671786,0.17642,0.618296
918,1717907353,2024-06-09 04:29 UTC,169007,288875,14.5797,19.9104,0.166462,0.333059,3.4584e-05,0.000833073,0.0320614,0.368776,0.66599,0.155612,0.571481
919,1717907653,2024-06-09 04:34 UTC,169020,288966,14.5628,19.8254,0.154902,0.319677,3.06914e-05,0.00083051,0.0320699,0.367938,0.660321,0.13623,0.526558
920,1717907953,2024-06-09 04:39 UTC,169033,289057,14.5461,19.7422,0.143353,0.306311,2.67396e-05,0.000785421,0.0320726,0.367106,0.654789,0.118255,0.483436
921,1717908253,2024-06-09 04:44 UTC,169048,289149,14.5294,19.6592,0.131821,0.292965,2.60806e-05,0.000758274,0.0320764,0.366281,0.649294,0.1017,0.442251
922,1717908552,2024-06-09 04:49 UTC,169063,289242,14.5128,19.5766,0.120349,0.279685,0.000207106,0.00648231,0.0321021,0.365463,0.643858,0.0865835,0.402939
923,1717908852,2024-06-09 04:54 UTC,169079,289334,14.4963,19.494,0.108869,0.266386,8.88396e-05,0.000755823,0.0321021,0.364651,0.638424,0.0728897,0.365827
924,1717909152,2024-06-09 04:59 UTC,169095,289428,14.4798,19.4116,0.0974345,0.253116,7.25805e-05,0.000742615,0.0321041,0.363845,0.633038,0.0605656,0.330427
925,1717909452,2024-06-09 05:04 UTC,169113,289521,14.4634,19.3473,0.0857326,0.239028,5.37073e-05,0.000690775,0.0321055,0.363044,0.628857,0.0492949,0.294295
926,1717909752,2024-06-09 05:09 UTC,169130,289615,14.4471,19.3428,0.0741033,0.224823,4.32801e-05,0.00069318,0.0321066,0.36225,0.628564,0.039489,0.260326
927,1717910052,2024-06-09 05:14 UTC,169149,289710,14.4309,19.3383,0.0627877,0.210672,4.67497e-05,0.000670205,0.0321072,0.361464,0.628271,0.031186,0.228531
928,1717910352,2024-06-09 05:19 UTC,169168,289805,14.4147,19.3339,0.0532617,0.196588,4.39258e-05,0.0149766,0.0321107,0.360682,0.627986,0.024308,0.199065
929,1717910652,2024-06-09 05:24 UTC,169188,289900,14.3987,19.3296,0.0475568,0.182593,3.4364e-05,0.000665296,0.0321122,0.359908,0.627701,0.0184692,0.171815
930,1717910952,2024-06-09 05:29 UTC,169209,289996,14.3827,19.3253,0.0452313,0.168752,2.88979e-05,0.000665421,0.0321141,0.359139,0.627421,0.0130983,0.14667
931,1717911252,2024-06-09 05:34 UTC,169229,290093,14.3668,19.321,0.0447536,0.155047,2.93559e-05,0.000628157,0.032116,0.358378,0.627148,0.00782357,0.123786
932,1717911552,2024-06-09 05:39 UTC,169251,290189,14.351,19.3168,0.0454151,0.141962,3.39354e-05,0.000635342,0.0321166,0.357622,0.626874,0.00260494,0.103898
933,1717911852,2024-06-09 05:44 UTC,169273,290286,14.3353,19.3127,0.0470954,0.129496,2.48143e-05,0.000640225,0.0321172,0.356873,0.626607,0.00353849,0.0864227
934,1717912152,2024-06-09 05:49 UTC,169297,290384,14.3197,19.3086,0.0499888,0.117607,1.98064e-05,0.000609899,0.0321199,0.356131,0.626339,0.00936773,0.071201
935,1717912452,2024-06-09 05:54 UTC,169320,290482,14.3041,19.3046,0.0544379,0.116408,2.05829e-05,0.000570883,0.0321227,0.355394,0.626078,0.0157538,0.0697781
936,1717912752,2024-06-09 05:59 UTC,169345,290580,14.2887,19.3006,0.060799,0.131106,2.32312e-05,0.000507525,0.0321254,0.354664,0.625821,0.022802,0.0885148
937,1717913052,2024-06-09 06:04 UTC,169281,290611,14.3061,19.3342,0.0671993,0.142269,1.85357e-05,0.000537175,0.0321289,0.35545,0.628005,0.0291878,0.104214
938,1717913352,2024-06-09 06:09 UTC,169185,290616,14.3298,19.3751,0.0743359,0.15276,1.63213e-05,0.000512321,0.0321295,0.356528,0.63066,0.0359529,0.120177
939,1717913652,2024-06-09 06:14 UTC,169087,290618,14.3535,19.4159,0.0823045,0.163251,2.44308e-05,0.000478468,0.032139,0.35761,0.633323,0.0434604,0.137213
940,1717913952,2024-06-09 06:19 UTC,168986,290617,14.3773,19.4568,0.0908539,0.173743,1.95448e-05,0.000473774,0.0321434,0.358696,0.63599,0.0517991,0.155405
941,1717914252,2024-06-09 06:24 UTC,168883,290615,14.4012,19.4976,0.0997596,0.184235,1.84126e-05,0.000499259,0.0321436,0.359787,0.638665,0.0610273,0.174736
942,1717914551,2024-06-09 06:29 UTC,168779,290610,14.425,19.5384,0.108853,0.194692,1.7566e-05,0.000499752,0.0321475,0.360877,0.641337,0.071146,0.195207
943,1717914851,2024-06-09 06:34 UTC,168672,290602,14.4489,19.5793,0.118113,0.205184,3.26303e-05,0.000506808,0.0321728,0.361976,0.644025,0.0822357,0.216815
944,1717915151,2024-06-09 06:39 UTC,168564,290592,14.4728,19.6202,0.12746,0.215677,2.28529e-05,0.000512262,0.0321829,0.363079,0.646719,0.0942733,0.239478
945,1717915451,2024-06-09 06:44 UTC,168453,290580,14.4968,19.6611,0.136866,0.22617,6.38647e-05,0.000702796,0.0322212,0.364187,0.64942,0.107257,0.263305
946,1717915751,2024-06-09 06:49 UTC,168340,290565,14.5209,19.702,0.146312,0.236663,3.57245e-05,0.00177339,0.032226,0.365298,0.652127,0.121246,0.28836
947,1717916051,2024-06-09 06:54 UTC,168226,290548,14.5449,19.743,0.155789,0.247156,3.62592e-05,0.000662969,0.0322309,0.366414,0.65484,0.136172,0.314514
948,1717916351,2024-06-09 06:59 UTC,168109,290528,14.569,19.7839,0.165288,0.257677,5.48889e-05,0.000723877,0.0322649,0.367534,0.657559,0.152054,0.341748
949,1717916651,2024-06-09 07:04 UTC,167991,290506,14.5931,19.8249,0.171391,0.264005,2.55607e-05,0.00085119,0.032273,0.368657,0.660286,0.162729,0.358893
950,1717916951,2024-06-09 07:09 UTC,167871,290482,14.6172,19.8659,0.176834,0.269449,2.1432e-05,0.00136551,0.032281,0.369786,0.663017,0.172527,0.373898
951,1717917251,2024-06-09 07:14 UTC,167748,290456,14.6414,19.9069,0.182283,0.2751,2.319e-05,0.00194905,0.0322827,0.370918,0.665756,0.182651,0.389731
952,1717917551,2024-06-09 07:19 UTC,167624,290427,14.6656,19.9479,0.187736,0.28075,5.79012e-05,0.00270454,0.0323115,0.372056,0.668502,0.193029,0.405617
953,1717917851,2024-06-09 07:24 UTC,167499,290396,14.6898,19.9889,0.193193,0.2864,3.44854e-05,0.00318992,0.0323331,0.373196,0.671254,0.203834,0.422478
954,1717918151,2024-06-09 07:29 UTC,167371,290363,14.714,20.0299,0.198653,0.29205,4.49935e-05,0.00383795,0.032418,0.374342,0.674015,0.214918,0.439321
955,1717918451,2024-06-09 07:34 UTC,167242,290333,14.7383,20.071,0.204117,0.297701,7.15193e-05,0.00449563,0.0324629,0.375491,0.676776,0.226314,0.456204
956,1717918751,2024-06-09 07:39 UTC,167111,290300,14.7626,20.112,0.209583,0.303351,0.000177107,0.00517163,0.0325616,0.376644,0.679553,0.238044,0.474127
957,1717919051,2024-06-09 07:44 UTC,166978,290263,14.7869,20.1531,0.215053,0.309001,0.000105012,0.00588016,0.0325679,0.377801,0.682318,0.250143,0.492151
958,1717919351,2024-06-09 07:49 UTC,166843,290224,14.8112,20.1942,0.220524,0.315132,0.000129385,0.00658078,0.0326976,0.378967,0.685113,0.262326,0.511164
959,1717919651,2024-06-09 07:54 UTC,166707,290182,14.8356,20.2352,0.225998,0.321376,0.00010311,0.0172526,0.032719,0.380133,0.687903,0.275051,0.531905
960,1717919951,2024-06-09 07:59 UTC,166569,290138,14.86,20.2769,0.231474,0.32762,8.67352e-05,0.0134408,0.032733,0.381303,0.690738,0.288081,0.552662
961,1717920250,2024-06-09 08:04 UTC,166429,290090,14.8843,20.3187,0.232853,0.32916,8.16167e-05,0.00843774,0.0327384,0.382473,0.693587,0.291407,0.558008
962,1717920550,2024-06-09 08:09 UTC,166288,290040,14.9087,20.3607,0.233435,0.329784,7.06102e-05,0.00851807,0.0327517,0.383653,0.696456,0.292731,0.560116
963,1717920850,2024-06-09 08:14 UTC,166145,289986,14.9332,20.4027,0.23402,0.330409,7.22049e-05,0.00858619,0.0327534,0.384834,0.69933,0.294172,0.562181
964,1717921150,2024-06-09 08:19 UTC,166000,289931,14.9576,20.4447,0.234606,0.331035,5.60495e-05,0.00870711,0.0327557,0.386023,0.702216,0.295507,0.564196
965,1717921450,2024-06-09 08:24 UTC,165854,289872,14.9821,20.4867,0.235193,0.331661,4.90098e-05,0.00878943,0.0327609,0.387215,0.705105,0.296828,0.566552
966,1717921750,2024-06-09 08:29 UTC,165706,289811,15.0066,20.5287,0.235782,0.332288,4.4071e-05,0.00889141,0.0327624,0.388411,0.707999,0.298218,0.568644
967,1717922050,2024-06-09 08:34 UTC,165558,289747,15.0312,20.5708,0.236373,0.332915,4.08974e-05,0.00900824,0.0327695,0.389611,0.710905,0.299658,0.570861
968,1717922350,2024-06-09 08:39 UTC,165407,289680,15.0557,20.6128,0.236965,0.333543,4.28247e-05,0.00910052,0.032773,0.390816,0.713817,0.301014,0.572928
969,1717922650,2024-06-09 08:44 UTC,165255,289610,15.0803,20.6549,0.237559,0.334172,2.97658e-05,0.00919603,0.032776,0.392026,0.716728,0.30239,0.575022
970,1717922950,2024-06-09 08:49 UTC,165101,289538,15.1049,20.6969,0.238155,0.334801,3.67856e-05,0.0092927,0.032781,0.393239,0.719653,0.30379,0.577256
971,1717923250,2024-06-09 08:54 UTC,164946,289463,15.1295,20.7795,0.238752,0.33543,2.85924e-05,0.0093867,0.0327834,0.394456,0.725404,0.305217,0.579353
972,1717923550,2024-06-09 08:59 UTC,164789,289386,15.1542,20.8643,0.23935,0.33606,2.33934e-05,0.00947966,0.0327854,0.395678,0.731336,0.306626,0.58159
973,1717923850,2024-06-09 09:04 UTC,164644,289296,15.1793,20.9143,0.235768,0.331828,2.9835e-05,0.00912584,0.0327836,0.396916,0.734844,0.297689,0.567024
974,1717924150,2024-06-09 09:09 UTC,164501,289199,15.2046,20.9573,0.231356,0.326626,2.45162e-05,0.00845949,0.0327842,0.398162,0.73787,0.286853,0.549522
975,1717924450,2024-06-09 09:14 UTC,164358,289099,15.2299,21.0004,0.226953,0.321426,2.15044e-05,0.00776795,0.032784,0.399412,0.740908,0.276229,0.532034
976,1717924750,2024-06-09 09:19 UTC,164214,288996,15.2552,21.0435,0.22256,0.316229,2.04753e-05,0.00708769,0.032784,0.400666,0.743952,0.265863,0.515015
977,1717925050,2024-06-09 09:24 UTC,164068,288890,15.2805,21.0866,0.218176,0.311034,1.98075e-05,0.00640735,0.0327851,0.401926,0.747005,0.255695,0.498225
978,1717925350,2024-06-09 09:29 UTC,163922,288782,15.3059,21.1298,0.213802,0.305842,1.56519e-05,0.00573252,0.0327849,0.403191,0.750064,0.24573,0.481709
979,1717925650,2024-06-09 09:34 UTC,163774,288671,15.3313,21.1729,0.20944,0.300654,1.24777e-05,0.00506922,0.0327856,0.40446,0.753133,0.23601,0.465495
980,1717925950,2024-06-09 09:39 UTC,163626,288557,15.3567,21.2161,0.205089,0.295468,1.59365e-05,0.00441726,0.0327855,0.405733,0.756209,0.226529,0.449603
981,1717926249,2024-06-09 09:44 UTC,163476,288440,15.3821,21.2592,0.200766,0.290304,1.28485e-05,0.00377696,0.0327855,0.407007,0.759283,0.217278,0.433994
982,1717926549,2024-06-09 09:49 UTC,163326,288320,15.4076,21.3025,0.196441,0.285125,1.2718e-05,0.00314443,0.0327872,0.40829,0.762375,0.208229,0.418704
983,1717926849,2024-06-09 09:54 UTC,163174,288197,15.4331,21.3457,0.192131,0.27995,1.11752e-05,0.00252501,0.0327871,0.409577,0.765475,0.199397,0.403635
984,1717927149,2024-06-09 09:59 UTC,163022,288072,15.4586,21.389,0.187837,0.27478,1.15895e-05,0.00193182,0.032787,0.410869,0.768583,0.190793,0.388882
985,1717927449,2024-06-09 10:04 UTC,162868,287944,15.4842,21.4323,0.179719,0.265048,5.01521e-05,0.00110269,0.0327893,0.412166,0.771698,0.175146,0.36174
986,1717927749,2024-06-09 10:09 UTC,162714,287813,15.5098,21.4757,0.170845,0.254387,4.04828e-05,0.00118901,0.0327893,0.413467,0.774821,0.158848,0.333315
987,1717928049,2024-06-09 10:14 UTC,162559,287680,15.5354,21.5198,0.162009,0.243732,3.15947e-05,0.00127961,0.0327896,0.414774,0.778007,0.143423,0.305902
988,1717928349,2024-06-09 10:19 UTC,162403,287543,15.561,21.5692,0.153218,0.233084,3.03286e-05,0.00133846,0.0327895,0.416084,0.781584,0.128884,0.279814
989,1717928649,2024-06-09 10:24 UTC,162246,287404,15.5866,21.6185,0.144485,0.222445,3.70835e-05,0.00151801,0.0327897,0.4174,0.78517,0.115228,0.25486
990,1717928949,2024-06-09 10:29 UTC,162088,287262,15.6123,21.6679,0.135823,0.211815,2.66785e-05,0.00181812,0.0327908,0.41872,0.788758,0.102443,0.231078
991,1717929249,2024-06-09 10:34 UTC,161930,287118,15.638,21.7173,0.127251,0.201201,2.3715e-05,0.00210847,0.032791,0.420045,0.792354,0.0905329,0.208499
992,1717929549,2024-06-09 10:39 UTC,161771,286970,15.6638,21.7667,0.118796,0.191024,2.60648e-05,0.0023768,0.032791,0.421374,0.795963,0.0794986,0.187991
993,1717929849,2024-06-09 10:44 UTC,161611,286820,15.6895,21.8161,0.110495,0.181054,2.39563e-05,0.00263492,0.0327916,0.422708,0.799579,0.0693136,0.168812
994,1717930149,2024-06-09 10:49 UTC,161450,286667,15.7153,21.8655,0.102401,0.171133,1.71609e-05,0.00285555,0.0327923,0.424047,0.803205,0.0599687,0.150835
995,1717930449,2024-06-09 10:54 UTC,161289,286511,15.7411,21.9149,0.0945914,0.161227,1.64056e-05,0.00306443,0.0327929,0.42539,0.806837,0.0514585,0.133865
996,1717930749,2024-06-09 10:59 UTC,161127,286352,15.7669,21.9643,0.0871907,0.151339,1.74443e-05,0.00325481,0.0327946,0.426738,0.810478,0.043734,0.117974
997,1717931049,2024-06-09 11:04 UTC,160965,286191,15.7928,22.0137,0.0787193,0.139013,1.35132e-05,0.00345942,0.0327947,0.428091,0.814129,0.0351695,0.0995515
998,1717931349,2024-06-09 11:09 UTC,160802,286027,15.8187,22.0639,0.0709888,0.126224,1.19823e-05,0.00364785,0.0327953,0.429448,0.817852,0.0273121,0.0820693
999,1717931649,2024-06-09 11:14 UTC,160638,285860,15.8445,22.118,0.064653,0.113491,2.51706e-05,0.00380712,0.0327959,0.43081,0.821859,0.0203501,0.0663497
1000,1717931949,2024-06-09 11:19 UTC,160473,285690,15.8705,22.1766,0.0600258,0.108243,1.45599e-05,0.00393224,0.0327965,0.432177,0.82623,0.0140792,0.0603273
1001,1717932248,2024-06-09 11:24 UTC,160309,285518,15.8963,22.2351,0.0572241,0.115453,1.96614e-05,0.00402685,0.0327978,0.433544,0.830594,0.00832837,0.0686977
1002,1717932548,2024-06-09 11:29 UTC,160143,285342,15.9223,22.2938,0.0560641,0.123731,1.48427e-05,0.00409666,0.032798,0.43492,0.834985,0.00330088,0.0788197
1003,1717932848,2024-06-09 11:34 UTC,159978,285164,15.9483,22.3525,0.0563912,0.132888,1.27196e-05,0.00414035,0.0327996,0.436301,0.839389,0.00435056,0.0909252
1004,1717933148,2024-06-09 11:39 UTC,159811,284984,15.9743,22.4113,0.0580384,0.1433,1.09803e-05,0.00416296,0.0328003,0.437686,0.843804,0.00991611,0.105728
1005,1717933448,2024-06-09 11:44 UTC,159645,284800,16.0003,22.47,0.0608193,0.154197,2.73846e-05,0.00416416,0.0328014,0.439076,0.84823,0.0161835,0.122317
1006,1717933748,2024-06-09 11:49 UTC,159478,284613,16.0264,22.5287,0.0646493,0.165439,1.73573e-05,0.00415204,0.0328014,0.44047,0.852669,0.0230139,0.140906
1007,1717934048,2024-06-09 11:54 UTC,159311,284424,16.0524,22.5874,0.0696217,0.176951,1.48402e-05,0.00412564,0.0328019,0.44187,0.857121,0.0305011,0.161223
1008,1717934348,2024-06-09 11:59 UTC,159143,284232,16.0785,22.6461,0.0759624,0.188682,1.59176e-05,0.004106,0.0328036,0.443274,0.861585,0.0387825,0.183272
1009,1717934648,2024-06-09 12:04 UTC,159009,284038,16.0722,22.6172,0.0834388,0.200241,1.52953e-05,0.00408179,0.0328115,0.442937,0.859387,0.0475016,0.206479
1010,1717934948,2024-06-09 12:09 UTC,158886,283841,16.059,22.57,0.0921896,0.211878,1.49405e-05,0.00406733,0.0328116,0.442238,0.855798,0.0571587,0.231111
1011,1717935248,2024-06-09 12:14 UTC,158764,283641,16.0459,22.5227,0.101825,0.223643,1.39255e-05,0.00407448,0.0328121,0.441542,0.852219,0.0679951,0.257529
1012,1717935548,2024-06-09 12:19 UTC,158641,283438,16.0328,22.4755,0.111934,0.23599,1.3214e-05,0.00410224,0.032815,0.44085,0.848648,0.0800727,0.286718
1013,1717935848,2024-06-09 12:24 UTC,158518,283233,16.0197,22.4283,0.122297,0.248423,1.96468e-05,0.00414794,0.0328164,0.44016,0.845087,0.0933937,0.317347
1014,1717936148,2024-06-09 12:29 UTC,158396,283024,16.0067,22.3811,0.132809,0.260931,1.74757e-05,0.00421027,0.0328163,0.439474,0.841535,0.107995,0.350553
1015,1717936448,2024-06-09 12:34 UTC,158273,282813,15.9936,22.3339,0.143417,0.273502,2.43752e-05,0.00429948,0.0328209,0.438791,0.83799,0.123851,0.385073
1016,1717936748,2024-06-09 12:39 UTC,158151,282599,15.9806,22.2868,0.154091,0.286122,2.09349e-05,0.00440055,0.0328244,0.438112,0.834454,0.140983,0.42149
1017,1717937048,2024-06-09 12:44 UTC,158029,282383,15.9676,22.2396,0.164811,0.298783,2.13495e-05,0.00452457,0.0328261,0.437436,0.830928,0.159377,0.459602
1018,1717937348,2024-06-09 12:49 UTC,157908,282163,15.9546,22.1925,0.175568,0.311481,2.94489e-05,0.00466629,0.0328308,0.436763,0.827411,0.179042,0.499485
1019,1717937648,2024-06-09 12:54 UTC,157784,281941,15.9417,22.1454,0.186353,0.324213,2.3124e-05,0.00483433,0.0328242,0.436093,0.823901,0.199977,0.541153
1020,1717937947,2024-06-09 12:59 UTC,157662,281715,15.9288,22.0984,0.197123,0.33693,2.61685e-05,0.0050037,0.032826,0.435429,0.820412,0.222097,0.584442
1021,1717938247,2024-06-09 13:04 UTC,157540,281487,15.9158,22.0514,0.205499,0.347344,3.27431e-05,0.00512076,0.0328281,0.434766,0.816918,0.240083,0.621131
1022,1717938547,2024-06-09 13:09 UTC,157418,281256,15.9029,22.0043,0.213359,0.357264,2.78859e-05,0.00519808,0.0328328,0.434106,0.81344,0.257587,0.657207
1023,1717938847,2024-06-09 13:14 UTC,157296,281022,15.89,21.9573,0.221226,0.367197,2.31779e-05,0.00523294,0.0328347,0.43345,0.809963,0.275758,0.69424
1024,1717939147,2024-06-09 13:19 UTC,157174,280786,15.8772,21.9102,0.2291,0.377434,2.58634e-05,0.00697884,0.0328405,0.432796,0.806498,0.294592,0.733478
1025,1717939447,2024-06-09 13:24 UTC,157053,280546,15.8643,21.8671,0.23698,0.388042,2.65941e-05,0.00520563,0.0328447,0.432146,0.803328,0.314098,0.775294
1026,1717939747,2024-06-09 13:29 UTC,156931,280304,15.8515,21.8249,0.244864,0.398652,2.68686e-05,0.0051781,0.0328495,0.431499,0.80023,0.334268,0.818225
1027,1717940047,2024-06-09 13:34 UTC,156809,280058,15.8387,21.7835,0.252754,0.409265,3.71285e-05,0.00514876,0.0328595,0.430856,0.797195,0.355102,0.862523
1028,1717940347,2024-06-09 13:39 UTC,156688,279810,15.8259,21.7421,0.260647,0.419879,3.20645e-05,0.00513126,0.032866,0.430215,0.794167,0.376602,0.90767
1029,1717940647,2024-06-09 13:44 UTC,156567,279559,15.8131,21.7007,0.268545,0.430495,3.48689e-05,0.00484534,0.0328709,0.429579,0.791146,0.398775,0.954113
1030,1717940947,2024-06-09 13:49 UTC,156445,279305,15.8003,21.6593,0.276445,0.441112,3.10148e-05,0.00330064,0.0328772,0.428945,0.788132,0.42162,1.00178
1031,1717941247,2024-06-09 13:54 UTC,156325,279048,15.7876,21.618,0.284349,0.45173,3.01464e-05,0.00312331,0.0328803,0.428315,0.785126,0.44513,1.05065
1032,1717941547,2024-06-09 13:59 UTC,156203,278788,15.7749,21.5766,0.292256,0.46235,3.16355e-05,0.00297202,0.0328799,0.427688,0.782125,0.469296,1.10055
1033,1717941847,2024-06-09 14:04 UTC,156082,278525,15.7622,21.5353,0.296987,0.468773,1.75714e-05,0.00281369,0.0328852,0.427065,0.779131,0.484133,1.13153
1034,1717942147,2024-06-09 14:09 UTC,155961,278259,15.7495,21.494,0.301038,0.474296,2.11961e-05,0.00266422,0.0328903,0.426444,0.776146,0.496963,1.15841
1035,1717942447,2024-06-09 14:14 UTC,155841,277991,15.7369,21.4527,0.305091,0.479819,2.09137e-05,0.00253434,0.0328951,0.425826,0.773165,0.509983,1.18539
1036,1717942747,2024-06-09 14:19 UTC,155720,277719,15.7242,21.4114,0.309147,0.485343,2.79194e-05,0.0024307,0.0329077,0.425212,0.770191,0.523179,1.213
1037,1717943047,2024-06-09 14:24 UTC,155600,277445,15.7116,21.3702,0.313205,0.490867,7.08647e-05,0.00234459,0.0329885,0.424602,0.767227,0.536585,1.24105
1038,1717943347,2024-06-09 14:29 UTC,155479,277167,15.699,21.3289,0.317264,0.496391,3.17353e-05,0.00228186,0.0329986,0.423994,0.76427,0.550127,1.26879
1039,1717943647,2024-06-09 14:34 UTC,155359,276886,15.6864,21.2877,0.321326,0.501916,3.44341e-05,0.00220864,0.0330102,0.42339,0.761317,0.563862,1.29717
1040,1717943946,2024-06-09 14:39 UTC,155239,276603,15.6739,21.2466,0.325376,0.507423,2.84291e-05,0.00215684,0.0330261,0.422791,0.758382,0.577721,1.32582
1041,1717944246,2024-06-09 14:44 UTC,155119,276316,15.6614,21.2054,0.329441,0.512948,2.96736e-05,0.00211059,0.0330379,0.422193,0.755444,0.591809,1.35484
1042,1717944546,2024-06-09 14:49 UTC,154998,276027,15.6489,21.1642,0.333509,0.518474,9.43836e-05,0.00206904,0.0331479,0.421599,0.752513,0.606099,1.38471
1043,1717944846,2024-06-09 14:54 UTC,154878,275734,15.6364,21.1231,0.337578,0.524,4.12339e-05,0.00199495,0.0331598,0.421008,0.749588,0.620551,1.41388
1044,1717945146,2024-06-09 14:59 UTC,154759,275438,15.6239,21.1155,0.341648,0.529527,7.47702e-05,0.00196431,0.033254,0.420419,0.749053,0.635158,1.44373
1045,1717945446,2024-06-09 15:04 UTC,154649,275239,15.6374,21.1151,0.342489,0.530756,3.48799e-05,0.0019488,0.0332562,0.421092,0.749025,0.638315,1.45104
1046,1717945746,2024-06-09 15:09 UTC,154543,275072,15.6565,21.1093,0.342623,0.531041,2.63654e-05,0.00188456,0.0332595,0.422046,0.748613,0.638845,1.45225
1047,1717946046,2024-06-09 15:14 UTC,154438,274905,15.6758,21.1035,0.342759,0.531327,2.64739e-05,0.00182502,0.033263,0.423006,0.748203,0.639368,1.45382
1048,1717946346,2024-06-09 15:19 UTC,154333,274737,15.695,21.1025,0.342898,0.531612,2.00655e-05,0.00179409,0.0332649,0.423972,0.748131,0.6399,1.45542
1049,1717946646,2024-06-09 15:24 UTC,154228,274569,15.7143,21.1099,0.343038,0.531898,2.10633e-05,0.00175038,0.0332719,0.424944,0.748651,0.640431,1.45692
1050,1717946946,2024-06-09 15:29 UTC,154123,274401,15.7336,21.1172,0.343182,0.532183,1.56105e-05,0.00170062,0.0332767,0.425922,0.749172,0.64099,1.45843
1051,1717947246,2024-06-09 15:34 UTC,154020,274232,15.7529,21.1245,0.343327,0.532469,1.62323e-05,0.00168081,0.033287,0.426907,0.749695,0.64155,1.46023
1052,1717947546,2024-06-09 15:39 UTC,153916,274064,15.7723,21.1319,0.343475,0.532755,0.000148881,0.00177541,0.0333992,0.427896,0.750213,0.641995,1.4615
1053,1717947846,2024-06-09 15:44 UTC,153812,273895,15.7917,21.1392,0.343625,0.53304,5.71653e-05,0.00160313,0.0334098,0.428894,0.750743,0.64265,1.46325
1054,1717948146,2024-06-09 15:49 UTC,153709,273726,15.8112,21.1466,0.343777,0.533326,3.62725e-05,0.00153749,0.0334098,0.429897,0.751258,0.643269,1.46488
1055,1717948446,2024-06-09 15:54 UTC,153606,273557,15.8307,21.154,0.343932,0.533612,0.00011315,0.00233015,0.0334704,0.430908,0.75178,0.643943,1.46618
1056,1717948746,2024-06-09 15:59 UTC,153503,273388,15.8502,21.1613,0.344089,0.533898,5.00334e-05,0.0015558,0.0334721,0.431921,0.75231,0.644379,1.46753
1057,1717949046,2024-06-09 16:04 UTC,153399,273219,15.8697,21.1687,0.341318,0.53073,5.38321e-05,0.00149485,0.0334634,0.432945,0.752835,0.634491,1.45051
1058,1717949346,2024-06-09 16:09 UTC,153297,273049,15.8893,21.1761,0.337906,0.526805,5.02395e-05,0.00143211,0.0334635,0.433973,0.753351,0.622327,1.42913
1059,1717949646,2024-06-09 16:14 UTC,153195,272879,15.9089,21.1835,0.334494,0.522881,4.93992e-05,0.00143137,0.0334634,0.435006,0.753883,0.610197,1.40761
1060,1717949945,2024-06-09 16:19 UTC,153093,272709,15.9285,21.1908,0.331094,0.518971,3.20202e-05,0.0014096,0.0334636,0.436043,0.754408,0.598288,1.38699
1061,1717950245,2024-06-09 16:24 UTC,152991,272539,15.9482,21.1982,0.327683,0.515048,3.88496e-05,0.00139406,0.0334636,0.43709,0.754933,0.586534,1.36636
1062,1717950545,2024-06-09 16:29 UTC,152890,272368,15.9679,21.2056,0.324274,0.511127,3.33603e-05,0.00139166,0.0334636,0.438142,0.755457,0.574815,1.34584
1063,1717950845,2024-06-09 16:34 UTC,152789,272198,15.9876,21.213,0.320865,0.507211,2.8822e-05,0.00136092,0.0334636,0.439201,0.755985,0.56321,1.32514
1064,1717951145,2024-06-09 16:39 UTC,152688,272027,16.0074,21.2204,0.317458,0.503297,2.48111e-05,0.00135997,0.0334635,0.440266,0.756511,0.551796,1.30446
1065,1717951445,2024-06-09 16:44 UTC,152588,271856,16.0272,21.2278,0.314051,0.499384,5.76238e-05,0.00135259,0.0334662,0.441338,0.75704,0.540567,1.28472
1066,1717951745,2024-06-09 16:49 UTC,152487,271684,16.047,21.2352,0.310645,0.495472,9.35941e-05,0.00138396,0.0334667,0.442413,0.75757,0.529185,1.26431
1067,1717952045,2024-06-09 16:54 UTC,152387,271513,16.0669,21.2426,0.30724,0.491561,0.000100668,0.00138107,0.0334668,0.443499,0.758092,0.518292,1.24408
1068,1717952345,2024-06-09 16:59 UTC,152287,271341,16.0868,21.25,0.303836,0.487874,7.24395e-05,0.00134202,0.0334695,0.444589,0.758621,0.507377,1.22649
1069,1717952645,2024-06-09 17:04 UTC,152188,271169,16.1067,21.2574,0.298776,0.482462,7.20542e-05,0.00132043,0.0334698,0.445683,0.759158,0.491214,1.19932
1070,1717952945,2024-06-09 17:09 UTC,152089,270997,16.1266,21.2648,0.293346,0.476629,8.65002e-05,0.00129313,0.0334698,0.446787,0.759677,0.474479,1.17
1071,1717953245,2024-06-09 17:14 UTC,151990,270825,16.1466,21.2722,0.287918,0.470799,5.24719e-05,0.00125129,0.0334699,0.447894,0.760215,0.457822,1.14149
1072,1717953545,2024-06-09 17:19 UTC,151891,270652,16.1667,21.2797,0.282491,0.464971,5.8141e-05,0.0012434,0.0334703,0.44901,0.760755,0.441628,1.11372
1073,1717953845,2024-06-09 17:24 UTC,151792,270479,16.1867,21.2871,0.277066,0.459146,4.46604e-05,0.0026297,0.0334722,0.45013,0.761276,0.425634,1.08583
1074,1717954145,2024-06-09 17:29 UTC,151695,270306,16.2068,21.2945,0.271644,0.453323,4.47171e-05,0.0011914,0.0334722,0.451258,0.761812,0.410052,1.0586
1075,1717954445,2024-06-09 17:34 UTC,151597,270133,16.2269,21.302,0.266223,0.447504,3.85385e-05,0.00119528,0.0334721,0.45239,0.762336,0.394699,1.0316
1076,1717954745,2024-06-09 17:39 UTC,151499,269960,16.247,21.3094,0.260805,0.441687,3.66197e-05,0.00117362,0.0334721,0.45353,0.762871,0.379711,1.00463
1077,1717955045,2024-06-09 17:44 UTC,151402,269786,16.2672,21.3168,0.255389,0.435874,3.78507e-05,0.00115628,0.0334722,0.454676,0.763407,0.365072,0.978605
1078,1717955345,2024-06-09 17:49 UTC,151305,269612,16.2874,21.3243,0.249976,0.430064,2.51416e-05,0.00114281,0.0334727,0.455827,0.763939,0.350679,0.952743
1079,1717955644,2024-06-09 17:54 UTC,151208,269438,16.3076,21.3317,0.244584,0.424277,2.17011e-05,0.00112082,0.0334729,0.456981,0.764471,0.336682,0.927122
1080,1717955944,2024-06-09 17:59 UTC,151111,269264,16.3279,21.3392,0.239178,0.418473,2.03051e-05,0.00110177,0.0334742,0.458145,0.765005,0.322957,0.901933
1081,1717956244,2024-06-09 18:04 UTC,151016,269191,16.3163,21.3255,0.234015,0.412423,2.42076e-05,0.00106858,0.0334749,0.457516,0.764025,0.310095,0.876063
1082,1717956544,2024-06-09 18:09 UTC,150922,269150,16.2975,21.307,0.228909,0.406318,1.86614e-05,0.00103907,0.0334756,0.456478,0.762703,0.297593,0.850474
1083,1717956844,2024-06-09 18:14 UTC,150829,269110,16.2787,21.2885,0.223804,0.400225,2.83187e-05,0.00103312,0.0334771,0.455445,0.761378,0.285418,0.825147
1084,1717957144,2024-06-09 18:19 UTC,150737,269072,16.26,21.2701,0.218702,0.394311,2.2352e-05,0.0010009,0.0334848,0.454415,0.760058,0.273487,0.80077
1085,1717957444,2024-06-09 18:24 UTC,150644,269035,16.2413,21.2516,0.213602,0.388468,1.98458e-05,0.000978229,0.0334865,0.453391,0.758738,0.26184,0.777269
1086,1717957744,2024-06-09 18:29 UTC,150552,268998,16.2227,21.2331,0.208504,0.382629,3.34253e-05,0.000962556,0.0334878,0.45237,0.757418,0.250471,0.753947
1087,1717958044,2024-06-09 18:34 UTC,150459,268963,16.2041,21.2146,0.20341,0.376793,3.71997e-05,0.000972662,0.0334877,0.451355,0.756104,0.239402,0.731166
1088,1717958344,2024-06-09 18:39 UTC,150367,268929,16.1855,21.1962,0.198318,0.37096,2.69757e-05,0.000939875,0.0334887,0.450344,0.754788,0.228581,0.708841
1089,1717958644,2024-06-09 18:44 UTC,150276,268896,16.167,21.1777,0.193229,0.36513,3.77079e-05,0.000929828,0.033491,0.449338,0.753476,0.218083,0.686706
1090,1717958944,2024-06-09 18:49 UTC,150184,268865,16.1486,21.1593,0.188145,0.359304,6.71796e-05,0.000943754,0.0334908,0.448336,0.752166,0.207843,0.665087
1091,1717959244,2024-06-09 18:54 UTC,150093,268834,16.1301,21.1409,0.183065,0.353481,6.23882e-05,0.000912372,0.0334916,0.447338,0.750852,0.197892,0.643825
1092,1717959544,2024-06-09 18:59 UTC,150002,268805,16.1118,21.1224,0.17799,0.347661,7.15165e-05,0.000877539,0.0334928,0.446343,0.749545,0.188107,0.62115
1093,1717959844,2024-06-09 19:04 UTC,149912,268776,16.0934,21.104,0.174627,0.343394,0.000153974,0.000929816,0.0335301,0.445354,0.748255,0.181703,0.605601
1094,1717960144,2024-06-09 19:09 UTC,149821,268748,16.0751,21.0856,0.171657,0.339483,0.000391695,0.0024224,0.033536,0.444366,0.746936,0.176029,0.586143
1095,1717960444,2024-06-09 19:14 UTC,149731,268722,16.0569,21.0672,0.16869,0.335574,0.0003943,0.00139761,0.0335527,0.443392,0.745644,0.17076,0.577948
1096,1717960744,2024-06-09 19:19 UTC,149642,268697,16.0387,21.0488,0.165726,0.331665,0.000320256,0.000999896,0.0335537,0.442419,0.744335,0.1655,0.564943
1097,1717961044,2024-06-09 19:24 UTC,149552,268672,16.0205,21.0304,0.162766,0.327757,0.000255986,0.001171,0.0335544,0.441443,0.743033,0.160237,0.553115
1098,1717961344,2024-06-09 19:29 UTC,149463,268649,16.0024,21.012,0.159809,0.323849,0.000223101,0.000921464,0.0335552,0.440481,0.741735,0.155097,0.538317
1099,1717961643,2024-06-09 19:34 UTC,149374,268627,15.9843,20.9937,0.156866,0.319956,0.000230881,0.00112531,0.0335551,0.439519,0.740449,0.150022,0.526783
1100,1717961943,2024-06-09 19:39 UTC,149285,268606,15.9663,20.9754,0.153917,0.316051,0.000147244,0.000912011,0.0335552,0.438559,0.739141,0.144992,0.514619
1101,1717962243,2024-06-09 19:44 UTC,149196,268586,15.9483,20.957,0.150974,0.312147,0.000137717,0.000789002,0.0335552,0.437609,0.737846,0.140187,0.500879
1102,1717962543,2024-06-09 19:49 UTC,149108,268566,15.9303,20.9386,0.148037,0.308244,0.000101948,0.000894363,0.0335551,0.436661,0.736553,0.135517,0.489483
1103,1717962843,2024-06-09 19:54 UTC,149020,268548,15.9124,20.9423,0.145108,0.304343,0.000114919,0.000892027,0.0335552,0.435715,0.736812,0.130798,0.476784
1104,1717963143,2024-06-09 19:59 UTC,148932,268531,15.8945,20.9491,0.142187,0.300442,9.47922e-05,0.000729901,0.0335551,0.43478,0.737293,0.126384,0.465131
1105,1717963443,2024-06-09 20:04 UTC,148845,268515,15.8767,20.9559,0.141551,0.299567,8.52135e-05,0.000848021,0.0335552,0.433842,0.737778,0.125213,0.46213
1106,1717963743,2024-06-09 20:09 UTC,148758,268500,15.8589,20.9628,0.141452,0.299402,7.13463e-05,0.00089608,0.0335572,0.432913,0.738254,0.124964,0.4618
1107,1717964043,2024-06-09 20:14 UTC,148671,268486,15.8411,20.9696,0.141353,0.299238,7.46645e-05,0.000817065,0.0335588,0.43199,0.738738,0.124795,0.461353
1108,1717964343,2024-06-09 20:19 UTC,148584,268473,15.8234,20.9764,0.141255,0.299075,5.77911e-05,0.00079796,0.0335587,0.431066,0.739219,0.124448,0.460488
1109,1717964643,2024-06-09 20:24 UTC,148497,268461,15.8057,20.9833,0.141159,0.298913,6.93941e-05,0.000836818,0.0335588,0.430152,0.739703,0.124251,0.459896
1110,1717964943,2024-06-09 20:29 UTC,148411,268450,15.7881,20.9901,0.141063,0.298753,5.051e-05,0.000870838,0.0335589,0.429238,0.740183,0.123968,0.459699
1111,1717965243,2024-06-09 20:34 UTC,148325,268440,15.7705,20.997,0.140969,0.298593,4.66691e-05,0.000855165,0.0335594,0.428331,0.740666,0.123725,0.459273
1112,1717965543,2024-06-09 20:39 UTC,148239,268431,15.7529,21.0038,0.140875,0.298435,4.59013e-05,0.000829029,0.0335595,0.427428,0.741148,0.123498,0.458692
1113,1717965843,2024-06-09 20:44 UTC,148153,268422,15.7354,21.0106,0.140783,0.298278,3.7951e-05,0.000880371,0.03356,0.426529,0.74163,0.123225,0.458144
1114,1717966143,2024-06-09 20:49 UTC,148068,268416,15.718,21.0175,0.140691,0.298122,3.41419e-05,0.000848427,0.0335606,0.425635,0.742113,0.122991,0.457681
1115,1717966443,2024-06-09 20:54 UTC,147983,268409,15.7005,21.0243,0.140601,0.297967,3.61247e-05,0.00085914,0.0335606,0.424745,0.742595,0.12274,0.45734
1116,1717966743,2024-06-09 20:59 UTC,147898,268404,15.6831,21.0311,0.140512,0.297813,0.000100951,0.000800535,0.0335634,0.423859,0.743077,0.12246,0.456595
1117,1717967043,2024-06-09 21:04 UTC,147823,268419,15.6416,20.9947,0.142904,0.300975,0.000213486,0.00261963,0.0335807,0.421671,0.740504,0.12598,0.46589
1118,1717967343,2024-06-09 21:09 UTC,147752,268441,15.5944,20.9482,0.145894,0.304925,0.000179315,0.000909233,0.0335826,0.419187,0.737235,0.13061,0.480075
1119,1717967642,2024-06-09 21:14 UTC,147681,268464,15.5473,20.9018,0.148888,0.308871,0.00015837,0.000789295,0.033583,0.416715,0.733973,0.135162,0.491713
1120,1717967942,2024-06-09 21:19 UTC,147611,268487,15.5001,20.8553,0.151905,0.312839,0.000134086,0.000920317,0.033583,0.414248,0.730698,0.139939,0.503111
1121,1717968242,2024-06-09 21:24 UTC,147542,268512,15.453,20.8087,0.154935,0.316817,8.83544e-05,0.000733245,0.0335844,0.41179,0.727443,0.144874,0.516638
1122,1717968542,2024-06-09 21:29 UTC,147473,268538,15.4058,20.7622,0.157975,0.320802,9.86912e-05,0.000723254,0.0335849,0.409339,0.724194,0.149871,0.529169
1123,1717968842,2024-06-09 21:34 UTC,147405,268565,15.3586,20.7156,0.161025,0.324797,6.96924e-05,0.000736584,0.0335848,0.406897,0.720953,0.155025,0.542985
1124,1717969142,2024-06-09 21:39 UTC,147338,268593,15.3115,20.6691,0.164084,0.328799,5.75715e-05,0.000790204,0.0335849,0.404464,0.717717,0.160252,0.557024
1125,1717969442,2024-06-09 21:44 UTC,147271,268622,15.2644,20.6225,0.167151,0.332808,6.00172e-05,0.000777013,0.0335859,0.402038,0.714486,0.165539,0.570324
1126,1717969742,2024-06-09 21:49 UTC,147205,268652,15.2173,20.576,0.170227,0.336825,6.36465e-05,0.000796146,0.0335858,0.399623,0.711267,0.171044,0.584371
1127,1717970042,2024-06-09 21:54 UTC,147139,268683,15.1702,20.5295,0.173309,0.340849,5.13517e-05,0.000793687,0.0335859,0.397216,0.708051,0.176601,0.598233
1128,1717970342,2024-06-09 21:59 UTC,147074,268715,15.1231,20.4829,0.176399,0.34488,4.5811e-05,0.000838647,0.0335858,0.394817,0.70484,0.182253,0.612495
1129,1717970642,2024-06-09 22:04 UTC,147010,268748,15.076,20.4364,0.181883,0.351607,4.59585e-05,0.000835154,0.0335906,0.392426,0.701644,0.192657,0.636459
1130,1717970942,2024-06-09 22:09 UTC,146946,268782,15.029,20.3898,0.187946,0.359054,3.97937e-05,0.000892868,0.0336035,0.390046,0.698449,0.20459,0.663901
1131,1717971242,2024-06-09 22:14 UTC,146882,268818,14.982,20.3433,0.194013,0.366581,2.98533e-05,0.000924203,0.0336016,0.387673,0.695265,0.216906,0.691883
1132,1717971542,2024-06-09 22:19 UTC,146820,268854,14.9349,20.2967,0.200085,0.374176,3.48217e-05,0.000961676,0.0336035,0.385309,0.692089,0.229583,0.720685
1133,1717971842,2024-06-09 22:24 UTC,146757,268890,14.8879,20.2502,0.206161,0.381784,2.83598e-05,0.000983161,0.0336056,0.382955,0.688917,0.242699,0.750494
1134,1717972142,2024-06-09 22:29 UTC,146696,268929,14.8409,20.2036,0.212241,0.389403,4.40604e-05,0.00103646,0.0336099,0.380607,0.685754,0.256144,0.780214
1135,1717972442,2024-06-09 22:34 UTC,146635,268967,14.7939,20.1571,0.218324,0.397032,5.40046e-05,0.00108416,0.0336149,0.378271,0.682604,0.270106,0.811562
1136,1717972742,2024-06-09 22:39 UTC,146575,269008,14.747,20.1106,0.224409,0.404672,8.44457e-05,0.00114649,0.0336214,0.375939,0.679446,0.284205,0.842301
1137,1717973042,2024-06-09 22:44 UTC,146515,269048,14.7,20.064,0.230497,0.412322,4.10746e-05,0.00118309,0.0336294,0.373622,0.676309,0.299082,0.875073
1138,1717973341,2024-06-09 22:49 UTC,146456,269090,14.6533,20.0176,0.236567,0.419955,3.91057e-05,0.00124408,0.0336364,0.371318,0.673185,0.314071,0.907734
1139,1717973641,2024-06-09 22:54 UTC,146397,269133,14.6063,19.9711,0.24266,0.427622,2.82245e-05,0.00130359,0.0336505,0.369016,0.670056,0.329601,0.941425
1140,1717973941,2024-06-09 22:59 UTC,146339,269177,14.5594,19.9245,0.248754,0.435297,6.90392e-05,0.00243934,0.0336654,0.366721,0.666937,0.345459,0.976127
1141,1717974241,2024-06-09 23:04 UTC,146281,269221,14.5126,19.878,0.255999,0.444114,4.34586e-05,0.00143513,0.0336815,0.364436,0.663826,0.364871,1.01538
1142,1717974541,2024-06-09 23:09 UTC,146224,269267,14.4657,19.8314,0.263528,0.453214,6.13707e-05,0.00149648,0.033719,0.362159,0.66072,0.385683,1.05795
1143,1717974841,2024-06-09 23:14 UTC,146168,269313,14.4188,19.7849,0.271061,0.46232,5.11975e-05,0.00193504,0.0337532,0.359891,0.657621,0.407088,1.10005
1144,1717975141,2024-06-09 23:19 UTC,146112,269360,14.372,19.7384,0.278598,0.471431,6.98304e-05,0.00268515,0.0338578,0.357631,0.654532,0.429052,1.14362
1145,1717975441,2024-06-09 23:24 UTC,146056,269409,14.3252,19.6918,0.286138,0.480546,0.000292457,0.0161778,0.0343154,0.355374,0.651443,0.451106,1.18016
1146,1717975741,2024-06-09 23:29 UTC,146002,269458,14.2784,19.6453,0.29368,0.489666,0.000184436,0.00435395,0.0358851,0.353141,0.648372,0.475139,1.23459
1147,1717976041,2024-06-09 23:34 UTC,145947,269508,14.2316,19.5987,0.301225,0.49879,0.000232811,0.00272524,0.0360378,0.3509,0.645292,0.498344,1.27916
1148,1717976341,2024-06-09 23:39 UTC,145894,269559,14.1849,19.5522,0.308773,0.507919,0.000370921,0.0149698,0.0364265,0.348672,0.642234,0.522515,1.32599
1149,1717976641,2024-06-09 23:44 UTC,145841,269611,14.1381,19.5056,0.316323,0.517078,0.000185094,0.0314674,0.0368073,0.346462,0.639166,0.548103,1.37438
1150,1717976941,2024-06-09 23:49 UTC,145791,269664,14.0914,19.4591,0.323874,0.526257,0.000426095,0.0472008,0.0381153,0.344246,0.636134,0.573086,1.42332
1151,1717977241,2024-06-09 23:54 UTC,145740,269717,14.0447,19.4125,0.331428,0.535448,0.000796097,0.0494831,0.039902,0.342033,0.633094,0.598156,1.46705
1152,1717977541,2024-06-09 23:59 UTC,145690,269772,13.998,19.366,0.338984,0.544643,0.00176732,0.0429876,0.0422773,0.339803,0.630088,0.621755,1.5198
1153,1717977841,2024-06-10 00:04 UTC,145658,269871,13.981,19.3664,0.345393,0.552623,0.00108845,0.0624718,0.0437307,0.338979,0.630063,0.647257,1.56663
1154,1717978141,2024-06-10 00:09 UTC,145633,269983,13.9713,19.3782,0.351523,0.560307,0.000710833,0.045687,0.0443866,0.338469,0.630859,0.671013,1.6131
1155,1717978441,2024-06-10 00:14 UTC,145609,270097,13.9616,19.3901,0.357655,0.567992,0.000654982,0.0540907,0.0447662,0.337951,0.631617,0.694228,1.65795
1156,1717978741,2024-06-10 00:19 UTC,145590,270212,13.9519,19.402,0.363788,0.57568,0.000962565,0.0197983,0.0452683,0.33742,0.632395,0.716392,1.69267
1157,1717979041,2024-06-10 00:24 UTC,145571,270327,13.9422,19.4138,0.369922,0.583369,0.000837913,0.00471825,0.0458015,0.336908,0.633179,0.740642,1.74986
1158,1717979340,2024-06-10 00:29 UTC,145553,270444,13.9326,19.4257,0.376037,0.591035,0.000948065,0.00761731,0.0462322,0.336391,0.633901,0.764313,1.79325
1159,1717979640,2024-06-10 00:34 UTC,145539,270561,13.923,19.4376,0.382174,0.598728,0.00296672,0.0177435,0.0472158,0.335798,0.63463,0.781081,1.83207
1160,1717979940,2024-06-10 00:39 UTC,145528,270679,13.9133,19.4494,0.388312,0.606422,0.00425707,0.024232,0.048817,0.335234,0.635401,0.800746,1.87266
1161,1717980240,2024-06-10 00:44 UTC,145520,270798,13.9037,19.4613,0.394451,0.614118,0.0034394,0.0183909,0.0518428,0.334758,0.636077,0.829392,1.92684
1162,1717980540,2024-06-10 00:49 UTC,145514,270920,13.8942,19.4732,0.400591,0.621816,0.00295395,0.0345992,0.0549224,0.334272,0.637023,0.857082,1.97842
1163,1717980840,2024-06-10 00:54 UTC,145508,271041,13.8846,19.4851,0.406732,0.629515,0.00395418,0.0636998,0.0581731,0.333727,0.637668,0.879131,2.02464
1164,1717981140,2024-06-10 00:59 UTC,145501,271162,13.875,19.497,0.412874,0.637215,0.00482801,0.224734,0.0639337,0.33319,0.638388,0.901728,2.12435
1165,1717981440,2024-06-10 01:04 UTC,145495,271285,13.8655,19.5089,0.416292,0.642033,0.0061886,0.274537,0.0672076,0.332628,0.639131,0.910271,2.09776
1166,1717981740,2024-06-10 01:09 UTC,145495,271409,13.856,19.5209,0.419028,0.646129,0.00803867,0.319849,0.0713955,0.332054,0.639595,0.914727,2.12206
1167,1717982040,2024-06-10 01:14 UTC,145494,271534,13.8465,19.5328,0.421765,0.650227,0.00894945,0.360506,0.0752007,0.33152,0.640323,0.922743,2.1514
1168,1717982340,2024-06-10 01:19 UTC,145494,271659,13.837,19.5447,0.424502,0.654324,0.0113045,0.394941,0.0801901,0.33092,0.640953,0.924108,2.16391
1169,1717982640,2024-06-10 01:24 UTC,145500,271784,13.8275,19.5566,0.427238,0.658422,0.0154564,0.423896,0.0863513,0.330269,0.641324,0.920426,2.17473
1170,1717982940,2024-06-10 01:29 UTC,145509,271913,13.8181,19.5685,0.429975,0.662521,0.0217181,0.398975,0.0921951,0.329528,0.64179,0.908008,2.20546
1171,1717983240,2024-06-10 01:34 UTC,145521,272042,13.8086,19.5805,0.432712,0.66662,0.0275338,0.214603,0.0986707,0.3288,0.642409,0.897357,2.24409
1172,1717983540,2024-06-10 01:39 UTC,145531,272171,13.7992,19.5924,0.435449,0.670719,0.0348564,0.264958,0.103802,0.328018,0.642838,0.882327,2.25342
1173,1717983840,2024-06-10 01:44 UTC,145545,272300,13.7898,19.6044,0.438186,0.674819,0.0439086,0.301028,0.110837,0.32715,0.643638,0.860108,2.27648
1174,1717984140,2024-06-10 01:49 UTC,145562,272430,13.7804,19.6163,0.440923,0.678919,0.0533609,0.333727,0.117418,0.326257,0.64433,0.836405,2.30073
1175,1717984440,2024-06-10 01:54 UTC,145596,272561,13.7711,19.6282,0.443661,0.68302,0.0641959,0.362976,0.121477,0.325297,0.644672,0.807933,2.29835
1176,1717984740,2024-06-10 01:59 UTC,145628,272694,13.7617,19.6402,0.446398,0.687121,0.0750843,0.380064,0.125316,0.324335,0.645035,0.780387,2.30406
1177,1717985040,2024-06-10 02:04 UTC,145670,272821,13.7524,19.6522,0.44573,0.687056,0.0847187,0.405468,0.129021,0.323441,0.645681,0.746094,2.29006
1178,1717985339,2024-06-10 02:08 UTC,145716,272956,13.7431,19.6641,0.444216,0.685953,0.093691,0.427665,0.132029,0.32256,0.645987,0.710536,2.26179
1179,1717985639,2024-06-10 02:13 UTC,145755,273092,13.7338,19.676,0.442697,0.684846,0.101053,0.446186,0.134985,0.32174,0.646337,0.68077,2.22427
1180,1717985939,2024-06-10 02:18 UTC,145807,273232,13.7245,19.688,0.441178,0.683739,0.106745,0.460964,0.137566,0.320975,0.646777,0.6555,2.17222
1181,1717986239,2024-06-10 02:23 UTC,145857,273371,13.7153,19.7,0.439659,0.682632,0.112424,0.472271,0.140047,0.32022,0.647351,0.630772,2.09898
1182,1717986539,2024-06-10 02:28 UTC,145890,273509,13.706,19.712,0.438141,0.681526,0.118264,0.480693,0.143576,0.319432,0.647145,0.604182,2.0086
1183,1717986839,2024-06-10 02:33 UTC,145942,273642,13.6968,19.724,0.436623,0.680419,0.123675,0.486642,0.146218,0.318669,0.6477,0.580059,1.92597
1184,1717987139,2024-06-10 02:38 UTC,145982,273763,13.6876,19.7359,0.435105,0.679322,0.129689,0.490628,0.149097,0.317883,0.647919,0.555627,1.91875
1185,1717987439,2024-06-10 02:43 UTC,146019,273943,13.6784,19.7479,0.433587,0.678272,0.137371,0.493124,0.1527,0.317042,0.648115,0.528475,1.9079
1186,1717987739,2024-06-10 02:48 UTC,146067,274125,13.6693,19.7599,0.43207,0.677226,0.144249,0.494519,0.155433,0.31624,0.648568,0.503677,1.89436
1187,1717988039,2024-06-10 02:53 UTC,146095,274307,13.6601,19.7719,0.430553,0.676179,0.149984,0.49512,0.15829,0.315499,0.64885,0.483325,1.86445
1188,1717988339,2024-06-10 02:58 UTC,146136,274491,13.651,19.7839,0.429036,0.675133,0.154765,0.495163,0.161009,0.314801,0.649501,0.465139,1.8372
1189,1717988639,2024-06-10 03:03 UTC,146134,274611,13.64,19.7832,0.424046,0.669357,0.157695,0.494409,0.16319,0.314094,0.649123,0.442427,1.77829
1190,1717988939,2024-06-10 03:08 UTC,146128,274714,13.6285,19.7793,0.418172,0.662374,0.157806,0.49231,0.165075,0.313482,0.648817,0.424437,1.74657
1191,1717989239,2024-06-10 03:13 UTC,146109,274817,13.6171,19.7754,0.4123,0.655392,0.154804,0.489232,0.16703,0.313016,0.648683,0.414008,1.69604
1192,1717989539,2024-06-10 03:18 UTC,146085,274920,13.6057,19.7714,0.40643,0.64841,0.150123,0.485471,0.168742,0.312629,0.64878,0.407845,1.66994
1193,1717989839,2024-06-10 03:23 UTC,146060,275022,13.5943,19.7675,0.400562,0.641429,0.144551,0.481239,0.170334,0.31229,0.648445,0.40394,1.64372
1194,1717990139,2024-06-10 03:28 UTC,146035,275126,13.5829,19.7635,0.394697,0.634449,0.138471,0.471341,0.171847,0.311976,0.648545,0.401227,1.62167
1195,1717990439,2024-06-10 03:33 UTC,146005,275230,13.5716,19.7596,0.388833,0.627468,0.131289,0.391353,0.17317,0.311709,0.64865,0.401048,1.58935
1196,1717990739,2024-06-10 03:38 UTC,145980,275333,13.5603,19.7557,0.382971,0.620489,0.123525,0.312751,0.174286,0.311473,0.648787,0.402576,1.55822
1197,1717991038,2024-06-10 03:43 UTC,145940,275436,13.549,19.7517,0.377132,0.613533,0.115692,0.278146,0.175612,0.31125,0.648733,0.404535,1.52514
1198,1717991338,2024-06-10 03:48 UTC,145905,275539,13.5378,19.7478,0.371276,0.606555,0.108392,0.259375,0.176461,0.311012,0.649237,0.405513,1.49072
1199,1717991638,2024-06-10 03:53 UTC,145864,275641,13.5265,19.7439,0.365422,0.599578,0.101344,0.250548,0.17723,0.31077,0.649022,0.406305,1.45574
1200,1717991938,2024-06-10 03:58 UTC,145851,275744,13.5153,19.7399,0.359571,0.592605,0.0942188,0.237751,0.177953,0.310533,0.649432,0.407326,1.42095
1201,1717992238,2024-06-10 04:03 UTC,145846,275847,13.5042,19.736,0.35074,0.58174,0.0870318,0.23391,0.17862,0.310303,0.649396,0.400368,1.36973
1202,1717992538,2024-06-10 04:08 UTC,145807,275950,13.493,19.7321,0.341134,0.569863,0.0787082,0.216289,0.179159,0.310121,0.649581,0.394152,1.32696
1203,1717992838,2024-06-10 04:13 UTC,145761,276052,13.4819,19.7281,0.331532,0.557988,0.0699829,0.231119,0.17965,0.30996,0.64996,0.389296,1.30186
1204,1717993138,2024-06-10 04:18 UTC,145731,276155,13.4708,19.7242,0.321934,0.546118,0.0612151,0.217576,0.180152,0.309809,0.65008,0.384941,1.27931
1205,1717993438,2024-06-10 04:23 UTC,145689,276258,13.4597,19.7203,0.312339,0.534251,0.0524444,0.210043,0.180474,0.30966,0.650291,0.380856,1.25455
1206,1717993738,2024-06-10 04:28 UTC,145662,276360,13.4486,19.7163,0.302748,0.522388,0.0438038,0.190159,0.180808,0.309511,0.650579,0.376795,1.22998
1207,1717994038,2024-06-10 04:33 UTC,145632,276463,13.4376,19.7124,0.293162,0.51053,0.0356307,0.189182,0.181092,0.309347,0.650738,0.37172,1.2037
1208,1717994338,2024-06-10 04:38 UTC,145615,276566,13.4266,19.7085,0.28358,0.498676,0.0279558,0.152812,0.181304,0.309165,0.651042,0.365583,1.1753
1209,1717994638,2024-06-10 04:43 UTC,145594,276669,13.4156,19.7045,0.274004,0.486827,0.0207336,0.130547,0.181491,0.308968,0.651156,0.358519,1.14406
1210,1717994938,2024-06-10 04:48 UTC,145565,276771,13.4047,19.7006,0.264434,0.474983,0.0141358,0.105336,0.181592,0.308749,0.65125,0.350108,1.1131
1211,1717995238,2024-06-10 04:53 UTC,145542,276874,13.3938,19.6967,0.25487,0.463163,0.00784108,0.103114,0.181693,0.30852,0.651334,0.341075,1.07927
1212,1717995538,2024-06-10 04:58 UTC,145517,276977,13.3829,19.6927,0.245314,0.451349,0.00234193,0.109473,0.181731,0.308261,0.651372,0.330307,1.04289
1213,1717995838,2024-06-10 05:03 UTC,145494,277080,13.372,19.6888,0.234059,0.43747,6.62735e-05,0.122999,0.181747,0.307871,0.651251,0.307513,0.985524
1214,1717996138,2024-06-10 05:08 UTC,145470,277183,13.3612,19.6849,0.222366,0.423064,9.96701e-05,0.128234,0.181756,0.307393,0.650998,0.279472,0.922267
1215,1717996438,2024-06-10 05:13 UTC,145447,277286,13.3504,19.681,0.210682,0.408672,7.64573e-05,0.0919727,0.181765,0.306913,0.650733,0.252583,0.860402
1216,1717996738,2024-06-10 05:18 UTC,145422,277389,13.3396,19.677,0.199008,0.394327,7.35624e-05,0.078647,0.181775,0.306437,0.650478,0.227202,0.801311
1217,1717997037,2024-06-10 05:23 UTC,145400,277492,13.3288,19.6731,0.187385,0.380058,7.30262e-05,0.0783258,0.181798,0.305965,0.650219,0.203322,0.74421
1218,1717997337,2024-06-10 05:28 UTC,145378,277595,13.3181,19.6692,0.175738,0.365788,8.20249e-05,0.075975,0.181821,0.305494,0.649959,0.180835,0.689636
1219,1717997637,2024-06-10 05:33 UTC,145355,277698,13.3074,19.6653,0.164112,0.35157,7.55134e-05,0.0685357,0.181887,0.305026,0.649699,0.159771,0.636966
1220,1717997937,2024-06-10 05:38 UTC,145331,277802,13.2967,19.6613,0.152513,0.337386,8.4395e-05,0.0836494,0.181897,0.304561,0.649443,0.140175,0.586703
1221,1717998237,2024-06-10 05:43 UTC,145307,277905,13.2861,19.6574,0.140953,0.32324,9.9869e-05,0.145328,0.181898,0.3041,0.64918,0.122034,0.538619
1222,1717998537,2024-06-10 05:48 UTC,145284,278008,13.2754,19.6535,0.129453,0.309136,6.28842e-05,0.0976355,0.181929,0.303638,0.648921,0.105243,0.492419
1223,1717998837,2024-06-10 05:53 UTC,145263,278112,13.2648,19.6496,0.118055,0.295081,9.04917e-05,0.0813108,0.181952,0.303183,0.648667,0.090051,0.448854
1224,1717999137,2024-06-10 05:58 UTC,145240,278215,13.2543,19.6456,0.106854,0.281081,9.36743e-05,0.0927482,0.181969,0.302729,0.648402,0.07622,0.4075
1225,1717999437,2024-06-10 06:03 UTC,145197,278222,13.256,19.6056,0.0964281,0.267134,5.40583e-05,0.119309,0.181994,0.302763,0.645757,0.0641273,0.367945
1226,1717999737,2024-06-10 06:08 UTC,145143,278199,13.261,19.556,0.0868188,0.253255,6.33352e-05,0.183424,0.181989,0.302931,0.642495,0.0534407,0.330485
1227,1718000037,2024-06-10 06:13 UTC,145089,278170,13.2661,19.5063,0.0781193,0.23946,9.0672e-05,0.137789,0.182033,0.303104,0.639235,0.043865,0.295757
1228,1718000337,2024-06-10 06:18 UTC,145037,278136,13.2712,19.4567,0.0702908,0.225763,9.21639e-05,0.0941437,0.182039,0.303281,0.635994,0.0352708,0.262933
1229,1718000637,2024-06-10 06:23 UTC,144981,278098,13.2763,19.4071,0.0633321,0.212185,7.62733e-05,0.0798636,0.182053,0.30346,0.632753,0.0275701,0.232207
1230,1718000937,2024-06-10 06:28 UTC,144928,278054,13.2814,19.3574,0.0574641,0.198749,7.96943e-05,0.0724982,0.182092,0.303643,0.62952,0.0206987,0.203696
1231,1718001237,2024-06-10 06:33 UTC,144874,278005,13.2866,19.3078,0.053102,0.185486,6.29955e-05,0.0668994,0.182095,0.30383,0.626299,0.0145043,0.17745
1232,1718001537,2024-06-10 06:38 UTC,144817,277952,13.2917,19.2582,0.0504389,0.172483,0.000137766,0.060847,0.182086,0.304024,0.623088,0.0089261,0.154614
1233,1718001837,2024-06-10 06:43 UTC,144762,277894,13.2969,19.2086,0.0494126,0.159831,4.69078e-05,0.0567294,0.182096,0.304215,0.619874,0.00384284,0.131879
1234,1718002137,2024-06-10 06:48 UTC,144707,277830,13.3021,19.1589,0.0498883,0.148609,6.38678e-05,0.0528828,0.182103,0.304415,0.61667,0.00316574,0.113943
1235,1718002437,2024-06-10 06:53 UTC,144651,277762,13.3074,19.1093,0.051845,0.138238,7.35561e-05,0.0491376,0.182114,0.304618,0.613486,0.00792661,0.098634
1236,1718002737,2024-06-10 06:58 UTC,144595,277689,13.3126,19.0597,0.055616,0.129089,5.15049e-05,0.0478994,0.182123,0.304824,0.6103,0.0134106,0.0859475
1237,1718003036,2024-06-10 07:03 UTC,144537,277611,13.3179,19.0102,0.0596712,0.138022,5.46238e-05,0.0468469,0.182137,0.305034,0.607138,0.0180708,0.0983408
1238,1718003336,2024-06-10 07:08 UTC,144480,277529,13.3232,18.9606,0.0642247,0.146518,6.64999e-05,0.0436061,0.182141,0.305249,0.603973,0.02274,0.110764
1239,1718003636,2024-06-10 07:13 UTC,144422,277441,13.3285,18.911,0.0694868,0.155024,6.79393e-05,0.0388045,0.18218,0.305467,0.600816,0.0278001,0.123943
1240,1718003936,2024-06-10 07:18 UTC,144376,277368,13.3339,18.8614,0.0753597,0.16354,7.78667e-05,0.0348529,0.182199,0.305689,0.597667,0.0332954,0.138957
1241,1718004236,2024-06-10 07:23 UTC,144317,277272,13.3393,18.8118,0.0817422,0.172064,8.89024e-05,0.0322458,0.182211,0.305916,0.594528,0.0393053,0.162523
1242,1718004536,2024-06-10 07:28 UTC,144258,277171,13.3447,18.7622,0.0885308,0.180594,0.000103977,0.0230423,0.18222,0.306146,0.591391,0.0458969,0.172029
1243,1718004836,2024-06-10 07:33 UTC,144200,277066,13.3501,18.7125,0.0956294,0.18913,8.5789e-05,0.0210446,0.182238,0.306379,0.588274,0.0530944,0.184093
1244,1718005136,2024-06-10 07:38 UTC,144139,276955,13.3555,18.6629,0.10296,0.19767,0.000101675,0.0219024,0.18225,0.306617,0.585156,0.0609098,0.201074
1245,1718005436,2024-06-10 07:43 UTC,144078,276840,13.361,18.6133,0.110463,0.206216,0.000132458,0.0235342,0.182255,0.306859,0.582046,0.0693683,0.218835
1246,1718005736,2024-06-10 07:48 UTC,144017,276720,13.3665,18.5637,0.118095,0.214765,0.000118645,0.0266612,0.182269,0.307103,0.578952,0.0785304,0.237294
1247,1718006036,2024-06-10 07:53 UTC,143957,276596,13.372,18.5141,0.125823,0.223317,0.000175729,0.0302989,0.182288,0.307355,0.575869,0.0882979,0.256473
1248,1718006336,2024-06-10 07:58 UTC,143896,276467,13.3775,18.4645,0.133625,0.231873,0.000146024,0.0323259,0.182326,0.307606,0.572783,0.0988417,0.276522
1249,1718006636,2024-06-10 08:03 UTC,143834,276333,13.383,18.4149,0.138152,0.236742,9.93971e-05,0.0325971,0.182337,0.307861,0.569703,0.105279,0.288493
1250,1718006936,2024-06-10 08:08 UTC,143772,276195,13.3886,18.3653,0.141791,0.240611,9.05069e-05,0.0335196,0.182365,0.308121,0.566645,0.110553,0.298
1251,1718007236,2024-06-10 08:13 UTC,143709,276051,13.3942,18.3157,0.145442,0.24448,0.000117967,0.034847,0.182368,0.308386,0.563587,0.115914,0.307586
1252,1718007536,2024-06-10 08:18 UTC,143647,275904,13.3998,18.2661,0.149102,0.24835,0.00012544,0.0360578,0.182383,0.308655,0.560539,0.121469,0.317412
1253,1718007836,2024-06-10 08:23 UTC,143583,275751,13.4054,18.2165,0.152771,0.25222,0.000115309,0.0375079,0.18239,0.308926,0.557495,0.127192,0.327193
1254,1718008136,2024-06-10 08:28 UTC,143520,275594,13.4111,18.1669,0.156447,0.256091,0.000158508,0.0389942,0.182415,0.309204,0.554467,0.132981,0.337265
1255,1718008436,2024-06-10 08:33 UTC,143457,275432,13.4167,18.1173,0.160132,0.259962,0.000152981,0.0403046,0.182449,0.309484,0.551442,0.139007,0.347664
1256,1718008735,2024-06-10 08:38 UTC,143392,275266,13.4224,18.0679,0.16381,0.263821,0.000148471,0.0428652,0.182453,0.309766,0.548435,0.145158,0.358561
1257,1718009035,2024-06-10 08:43 UTC,143327,275095,13.4281,18.0183,0.167507,0.267693,0.000184877,0.0487122,0.182457,0.310055,0.545434,0.151409,0.368515
1258,1718009335,2024-06-10 08:48 UTC,143265,274919,13.4339,17.9687,0.171209,0.271566,0.000214861,0.0604323,0.182481,0.310347,0.542439,0.157841,0.37927
1259,1718009635,2024-06-10 08:53 UTC,143201,274738,13.4396,17.9191,0.174916,0.275439,0.00023185,0.0697275,0.182516,0.310643,0.539449,0.16441,0.389812
1260,1718009935,2024-06-10 08:58 UTC,143137,274553,13.4454,17.8695,0.178627,0.279312,0.000382972,0.0783044,0.182533,0.310947,0.536487,0.170947,0.400589
1261,1718010235,2024-06-10 09:03 UTC,143050,274363,13.48,17.8923,0.178613,0.27917,0.000155431,0.0867633,0.182554,0.312459,0.537827,0.171304,0.400361
1262,1718010535,2024-06-10 09:08 UTC,142949,274167,13.5226,17.9352,0.177571,0.277917,7.56148e-05,0.0992727,0.18257,0.314325,0.540399,0.169522,0.397743
1263,1718010835,2024-06-10 09:13 UTC,142845,273967,13.5652,17.978,0.176533,0.276664,4.51891e-05,0.113133,0.182561,0.316203,0.542989,0.167589,0.394215
1264,1718011135,2024-06-10 09:18 UTC,142743,273762,13.6079,18.0375,0.1755,0.275411,4.88845e-05,0.121256,0.182574,0.31809,0.54659,0.165666,0.390655
1265,1718011435,2024-06-10 09:23 UTC,142638,273553,13.6506,18.1083,0.174473,0.274158,3.40849e-05,0.0959957,0.182573,0.319987,0.550892,0.16372,0.387106
1266,1718011735,2024-06-10 09:28 UTC,142532,273338,13.6934,18.1793,0.17345,0.272905,3.00712e-05,0.0738067,0.182574,0.321893,0.555215,0.161814,0.383664
1267,1718012035,2024-06-10 09:33 UTC,142428,273119,13.7362,18.2503,0.172432,0.271652,3.37368e-05,0.0749544,0.182582,0.323807,0.55956,0.159924,0.380157
1268,1718012335,2024-06-10 09:38 UTC,142321,272895,13.7791,18.3214,0.171419,0.2704,2.23213e-05,0.0897226,0.182588,0.325731,0.56393,0.15805,0.376596
1269,1718012635,2024-06-10 09:43 UTC,142213,272667,13.822,18.3926,0.170411,0.269147,2.30013e-05,0.101296,0.182586,0.327663,0.568321,0.156194,0.373132
1270,1718012935,2024-06-10 09:48 UTC,142103,272433,13.865,18.4638,0.169409,0.267894,2.52186e-05,0.110527,0.182584,0.329604,0.572734,0.154368,0.369671
1271,1718013235,2024-06-10 09:53 UTC,141993,272195,13.908,18.5352,0.168412,0.266642,2.48303e-05,0.11324,0.182585,0.331555,0.57717,0.152542,0.366223
1272,1718013535,2024-06-10 09:58 UTC,141882,271952,13.951,18.6067,0.167421,0.265389,2.20961e-05,0.116401,0.182585,0.333515,0.581629,0.150728,0.362794
1273,1718013835,2024-06-10 10:03 UTC,141769,271705,13.9941,18.6782,0.16279,0.260656,3.46257e-05,0.115756,0.182582,0.335483,0.586109,0.142832,0.350036
1274,1718014135,2024-06-10 10:08 UTC,141657,271452,14.0373,18.7498,0.157175,0.254962,3.38168e-05,0.0940133,0.182581,0.337461,0.590613,0.133538,0.334933
1275,1718014435,2024-06-10 10:13 UTC,141546,271195,14.0804,18.8215,0.15159,0.249268,3.54046e-05,0.110065,0.182589,0.339448,0.595139,0.124615,0.320213
1276,1718014734,2024-06-10 10:18 UTC,141433,270933,14.1235,18.8931,0.146058,0.243595,4.45612e-05,0.1368,0.182597,0.341437,0.599672,0.116088,0.33656
1277,1718015034,2024-06-10 10:23 UTC,141319,270666,14.1668,18.965,0.140547,0.237903,4.60677e-05,0.159086,0.182597,0.343442,0.604243,0.107883,0.372115
1278,1718015334,2024-06-10 10:28 UTC,141204,270395,14.2101,19.0369,0.135083,0.232213,4.08188e-05,0.134886,0.1826,0.345456,0.608837,0.100034,0.293
1279,1718015634,2024-06-10 10:33 UTC,141089,270118,14.2534,19.1089,0.129673,0.226525,4.75839e-05,0.166245,0.182603,0.347479,0.613454,0.0925567,0.350095
1280,1718015934,2024-06-10 10:38 UTC,140970,269837,14.2968,19.1825,0.124327,0.220838,4.46506e-05,0.183574,0.182585,0.349511,0.618182,0.0854283,0.370057
1281,1718016234,2024-06-10 10:43 UTC,140853,269550,14.3402,19.2563,0.119056,0.215152,4.1352e-05,0.187555,0.182591,0.351553,0.622949,0.0786522,0.362644
1282,1718016534,2024-06-10 10:48 UTC,140737,269259,14.3836,19.3302,0.113873,0.209469,6.36814e-05,0.166944,0.182598,0.353603,0.627739,0.0722416,0.287998
1283,1718016834,2024-06-10 10:53 UTC,140619,268963,14.4271,19.4041,0.108795,0.203787,4.67361e-05,0.173002,0.182596,0.355663,0.632549,0.0661578,0.285105
1284,1718017134,2024-06-10 10:58 UTC,140501,268662,14.4706,19.4781,0.103841,0.198107,4.54085e-05,0.103525,0.182597,0.357731,0.637389,0.0604276,0.202424
1285,1718017434,2024-06-10 11:03 UTC,140380,268355,14.5142,19.5523,0.0964669,0.189986,6.08273e-05,0.0401317,0.182587,0.359808,0.642247,0.0525246,0.186478
1286,1718017734,2024-06-10 11:08 UTC,140261,268044,14.5578,19.6264,0.0887585,0.181182,5.97021e-05,0.0372301,0.182592,0.361894,0.647128,0.0446677,0.169648
1287,1718018034,2024-06-10 11:13 UTC,140142,267728,14.6014,19.7007,0.0816379,0.172384,6.04724e-05,0.0376848,0.182588,0.36399,0.652033,0.0375981,0.153826
1288,1718018334,2024-06-10 11:18 UTC,140021,267407,14.6451,19.775,0.0752591,0.163594,6.25965e-05,0.0383173,0.182593,0.366094,0.65696,0.0312452,0.138687
1289,1718018634,2024-06-10 11:23 UTC,139900,267080,14.6888,19.8494,0.0697535,0.154813,6.17384e-05,0.0387281,0.182591,0.368208,0.661913,0.025496,0.124315
1290,1718018934,2024-06-10 11:28 UTC,139780,266749,14.7325,19.9239,0.0652804,0.146042,6.36884e-05,0.0389207,0.182593,0.370331,0.666887,0.020231,0.110818
1291,1718019234,2024-06-10 11:33 UTC,139659,266413,14.7763,19.9984,0.0620053,0.137284,8.38452e-05,0.0390315,0.182593,0.372462,0.671888,0.0153084,0.098013
1292,1718019534,2024-06-10 11:38 UTC,139539,266071,14.8201,20.073,0.059982,0.128541,7.89308e-05,0.0398033,0.182598,0.374603,0.676908,0.0105542,0.0860955
1293,1718019834,2024-06-10 11:43 UTC,139418,265725,14.8639,20.1476,0.0591505,0.128275,7.74851e-05,0.0422598,0.182601,0.376753,0.681947,0.00583881,0.0847528
1294,1718020134,2024-06-10 11:48 UTC,139297,265373,14.9078,20.2224,0.059401,0.133059,9.2372e-05,0.0444533,0.182602,0.378911,0.687012,0.00140889,0.0911913
1295,1718020434,2024-06-10 11:53 UTC,139177,265017,14.9517,20.2972,0.0606303,0.13912,0.000105383,0.0433934,0.182618,0.381079,0.692101,0.00437315,0.0996772
1296,1718020733,2024-06-10 11:58 UTC,139057,264655,14.9955,20.3718,0.0627281,0.145968,0.000104697,0.0423967,0.182631,0.383249,0.697199,0.00969381,0.109712
1297,1718021033,2024-06-10 12:03 UTC,138954,264388,15.0305,20.4116,0.0656413,0.154847,0.000125415,0.0416763,0.182648,0.384952,0.699923,0.0158779,0.123415
1298,1718021333,2024-06-10 12:08 UTC,138864,264189,15.0629,20.4413,0.069369,0.164353,0.000127483,0.0408317,0.182664,0.386527,0.701956,0.022717,0.13905
1299,1718021633,2024-06-10 12:13 UTC,138775,263988,15.0954,20.471,0.0738578,0.174173,0.000130009,0.0406539,0.18268,0.388111,0.703999,0.0301421,0.156165
1300,1718021933,2024-06-10 12:18 UTC,138687,263787,15.128,20.5007,0.0790958,0.184233,0.000137386,0.0418695,0.182693,0.389704,0.706044,0.0382085,0.17475
1301,1718022233,2024-06-10 12:23 UTC,138597,263586,15.1607,20.5305,0.0850859,0.194496,0.000144548,0.0425756,0.182691,0.391306,0.708098,0.0469873,0.19473
1302,1718022533,2024-06-10 12:28 UTC,138508,263383,15.1934,20.5603,0.0918207,0.204931,0.000159057,0.0447591,0.182706,0.392916,0.710159,0.0565436,0.216174
1303,1718022833,2024-06-10 12:33 UTC,138418,263180,15.2261,20.5901,0.0992482,0.2156,0.000175576,0.0471082,0.182709,0.394535,0.712225,0.0669384,0.23923
1304,1718023133,2024-06-10 12:38 UTC,138328,262976,15.259,20.6199,0.107358,0.226578,0.000189833,0.0480047,0.182725,0.396163,0.714288,0.0782331,0.264227
1305,1718023433,2024-06-10 12:43 UTC,138239,262771,15.2918,20.6498,0.116159,0.237711,0.000210317,0.0476388,0.182737,0.3978,0.716363,0.0904994,0.290777
1306,1718023733,2024-06-10 12:48 UTC,138150,262566,15.3248,20.6796,0.125535,0.248937,0.000226099,0.0481547,0.182744,0.399446,0.718431,0.103813,0.318829
1307,1718024033,2024-06-10 12:53 UTC,138062,262360,15.3578,20.7095,0.135283,0.260248,0.000246884,0.0501293,0.182759,0.401101,0.720506,0.118216,0.348457
1308,1718024333,2024-06-10 12:58 UTC,137975,262153,15.3908,20.7394,0.145245,0.271621,0.000320788,0.0544866,0.182773,0.402763,0.722593,0.133678,0.379591
1309,1718024633,2024-06-10 13:03 UTC,137884,261945,15.4239,20.7694,0.154213,0.282058,0.000353929,0.0640987,0.182789,0.404435,0.724675,0.148197,0.409304
1310,1718024933,2024-06-10 13:08 UTC,137796,261737,15.4571,20.7993,0.162922,0.292249,0.000413475,0.0578467,0.182806,0.406115,0.726769,0.162922,0.439362
1311,1718025233,2024-06-10 13:13 UTC,137707,261528,15.4903,20.8293,0.17167,0.302473,0.000506039,0.0264241,0.182827,0.407803,0.728869,0.17843,0.470516
1312,1718025533,2024-06-10 13:18 UTC,137615,261318,15.5236,20.8593,0.180444,0.312729,0.000639269,0.0268012,0.18284,0.409497,0.730964,0.194684,0.502979
1313,1718025833,2024-06-10 13:23 UTC,137526,261107,15.557,20.8893,0.189239,0.323078,0.000845471,0.0591541,0.182864,0.411197,0.733071,0.21161,0.536504
1314,1718026133,2024-06-10 13:28 UTC,137438,260896,15.5903,20.9193,0.19805,0.333525,0.00117862,0.0283191,0.182892,0.4129,0.735174,0.229089,0.5712
1315,1718026432,2024-06-10 13:33 UTC,137348,260684,15.6237,20.9493,0.206843,0.343974,0.00188334,0.0295564,0.182917,0.414588,0.737282,0.246521,0.607102
1316,1718026732,2024-06-10 13:38 UTC,137259,260471,15.6572,20.9794,0.215677,0.354478,0.00305194,0.0349199,0.182948,0.416267,0.739401,0.263734,0.643325
1317,1718027032,2024-06-10 13:43 UTC,137172,260258,15.6907,21.0095,0.224519,0.364998,0.00455907,0.0408301,0.183012,0.417938,0.741502,0.280853,0.680539
1318,1718027332,2024-06-10 13:48 UTC,137084,260043,15.7243,21.0495,0.233368,0.375534,0.00640538,0.0489663,0.183096,0.419601,0.744308,0.297781,0.718101
1319,1718027632,2024-06-10 13:53 UTC,136996,259829,15.758,21.0909,0.242224,0.386085,0.008697,0.0738521,0.183203,0.421249,0.747253,0.314122,0.755142
1320,1718027932,2024-06-10 13:58 UTC,136909,259614,15.7917,21.1322,0.251086,0.396649,0.0114853,0.115383,0.183329,0.42288,0.750166,0.329718,0.791956
1321,1718028232,2024-06-10 14:03 UTC,136828,259399,15.8254,21.1736,0.257722,0.404869,0.0144549,0.153953,0.183486,0.424511,0.753097,0.339358,0.818042
1322,1718028532,2024-06-10 14:08 UTC,136739,259184,15.8592,21.2268,0.263708,0.412405,0.0172454,0.203679,0.183635,0.426159,0.756961,0.347842,0.841432
1323,1718028832,2024-06-10 14:13 UTC,136663,258966,15.8931,21.2907,0.269696,0.419947,0.0199973,0.263324,0.183844,0.427816,0.761523,0.356486,0.863536
1324,1718029132,2024-06-10 14:18 UTC,136586,258747,15.927,21.3545,0.275686,0.427496,0.0230013,0.336863,0.184359,0.429467,0.766069,0.364646,0.886411
1325,1718029432,2024-06-10 14:23 UTC,136500,258528,15.961,21.4183,0.281677,0.435049,0.0263032,0.357233,0.184648,0.431111,0.77066,0.372256,0.907737
1326,1718029732,2024-06-10 14:28 UTC,136409,258309,15.995,21.4822,0.28767,0.442608,0.0296612,0.397689,0.184972,0.432761,0.775265,0.379814,0.930071
1327,1718030032,2024-06-10 14:33 UTC,136311,258088,16.0291,21.5461,0.293665,0.450172,0.0328071,0.387265,0.185372,0.434429,0.779873,0.387976,0.951219
1328,1718030332,2024-06-10 14:38 UTC,136214,257867,16.0632,21.6099,0.299661,0.457741,0.0360042,0.443284,0.185876,0.436101,0.784543,0.396093,0.97311
1329,1718030632,2024-06-10 14:43 UTC,136112,257645,16.0973,21.6738,0.305658,0.465314,0.0391779,0.161939,0.186341,0.437779,0.789174,0.404307,0.995912
1330,1718030932,2024-06-10 14:48 UTC,136019,257422,16.1315,21.7377,0.311657,0.472892,0.0421142,0.156661,0.186778,0.439481,0.793837,0.413356,1.01785
1331,1718031232,2024-06-10 14:53 UTC,135945,257199,16.1658,21.8017,0.317656,0.480473,0.0451224,0.174294,0.187411,0.44118,0.798499,0.422124,1.04003
1332,1718031532,2024-06-10 14:58 UTC,135866,256972,16.2001,21.8656,0.323657,0.488058,0.0480792,0.189371,0.187959,0.442893,0.80321,0.43134,1.06368
1333,1718031832,2024-06-10 15:03 UTC,135778,256758,16.2038,21.8112,0.326973,0.492344,0.0505558,0.21614,0.188813,0.442939,0.799176,0.434044,1.07559
1334,1718032132,2024-06-10 15:08 UTC,135698,256552,16.1985,21.7223,0.329503,0.495662,0.0519356,0.228582,0.190142,0.44255,0.792583,0.437565,1.087
1335,1718032431,2024-06-10 15:13 UTC,135600,256346,16.1933,21.6336,0.332026,0.49897,0.0525549,0.270121,0.190773,0.442204,0.786182,0.443069,1.09752
1336,1718032731,2024-06-10 15:18 UTC,135514,256139,16.188,21.5448,0.33456,0.50229,0.0528567,0.326592,0.191493,0.441879,0.779734,0.449559,1.11024
1337,1718033031,2024-06-10 15:23 UTC,135439,255931,16.1828,21.456,0.337094,0.50561,0.0530843,0.309424,0.192363,0.441561,0.773329,0.456349,1.124
1338,1718033331,2024-06-10 15:28 UTC,135351,255723,16.1775,21.3673,0.33963,0.508932,0.0549308,0.311764,0.197599,0.441149,0.766975,0.458955,1.14446
1339,1718033631,2024-06-10 15:33 UTC,135280,255515,16.1723,21.2786,0.342168,0.512253,0.0586449,0.159269,0.200045,0.440643,0.760618,0.457708,1.18287
1340,1718033931,2024-06-10 15:38 UTC,135209,255307,16.1671,21.19,0.344707,0.515576,0.0610789,0.158549,0.201871,0.440211,0.754308,0.459668,1.2038
1341,1718034231,2024-06-10 15:43 UTC,135129,255098,16.1618,21.1015,0.347247,0.518899,0.0627992,0.172939,0.203298,0.439815,0.748002,0.463069,1.21558
1342,1718034531,2024-06-10 15:48 UTC,135048,254889,16.1566,21.013,0.349789,0.522223,0.0641481,0.25714,0.204625,0.439441,0.741735,0.467206,1.22715
1343,1718034831,2024-06-10 15:53 UTC,134968,254679,16.1515,20.9246,0.352332,0.525547,0.0654108,0.317881,0.20584,0.439074,0.735507,0.471457,1.23938
1344,1718035131,2024-06-10 15:58 UTC,134885,254470,16.1463,20.8363,0.354876,0.528872,0.0666002,0.387573,0.206946,0.438714,0.72931,0.475821,1.25042
1345,1718035431,2024-06-10 16:03 UTC,134818,254259,16.1411,20.748,0.354714,0.528871,0.0676625,0.334956,0.207848,0.438366,0.723124,0.472363,1.24339
1346,1718035731,2024-06-10 16:08 UTC,134753,254053,16.1359,20.6598,0.353744,0.527876,0.0680091,0.181499,0.208947,0.438058,0.71698,0.468646,1.24152
1347,1718036031,2024-06-10 16:13 UTC,134679,253872,16.1308,20.5717,0.352775,0.526881,0.0675955,0.186659,0.209859,0.437788,0.71087,0.466855,1.2395
1348,1718036331,2024-06-10 16:18 UTC,134613,253690,16.1257,20.4837,0.351808,0.525886,0.0667985,0.18584,0.210954,0.437548,0.704795,0.46646,1.23981
1349,1718036631,2024-06-10 16:23 UTC,134528,253508,16.1205,20.3957,0.350843,0.524891,0.0658517,0.189427,0.211904,0.437313,0.698675,0.466007,1.24089
1350,1718036931,2024-06-10 16:28 UTC,134460,253326,16.1154,20.3078,0.349879,0.523896,0.0646935,0.194372,0.212785,0.437096,0.692675,0.46605,1.23801
1351,1718037231,2024-06-10 16:33 UTC,134387,253143,16.1103,20.22,0.348917,0.522902,0.0633563,0.188389,0.213632,0.436892,0.686691,0.466676,1.23759
1352,1718037531,2024-06-10 16:38 UTC,134316,252961,16.1052,20.1322,0.347957,0.521907,0.0618912,0.183823,0.214531,0.436695,0.680732,0.467503,1.23532
1353,1718037831,2024-06-10 16:43 UTC,134240,252778,16.1001,20.0543,0.346998,0.520912,0.0605119,0.19169,0.215372,0.436502,0.674811,0.468254,1.231
1354,1718038130,2024-06-10 16:48 UTC,134168,252594,16.0951,20.0537,0.346045,0.519921,0.0595114,0.186583,0.216062,0.43629,0.672714,0.467964,1.22975
1355,1718038430,2024-06-10 16:53 UTC,134095,252411,16.09,20.0532,0.345089,0.518926,0.0588005,0.193026,0.216889,0.436065,0.672543,0.466785,1.22641
1356,1718038730,2024-06-10 16:58 UTC,134028,252227,16.0849,20.0526,0.344136,0.517932,0.0578715,0.189671,0.217625,0.435854,0.672637,0.466098,1.22263
1357,1718039030,2024-06-10 17:03 UTC,133946,252043,16.0799,20.052,0.340999,0.514547,0.0566823,0.191833,0.21844,0.435663,0.67246,0.45977,1.21131
1358,1718039330,2024-06-10 17:08 UTC,133874,251859,16.0749,20.0514,0.337198,0.510434,0.0547195,0.187021,0.219142,0.435516,0.672521,0.453887,1.19586
1359,1718039630,2024-06-10 17:13 UTC,133800,251674,16.0698,20.0508,0.333398,0.506323,0.0521014,0.179935,0.219847,0.435405,0.672527,0.449711,1.18365
1360,1718039930,2024-06-10 17:18 UTC,133717,251490,16.0648,20.0503,0.329598,0.502214,0.0497068,0.25099,0.220584,0.435286,0.670234,0.444996,1.16853
1361,1718040230,2024-06-10 17:23 UTC,133648,251305,16.0598,20.0497,0.325799,0.498105,0.0481096,0.299746,0.221185,0.43513,0.670147,0.437718,1.13862
1362,1718040530,2024-06-10 17:28 UTC,133598,251119,16.0548,20.0491,0.322,0.493997,0.0470178,0.20899,0.221878,0.43495,0.670024,0.428897,1.10911
1363,1718040830,2024-06-10 17:33 UTC,133526,250934,16.0499,20.0485,0.318202,0.489891,0.048062,0.226127,0.222461,0.434661,0.669813,0.413788,1.0438
1364,1718041130,2024-06-10 17:38 UTC,133441,250748,16.0449,20.048,0.314404,0.485786,0.0519017,0.187458,0.223162,0.434228,0.669834,0.3919,0.977627
1365,1718041430,2024-06-10 17:43 UTC,133352,250562,16.0399,20.0474,0.310606,0.481708,0.0581021,0.181352,0.223828,0.433673,0.670198,0.364512,0.907804
1366,1718041730,2024-06-10 17:48 UTC,133276,250376,16.035,20.0468,0.30681,0.477747,0.0660484,0.184231,0.22476,0.433035,0.672235,0.334635,0.879571
1367,1718042030,2024-06-10 17:53 UTC,133198,250189,16.0301,20.0462,0.303013,0.473792,0.0747342,0.202065,0.226008,0.432359,0.674275,0.304191,0.857674
1368,1718042330,2024-06-10 17:58 UTC,133128,250002,16.0251,20.0641,0.299218,0.469873,0.0836508,0.222485,0.227083,0.431675,0.676318,0.275149,0.840296
1369,1718042630,2024-06-10 18:03 UTC,133054,249879,16.0049,20.068,0.294553,0.464808,0.0933259,0.23487,0.228252,0.430096,0.676583,0.244909,0.820016
1370,1718042930,2024-06-10 18:08 UTC,132972,249798,15.98,20.0639,0.289626,0.459394,0.10313,0.245401,0.229441,0.428255,0.676304,0.216915,0.797244
1371,1718043230,2024-06-10 18:13 UTC,132877,249719,15.955,20.0598,0.284702,0.454027,0.112777,0.25687,0.230679,0.426426,0.676026,0.191765,0.777632
1372,1718043530,2024-06-10 18:18 UTC,132786,249640,15.9301,20.0557,0.27978,0.448663,0.121984,0.265799,0.231884,0.424624,0.675749,0.169872,0.756241
1373,1718043830,2024-06-10 18:23 UTC,132708,249562,15.9052,20.0516,0.27486,0.4433,0.130072,0.277633,0.23319,0.422886,0.675472,0.151711,0.734484
1374,1718044129,2024-06-10 18:28 UTC,132633,249486,15.8804,20.0475,0.26996,0.437957,0.137018,0.284774,0.234385,0.421218,0.675194,0.136333,0.712938
1375,1718044429,2024-06-10 18:33 UTC,132542,249410,15.8555,20.0434,0.265046,0.432598,0.144034,0.309987,0.235668,0.41955,0.674916,0.122523,0.692951
1376,1718044729,2024-06-10 18:38 UTC,132450,249336,15.8306,20.0392,0.260136,0.427241,0.151286,0.424418,0.236988,0.41787,0.674641,0.110106,0.672504
1377,1718045029,2024-06-10 18:43 UTC,132356,249262,15.8058,20.0351,0.255228,0.421886,0.15827,0.475838,0.238164,0.416208,0.674365,0.0990023,0.651609
1378,1718045329,2024-06-10 18:48 UTC,132265,249190,15.7809,20.031,0.250325,0.416534,0.165071,0.507202,0.239365,0.414566,0.674085,0.088636,0.631761
1379,1718045629,2024-06-10 18:53 UTC,132162,249118,15.756,20.0269,0.245425,0.411184,0.17122,0.523604,0.240495,0.412962,0.673808,0.0791328,0.612608
1380,1718045929,2024-06-10 18:58 UTC,132054,249048,15.7312,20.0228,0.240529,0.405836,0.17674,0.530457,0.241646,0.411389,0.673531,0.0700751,0.594063
1381,1718046229,2024-06-10 19:03 UTC,131969,248979,15.7064,20.0187,0.236329,0.400759,0.181785,0.531896,0.242907,0.409842,0.673255,0.0620625,0.576245
1382,1718046529,2024-06-10 19:08 UTC,131864,248910,15.6815,20.0145,0.232346,0.395767,0.186274,0.530644,0.243917,0.408331,0.672977,0.0546981,0.56235
1383,1718046829,2024-06-10 19:13 UTC,131766,248843,15.6567,20.0104,0.228364,0.390776,0.190556,0.527948,0.24517,0.406836,0.672698,0.0474053,0.54733
1384,1718047129,2024-06-10 19:18 UTC,131666,248777,15.6319,20.0063,0.224383,0.385788,0.193521,0.524484,0.246105,0.405408,0.672422,0.0409796,0.531811
1385,1718047429,2024-06-10 19:23 UTC,131580,248711,15.6071,20.0022,0.220403,0.380801,0.195997,0.520612,0.247111,0.404005,0.672146,0.0351429,0.517567
1386,1718047729,2024-06-10 19:28 UTC,131475,248647,15.5823,19.9981,0.216425,0.375816,0.197898,0.516523,0.247993,0.402638,0.67187,0.0295897,0.502203
1387,1718048029,2024-06-10 19:33 UTC,131361,248584,15.5575,19.9939,0.212449,0.370832,0.198944,0.512316,0.248824,0.401316,0.671594,0.0247548,0.486864
1388,1718048329,2024-06-10 19:38 UTC,131260,248521,15.5327,19.9898,0.208475,0.365851,0.200605,0.508044,0.249708,0.399964,0.671318,0.019625,0.473106
1389,1718048629,2024-06-10 19:43 UTC,131170,248460,15.5079,19.9857,0.204502,0.360872,0.201338,0.503733,0.250679,0.398668,0.671041,0.0154937,0.45996
1390,1718048929,2024-06-10 19:48 UTC,131074,248400,15.4831,19.9816,0.200532,0.355896,0.20159,0.499397,0.251535,0.397399,0.670762,0.012079,0.446227
1391,1718049229,2024-06-10 19:53 UTC,130966,248340,15.4584,19.9775,0.196564,0.350921,0.202341,0.495041,0.252293,0.396109,0.670488,0.00854553,0.439559
1392,1718049529,2024-06-10 19:58 UTC,130860,248282,15.4336,19.9734,0.192599,0.345949,0.203399,0.490668,0.253065,0.394805,0.670211,0.00614934,0.439944
1393,1718049829,2024-06-10 20:03 UTC,130757,248224,15.4089,19.9692,0.190231,0.342544,0.204471,0.48671,0.253948,0.393501,0.669935,0.00620315,0.434299
1394,1718050128,2024-06-10 20:08 UTC,130658,248168,15.3842,19.9651,0.188364,0.339634,0.205628,0.483774,0.254705,0.392197,0.66966,0.00728577,0.429325
1395,1718050428,2024-06-10 20:13 UTC,130543,248112,15.3595,19.961,0.186492,0.336714,0.206397,0.481359,0.255418,0.390913,0.669383,0.00881186,0.427109
1396,1718050728,2024-06-10 20:18 UTC,130447,248058,15.3348,19.9569,0.18462,0.333794,0.206678,0.479166,0.256186,0.389658,0.669109,0.0101913,0.449712
1397,1718051028,2024-06-10 20:23 UTC,130360,248004,15.3101,19.9528,0.18275,0.330874,0.206526,0.477043,0.256947,0.388429,0.668832,0.0112618,0.504284
1398,1718051328,2024-06-10 20:28 UTC,130255,247951,15.2854,19.9487,0.18088,0.327954,0.206825,0.474965,0.257799,0.387177,0.668556,0.0128349,0.460949
1399,1718051628,2024-06-10 20:33 UTC,130165,247900,15.2607,19.9446,0.179011,0.325034,0.206602,0.472925,0.258503,0.385957,0.66828,0.0140084,0.458539
1400,1718051928,2024-06-10 20:38 UTC,130070,247849,15.236,19.9404,0.177144,0.322114,0.206387,0.470918,0.259356,0.384737,0.668004,0.0152168,0.426515
1401,1718052228,2024-06-10 20:43 UTC,129969,247798,15.2113,19.9363,0.175277,0.319194,0.206111,0.468941,0.260177,0.383524,0.667728,0.0163535,0.419217
1402,1718052528,2024-06-10 20:48 UTC,129863,247749,15.1867,19.9322,0.173412,0.316274,0.205685,0.466995,0.260943,0.382317,0.667453,0.0175841,0.411206
1403,1718052828,2024-06-10 20:53 UTC,129762,247701,15.162,19.9281,0.171547,0.313354,0.205105,0.46508,0.261671,0.381126,0.667176,0.0184483,0.408757
1404,1718053128,2024-06-10 20:58 UTC,129681,247654,15.1374,19.924,0.169684,0.310434,0.204348,0.463195,0.262441,0.379943,0.6669,0.0192284,0.407769
1405,1718053428,2024-06-10 21:03 UTC,129586,247663,15.1026,19.909,0.169652,0.30992,0.203585,0.461749,0.263128,0.378255,0.665899,0.0182273,0.399637
1406,1718053728,2024-06-10 21:08 UTC,129480,247709,15.0647,19.8906,0.170198,0.31017,0.202654,0.461346,0.263876,0.376425,0.664669,0.0164755,0.415837
1407,1718054028,2024-06-10 21:13 UTC,129394,247756,15.0267,19.8722,0.170746,0.310424,0.201676,0.461556,0.264567,0.374596,0.66344,0.014798,0.40572
1408,1718054328,2024-06-10 21:18 UTC,129286,247804,14.9888,19.8538,0.171296,0.310683,0.200527,0.462121,0.265264,0.37278,0.662212,0.0130521,0.415628
1409,1718054628,2024-06-10 21:23 UTC,129211,247855,14.9509,19.8354,0.171847,0.310946,0.199364,0.462904,0.265936,0.370975,0.66099,0.0109932,0.428012
1410,1718054928,2024-06-10 21:28 UTC,129110,247906,14.913,19.8171,0.1724,0.311213,0.198329,0.463829,0.266477,0.369166,0.659765,0.00940709,0.436593
1411,1718055228,2024-06-10 21:33 UTC,129031,247959,14.8751,19.7987,0.172955,0.311485,0.197474,0.464855,0.267138,0.367361,0.65854,0.00795436,0.428172
1412,1718055528,2024-06-10 21:38 UTC,128933,248013,14.8372,19.7803,0.173511,0.311761,0.196954,0.465961,0.267708,0.365537,0.657321,0.00680879,0.435463
1413,1718055827,2024-06-10 21:43 UTC,128842,248069,14.7995,19.762,0.174067,0.31204,0.196485,0.467133,0.268436,0.363726,0.656107,0.00567304,0.443067
1414,1718056127,2024-06-10 21:48 UTC,128751,248126,14.7616,19.7437,0.174626,0.312324,0.19582,0.46836,0.268957,0.361922,0.654886,0.00438448,0.436619
1415,1718056427,2024-06-10 21:53 UTC,128674,248184,14.7238,19.7253,0.175186,0.312613,0.195139,0.469619,0.269496,0.360121,0.653671,0.00315047,0.441585
1416,1718056727,2024-06-10 21:58 UTC,128588,248244,14.6859,19.707,0.175748,0.312906,0.194772,0.470901,0.270138,0.358312,0.652455,0.00222425,0.456912
1417,1718057027,2024-06-10 22:03 UTC,128497,248305,14.6481,19.6887,0.178273,0.315845,0.194539,0.472572,0.270859,0.356502,0.651243,0.000494509,0.467625
1418,1718057327,2024-06-10 22:08 UTC,128420,248368,14.6103,19.6703,0.181435,0.319646,0.194412,0.475168,0.271423,0.354696,0.65003,0.00364971,0.478863
1419,1718057627,2024-06-10 22:13 UTC,128298,248432,14.5725,19.652,0.184605,0.323461,0.194922,0.478288,0.271946,0.352858,0.648821,0.00622015,0.493546
1420,1718057927,2024-06-10 22:18 UTC,128241,248497,14.5347,19.6337,0.187781,0.327288,0.195511,0.481693,0.272436,0.351025,0.647611,0.00870926,0.505226
1421,1718058227,2024-06-10 22:23 UTC,128146,248563,14.497,19.6154,0.190964,0.331127,0.196118,0.485256,0.272973,0.3492,0.646404,0.0111149,0.510009
1422,1718058527,2024-06-10 22:28 UTC,128074,248631,14.4592,19.5971,0.194153,0.334979,0.196852,0.488904,0.273729,0.347371,0.645198,0.0134282,0.519473
1423,1718058827,2024-06-10 22:33 UTC,127970,248700,14.4215,19.5788,0.197347,0.338842,0.197314,0.492595,0.274025,0.34556,0.643992,0.0160152,0.537178
1424,1718059127,2024-06-10 22:38 UTC,127886,248770,14.3838,19.5605,0.200546,0.342719,0.197656,0.496306,0.274697,0.343761,0.64279,0.0187828,0.553454
1425,1718059427,2024-06-10 22:43 UTC,127806,248841,14.346,19.5422,0.203751,0.346662,0.198056,0.500023,0.275192,0.341961,0.641589,0.0214201,0.563892
1426,1718059727,2024-06-10 22:48 UTC,127711,248914,14.3083,19.5239,0.206961,0.350617,0.198569,0.503736,0.275826,0.340162,0.640389,0.0240709,0.550069
1427,1718060027,2024-06-10 22:53 UTC,127650,248988,14.2706,19.5057,0.210176,0.354641,0.198743,0.507434,0.276551,0.338386,0.63919,0.0270153,0.575772
1428,1718060327,2024-06-10 22:58 UTC,127538,249090,14.233,19.4874,0.213395,0.358678,0.198789,0.515558,0.276967,0.336619,0.637994,0.0300749,0.57602
1429,1718060627,2024-06-10 23:03 UTC,127481,249196,14.1953,19.4691,0.218289,0.364595,0.199089,0.527892,0.277696,0.334851,0.636799,0.0346692,0.60912
1430,1718060927,2024-06-10 23:08 UTC,127382,249303,14.1577,19.4509,0.223724,0.371108,0.199671,0.542172,0.278263,0.333068,0.635605,0.0395909,0.621194
1431,1718061227,2024-06-10 23:13 UTC,127319,249412,14.12,19.4326,0.229162,0.377633,0.200134,0.564279,0.278819,0.331304,0.634412,0.0447107,0.631527
1432,1718061527,2024-06-10 23:18 UTC,127206,249522,14.0824,19.4144,0.234602,0.384171,0.200562,0.574695,0.279173,0.32954,0.633222,0.0497237,0.853911
1433,1718061826,2024-06-10 23:23 UTC,127153,249632,14.0449,19.3962,0.240026,0.390698,0.200912,0.585197,0.279867,0.327797,0.632037,0.054889,0.64324
1434,1718062126,2024-06-10 23:28 UTC,127057,249744,14.0073,19.378,0.245471,0.397258,0.201652,0.593531,0.280321,0.326029,0.630849,0.059822,0.651859
1435,1718062426,2024-06-10 23:33 UTC,126975,249857,13.9697,19.3597,0.250918,0.403828,0.202654,0.602496,0.280922,0.324257,0.629663,0.0646142,0.654078
1436,1718062726,2024-06-10 23:38 UTC,126908,249971,13.9322,19.3415,0.256367,0.410408,0.203576,0.605487,0.281475,0.322496,0.628478,0.069566,0.682129
1437,1718063026,2024-06-10 23:43 UTC,126824,250086,13.8946,19.3233,0.261818,0.416998,0.204438,0.625987,0.282046,0.32074,0.627295,0.0746348,0.708638
1438,1718063326,2024-06-10 23:48 UTC,126747,250202,13.8571,19.3051,0.26727,0.423597,0.205562,0.641077,0.282615,0.318982,0.626115,0.079594,0.732358
1439,1718063626,2024-06-10 23:53 UTC,126640,250319,13.8196,19.2869,0.272725,0.430204,0.206637,0.645079,0.283243,0.317223,0.624934,0.0846148,0.743105
1440,1718063926,2024-06-10 23:58 UTC,126583,250437,13.7821,19.2687,0.27818,0.43682,0.208171,0.660863,0.28408,0.31546,0.623756,0.089521,0.750388
1441,1718064226,2024-06-11 00:03 UTC,126508,250556,13.7261,19.1728,0.283758,0.442889,0.209835,0.672507,0.284683,0.312823,0.61756,0.0946134,0.779294
1442,1718064526,2024-06-11 00:08 UTC,126444,250676,13.6641,19.0514,0.289379,0.448784,0.211464,0.688957,0.285447,0.309917,0.609767,0.0999464,0.796588
1443,1718064826,2024-06-11 00:13 UTC,126376,250796,13.6022,18.9301,0.295004,0.454687,0.212524,0.696458,0.286037,0.307056,0.602024,0.105889,0.840696
1444,1718065126,2024-06-11 00:18 UTC,126318,250917,13.5403,18.8088,0.300633,0.460597,0.213375,0.699952,0.286694,0.304219,0.594333,0.111901,0.84901
1445,1718065426,2024-06-11 00:23 UTC,126249,251039,13.4785,18.6875,0.306265,0.466513,0.214325,0.708156,0.287293,0.301394,0.586694,0.118156,0.876054
1446,1718065726,2024-06-11 00:28 UTC,126194,251163,13.4167,18.5662,0.311901,0.472439,0.215193,0.696586,0.288117,0.298592,0.579099,0.124707,0.955356
1447,1718066026,2024-06-11 00:33 UTC,126127,251287,13.355,18.445,0.317539,0.47838,0.215673,0.697207,0.288788,0.295821,0.571564,0.131681,0.966034
1448,1718066326,2024-06-11 00:38 UTC,126096,251412,13.2934,18.3405,0.323181,0.484327,0.215975,0.697164,0.289591,0.293079,0.564078,0.139,0.975496
1449,1718066626,2024-06-11 00:43 UTC,126012,251538,13.2318,18.2645,0.328825,0.49028,0.216102,0.703618,0.290143,0.290352,0.556641,0.146568,1.00948
1450,1718066926,2024-06-11 00:48 UTC,125946,251665,13.1703,18.1885,0.334472,0.496238,0.216374,0.693443,0.290851,0.287644,0.549256,0.154369,1.09177
1451,1718067226,2024-06-11 00:53 UTC,125893,251793,13.1088,18.1127,0.340122,0.502201,0.216792,0.700347,0.291567,0.284942,0.541922,0.162134,1.09836
1452,1718067526,2024-06-11 00:58 UTC,125853,251922,13.0474,18.0369,0.345774,0.50833,0.217124,0.707207,0.292302,0.28226,0.534638,0.17023,1.12055
1453,1718067825,2024-06-11 01:03 UTC,125786,252052,12.9863,17.9615,0.349946,0.512691,0.217697,0.698961,0.29296,0.279592,0.527432,0.175563,1.1641
1454,1718068125,2024-06-11 01:08 UTC,125733,252182,12.9251,17.8859,0.35365,0.516489,0.217921,0.711716,0.293544,0.276944,0.520249,0.180797,1.16967
1455,1718068425,2024-06-11 01:13 UTC,125675,252314,12.8639,17.8104,0.357355,0.520291,0.218024,0.714364,0.294186,0.274323,0.514372,0.186397,1.19292
1456,1718068725,2024-06-11 01:18 UTC,125635,252446,12.8028,17.7349,0.361062,0.524095,0.218109,0.721549,0.295006,0.271723,0.509829,0.192278,1.21957
1457,1718069025,2024-06-11 01:23 UTC,125574,252580,12.7417,17.6596,0.364769,0.527903,0.218033,0.735161,0.295583,0.269141,0.505312,0.198162,1.24798
1458,1718069325,2024-06-11 01:28 UTC,125517,252714,12.6807,17.5844,0.368479,0.531713,0.218151,0.744814,0.296304,0.266562,0.500819,0.203818,1.31983
1459,1718069625,2024-06-11 01:33 UTC,125477,252849,12.6198,17.5092,0.372189,0.535527,0.218279,0.75346,0.296938,0.264004,0.496352,0.209766,1.34565
1460,1718069925,2024-06-11 01:38 UTC,125421,252985,12.559,17.4342,0.375901,0.539344,0.218447,0.761623,0.29771,0.261457,0.491911,0.215676,1.36327
1461,1718070225,2024-06-11 01:43 UTC,125373,253122,12.4983,17.3592,0.379613,0.543167,0.218658,0.77368,0.298395,0.258927,0.487495,0.221654,1.38626
1462,1718070525,2024-06-11 01:48 UTC,125328,253260,12.4376,17.2843,0.383327,0.546993,0.219047,0.780956,0.299288,0.256403,0.483104,0.227641,1.36899
1463,1718070825,2024-06-11 01:53 UTC,125290,253399,12.377,17.2096,0.387042,0.550822,0.219241,0.755522,0.300002,0.2539,0.478738,0.233994,1.38934
1464,1718071125,2024-06-11 01:58 UTC,125236,253538,12.3165,17.1349,0.390758,0.554653,0.219579,0.76108,0.300879,0.251411,0.474398,0.24022,1.41391
1465,1718071425,2024-06-11 02:03 UTC,125203,253678,12.2561,17.0603,0.391943,0.555685,0.219485,0.755697,0.301584,0.24896,0.470083,0.242192,1.42003
1466,1718071725,2024-06-11 02:08 UTC,125154,253820,12.1957,16.9858,0.392285,0.555784,0.219124,0.741244,0.302439,0.246536,0.465793,0.242926,1.45443
1467,1718072025,2024-06-11 02:13 UTC,125109,253961,12.1355,16.9115,0.392627,0.555884,0.218434,0.735013,0.303283,0.244146,0.461529,0.244208,1.47443
1468,1718072325,2024-06-11 02:18 UTC,125097,254104,12.0753,16.8372,0.392969,0.555985,0.217546,0.733613,0.304197,0.241781,0.457289,0.245663,1.44226
1469,1718072625,2024-06-11 02:23 UTC,125044,254248,12.0152,16.763,0.393311,0.556087,0.216425,0.730563,0.304725,0.23944,0.453076,0.247377,1.40743
1470,1718072925,2024-06-11 02:28 UTC,125022,254392,11.9552,16.689,0.393653,0.556191,0.215357,0.718651,0.305478,0.237113,0.448887,0.249297,1.40231
1471,1718073225,2024-06-11 02:33 UTC,124999,254537,11.8954,16.615,0.393996,0.556295,0.214095,0.716894,0.306178,0.234809,0.444724,0.251434,1.3992
1472,1718073524,2024-06-11 02:38 UTC,124964,254683,11.8358,16.5414,0.394337,0.556401,0.212597,0.71354,0.306854,0.232539,0.4406,0.253875,1.39607
1473,1718073824,2024-06-11 02:43 UTC,124930,254830,11.7761,16.4677,0.39468,0.556508,0.211175,0.713728,0.307543,0.230276,0.436487,0.256393,1.39296
1474,1718074124,2024-06-11 02:48 UTC,124908,254978,11.7165,16.394,0.395023,0.556616,0.209878,0.713848,0.308106,0.228026,0.4324,0.258537,1.38984
1475,1718074424,2024-06-11 02:53 UTC,124868,255126,11.6571,16.3205,0.395366,0.556725,0.20826,0.71391,0.308861,0.225803,0.428338,0.261118,1.38934
1476,1718074724,2024-06-11 02:58 UTC,124838,255275,11.5977,16.2471,0.395709,0.556835,0.206656,0.71391,0.30955,0.223598,0.425613,0.26376,1.38362
1477,1718075024,2024-06-11 03:03 UTC,124817,255367,11.5223,16.1692,0.393157,0.552975,0.20462,0.713131,0.310246,0.220742,0.42231,0.26143,1.36501
1478,1718075324,2024-06-11 03:08 UTC,124785,255425,11.4414,16.0898,0.389621,0.547768,0.202051,0.710554,0.310896,0.217702,0.418268,0.257888,1.33511
1479,1718075624,2024-06-11 03:13 UTC,124766,255482,11.3606,16.0105,0.386086,0.542561,0.199228,0.706891,0.311594,0.2147,0.414248,0.254949,1.30915
1480,1718075924,2024-06-11 03:18 UTC,124745,255539,11.2798,15.9311,0.382552,0.537355,0.196151,0.702559,0.312271,0.211731,0.410244,0.251985,1.28156
1481,1718076224,2024-06-11 03:23 UTC,124726,255595,11.1991,15.8518,0.379017,0.532149,0.193035,0.697457,0.312923,0.208789,0.406263,0.249428,1.25519
1482,1718076524,2024-06-11 03:28 UTC,124713,255651,11.1185,15.7725,0.375483,0.526944,0.189863,0.692885,0.313638,0.205876,0.402298,0.246666,1.22911
1483,1718076824,2024-06-11 03:33 UTC,124689,255707,11.0379,15.6933,0.371949,0.52174,0.186186,0.68805,0.314168,0.203005,0.398354,0.244925,1.20327
1484,1718077124,2024-06-11 03:38 UTC,124704,255763,10.9573,15.6141,0.368416,0.516536,0.182611,0.683044,0.315016,0.200158,0.394431,0.243124,1.17774
1485,1718077424,2024-06-11 03:43 UTC,124701,255819,10.8768,15.5349,0.364882,0.511333,0.178811,0.66851,0.315589,0.197342,0.390521,0.241605,1.15247
1486,1718077724,2024-06-11 03:48 UTC,124686,255874,10.7964,15.4558,0.361349,0.50613,0.174993,0.663447,0.316717,0.194559,0.386641,0.240469,1.13124
1487,1718078024,2024-06-11 03:53 UTC,124695,255929,10.716,15.3767,0.357817,0.500928,0.171179,0.658384,0.317424,0.191799,0.382781,0.239299,1.10923
1488,1718078324,2024-06-11 03:58 UTC,124698,255984,10.6357,15.2977,0.354284,0.495727,0.167223,0.65761,0.318167,0.189068,0.378931,0.238279,1.09067
1489,1718078624,2024-06-11 04:03 UTC,124721,256038,10.5555,15.2186,0.348035,0.486708,0.162782,0.658765,0.319053,0.186382,0.375103,0.232967,1.05266
1490,1718078924,2024-06-11 04:08 UTC,124722,256093,10.4753,15.1397,0.340865,0.476397,0.157764,0.651453,0.319705,0.183737,0.3713,0.226889,1.00811
1491,1718079224,2024-06-11 04:13 UTC,124745,256147,10.3953,15.0607,0.333696,0.466087,0.152229,0.65489,0.320398,0.181142,0.36751,0.22171,0.968811
1492,1718079523,2024-06-11 04:18 UTC,124763,256201,10.3155,14.9821,0.326552,0.455811,0.14662,0.653084,0.320997,0.178581,0.363754,0.21666,0.929137
1493,1718079823,2024-06-11 04:23 UTC,124798,256254,10.2356,14.9032,0.319386,0.4455,0.14104,0.645487,0.321735,0.176033,0.360009,0.21166,0.893224
1494,1718080123,2024-06-11 04:28 UTC,124843,256308,10.1558,14.8244,0.312222,0.435203,0.135421,0.632134,0.322475,0.173512,0.356273,0.206721,0.856918
1495,1718080423,2024-06-11 04:33 UTC,124863,256361,10.0761,14.7456,0.305059,0.424908,0.129607,0.618192,0.322961,0.171021,0.35257,0.202008,0.819744
1496,1718080723,2024-06-11 04:38 UTC,124892,256414,9.99643,14.6669,0.297898,0.414614,0.123732,0.602203,0.32347,0.168559,0.3489,0.197695,0.785108
1497,1718081023,2024-06-11 04:43 UTC,124935,256467,9.9169,14.5882,0.290738,0.404384,0.117845,0.588804,0.324028,0.166121,0.345261,0.193354,0.751166
1498,1718081323,2024-06-11 04:48 UTC,124969,256520,9.83747,14.5095,0.283581,0.394242,0.111879,0.5769,0.324495,0.163709,0.341644,0.189215,0.719217
1499,1718081623,2024-06-11 04:53 UTC,124984,256572,9.75816,14.4309,0.276426,0.384101,0.105967,0.56615,0.324933,0.161319,0.33805,0.185131,0.686656
1500,1718081923,2024-06-11 04:58 UTC,125049,256624,9.67896,14.3523,0.269273,0.373959,0.10019,0.557152,0.325499,0.158949,0.334472,0.180974,0.655214
1501,1718082223,2024-06-11 05:03 UTC,125090,256676,9.59988,14.2738,0.26012,0.361527,0.0943179,0.547804,0.325993,0.156608,0.330911,0.173679,0.617429
1502,1718082523,2024-06-11 05:08 UTC,125117,256728,9.52093,14.1953,0.250278,0.348303,0.0878916,0.537173,0.326402,0.154307,0.327371,0.166041,0.577268
1503,1718082823,2024-06-11 05:13 UTC,125167,256780,9.44212,14.1169,0.240437,0.33508,0.0808856,0.525332,0.326845,0.152049,0.32385,0.1594,0.548729
1504,1718083123,2024-06-11 05:18 UTC,125199,256832,9.36345,14.0385,0.230598,0.321858,0.0737174,0.514277,0.327198,0.149821,0.32035,0.153249,0.507822
1505,1718083423,2024-06-11 05:23 UTC,125249,256883,9.28494,13.9602,0.220762,0.308636,0.066297,0.502941,0.327511,0.147625,0.316868,0.147659,0.469747
1506,1718083723,2024-06-11 05:28 UTC,125295,256934,9.20659,13.8819,0.210928,0.296363,0.0589157,0.491677,0.327818,0.145452,0.313407,0.142184,0.43084
1507,1718084023,2024-06-11 05:33 UTC,125349,256985,9.12841,13.8037,0.201097,0.284502,0.0518577,0.48037,0.32816,0.143293,0.30996,0.136346,0.395147
1508,1718084323,2024-06-11 05:38 UTC,125389,257036,9.05043,13.7255,0.191269,0.272641,0.0452857,0.468958,0.328464,0.141139,0.306536,0.129889,0.363201
1509,1718084623,2024-06-11 05:43 UTC,125440,257087,8.97267,13.6474,0.181445,0.260781,0.0387854,0.457522,0.328797,0.139004,0.30313,0.123526,0.332602
1510,1718084923,2024-06-11 05:48 UTC,125483,257137,8.89516,13.5693,0.171626,0.248922,0.0324725,0.445963,0.329085,0.136888,0.299742,0.117125,0.303357
1511,1718085223,2024-06-11 05:53 UTC,125521,257188,8.81793,13.4913,0.161813,0.237063,0.0263278,0.434344,0.329324,0.134793,0.296376,0.110894,0.286454
1512,1718085522,2024-06-11 05:58 UTC,125567,257238,8.74125,13.4136,0.152039,0.225245,0.0203178,0.422742,0.329508,0.132721,0.293038,0.104518,0.264653
1513,1718085822,2024-06-11 06:03 UTC,125592,257191,8.67366,13.2889,0.141475,0.212467,0.0144,0.411086,0.329687,0.130893,0.288504,0.0969859,0.249183
1514,1718086122,2024-06-11 06:08 UTC,125585,257082,8.6094,13.1478,0.130654,0.19937,0.00859414,0.399208,0.329767,0.129161,0.283586,0.0892659,0.249505
1515,1718086422,2024-06-11 06:13 UTC,125575,256968,8.54528,13.0067,0.119852,0.186279,0.00495068,0.387263,0.329887,0.127382,0.278713,0.079204,0.250418
1516,1718086722,2024-06-11 06:18 UTC,125570,256849,8.4813,12.8657,0.109077,0.173195,0.00418495,0.367955,0.329963,0.125533,0.273882,0.0667935,0.233753
1517,1718087022,2024-06-11 06:23 UTC,125556,256724,8.41748,12.7247,0.0983498,0.160121,0.00361599,0.346664,0.329995,0.1237,0.269096,0.0554607,0.228808
1518,1718087322,2024-06-11 06:28 UTC,125553,256594,8.35381,12.5837,0.087773,0.147225,0.00308668,0.33409,0.33008,0.121883,0.264354,0.0452458,0.228898
1519,1718087622,2024-06-11 06:33 UTC,125536,256458,8.2903,12.4427,0.0775582,0.135238,0.00250589,0.321457,0.330103,0.120086,0.259656,0.0362021,0.227926
1520,1718087922,2024-06-11 06:38 UTC,125527,256318,8.22695,12.3202,0.0678245,0.123303,0.00191752,0.308787,0.330132,0.118308,0.255003,0.0283045,0.226753
1521,1718088222,2024-06-11 06:43 UTC,125505,256172,8.16377,12.2083,0.0587287,0.111434,0.00133752,0.296094,0.330114,0.116547,0.250393,0.0214836,0.226649
1522,1718088522,2024-06-11 06:48 UTC,125485,256020,8.10076,12.0965,0.0505759,0.0996568,0.000847029,0.283391,0.330133,0.114804,0.245827,0.0156814,0.225196
1523,1718088822,2024-06-11 06:53 UTC,125467,255863,8.03793,11.9848,0.0437034,0.0880067,0.000412916,0.270685,0.330136,0.113079,0.241306,0.0107702,0.224849
1524,1718089122,2024-06-11 06:58 UTC,125449,255701,7.97528,11.8731,0.0382512,0.0800683,0.000172218,0.257984,0.330134,0.111371,0.236829,0.00656349,0.224571
1525,1718089422,2024-06-11 07:03 UTC,125427,255534,7.91281,11.7614,0.0346893,0.0755617,0.000112958,0.245512,0.330122,0.109678,0.232395,0.00325936,0.219408
1526,1718089722,2024-06-11 07:08 UTC,125408,255362,7.85055,11.6498,0.0327232,0.0724253,0.000116148,0.23369,0.330131,0.108004,0.228006,0.000893509,0.2156
1527,1718090022,2024-06-11 07:13 UTC,125388,255184,7.78849,11.5383,0.0327184,0.0708147,0.000146711,0.222348,0.330121,0.106349,0.223661,0.00269883,0.211318
1528,1718090322,2024-06-11 07:18 UTC,125368,255000,7.72663,11.4268,0.0348637,0.0739914,0.000111808,0.211347,0.330124,0.104711,0.21936,0.00549425,0.209116
1529,1718090622,2024-06-11 07:23 UTC,125348,254812,7.66499,11.3154,0.0389562,0.0817413,0.000106777,0.200597,0.33012,0.103093,0.215103,0.00864131,0.207396
1530,1718090922,2024-06-11 07:28 UTC,125329,254618,7.60357,11.204,0.0447479,0.0901434,0.000149115,0.190034,0.330115,0.101495,0.21089,0.0122878,0.204342
1531,1718091221,2024-06-11 07:33 UTC,125308,254419,7.54258,11.0931,0.0517984,0.0994547,0.000123673,0.179621,0.330116,0.0999191,0.206734,0.016633,0.203013
1532,1718091521,2024-06-11 07:38 UTC,125290,254215,7.48161,10.9818,0.0597926,0.108998,0.00016186,0.169333,0.330121,0.0983581,0.202609,0.0217519,0.201934
1533,1718091821,2024-06-11 07:43 UTC,125269,254006,7.42089,10.8707,0.0684191,0.118573,0.000193929,0.15916,0.330127,0.0968155,0.198529,0.0277454,0.20089
1534,1718092121,2024-06-11 07:48 UTC,125251,253791,7.3604,10.7596,0.0774191,0.128172,0.000251244,0.149099,0.330146,0.0952921,0.194492,0.0346246,0.198077
1535,1718092421,2024-06-11 07:53 UTC,125231,253571,7.30017,10.6486,0.0866017,0.13779,0.000330709,0.13916,0.330154,0.0937876,0.190499,0.0424159,0.197045
1536,1718092721,2024-06-11 07:58 UTC,125213,253346,7.2402,10.5376,0.0958893,0.149611,0.000513373,0.12936,0.330166,0.0923039,0.18655,0.0510359,0.19601
1537,1718093021,2024-06-11 08:03 UTC,125196,253155,7.1805,10.4268,0.102802,0.158833,0.000565509,0.12005,0.330203,0.0908354,0.182646,0.058213,0.189231
1538,1718093321,2024-06-11 08:08 UTC,125176,252970,7.12107,10.316,0.108876,0.167118,0.000503669,0.111852,0.330231,0.0893818,0.178785,0.065109,0.182294
1539,1718093621,2024-06-11 08:13 UTC,125156,252781,7.06194,10.2053,0.114977,0.175639,0.000653271,0.104471,0.330225,0.0879521,0.174969,0.072165,0.17702
1540,1718093921,2024-06-11 08:18 UTC,125136,252588,7.0031,10.0947,0.121099,0.184309,0.000798899,0.0976817,0.33025,0.0865398,0.171196,0.0795973,0.173271
1541,1718094221,2024-06-11 08:23 UTC,125116,252391,6.94457,9.98415,0.127238,0.192983,0.00123696,0.0913345,0.330296,0.0851526,0.167468,0.0870211,0.189199
1542,1718094521,2024-06-11 08:28 UTC,125100,252190,6.88635,9.87371,0.133393,0.201661,0.00199472,0.0853358,0.330352,0.0837907,0.163784,0.094331,0.205154
1543,1718094821,2024-06-11 08:33 UTC,125086,251984,6.82847,9.76371,0.13956,0.210343,0.00269789,0.0796306,0.330406,0.0824442,0.160154,0.102025,0.223101
1544,1718095121,2024-06-11 08:38 UTC,125062,251775,6.77092,9.65383,0.145738,0.219027,0.00371492,0.0840427,0.330431,0.0811227,0.15657,0.109542,0.240803
1545,1718095421,2024-06-11 08:43 UTC,125036,251561,6.71374,9.54404,0.151925,0.227714,0.00518043,0.0901322,0.330484,0.0798291,0.153029,0.11661,0.25779
1546,1718095721,2024-06-11 08:48 UTC,125019,251343,6.65693,9.43435,0.158119,0.23641,0.00724206,0.0960837,0.330558,0.0785665,0.149532,0.122965,0.273638
1547,1718096021,2024-06-11 08:53 UTC,125011,251127,6.6005,9.32477,0.164321,0.24512,0.00996457,0.102067,0.330698,0.0773357,0.146078,0.128409,0.287705
1548,1718096321,2024-06-11 08:58 UTC,124999,250916,6.54448,9.21529,0.170528,0.253833,0.0133514,0.108666,0.330832,0.0761377,0.142668,0.132841,0.299486
1549,1718096621,2024-06-11 09:03 UTC,124950,250641,6.50017,9.17215,0.17383,0.258604,0.0171419,0.116113,0.330941,0.075266,0.141336,0.131831,0.299852
1550,1718096921,2024-06-11 09:08 UTC,124873,250332,6.46,9.1527,0.176093,0.261967,0.0207042,0.123061,0.33106,0.0745034,0.140737,0.12953,0.296374
1551,1718097220,2024-06-11 09:13 UTC,124804,250020,6.42004,9.13332,0.17835,0.265319,0.0240842,0.127746,0.331244,0.0737452,0.140141,0.127585,0.293515
1552,1718097520,2024-06-11 09:18 UTC,124731,249708,6.38,9.11387,0.180615,0.268682,0.0272436,0.131862,0.331357,0.0729855,0.139546,0.126048,0.291318
1553,1718097820,2024-06-11 09:23 UTC,124650,249392,6.34004,9.09443,0.182882,0.272045,0.030253,0.135681,0.331473,0.072229,0.13895,0.124775,0.28953
1554,1718098120,2024-06-11 09:28 UTC,124563,249069,6.30014,9.07498,0.18515,0.275409,0.033184,0.139246,0.331541,0.0714775,0.138357,0.123648,0.288008
1555,1718098420,2024-06-11 09:33 UTC,124493,248734,6.26032,9.05554,0.18742,0.278773,0.0361266,0.142599,0.331734,0.0707331,0.137764,0.122536,0.28665
1556,1718098720,2024-06-11 09:38 UTC,124425,248396,6.22059,9.0361,0.18969,0.282137,0.0390292,0.145782,0.331898,0.0699939,0.137174,0.121529,0.285564
1557,1718099020,2024-06-11 09:43 UTC,124356,248054,6.18093,9.01666,0.191962,0.285501,0.0418152,0.148804,0.332101,0.0692586,0.136584,0.120719,0.284586
1558,1718099320,2024-06-11 09:48 UTC,124271,247709,6.14137,8.99722,0.194234,0.288866,0.0445448,0.151701,0.332218,0.0685285,0.135996,0.120035,0.283646
1559,1718099620,2024-06-11 09:53 UTC,124202,247356,6.10189,8.97778,0.196508,0.29223,0.0471766,0.154491,0.332414,0.0678015,0.135409,0.119554,0.283194
1560,1718099920,2024-06-11 09:58 UTC,124134,246995,6.06251,8.95834,0.198782,0.295595,0.0497099,0.157183,0.332656,0.0670782,0.134823,0.119243,0.283146
1561,1718100220,2024-06-11 10:03 UTC,124048,246633,6.02323,8.93891,0.198068,0.294686,0.0519457,0.159676,0.332771,0.0663555,0.134239,0.114672,0.273961
1562,1718100520,2024-06-11 10:08 UTC,123982,246269,5.98406,8.91947,0.196271,0.292223,0.053399,0.161758,0.332978,0.065621,0.133656,0.109735,0.26457
1563,1718100820,2024-06-11 10:13 UTC,123915,245898,5.945,8.90004,0.194478,0.289759,0.0541982,0.163485,0.33317,0.0648792,0.133075,0.105871,0.260309
1564,1718101120,2024-06-11 10:18 UTC,123840,245519,5.90605,8.88061,0.192691,0.287296,0.0545656,0.164905,0.333373,0.0641346,0.132493,0.102665,0.256224
1565,1718101420,2024-06-11 10:23 UTC,123750,245130,5.86723,8.86118,0.190908,0.284832,0.0545076,0.166086,0.333448,0.063388,0.131915,0.100134,0.25208
1566,1718101720,2024-06-11 10:28 UTC,123669,244726,5.82854,8.84175,0.18913,0.282369,0.0542073,0.167063,0.333643,0.0626429,0.131336,0.0979742,0.248011
1567,1718102020,2024-06-11 10:33 UTC,123611,244307,5.78998,8.82232,0.187357,0.279906,0.0537762,0.167856,0.333875,0.0619021,0.13076,0.0960212,0.243977
1568,1718102320,2024-06-11 10:38 UTC,123524,243871,5.75158,8.8029,0.185589,0.277443,0.0531946,0.168511,0.333997,0.061165,0.130185,0.0942732,0.240609
1569,1718102620,2024-06-11 10:43 UTC,123453,243416,5.71335,8.78347,0.183827,0.274979,0.0525414,0.169047,0.334251,0.0604336,0.129611,0.0926525,0.2365
1570,1718102920,2024-06-11 10:48 UTC,123361,242940,5.67531,8.76405,0.18207,0.272516,0.0518574,0.169469,0.334329,0.0597097,0.129039,0.0910766,0.232687
1571,1718103219,2024-06-11 10:53 UTC,123289,242441,5.6376,8.74469,0.180325,0.270061,0.0510896,0.169813,0.334542,0.0589937,0.12847,0.0896254,0.228782
1572,1718103519,2024-06-11 10:58 UTC,123206,241915,5.59997,8.72527,0.178579,0.267607,0.0502237,0.170083,0.334709,0.0582809,0.127899,0.0882954,0.224744
1573,1718103819,2024-06-11 11:03 UTC,123130,241366,5.56256,8.70586,0.173972,0.261592,0.0491408,0.170263,0.334875,0.0575715,0.127331,0.0836099,0.214623
1574,1718104119,2024-06-11 11:08 UTC,123054,240788,5.52538,8.68644,0.16832,0.254259,0.0473991,0.170322,0.335088,0.0568553,0.126763,0.0785867,0.202616
1575,1718104419,2024-06-11 11:13 UTC,122956,240195,5.48844,8.66702,0.162689,0.246927,0.0451936,0.170296,0.335187,0.0561371,0.126197,0.0743059,0.190718
1576,1718104719,2024-06-11 11:18 UTC,122876,239675,5.45172,8.64763,0.15708,0.239595,0.0426715,0.170219,0.335365,0.0554198,0.125633,0.0705285,0.179485
1577,1718105019,2024-06-11 11:23 UTC,122792,239200,5.41526,8.6283,0.151497,0.232264,0.0399022,0.170106,0.335484,0.0547055,0.125071,0.0671493,0.168835
1578,1718105319,2024-06-11 11:28 UTC,122712,238699,5.37904,8.60897,0.145944,0.224933,0.0368421,0.16993,0.335614,0.0539935,0.124512,0.0641829,0.161862
1579,1718105619,2024-06-11 11:33 UTC,122638,238179,5.34309,8.58965,0.140424,0.217602,0.0336749,0.169666,0.335803,0.0532873,0.123953,0.0614611,0.155475
1580,1718105919,2024-06-11 11:38 UTC,122547,237644,5.3074,8.57032,0.134942,0.210271,0.0303277,0.16927,0.335872,0.0525855,0.123397,0.059012,0.149931
1581,1718106219,2024-06-11 11:43 UTC,122455,237094,5.27197,8.55099,0.129505,0.202941,0.026905,0.1687,0.335971,0.0518908,0.122841,0.0567256,0.144691
1582,1718106519,2024-06-11 11:48 UTC,122368,236534,5.23683,8.53167,0.124118,0.195952,0.023476,0.167929,0.336037,0.0512053,0.122286,0.0545071,0.139787
1583,1718106819,2024-06-11 11:53 UTC,122277,235965,5.20196,8.51235,0.118788,0.189151,0.0199854,0.166933,0.336099,0.0505264,0.121732,0.0524547,0.135329
1584,1718107119,2024-06-11 11:58 UTC,122188,235392,5.16737,8.49303,0.113525,0.182351,0.0165721,0.165686,0.336131,0.0498574,0.12118,0.0504184,0.13064
1585,1718107419,2024-06-11 12:03 UTC,122112,234963,5.15454,8.4478,0.106309,0.173472,0.0131104,0.164136,0.336202,0.0495572,0.119894,0.0467342,0.122819
1586,1718107719,2024-06-11 12:08 UTC,122043,234623,5.14985,8.393,0.0984847,0.163939,0.00937725,0.162158,0.336253,0.0493886,0.118343,0.0429035,0.114826
1587,1718108019,2024-06-11 12:13 UTC,121975,234292,5.14535,8.33823,0.0908575,0.154444,0.00575124,0.159727,0.336296,0.0492247,0.116804,0.0391817,0.107489
1588,1718108319,2024-06-11 12:18 UTC,121898,233976,5.14103,8.28348,0.0834923,0.144961,0.00327442,0.156852,0.33628,0.0490835,0.115275,0.0347374,0.0989356
1589,1718108619,2024-06-11 12:23 UTC,121831,233660,5.13691,8.22876,0.0764699,0.135478,0.0019817,0.153547,0.336296,0.0489651,0.113757,0.0297571,0.0891455
1590,1718108918,2024-06-11 12:28 UTC,121755,233342,5.13299,8.17424,0.0699075,0.126027,0.00138448,0.150674,0.336283,0.0488531,0.112254,0.0250436,0.0791823
1591,1718109218,2024-06-11 12:33 UTC,121686,233024,5.12924,8.11956,0.0638681,0.116546,0.000959227,0.147772,0.336279,0.0487505,0.110758,0.0205075,0.0690799
1592,1718109518,2024-06-11 12:38 UTC,121611,232705,5.12569,8.0649,0.058487,0.107066,0.000775148,0.144503,0.336279,0.0486561,0.109271,0.0162324,0.0590364
1593,1718109818,2024-06-11 12:43 UTC,121539,232387,5.12234,8.01027,0.0538684,0.0976028,0.000937472,0.142245,0.336286,0.0485684,0.107797,0.0122691,0.0491627
1594,1718110118,2024-06-11 12:48 UTC,121464,232065,5.11919,7.95567,0.0500956,0.0881416,0.00111506,0.150798,0.336279,0.048483,0.106332,0.00878268,0.0440961
1595,1718110418,2024-06-11 12:53 UTC,121396,231742,5.11625,7.92256,0.047195,0.0831432,0.00137754,0.159583,0.336286,0.0483984,0.105445,0.00597901,0.0433105
1596,1718110718,2024-06-11 12:58 UTC,121320,231419,5.11351,7.90032,0.04517,0.0899434,0.00156828,0.168569,0.336284,0.0483173,0.104856,0.0045548,0.0425958
1597,1718111018,2024-06-11 13:03 UTC,121249,231095,5.11094,7.87807,0.0438573,0.0967455,0.0017669,0.177719,0.336274,0.0482385,0.104264,0.0054315,0.0482018
1598,1718111318,2024-06-11 13:08 UTC,121175,230769,5.10854,7.86297,0.0437125,0.104025,0.00199677,0.186978,0.336269,0.0481613,0.103867,0.00791008,0.0557192
1599,1718111618,2024-06-11 13:13 UTC,121101,230442,5.10628,7.85373,0.0449912,0.112012,0.00220581,0.196339,0.336317,0.0480871,0.103625,0.0110435,0.0647543
1600,1718111918,2024-06-11 13:18 UTC,121030,230114,5.10416,7.84449,0.0476974,0.120424,0.00234605,0.205796,0.336348,0.0480156,0.10338,0.0145492,0.0746922
1601,1718112218,2024-06-11 13:23 UTC,120958,229786,5.10217,7.83525,0.0517218,0.129904,0.00248398,0.208275,0.336361,0.0479469,0.103134,0.0184981,0.08693
1602,1718112518,2024-06-11 13:28 UTC,120885,229460,5.10031,7.82601,0.0568951,0.139883,0.00257786,0.217743,0.33637,0.0478811,0.102891,0.0229565,0.100424
1603,1718112818,2024-06-11 13:33 UTC,120815,229134,5.09858,7.81677,0.0631055,0.150148,0.00278205,0.21251,0.33638,0.0478156,0.102645,0.0279424,0.115343
1604,1718113118,2024-06-11 13:38 UTC,120746,228808,5.09697,7.80753,0.0701775,0.160563,0.00302588,0.210413,0.336406,0.0477517,0.102401,0.033563,0.1315
1605,1718113418,2024-06-11 13:43 UTC,120678,228484,5.09549,7.79842,0.078084,0.171354,0.00337966,0.21648,0.336405,0.0476874,0.102156,0.0398265,0.149035
1606,1718113718,2024-06-11 13:48 UTC,120609,228158,5.09414,7.78981,0.0865042,0.182398,0.00385381,0.153533,0.336428,0.0476232,0.101925,0.0467598,0.167812
1607,1718114018,2024-06-11 13:53 UTC,120542,227831,5.09293,7.7812,0.0951908,0.193518,0.00451816,0.141003,0.336475,0.0475581,0.101692,0.0543007,0.187877
1608,1718114318,2024-06-11 13:58 UTC,120468,227504,5.09185,7.77259,0.103995,0.204702,0.00533,0.128331,0.336485,0.0474917,0.101454,0.0624145,0.209311
1609,1718114618,2024-06-11 14:03 UTC,120404,227171,5.09092,7.76399,0.111701,0.213421,0.00629799,0.133884,0.336524,0.0474249,0.101222,0.0695982,0.226751
1610,1718114917,2024-06-11 14:08 UTC,120338,226837,5.09012,7.75541,0.118974,0.221179,0.00750705,0.140617,0.336535,0.0473559,0.100982,0.0764219,0.24284
1611,1718115217,2024-06-11 14:13 UTC,120262,226504,5.08945,7.7468,0.126287,0.22897,0.00893847,0.147103,0.336488,0.0472846,0.100729,0.0833974,0.259673
1612,1718115517,2024-06-11 14:18 UTC,120191,226170,5.08892,7.73819,0.133612,0.236767,0.0105951,0.15397,0.336483,0.0472113,0.100474,0.090532,0.276989
1613,1718115817,2024-06-11 14:23 UTC,120130,225916,5.08853,7.72959,0.140948,0.24457,0.0124688,0.160449,0.336542,0.0471372,0.100197,0.0978019,0.295289
1614,1718116117,2024-06-11 14:28 UTC,120059,225789,5.08829,7.72098,0.148292,0.252379,0.0145831,0.16657,0.336528,0.0470603,0.0999129,0.105039,0.314185
1615,1718116417,2024-06-11 14:33 UTC,119995,225664,5.08822,7.71237,0.155642,0.260196,0.0169685,0.171444,0.336597,0.0469799,0.0996314,0.112154,0.333806
1616,1718116717,2024-06-11 14:38 UTC,119928,225542,5.08841,7.70376,0.162998,0.268024,0.0194692,0.177929,0.336653,0.0468995,0.0993374,0.11937,0.353862
1617,1718117017,2024-06-11 14:43 UTC,119863,225422,5.08879,7.69516,0.170359,0.275856,0.0221446,0.187096,0.336734,0.0468183,0.0990288,0.126613,0.374652
1618,1718117317,2024-06-11 14:48 UTC,119792,225305,5.08931,7.68655,0.177724,0.283692,0.0249016,0.196372,0.336759,0.0467381,0.0987104,0.134032,0.395968
1619,1718117617,2024-06-11 14:53 UTC,119732,225190,5.08995,7.67795,0.185093,0.291531,0.0277399,0.205636,0.336872,0.0466597,0.0983913,0.141665,0.417983
1620,1718117917,2024-06-11 14:58 UTC,119672,225077,5.0907,7.66934,0.192465,0.299373,0.0305611,0.214835,0.33702,0.0465838,0.0980688,0.14962,0.44063
1621,1718118217,2024-06-11 15:03 UTC,119610,224980,5.1164,7.70519,0.197823,0.304551,0.0331823,0.223881,0.337103,0.0469731,0.098896,0.154635,0.455866
1622,1718118517,2024-06-11 15:08 UTC,119556,226843,5.15201,7.75804,0.202411,0.308711,0.0354655,0.232613,0.337199,0.0475509,0.100167,0.158948,0.467852
1623,1718118817,2024-06-11 15:13 UTC,119505,226762,5.18804,7.81089,0.206999,0.312871,0.0374702,0.241046,0.337322,0.0481413,0.101447,0.163925,0.480625
1624,1718119117,2024-06-11 15:18 UTC,119449,226675,5.22448,7.86374,0.211588,0.317033,0.0392835,0.249199,0.337445,0.0487424,0.10275,0.169309,0.493324
1625,1718119417,2024-06-11 15:23 UTC,119384,224642,5.26131,7.91659,0.216178,0.32123,0.0410711,0.257081,0.337469,0.0493503,0.104066,0.174587,0.506146
1626,1718119717,2024-06-11 15:28 UTC,119328,224565,5.29848,7.96944,0.220769,0.325493,0.0427779,0.264706,0.337543,0.0499665,0.105393,0.179972,0.51924
1627,1718120017,2024-06-11 15:33 UTC,119265,224490,5.336,8.02229,0.22536,0.329777,0.0443081,0.272092,0.337692,0.0505939,0.106723,0.185879,0.532363
1628,1718120317,2024-06-11 15:38 UTC,119207,224418,5.37381,8.07514,0.229952,0.334061,0.0456713,0.279255,0.337819,0.0512326,0.10808,0.192191,0.546482
1629,1718120617,2024-06-11 15:43 UTC,119147,224349,5.41189,8.12799,0.234545,0.338346,0.0468836,0.286208,0.337977,0.0518814,0.109434,0.198842,0.56053
1630,1718120916,2024-06-11 15:48 UTC,119106,224282,5.45008,8.18067,0.239123,0.342616,0.0481395,0.292965,0.338261,0.0525359,0.110795,0.205417,0.5758
1631,1718121216,2024-06-11 15:53 UTC,119041,226094,5.4886,8.23352,0.243716,0.346901,0.0492096,0.299534,0.338322,0.0532039,0.112181,0.212473,0.590006
1632,1718121516,2024-06-11 15:58 UTC,118999,226013,5.5273,8.28637,0.24831,0.351187,0.0501156,0.305922,0.338562,0.0538857,0.113576,0.22017,0.6056
1633,1718121816,2024-06-11 16:03 UTC,118937,224102,5.56617,8.33922,0.250667,0.353427,0.050776,0.31211,0.338701,0.0545808,0.115005,0.223885,0.619148
1634,1718122116,2024-06-11 16:08 UTC,118883,224049,5.60519,8.39207,0.252156,0.354881,0.0511159,0.31804,0.33891,0.0552885,0.116469,0.226289,0.616817
1635,1718122416,2024-06-11 16:13 UTC,118821,223999,5.64435,8.44492,0.253647,0.356343,0.0512183,0.323727,0.339081,0.0560104,0.117955,0.229153,0.62133
1636,1718122716,2024-06-11 16:18 UTC,118769,223952,5.68363,8.49777,0.255139,0.357814,0.0510028,0.329195,0.339334,0.056746,0.119449,0.23254,0.625502
1637,1718123016,2024-06-11 16:23 UTC,118715,223908,5.72302,8.55063,0.256633,0.359294,0.0507551,0.334488,0.339532,0.0574905,0.120951,0.236074,0.629253
1638,1718123316,2024-06-11 16:28 UTC,118664,223867,5.76251,8.60348,0.258128,0.360782,0.0504755,0.339635,0.339729,0.0582439,0.122478,0.239727,0.634125
1639,1718123616,2024-06-11 16:33 UTC,118606,225254,5.80211,8.65633,0.259625,0.362279,0.0502107,0.344639,0.340003,0.0590052,0.124007,0.243359,0.637736
1640,1718123916,2024-06-11 16:38 UTC,118564,225381,5.84179,8.70918,0.261124,0.363785,0.0502169,0.349498,0.340306,0.0597699,0.125526,0.246549,0.64165
1641,1718124216,2024-06-11 16:43 UTC,118507,225303,5.88156,8.76293,0.262624,0.365298,0.0503051,0.354209,0.340471,0.0605408,0.12714,0.249625,0.646383
1642,1718124516,2024-06-11 16:48 UTC,118449,223736,5.92142,8.82904,0.264125,0.366821,0.0504403,0.358771,0.340714,0.0613185,0.129068,0.252598,0.650124
1643,1718124816,2024-06-11 16:53 UTC,118389,223711,5.96134,8.89516,0.265629,0.368351,0.0506089,0.354823,0.340858,0.0621038,0.131015,0.255469,0.654578
1644,1718125116,2024-06-11 16:58 UTC,118337,223690,6.00134,8.96128,0.267133,0.369889,0.0509898,0.280699,0.341462,0.0628912,0.132973,0.257886,0.65903
1645,1718125416,2024-06-11 17:03 UTC,118282,223671,6.0414,9.02741,0.266481,0.368801,0.051687,0.282587,0.341837,0.0636774,0.134956,0.254737,0.655218
1646,1718125716,2024-06-11 17:08 UTC,118233,223648,6.08154,9.09354,0.264992,0.366694,0.0517675,0.289066,0.342149,0.0644887,0.136977,0.251345,0.647497
1647,1718126016,2024-06-11 17:13 UTC,118194,223605,6.12173,9.15968,0.263504,0.364594,0.0514794,0.29558,0.342548,0.065318,0.139019,0.248776,0.639849
1648,1718126316,2024-06-11 17:18 UTC,118138,223532,6.16198,9.22583,0.262018,0.362501,0.0509826,0.301687,0.342874,0.0661603,0.141097,0.246565,0.632187
1649,1718126615,2024-06-11 17:23 UTC,118080,224345,6.20216,9.29176,0.260538,0.360422,0.0504289,0.307352,0.343133,0.0670094,0.143179,0.244418,0.624892
1650,1718126915,2024-06-11 17:28 UTC,118033,224603,6.24252,9.35792,0.259055,0.358342,0.0496832,0.30951,0.343458,0.0678764,0.145282,0.242794,0.617689
1651,1718127215,2024-06-11 17:33 UTC,117997,224523,6.28294,9.42408,0.257574,0.35627,0.0489533,0.312701,0.343858,0.06875,0.147402,0.240969,0.610107
1652,1718127515,2024-06-11 17:38 UTC,117943,224442,6.32341,9.49024,0.256094,0.354205,0.0480845,0.322362,0.344092,0.0696361,0.149533,0.239398,0.602829
1653,1718127815,2024-06-11 17:43 UTC,117896,222924,6.36392,9.55642,0.254616,0.352147,0.0472438,0.334711,0.344364,0.070531,0.151683,0.237804,0.596077
1654,1718128115,2024-06-11 17:48 UTC,117844,222793,6.40449,9.62259,0.25314,0.350096,0.046518,0.345932,0.344645,0.0714326,0.153841,0.236024,0.588922
1655,1718128415,2024-06-11 17:53 UTC,117798,222662,6.4451,9.68877,0.251666,0.348054,0.0458202,0.35598,0.344972,0.0723415,0.156011,0.234201,0.581948
1656,1718128715,2024-06-11 17:58 UTC,117749,222529,6.48576,9.75496,0.250194,0.346018,0.0450648,0.339186,0.345233,0.0732607,0.158194,0.232403,0.575331
1657,1718129015,2024-06-11 18:03 UTC,117703,222399,6.53281,9.77923,0.247129,0.341365,0.0441484,0.286001,0.34545,0.0742828,0.15902,0.227491,0.560669
1658,1718129315,2024-06-11 18:08 UTC,117646,222270,6.58247,9.78697,0.243434,0.335676,0.0429712,0.197674,0.345663,0.0753577,0.159327,0.221738,0.544317
1659,1718129615,2024-06-11 18:13 UTC,117594,222141,6.63226,9.8009,0.23974,0.329988,0.0418061,0.200105,0.345889,0.0764465,0.159841,0.21612,0.52829
1660,1718129915,2024-06-11 18:18 UTC,117555,222011,6.68216,9.8151,0.236046,0.324302,0.040412,0.202322,0.346157,0.0775533,0.160366,0.210942,0.512267
1661,1718130215,2024-06-11 18:23 UTC,117506,221881,6.73217,9.82934,0.232353,0.318618,0.038825,0.204278,0.346366,0.0786783,0.160889,0.206265,0.496355
1662,1718130515,2024-06-11 18:28 UTC,117465,221750,6.78228,9.84362,0.22866,0.312936,0.0373259,0.205952,0.3466,0.0798127,0.161414,0.201481,0.481227
1663,1718130815,2024-06-11 18:33 UTC,117414,223061,6.8325,9.85794,0.224968,0.307255,0.0359973,0.207362,0.346764,0.0809551,0.161922,0.196347,0.46602
1664,1718131115,2024-06-11 18:38 UTC,117364,223449,6.88282,9.87231,0.221276,0.301673,0.0346781,0.208464,0.346989,0.0821095,0.162434,0.191247,0.451011
1665,1718131415,2024-06-11 18:43 UTC,117306,223365,6.93323,9.88671,0.217585,0.296198,0.0333918,0.209359,0.347193,0.0832744,0.162949,0.186066,0.43655
1666,1718131715,2024-06-11 18:48 UTC,117256,223281,6.98374,9.90116,0.213895,0.290726,0.0322738,0.209895,0.347404,0.084448,0.16345,0.180729,0.422396
1667,1718132015,2024-06-11 18:53 UTC,117199,223197,7.03433,9.91565,0.210205,0.285255,0.0313616,0.213753,0.347515,0.0856297,0.163951,0.175141,0.408762
1668,1718132315,2024-06-11 18:58 UTC,117145,223112,7.08501,9.93018,0.206516,0.279789,0.0306152,0.192598,0.347644,0.0868192,0.164436,0.169312,0.395256
1669,1718132614,2024-06-11 19:03 UTC,117095,223028,7.1356,9.9447,0.202453,0.274096,0.0300476,0.171221,0.347816,0.0880129,0.164915,0.162673,0.380861
1670,1718132914,2024-06-11 19:08 UTC,117045,220888,7.18645,9.95931,0.198223,0.268291,0.0296076,0.171558,0.347979,0.0892187,0.165393,0.1556,0.366271
1671,1718133214,2024-06-11 19:13 UTC,116993,220794,7.23737,9.97411,0.193995,0.262495,0.0291524,0.170224,0.348116,0.0904376,0.165886,0.148792,0.352001
1672,1718133514,2024-06-11 19:18 UTC,116946,220700,7.28837,9.98917,0.189769,0.256803,0.0288233,0.169282,0.348288,0.0916654,0.166381,0.14192,0.338034
1673,1718133814,2024-06-11 19:23 UTC,116902,220607,7.33944,10.0043,0.185546,0.25164,0.028421,0.17644,0.348476,0.0929069,0.166879,0.135317,0.324374
1674,1718134114,2024-06-11 19:28 UTC,116849,220519,7.39058,10.0194,0.181325,0.246487,0.0281167,0.174299,0.348658,0.0941584,0.167363,0.128746,0.310829
1675,1718134414,2024-06-11 19:33 UTC,116792,220435,7.4418,10.0346,0.177108,0.241343,0.0278565,0.169021,0.348782,0.0954205,0.167853,0.122279,0.297882
1676,1718134714,2024-06-11 19:38 UTC,116728,220351,7.49308,10.0531,0.172893,0.236212,0.0276782,0.172503,0.348862,0.0966928,0.169023,0.115904,0.285598
1677,1718135014,2024-06-11 19:43 UTC,116682,220266,7.54442,10.092,0.168682,0.231096,0.0276177,0.16771,0.349044,0.0979739,0.170341,0.109555,0.272923
1678,1718135314,2024-06-11 19:48 UTC,116628,220179,7.59584,10.1308,0.164474,0.225992,0.0276762,0.166333,0.349163,0.0992641,0.17166,0.103234,0.260989
1679,1718135614,2024-06-11 19:53 UTC,116570,220092,7.64731,10.1697,0.16027,0.2209,0.0276999,0.168657,0.349309,0.100567,0.172998,0.0971602,0.249426
1680,1718135914,2024-06-11 19:58 UTC,116509,220004,7.69885,10.2086,0.15607,0.215823,0.0277365,0.164801,0.349415,0.101882,0.17433,0.0913219,0.238066
1681,1718136214,2024-06-11 20:03 UTC,116457,219918,7.75044,10.2479,0.152676,0.212145,0.027724,0.161747,0.34955,0.103211,0.175691,0.0868289,0.230185
1682,1718136514,2024-06-11 20:08 UTC,116409,219832,7.80209,10.2873,0.149606,0.209027,0.0279446,0.15599,0.349671,0.104546,0.177057,0.0826105,0.223199
1683,1718136814,2024-06-11 20:13 UTC,116357,219743,7.85381,10.3267,0.146536,0.20591,0.0282187,0.148957,0.349755,0.105891,0.178414,0.078463,0.216436
1684,1718137114,2024-06-11 20:18 UTC,116301,219654,7.90557,10.3661,0.143467,0.202797,0.0286189,0.14894,0.349833,0.107245,0.179779,0.0742947,0.210174
1685,1718137414,2024-06-11 20:23 UTC,116243,219566,7.95739,10.4055,0.140399,0.199689,0.0290396,0.159023,0.349949,0.108609,0.181133,0.0702038,0.2037
1686,1718137714,2024-06-11 20:28 UTC,116195,219480,8.00927,10.4449,0.137332,0.19658,0.0294432,0.166566,0.350052,0.109987,0.182679,0.0662569,0.197522
1687,1718138014,2024-06-11 20:33 UTC,116146,219394,8.06119,10.4844,0.134265,0.193472,0.0298021,0.171479,0.350189,0.111378,0.184378,0.0625106,0.191245
1688,1718138314,2024-06-11 20:38 UTC,116090,219308,8.11317,10.5246,0.1312,0.190365,0.0301811,0.172795,0.350327,0.112781,0.186089,0.0588573,0.185109
1689,1718138613,2024-06-11 20:43 UTC,116036,219223,8.16503,10.573,0.128146,0.187322,0.0306172,0.166111,0.350374,0.114189,0.187805,0.0553056,0.179128
1690,1718138913,2024-06-11 20:48 UTC,115980,219711,8.2171,10.6217,0.125083,0.184349,0.0311032,0.175275,0.35053,0.115614,0.189538,0.0518465,0.173402
1691,1718139213,2024-06-11 20:53 UTC,115930,220770,8.26923,10.6705,0.122021,0.181377,0.0315137,0.184867,0.350623,0.117051,0.191283,0.0485697,0.167532
1692,1718139513,2024-06-11 20:58 UTC,115873,221105,8.3214,10.7193,0.118961,0.178404,0.0319098,0.190119,0.350724,0.118502,0.193039,0.0454625,0.161479
1693,1718139813,2024-06-11 21:03 UTC,115822,221025,8.34464,10.7327,0.117319,0.176968,0.0323357,0.198111,0.350835,0.119149,0.193519,0.0436912,0.158899
1694,1718140113,2024-06-11 21:08 UTC,115769,220947,8.35609,10.7314,0.116257,0.176163,0.0328194,0.203086,0.35092,0.119465,0.193474,0.0424091,0.157344
1695,1718140413,2024-06-11 21:13 UTC,115713,220868,8.36761,10.7358,0.115197,0.175363,0.0333172,0.217901,0.351023,0.119784,0.19343,0.0411755,0.155646
1696,1718140713,2024-06-11 21:18 UTC,115657,220790,8.37918,10.7516,0.114139,0.174568,0.0338585,0.235366,0.351144,0.120104,0.193386,0.0399427,0.154021
1697,1718141013,2024-06-11 21:23 UTC,115599,220712,8.39082,10.7673,0.113083,0.173778,0.0343556,0.252154,0.351232,0.120427,0.193838,0.0387615,0.152659
1698,1718141313,2024-06-11 21:28 UTC,115549,220635,8.40251,10.783,0.112028,0.172994,0.0348402,0.263274,0.351299,0.120754,0.194396,0.0376252,0.151294
1699,1718141613,2024-06-11 21:33 UTC,115501,218445,8.41426,10.7988,0.110975,0.172215,0.0352983,0.264577,0.351457,0.121083,0.194939,0.0364776,0.150091
1700,1718141913,2024-06-11 21:38 UTC,115453,218372,8.42607,10.8146,0.109924,0.171442,0.0356574,0.276728,0.351567,0.121419,0.195502,0.0354945,0.14898
1701,1718142213,2024-06-11 21:43 UTC,115399,218299,8.43794,10.8304,0.108875,0.170674,0.0360359,0.288199,0.351652,0.121756,0.196065,0.0345022,0.147396
1702,1718142513,2024-06-11 21:48 UTC,115349,218226,8.44986,10.8463,0.107827,0.169912,0.0363952,0.286455,0.351753,0.122095,0.196621,0.0335219,0.146117
1703,1718142813,2024-06-11 21:53 UTC,115291,218154,8.46185,10.8621,0.106782,0.169156,0.0366645,0.292083,0.351831,0.122441,0.197185,0.0326289,0.14554
1704,1718143113,2024-06-11 21:58 UTC,115233,218081,8.47389,10.878,0.105738,0.168405,0.0369015,0.301096,0.35191,0.12279,0.197754,0.0317714,0.144664
1705,1718143413,2024-06-11 22:03 UTC,115181,218009,8.48599,10.8939,0.106263,0.168776,0.0371953,0.309764,0.352006,0.12314,0.198326,0.0319477,0.144308
1706,1718143713,2024-06-11 22:08 UTC,115126,217937,8.49816,10.9098,0.10743,0.169606,0.0375368,0.315919,0.352131,0.123492,0.198891,0.0325219,0.147053
1707,1718144013,2024-06-11 22:13 UTC,115087,217866,8.51038,10.9257,0.108598,0.170437,0.0381479,0.32275,0.352358,0.123837,0.199457,0.0329359,0.153374
1708,1718144312,2024-06-11 22:18 UTC,115034,217794,8.52261,10.9416,0.109763,0.171268,0.0386415,0.331212,0.352426,0.124188,0.200024,0.0334223,0.169659
1709,1718144612,2024-06-11 22:23 UTC,114987,217723,8.53495,10.9576,0.110934,0.172104,0.0392262,0.334613,0.352586,0.124539,0.200594,0.033855,0.170547
1710,1718144912,2024-06-11 22:28 UTC,114939,217652,8.54734,10.9741,0.112107,0.172941,0.0397768,0.337696,0.352649,0.124894,0.201186,0.0343422,0.170949
1711,1718145212,2024-06-11 22:33 UTC,114887,217582,8.5598,10.9908,0.11328,0.173781,0.0403683,0.340511,0.352753,0.12525,0.201769,0.034758,0.172001
1712,1718145512,2024-06-11 22:38 UTC,114829,217511,8.57231,11.0076,0.114456,0.174622,0.0407687,0.320114,0.352852,0.125614,0.202388,0.0353537,0.157682
1713,1718145812,2024-06-11 22:43 UTC,114781,217441,8.58488,11.0245,0.115632,0.175465,0.0411968,0.301833,0.352987,0.125981,0.202999,0.0359409,0.160302
1714,1718146112,2024-06-11 22:48 UTC,114731,217891,8.5975,11.0413,0.11681,0.17631,0.0415531,0.24608,0.353089,0.126353,0.203598,0.036571,0.162864
1715,1718146412,2024-06-11 22:53 UTC,114688,219311,8.61019,11.0581,0.117989,0.177157,0.0418732,0.252849,0.353264,0.126728,0.204211,0.0372422,0.165522
1716,1718146712,2024-06-11 22:58 UTC,114643,219232,8.62293,11.0816,0.119169,0.178005,0.0422374,0.258944,0.353452,0.127105,0.204933,0.0378861,0.167067
1717,1718147012,2024-06-11 23:03 UTC,114588,219154,8.63573,11.1067,0.12191,0.180718,0.0427277,0.264561,0.35362,0.12748,0.205827,0.0397151,0.170203
1718,1718147312,2024-06-11 23:08 UTC,114540,219076,8.64859,11.1318,0.125304,0.184215,0.0433856,0.25297,0.353752,0.127852,0.206647,0.0420411,0.176314
1719,1718147612,2024-06-11 23:13 UTC,114491,218997,8.66151,11.1569,0.128703,0.187724,0.0442318,0.258932,0.353879,0.128221,0.207513,0.044313,0.18122
1720,1718147912,2024-06-11 23:18 UTC,114437,216956,8.67448,11.182,0.132106,0.191243,0.0451399,0.266447,0.353983,0.128591,0.208397,0.0466347,0.188577
1721,1718148212,2024-06-11 23:23 UTC,114381,216888,8.68751,11.2071,0.135515,0.194773,0.046045,0.273696,0.354074,0.128963,0.209263,0.0490038,0.196501
1722,1718148512,2024-06-11 23:28 UTC,114331,216820,8.7006,11.2322,0.138927,0.198312,0.0469602,0.279827,0.354254,0.129338,0.210134,0.0514607,0.205841
1723,1718148812,2024-06-11 23:33 UTC,114282,216752,8.71375,11.2573,0.142344,0.201861,0.0478838,0.284951,0.354396,0.129715,0.211049,0.0539639,0.211063
1724,1718149112,2024-06-11 23:38 UTC,114238,216681,8.72695,11.2824,0.145764,0.205419,0.0489373,0.291683,0.354646,0.130091,0.21195,0.0564445,0.214928
1725,1718149412,2024-06-11 23:43 UTC,114198,216608,8.74021,11.3075,0.149188,0.208985,0.050122,0.29816,0.354791,0.130464,0.212852,0.0588397,0.222066
1726,1718149712,2024-06-11 23:48 UTC,114146,216534,8.75353,11.3326,0.152615,0.212558,0.0514394,0.267018,0.354932,0.130837,0.213715,0.0612244,0.229669
1727,1718150012,2024-06-11 23:53 UTC,114097,216459,8.7669,11.3578,0.156046,0.21614,0.0528423,0.262026,0.355097,0.131209,0.214612,0.0635657,0.237413
1728,1718150311,2024-06-11 23:58 UTC,114053,216385,8.78028,11.3828,0.159468,0.219716,0.0544085,0.268477,0.355306,0.131577,0.215658,0.0657874,0.24668
1729,1718150611,2024-06-12 00:03 UTC,114010,216310,8.78112,11.362,0.163844,0.225156,0.0559648,0.273872,0.35548,0.131559,0.214869,0.0692742,0.263749
1730,1718150911,2024-06-12 00:08 UTC,113956,216238,8.77671,11.3219,0.168618,0.231379,0.0574898,0.291574,0.35556,0.131379,0.213382,0.0733437,0.277485
1731,1718151211,2024-06-12 00:13 UTC,113916,216173,8.77238,11.2817,0.173394,0.237606,0.0590526,0.307009,0.355702,0.131202,0.211812,0.077446,0.290818
1732,1718151511,2024-06-12 00:18 UTC,113872,217953,8.76814,11.2415,0.178171,0.243836,0.0604934,0.316458,0.355825,0.131031,0.21025,0.0818223,0.304432
1733,1718151811,2024-06-12 00:23 UTC,113832,217871,8.76398,11.2014,0.182949,0.25007,0.0621243,0.311126,0.356043,0.130859,0.208688,0.0861453,0.317123
1734,1718152111,2024-06-12 00:28 UTC,113790,217787,8.75991,11.1612,0.187728,0.256307,0.063916,0.323582,0.356234,0.130685,0.20713,0.0903766,0.334291
1735,1718152411,2024-06-12 00:33 UTC,113750,217703,8.75593,11.1213,0.192508,0.262548,0.065718,0.334406,0.35642,0.130514,0.205569,0.0946783,0.35096
1736,1718152711,2024-06-12 00:38 UTC,113703,215845,8.75202,11.0817,0.197289,0.26879,0.0674136,0.341369,0.356547,0.130349,0.204008,0.0992619,0.366572
1737,1718153011,2024-06-12 00:43 UTC,113670,215780,8.7482,11.0421,0.20207,0.275036,0.0692184,0.364762,0.356725,0.130186,0.202451,0.103793,0.383639
1738,1718153311,2024-06-12 00:48 UTC,113634,215715,8.74447,11.0025,0.206852,0.281284,0.0708582,0.390255,0.356948,0.130032,0.200869,0.108647,0.404068
1739,1718153611,2024-06-12 00:53 UTC,113589,215649,8.74081,10.9629,0.211635,0.287534,0.0726376,0.410537,0.357133,0.129876,0.199299,0.11347,0.422576
1740,1718153911,2024-06-12 00:58 UTC,113557,215584,8.73724,10.9233,0.216419,0.293786,0.0744911,0.426337,0.357402,0.129723,0.197872,0.118259,0.439911
1741,1718154211,2024-06-12 01:03 UTC,113502,215519,8.73375,10.8837,0.221102,0.300118,0.0761822,0.439043,0.357476,0.129577,0.1964,0.123192,0.458725
1742,1718154511,2024-06-12 01:08 UTC,113467,215455,8.73034,10.8441,0.225746,0.3065,0.0779036,0.449391,0.357687,0.129433,0.19486,0.128168,0.476535
1743,1718154811,2024-06-12 01:13 UTC,113421,215390,8.72701,10.8045,0.230394,0.312901,0.0795845,0.458295,0.357853,0.129294,0.193313,0.133242,0.49717
1744,1718155111,2024-06-12 01:18 UTC,113392,216393,8.72376,10.7649,0.235046,0.31932,0.0813345,0.466154,0.358155,0.129157,0.191768,0.138448,0.518405
1745,1718155411,2024-06-12 01:23 UTC,113354,216872,8.72059,10.7253,0.239701,0.325756,0.0831117,0.473293,0.358356,0.129022,0.190271,0.143601,0.540117
1746,1718155711,2024-06-12 01:28 UTC,113315,216790,8.7175,10.6857,0.244361,0.332208,0.0848681,0.48,0.358591,0.128893,0.189903,0.149048,0.56174
1747,1718156011,2024-06-12 01:33 UTC,113275,215133,8.71449,10.6882,0.249023,0.338675,0.0867224,0.486406,0.35877,0.128763,0.191481,0.154349,0.584213
1748,1718156310,2024-06-12 01:38 UTC,113254,215069,8.71156,10.7199,0.253673,0.345221,0.0884392,0.487349,0.359178,0.128642,0.193059,0.159959,0.607366
1749,1718156610,2024-06-12 01:43 UTC,113207,215173,8.70871,10.764,0.258341,0.351957,0.0903092,0.420665,0.359351,0.128519,0.194649,0.16543,0.631813
1750,1718156910,2024-06-12 01:48 UTC,113164,215341,8.70594,10.808,0.263012,0.358702,0.0921533,0.437589,0.359542,0.128402,0.196246,0.171096,0.656544
1751,1718157210,2024-06-12 01:53 UTC,113139,215509,8.70324,10.8521,0.267686,0.365458,0.0940781,0.454716,0.359868,0.128286,0.19785,0.176829,0.682723
1752,1718157510,2024-06-12 01:58 UTC,113098,215677,8.70063,10.8962,0.272362,0.372223,0.0959763,0.468746,0.360132,0.128173,0.19946,0.182533,0.708043
1753,1718157810,2024-06-12 02:03 UTC,113064,215846,8.69809,10.9402,0.275585,0.376606,0.0977149,0.481837,0.360446,0.128069,0.201077,0.185835,0.725213
1754,1718158110,2024-06-12 02:08 UTC,113034,216109,8.69563,10.9843,0.278186,0.37997,0.0992271,0.493283,0.360811,0.127976,0.2027,0.188308,0.735838
1755,1718158410,2024-06-12 02:13 UTC,112994,216188,8.69325,11.0284,0.280787,0.383337,0.100595,0.503194,0.361058,0.127891,0.20433,0.191053,0.748868
1756,1718158710,2024-06-12 02:18 UTC,112959,216360,8.69096,11.0725,0.28339,0.386708,0.10192,0.440471,0.361361,0.127809,0.205967,0.193702,0.761975
1757,1718159010,2024-06-12 02:23 UTC,112917,216536,8.68873,11.1165,0.285993,0.390082,0.10313,0.449359,0.361626,0.127737,0.20761,0.196651,0.775208
1758,1718159310,2024-06-12 02:28 UTC,112889,216711,8.68659,11.1606,0.288597,0.39346,0.10433,0.457357,0.361909,0.127668,0.20926,0.199659,0.790831
1759,1718159610,2024-06-12 02:33 UTC,112856,216888,8.68453,11.2047,0.291202,0.396841,0.105645,0.452476,0.362215,0.127597,0.210917,0.202437,0.803431
1760,1718159910,2024-06-12 02:38 UTC,112825,217066,8.68255,11.2488,0.293807,0.400226,0.107023,0.437167,0.362458,0.12753,0.21258,0.205219,0.815173
1761,1718160210,2024-06-12 02:43 UTC,112788,217246,8.68065,11.2929,0.296414,0.403613,0.108108,0.437337,0.362736,0.127474,0.21425,0.208493,0.829204
1762,1718160510,2024-06-12 02:48 UTC,112749,217426,8.67884,11.337,0.299021,0.407004,0.10925,0.389308,0.363097,0.127421,0.215926,0.211682,0.843474
1763,1718160810,2024-06-12 02:53 UTC,112730,217608,8.6771,11.3811,0.301628,0.410398,0.110515,0.352927,0.363563,0.127368,0.217609,0.21475,0.857821
1764,1718161110,2024-06-12 02:58 UTC,112683,217792,8.67545,11.4252,0.304236,0.413795,0.111614,0.362117,0.363746,0.127321,0.219299,0.217943,0.871745
1765,1718161410,2024-06-12 03:03 UTC,112650,218006,8.64386,11.4041,0.304525,0.413544,0.11271,0.370319,0.364092,0.126442,0.218489,0.216487,0.870282
1766,1718161710,2024-06-12 03:08 UTC,112627,218235,8.59948,11.3551,0.303819,0.41173,0.113155,0.378908,0.364385,0.125236,0.216618,0.214265,0.862126
1767,1718162009,2024-06-12 03:13 UTC,112612,218465,8.55529,11.3065,0.303116,0.409922,0.113044,0.386673,0.364809,0.124063,0.214764,0.212967,0.856378
1768,1718162309,2024-06-12 03:18 UTC,112605,218693,8.51102,11.2577,0.30241,0.408343,0.112487,0.357069,0.365094,0.122912,0.212917,0.212403,0.850372
1769,1718162609,2024-06-12 03:23 UTC,112605,218922,8.46681,11.2091,0.301705,0.406802,0.111708,0.333577,0.365383,0.121778,0.211083,0.212137,0.843748
1770,1718162909,2024-06-12 03:28 UTC,112613,219912,8.42266,11.1606,0.300999,0.405261,0.110854,0.332949,0.365686,0.120659,0.20926,0.212013,0.836408
1771,1718163209,2024-06-12 03:33 UTC,112631,219377,8.37857,11.1123,0.300294,0.40372,0.109686,0.294872,0.365928,0.11956,0.207451,0.212409,0.826822
1772,1718163509,2024-06-12 03:38 UTC,112657,219606,8.33455,11.064,0.299589,0.402179,0.108326,0.296212,0.366246,0.11848,0.205653,0.213183,0.819691
1773,1718163809,2024-06-12 03:43 UTC,112689,219836,8.2906,11.0159,0.298884,0.400639,0.107032,0.29888,0.366529,0.117408,0.203868,0.213807,0.811849
1774,1718164109,2024-06-12 03:48 UTC,112719,220065,8.24673,10.9679,0.29818,0.399098,0.105904,0.30831,0.366796,0.116345,0.202095,0.21409,0.804692
1775,1718164409,2024-06-12 03:53 UTC,112774,220296,8.20292,10.9397,0.297475,0.397558,0.104799,0.316583,0.367122,0.115296,0.201056,0.214499,0.797639
1776,1718164709,2024-06-12 03:58 UTC,112818,220529,8.1592,10.9391,0.296771,0.396017,0.103554,0.323807,0.367367,0.114262,0.201035,0.215111,0.791203
1777,1718165009,2024-06-12 04:03 UTC,112863,220764,8.11555,10.9385,0.293702,0.391696,0.10212,0.333824,0.3675,0.113243,0.201014,0.211423,0.773726
1778,1718165309,2024-06-12 04:08 UTC,112926,220998,8.07199,10.938,0.289604,0.386164,0.100079,0.351583,0.367715,0.112254,0.200996,0.206686,0.751691
1779,1718165609,2024-06-12 04:13 UTC,112989,221232,8.02852,10.9376,0.285506,0.380647,0.0974984,0.357689,0.367898,0.111294,0.200979,0.202998,0.730077
1780,1718165909,2024-06-12 04:18 UTC,113051,221464,7.98514,10.9372,0.281408,0.375132,0.0946332,0.32275,0.368072,0.110353,0.200965,0.199823,0.7086
1781,1718166209,2024-06-12 04:23 UTC,113122,221697,7.94186,10.9369,0.277312,0.369618,0.091736,0.303087,0.368191,0.109425,0.200955,0.196687,0.68862
1782,1718166509,2024-06-12 04:28 UTC,113188,221930,7.89869,10.9366,0.273215,0.364103,0.0887351,0.276297,0.368324,0.10851,0.200943,0.193708,0.66664
1783,1718166809,2024-06-12 04:33 UTC,113259,222164,7.85562,10.9364,0.269119,0.358589,0.0857678,0.170628,0.368847,0.107606,0.200937,0.190771,0.646804
1784,1718167109,2024-06-12 04:38 UTC,113348,222399,7.81268,10.9363,0.265024,0.353074,0.0827675,0.188698,0.369079,0.106714,0.200931,0.187928,0.627135
1785,1718167409,2024-06-12 04:43 UTC,113448,222634,7.76986,10.9362,0.260929,0.34756,0.0797067,0.17896,0.369344,0.105836,0.200925,0.185118,0.607455
1786,1718167709,2024-06-12 04:48 UTC,113533,222870,7.72718,10.9364,0.256835,0.342046,0.0762832,0.182718,0.369516,0.104977,0.200936,0.182921,0.587924
1787,1718168008,2024-06-12 04:53 UTC,113612,223106,7.68478,10.9368,0.252755,0.336786,0.072829,0.223471,0.369551,0.104135,0.20095,0.18092,0.568772
1788,1718168308,2024-06-12 04:58 UTC,113701,223341,7.64241,10.9372,0.248662,0.331656,0.0694635,0.231367,0.369692,0.1033,0.200964,0.178854,0.549545
1789,1718168608,2024-06-12 05:03 UTC,113798,223577,7.60022,10.9377,0.242598,0.324234,0.0659902,0.248855,0.369876,0.102479,0.200985,0.173317,0.524649
1790,1718168908,2024-06-12 05:08 UTC,113922,223815,7.55823,10.9383,0.235662,0.315799,0.0619211,0.266064,0.370092,0.101687,0.201004,0.167282,0.497975
1791,1718169208,2024-06-12 05:13 UTC,114012,224053,7.51646,10.9389,0.228729,0.307367,0.0574796,0.286129,0.370072,0.100914,0.201028,0.162,0.472272
1792,1718169508,2024-06-12 05:18 UTC,114115,224290,7.47495,10.9396,0.221799,0.298937,0.0530599,0.313253,0.370143,0.100153,0.201052,0.156772,0.447092
1793,1718169808,2024-06-12 05:23 UTC,114221,224528,7.43374,10.9403,0.214872,0.290509,0.0485233,0.331783,0.37019,0.0994055,0.201078,0.151847,0.422609
1794,1718170108,2024-06-12 05:28 UTC,114329,224766,7.39287,10.9411,0.207948,0.282083,0.0439591,0.345875,0.370282,0.0986708,0.201107,0.147039,0.398833
1795,1718170408,2024-06-12 05:33 UTC,114442,225004,7.3524,10.9419,0.201027,0.27366,0.0394379,0.356894,0.37034,0.0979453,0.201138,0.14228,0.375754
1796,1718170708,2024-06-12 05:38 UTC,114561,225243,7.31236,10.9428,0.194111,0.26524,0.0350549,0.36542,0.370421,0.0972271,0.201172,0.137458,0.353672
1797,1718171008,2024-06-12 05:43 UTC,114680,225481,7.27279,10.9438,0.187198,0.256824,0.0308922,0.370704,0.370403,0.0965131,0.201206,0.13241,0.332255
1798,1718171308,2024-06-12 05:48 UTC,114792,225720,7.23374,10.9448,0.180291,0.248411,0.0268653,0.373917,0.370481,0.0958057,0.201244,0.127279,0.311531
1799,1718171608,2024-06-12 05:53 UTC,114909,225959,7.19528,10.9459,0.173389,0.240002,0.0230434,0.375149,0.370508,0.0951038,0.201284,0.121986,0.291659
1800,1718171908,2024-06-12 05:58 UTC,115026,226201,7.15744,10.947,0.166493,0.231598,0.0195317,0.374731,0.370524,0.0944038,0.201325,0.116366,0.272322
1801,1718172208,2024-06-12 06:03 UTC,115080,226247,7.12713,10.9135,0.158261,0.221487,0.0161165,0.372846,0.370615,0.0937793,0.200093,0.10879,0.249801
1802,1718172508,2024-06-12 06:08 UTC,115095,226192,7.10002,10.8646,0.149442,0.21085,0.0125443,0.369386,0.37063,0.0931935,0.198304,0.100872,0.226691
1803,1718172808,2024-06-12 06:13 UTC,115115,226132,7.073,10.8157,0.140629,0.200877,0.00907069,0.364624,0.370673,0.0926084,0.196526,0.093151,0.204713
1804,1718173108,2024-06-12 06:18 UTC,115134,226066,7.04608,10.7669,0.131825,0.190911,0.00573309,0.358857,0.370705,0.0920237,0.194753,0.0856149,0.184042
1805,1718173408,2024-06-12 06:23 UTC,115151,225993,7.01925,10.718,0.12303,0.180947,0.00273183,0.352325,0.370727,0.0914332,0.192992,0.0780111,0.178597
1806,1718173707,2024-06-12 06:28 UTC,115171,225915,6.9926,10.6694,0.114278,0.171016,0.00027485,0.345221,0.370739,0.0908344,0.191244,0.0702079,0.181264
1807,1718174007,2024-06-12 06:33 UTC,115184,225831,6.96597,10.6206,0.105513,0.161052,0.00013445,0.337689,0.370723,0.0901761,0.189498,0.0602828,0.182069
1808,1718174307,2024-06-12 06:38 UTC,115203,225740,6.93944,10.5717,0.0967706,0.151088,0.000114654,0.329846,0.370748,0.089516,0.18776,0.0509369,0.183385
1809,1718174607,2024-06-12 06:43 UTC,115219,225644,6.91302,10.5229,0.0880599,0.141124,0.000107172,0.321781,0.370743,0.0888609,0.18603,0.0424401,0.183307
1810,1718174907,2024-06-12 06:48 UTC,115239,225541,6.8867,10.4742,0.0793952,0.13116,0.00011285,0.313554,0.370755,0.08821,0.18431,0.0347693,0.183836
1811,1718175207,2024-06-12 06:53 UTC,115253,225432,6.86049,10.4254,0.0708026,0.121378,0.000103426,0.364435,0.370732,0.087563,0.182597,0.0279129,0.313813
1812,1718175507,2024-06-12 06:58 UTC,115267,225318,6.83439,10.3766,0.0623326,0.11332,9.26297e-05,0.316492,0.370707,0.0869201,0.180892,0.0218699,0.220812
1813,1718175807,2024-06-12 07:03 UTC,115284,225198,6.80841,10.3279,0.0538439,0.10516,8.24341e-05,0.279799,0.370699,0.0862815,0.179196,0.0165234,0.194608
1814,1718176107,2024-06-12 07:08 UTC,115300,225071,6.78254,10.2791,0.0455898,0.0969853,7.69799e-05,0.268089,0.370693,0.0856471,0.177509,0.0119688,0.198121
1815,1718176407,2024-06-12 07:13 UTC,115318,224939,6.75678,10.2304,0.0378942,0.0888574,7.89555e-05,0.222166,0.370694,0.0850171,0.175829,0.00824405,0.204651
1816,1718176707,2024-06-12 07:18 UTC,115334,224802,6.73115,10.1816,0.0312562,0.0807902,6.54079e-05,0.212183,0.370698,0.084391,0.174158,0.00528321,0.207975
1817,1718177007,2024-06-12 07:23 UTC,115352,224658,6.70563,10.1329,0.0262572,0.0728038,6.45995e-05,0.204675,0.370695,0.0837693,0.172497,0.00297264,0.206696
1818,1718177307,2024-06-12 07:28 UTC,115369,224531,6.68023,10.0842,0.023426,0.0649281,6.34772e-05,0.19484,0.370683,0.0831518,0.170841,0.00126797,0.200811
1819,1718177607,2024-06-12 07:33 UTC,115386,224400,6.65496,10.0423,0.0229589,0.0572086,5.95798e-05,0.181759,0.37069,0.0825384,0.169425,0.00133051,0.189061
1820,1718177907,2024-06-12 07:38 UTC,115402,224262,6.6298,10.032,0.0250127,0.0497183,6.46979e-05,0.168255,0.370683,0.0819295,0.169079,0.00296997,0.177303
1821,1718178207,2024-06-12 07:43 UTC,115423,224119,6.60478,10.0218,0.0294522,0.0535522,6.48327e-05,0.158699,0.370703,0.0813245,0.168735,0.00511654,0.172479
1822,1718178507,2024-06-12 07:48 UTC,115440,223969,6.57988,10.0116,0.0358834,0.0623314,6.47351e-05,0.122626,0.370707,0.0807239,0.168391,0.00786111,0.138582
1823,1718178807,2024-06-12 07:53 UTC,115457,223814,6.55512,10.0014,0.0437159,0.0713933,6.93904e-05,0.102902,0.37069,0.0801276,0.168049,0.0113546,0.12121
1824,1718179107,2024-06-12 07:58 UTC,115474,223652,6.53049,9.9913,0.0522044,0.0805131,7.09046e-05,0.0866755,0.370686,0.0795354,0.167709,0.0156877,0.109322
1825,1718179407,2024-06-12 08:03 UTC,115492,223485,6.50598,9.98119,0.0597264,0.088621,7.31074e-05,0.0722074,0.370696,0.0789473,0.167369,0.0201425,0.0988776
1826,1718179706,2024-06-12 08:08 UTC,115509,223312,6.48167,9.97115,0.0667691,0.0968141,8.66949e-05,0.05927,0.370703,0.0783656,0.167033,0.0248402,0.0903045
1827,1718180006,2024-06-12 08:13 UTC,115528,223132,6.4574,9.9611,0.0738946,0.105776,9.97851e-05,0.0540393,0.370709,0.0777861,0.166697,0.03011,0.0894252
1828,1718180306,2024-06-12 08:18 UTC,115547,222947,6.43324,9.95107,0.0810603,0.114806,0.000121243,0.0513168,0.37072,0.0772109,0.166363,0.0359291,0.0927598
1829,1718180606,2024-06-12 08:23 UTC,115567,222756,6.40919,9.9415,0.0882541,0.123889,0.000133018,0.0469345,0.370735,0.0766396,0.166042,0.0423143,0.0947272
1830,1718180906,2024-06-12 08:28 UTC,115583,222560,6.38524,9.93205,0.0954682,0.13312,0.000171171,0.0411107,0.370734,0.0760731,0.165728,0.049226,0.0956911
1831,1718181206,2024-06-12 08:33 UTC,115601,222357,6.3614,9.92267,0.102698,0.142563,0.000213035,0.0355763,0.370733,0.0755108,0.165417,0.0566887,0.104146
1832,1718181506,2024-06-12 08:38 UTC,115619,222148,6.33767,9.91395,0.109939,0.152023,0.000272254,0.0368141,0.370743,0.074953,0.165127,0.0646839,0.118271
1833,1718181806,2024-06-12 08:43 UTC,115638,221934,6.31403,9.90526,0.11719,0.161496,0.000356392,0.0415282,0.370758,0.0743998,0.164842,0.0731979,0.133243
1834,1718182106,2024-06-12 08:48 UTC,115657,221713,6.29049,9.8966,0.124448,0.17098,0.00050264,0.0463434,0.370758,0.0738522,0.164562,0.082172,0.149149
1835,1718182406,2024-06-12 08:53 UTC,115676,221487,6.26705,9.88796,0.131712,0.180478,0.000805397,0.0511598,0.370769,0.073312,0.164293,0.0914552,0.165601
1836,1718182706,2024-06-12 08:58 UTC,115697,221256,6.2437,9.87936,0.138981,0.189984,0.0014129,0.0558794,0.370778,0.072783,0.164046,0.100785,0.182383
1837,1718183006,2024-06-12 09:03 UTC,115649,221010,6.24096,9.86909,0.143973,0.196904,0.00227228,0.0605003,0.370791,0.072705,0.163765,0.10684,0.193944
1838,1718183306,2024-06-12 09:08 UTC,115570,220926,6.24773,9.85807,0.147929,0.202644,0.00322735,0.0645504,0.3708,0.0728331,0.16346,0.111384,0.203293
1839,1718183606,2024-06-12 09:13 UTC,115493,220837,6.25468,9.84705,0.151889,0.208386,0.00438756,0.0687988,0.370834,0.072968,0.163166,0.115697,0.212416
1840,1718183906,2024-06-12 09:18 UTC,115413,220743,6.2618,9.83604,0.155852,0.21413,0.00580758,0.0746913,0.37084,0.0731111,0.162882,0.119678,0.220941
1841,1718184206,2024-06-12 09:23 UTC,115334,220644,6.2691,9.82503,0.159819,0.219876,0.00742858,0.0802204,0.370877,0.0732613,0.162609,0.123381,0.229095
1842,1718184506,2024-06-12 09:28 UTC,115250,220541,6.27657,9.81403,0.163789,0.225625,0.00930955,0.0844549,0.370931,0.0734194,0.162346,0.12673,0.236722
1843,1718184806,2024-06-12 09:33 UTC,115172,220432,6.28423,9.80303,0.167762,0.231375,0.0115643,0.0989156,0.371012,0.0735887,0.16209,0.129514,0.243597
1844,1718185106,2024-06-12 09:38 UTC,115078,220319,6.29209,9.79204,0.171737,0.237126,0.0140702,0.10804,0.371019,0.0737664,0.161837,0.131893,0.249418
1845,1718185406,2024-06-12 09:43 UTC,114996,220201,6.30016,9.78105,0.175715,0.242879,0.0167682,0.113497,0.371057,0.0739509,0.161599,0.133998,0.255192
1846,1718185705,2024-06-12 09:48 UTC,114908,220079,6.30847,9.7701,0.179682,0.248615,0.0198262,0.117793,0.371156,0.0741459,0.161359,0.135494,0.259614
1847,1718186005,2024-06-12 09:53 UTC,114819,219951,6.31708,9.75913,0.183665,0.254371,0.0230375,0.120818,0.371211,0.0743477,0.161124,0.136766,0.263249
1848,1718186305,2024-06-12 09:58 UTC,114731,219819,6.32587,9.74815,0.187649,0.260128,0.0263277,0.125487,0.371294,0.0745537,0.160897,0.137938,0.266897
1849,1718186605,2024-06-12 10:03 UTC,114648,219683,6.33479,9.73719,0.189182,0.262461,0.0295717,0.129101,0.371455,0.0747614,0.160662,0.13502,0.263074
1850,1718186905,2024-06-12 10:08 UTC,114563,219541,6.34378,9.72623,0.189578,0.263207,0.032108,0.131534,0.371647,0.0749559,0.160398,0.131433,0.257498
1851,1718187205,2024-06-12 10:13 UTC,114486,219395,6.35284,9.71527,0.189974,0.263953,0.0341691,0.134217,0.371874,0.0751406,0.160109,0.128703,0.253205
1852,1718187505,2024-06-12 10:18 UTC,114408,219245,6.36196,9.70432,0.19037,0.264699,0.0358064,0.136271,0.372006,0.0753181,0.159808,0.1267,0.250575
1853,1718187805,2024-06-12 10:23 UTC,114311,219089,6.37115,9.69337,0.190767,0.265446,0.0370946,0.137954,0.372109,0.0754905,0.159499,0.125264,0.248571
1854,1718188105,2024-06-12 10:28 UTC,114217,218929,6.3804,9.68243,0.191163,0.266192,0.0382343,0.139232,0.372291,0.0756619,0.159177,0.124088,0.248381
1855,1718188405,2024-06-12 10:33 UTC,114128,218764,6.38971,9.6715,0.191561,0.266939,0.0392428,0.141044,0.372401,0.0758326,0.158846,0.123154,0.249736
1856,1718188705,2024-06-12 10:38 UTC,114043,218595,6.39908,9.66057,0.191958,0.267686,0.04012,0.1416,0.372567,0.0760028,0.158514,0.12244,0.251281
1857,1718189005,2024-06-12 10:43 UTC,113941,218421,6.4085,9.64964,0.192355,0.268433,0.0408806,0.142194,0.372641,0.0761731,0.158182,0.121902,0.252928
1858,1718189305,2024-06-12 10:48 UTC,113847,218242,6.41798,9.63872,0.192753,0.26918,0.0415252,0.142488,0.372793,0.0763427,0.157846,0.121546,0.25437
1859,1718189605,2024-06-12 10:53 UTC,113759,218059,6.42752,9.62781,0.193151,0.269927,0.0421637,0.143112,0.372992,0.0765148,0.157507,0.1212,0.255986
1860,1718189905,2024-06-12 10:58 UTC,113684,217909,6.43711,9.6169,0.19355,0.270674,0.0427415,0.152234,0.373175,0.0766889,0.157168,0.120944,0.257441
1861,1718190205,2024-06-12 11:03 UTC,113599,217717,6.44676,9.606,0.191572,0.268026,0.0430941,0.138908,0.373316,0.0768597,0.156821,0.117279,0.252867
1862,1718190505,2024-06-12 11:08 UTC,113506,217521,6.45646,9.5951,0.188499,0.263805,0.0427369,0.139894,0.373495,0.0770162,0.156453,0.113047,0.24557
1863,1718190805,2024-06-12 11:13 UTC,113415,217321,6.46622,9.58421,0.185432,0.259584,0.0419015,0.140606,0.373635,0.0771636,0.156065,0.109612,0.238312
1864,1718191105,2024-06-12 11:18 UTC,113325,217115,6.47603,9.57332,0.182372,0.255363,0.0406332,0.14108,0.373801,0.0773032,0.155662,0.106881,0.231359
1865,1718191404,2024-06-12 11:23 UTC,113223,216905,6.48586,9.56248,0.179329,0.251156,0.0390292,0.141347,0.373919,0.0774366,0.155244,0.104667,0.224342
1866,1718191704,2024-06-12 11:28 UTC,113129,216691,6.49578,9.5516,0.176284,0.246936,0.0372091,0.141432,0.374084,0.0775676,0.154816,0.102801,0.217454
1867,1718192004,2024-06-12 11:33 UTC,113034,216472,6.50575,9.54073,0.173246,0.242716,0.0352627,0.141355,0.374223,0.077698,0.154385,0.101153,0.210612
1868,1718192304,2024-06-12 11:38 UTC,112940,216517,6.51577,9.52987,0.170217,0.238496,0.0331587,0.141135,0.374364,0.0778272,0.153947,0.099749,0.204014
1869,1718192604,2024-06-12 11:43 UTC,112852,216908,6.52584,9.51901,0.167196,0.234288,0.0309699,0.140788,0.374492,0.0779571,0.153506,0.0984746,0.197468
1870,1718192904,2024-06-12 11:48 UTC,112759,217261,6.53597,9.50815,0.164184,0.230249,0.0287149,0.140326,0.374562,0.0780883,0.153065,0.0973088,0.1937
1871,1718193204,2024-06-12 11:53 UTC,112671,217360,6.54614,9.49731,0.161183,0.226227,0.026389,0.139788,0.374686,0.0782202,0.152625,0.0962702,0.190885
1872,1718193504,2024-06-12 11:58 UTC,112584,217086,6.55637,9.48646,0.158191,0.222206,0.0240231,0.139179,0.374779,0.0783536,0.152187,0.0953182,0.188394
1873,1718193804,2024-06-12 12:03 UTC,112517,216813,6.56872,9.49609,0.153035,0.215575,0.0214278,0.13848,0.374888,0.0785088,0.152394,0.0917605,0.181445
1874,1718194104,2024-06-12 12:08 UTC,112452,216601,6.58213,9.51536,0.146876,0.207716,0.0183804,0.137683,0.374945,0.0786674,0.152883,0.087568,0.173458
1875,1718194404,2024-06-12 12:13 UTC,112394,216335,6.59564,9.53464,0.140743,0.199858,0.0149921,0.0686283,0.375051,0.0788194,0.153363,0.0839603,0.166152
1876,1718194704,2024-06-12 12:18 UTC,112327,216007,6.60922,9.55394,0.134641,0.192001,0.0113443,0.0655098,0.375074,0.0789663,0.153829,0.0808167,0.159456
1877,1718195004,2024-06-12 12:23 UTC,112261,215638,6.62289,9.57326,0.128575,0.184144,0.00776145,0.0619815,0.375119,0.0791163,0.154287,0.0777217,0.152568
1878,1718195304,2024-06-12 12:28 UTC,112199,215307,6.63663,9.59259,0.122552,0.176295,0.00484254,0.0573217,0.375115,0.079284,0.154736,0.0739528,0.144119
1879,1718195604,2024-06-12 12:33 UTC,112136,215060,6.65046,9.61194,0.11658,0.168825,0.002865,0.0538517,0.375148,0.0794755,0.155187,0.0693034,0.136155
1880,1718195904,2024-06-12 12:38 UTC,112072,214846,6.66435,9.6313,0.110668,0.161355,0.00165746,0.0530356,0.375156,0.0796896,0.155761,0.0638588,0.128588
1881,1718196204,2024-06-12 12:43 UTC,112004,214643,6.67831,9.65068,0.104827,0.153885,0.000599327,0.0517205,0.375155,0.079909,0.156374,0.0585088,0.120891
1882,1718196504,2024-06-12 12:48 UTC,111941,214456,6.69234,9.67008,0.0990723,0.146415,0.000482446,0.0494618,0.375178,0.0801487,0.156971,0.0525883,0.110552
1883,1718196804,2024-06-12 12:53 UTC,111873,214266,6.70643,9.68949,0.093419,0.138945,0.000682005,0.0484974,0.375179,0.0803956,0.15756,0.0467951,0.0997135
1884,1718197104,2024-06-12 12:58 UTC,111807,214079,6.72058,9.70891,0.0878856,0.131475,0.000921018,0.0473663,0.375172,0.0806437,0.158139,0.0414238,0.0891793
1885,1718197403,2024-06-12 13:03 UTC,111742,213905,6.73473,9.72845,0.0811401,0.122644,0.00123076,0.045798,0.375187,0.0808911,0.158723,0.0354463,0.0776482
1886,1718197703,2024-06-12 13:08 UTC,111676,213740,6.74899,9.7481,0.0739702,0.113127,0.00162548,0.0442227,0.375176,0.0811392,0.159297,0.0296042,0.068937
1887,1718198003,2024-06-12 13:13 UTC,111610,213545,6.76331,9.76777,0.0671432,0.103621,0.00212282,0.0363764,0.375171,0.0813869,0.159874,0.0244288,0.0657504
1888,1718198303,2024-06-12 13:18 UTC,111548,213334,6.77767,9.78745,0.0607615,0.0941276,0.00270355,0.0416267,0.375174,0.0816347,0.160455,0.019869,0.0631352
1889,1718198603,2024-06-12 13:23 UTC,111482,213114,6.79207,9.80714,0.0549406,0.0846347,0.00329018,0.04782,0.375162,0.0818847,0.161042,0.0158355,0.0609408
1890,1718198903,2024-06-12 13:28 UTC,111417,212881,6.80653,9.82712,0.0497955,0.0751418,0.00386874,0.0542042,0.375145,0.0821372,0.161637,0.0122843,0.0594782
1891,1718199203,2024-06-12 13:33 UTC,111349,212643,6.82102,9.84712,0.045428,0.0684592,0.0043657,0.0607486,0.37512,0.0823942,0.162236,0.00915965,0.0580931
1892,1718199503,2024-06-12 13:38 UTC,111282,212392,6.83556,9.86713,0.0419095,0.0743311,0.00489231,0.0679911,0.375118,0.0826534,0.162839,0.00658226,0.0567547
1893,1718199803,2024-06-12 13:43 UTC,111217,212142,6.85014,9.88715,0.0392794,0.0809779,0.00559438,0.076243,0.375127,0.0829108,0.163443,0.00487309,0.0557208
1894,1718200103,2024-06-12 13:48 UTC,111153,211902,6.86475,9.90719,0.0375988,0.0882269,0.00640542,0.0846023,0.375129,0.083168,0.164056,0.00452455,0.0548571
1895,1718200403,2024-06-12 13:53 UTC,111091,211665,6.87941,9.92725,0.0369577,0.0959396,0.00735732,0.0930512,0.375146,0.0834238,0.164682,0.00558686,0.0475691
1896,1718200703,2024-06-12 13:58 UTC,111021,211427,6.8941,9.94731,0.0374985,0.104208,0.00839606,0.101576,0.375104,0.0836799,0.165328,0.00745766,0.0564868
1897,1718201003,2024-06-12 14:03 UTC,110955,211192,6.90882,9.96739,0.0393685,0.112901,0.00943322,0.11015,0.375105,0.0839387,0.165971,0.00961819,0.0658533
1898,1718201303,2024-06-12 14:08 UTC,110890,210963,6.92357,9.98777,0.043162,0.121553,0.0103624,0.118719,0.375118,0.084202,0.166618,0.0120173,0.0762265
1899,1718201603,2024-06-12 14:13 UTC,110827,210735,6.93836,10.0082,0.0487336,0.130411,0.0113182,0.127278,0.375107,0.0844669,0.167283,0.014669,0.0872311
1900,1718201903,2024-06-12 14:18 UTC,110763,210476,6.95318,10.0286,0.0554697,0.139436,0.01233,0.135827,0.375109,0.0847327,0.167953,0.0176406,0.0993981
1901,1718202203,2024-06-12 14:23 UTC,110701,210139,6.96803,10.049,0.0628325,0.148597,0.0134592,0.144366,0.375104,0.0849974,0.168615,0.0209816,0.113258
1902,1718202503,2024-06-12 14:28 UTC,110634,209735,6.98291,10.0695,0.0704626,0.157871,0.0146702,0.152894,0.375078,0.0852624,0.169265,0.0247496,0.127623
1903,1718202803,2024-06-12 14:33 UTC,110572,209295,6.99782,10.09,0.0782397,0.167238,0.0160729,0.161413,0.375065,0.0855248,0.169906,0.0288895,0.142965
1904,1718203103,2024-06-12 14:38 UTC,110504,208827,7.01275,10.1104,0.0861102,0.176685,0.0176558,0.169923,0.375061,0.0857845,0.170543,0.033335,0.159461
1905,1718203402,2024-06-12 14:43 UTC,110445,208344,7.02767,10.1309,0.094018,0.186166,0.0193361,0.178427,0.375085,0.086043,0.171184,0.0381845,0.176194
1906,1718203702,2024-06-12 14:48 UTC,110385,207856,7.04265,10.1514,0.101998,0.195737,0.0211205,0.186923,0.37511,0.0863027,0.171805,0.04346,0.194249
1907,1718204002,2024-06-12 14:53 UTC,110318,207327,7.05767,10.1719,0.110014,0.205356,0.0229818,0.195416,0.375094,0.0865629,0.172424,0.0491526,0.213638
1908,1718204302,2024-06-12 14:58 UTC,110253,206734,7.07271,10.1924,0.118056,0.215018,0.0248104,0.114582,0.375061,0.0868264,0.173057,0.0553185,0.234032
1909,1718204602,2024-06-12 15:03 UTC,110189,206171,7.09007,10.1994,0.124833,0.222379,0.0265802,0.126098,0.375054,0.0871624,0.173223,0.0605027,0.250209
1910,1718204902,2024-06-12 15:08 UTC,110128,206025,7.10858,10.1998,0.130995,0.228611,0.0281497,0.139352,0.375058,0.0875384,0.173162,0.0654074,0.264248
1911,1718205202,2024-06-12 15:13 UTC,110060,205924,7.12714,10.2002,0.137163,0.234847,0.0298035,0.152345,0.375034,0.0879139,0.173093,0.070374,0.278552
1912,1718205502,2024-06-12 15:18 UTC,110005,205823,7.14574,10.2006,0.143336,0.241084,0.0314293,0.165468,0.375059,0.0882928,0.173023,0.0756292,0.293351
1913,1718205802,2024-06-12 15:23 UTC,109944,205723,7.16437,10.201,0.149514,0.247323,0.0329193,0.177607,0.375066,0.088677,0.172958,0.0812476,0.308691
1914,1718206102,2024-06-12 15:28 UTC,109896,205624,7.18305,10.2015,0.155695,0.253564,0.0343198,0.188678,0.375107,0.0890659,0.172905,0.0871253,0.324326
1915,1718206402,2024-06-12 15:33 UTC,109830,205525,7.20177,10.2019,0.16188,0.259806,0.0355875,0.178205,0.375056,0.0894612,0.172873,0.0934047,0.340293
1916,1718206702,2024-06-12 15:38 UTC,109764,205426,7.22052,10.2023,0.168068,0.26605,0.0367465,0.178614,0.37506,0.089862,0.172844,0.100087,0.356932
1917,1718207002,2024-06-12 15:43 UTC,109707,205328,7.23931,10.2028,0.174258,0.272296,0.0379936,0.181429,0.375099,0.090263,0.172798,0.106948,0.374023
1918,1718207302,2024-06-12 15:48 UTC,109643,205231,7.25815,10.2032,0.180451,0.278543,0.0393619,0.190102,0.375144,0.0906633,0.172749,0.113921,0.392286
1919,1718207602,2024-06-12 15:53 UTC,109583,205134,7.27701,10.2037,0.186646,0.284791,0.0408786,0.197396,0.375151,0.0910618,0.172713,0.120924,0.410989
1920,1718207902,2024-06-12 15:58 UTC,109526,205038,7.29592,10.2041,0.192842,0.29104,0.0426164,0.204258,0.375225,0.0914577,0.172657,0.127852,0.430315
1921,1718208202,2024-06-12 16:03 UTC,109474,204942,7.31486,10.2046,0.197233,0.295132,0.0443971,0.158414,0.375271,0.0918549,0.172599,0.132053,0.442786
1922,1718208502,2024-06-12 16:08 UTC,109413,204847,7.33384,10.2051,0.200748,0.298177,0.0458636,0.160614,0.375315,0.0922621,0.172555,0.135334,0.452868
1923,1718208802,2024-06-12 16:13 UTC,109352,204752,7.35286,10.2056,0.204263,0.301222,0.0469387,0.160645,0.375269,0.092682,0.172537,0.139261,0.461331
1924,1718209101,2024-06-12 16:18 UTC,109295,204658,7.37185,10.206,0.207768,0.304258,0.0478632,0.155766,0.375325,0.0931067,0.172515,0.143461,0.470684
1925,1718209401,2024-06-12 16:23 UTC,109242,204565,7.39093,10.2065,0.211284,0.307304,0.048877,0.168586,0.375384,0.0935333,0.172483,0.147719,0.480286
1926,1718209701,2024-06-12 16:28 UTC,109188,204472,7.41005,10.207,0.2148,0.310395,0.0498975,0.159863,0.375473,0.0939629,0.172472,0.152136,0.490127
1927,1718210001,2024-06-12 16:33 UTC,109126,204379,7.42921,10.2075,0.218317,0.313553,0.0510701,0.174897,0.375579,0.0943912,0.172417,0.156361,0.500069
1928,1718210301,2024-06-12 16:38 UTC,109066,204287,7.4484,10.208,0.221834,0.316712,0.0524511,0.192375,0.375589,0.0948149,0.172369,0.160114,0.511539
1929,1718210601,2024-06-12 16:43 UTC,109000,204196,7.46762,10.2085,0.225352,0.319872,0.0540177,0.187944,0.375597,0.0952366,0.172327,0.163595,0.523728
1930,1718210901,2024-06-12 16:48 UTC,108949,204105,7.48688,10.209,0.22887,0.323033,0.0556687,0.193936,0.375652,0.0956596,0.172292,0.167021,0.533888
1931,1718211201,2024-06-12 16:53 UTC,108898,204014,7.50617,10.2096,0.232388,0.326194,0.0572924,0.198108,0.375753,0.0960847,0.172246,0.170552,0.544449
1932,1718211501,2024-06-12 16:58 UTC,108844,203924,7.52549,10.2101,0.235907,0.329356,0.0590331,0.195566,0.375869,0.0965098,0.1722,0.173961,0.553892
1933,1718211801,2024-06-12 17:03 UTC,108780,203835,7.54484,10.2106,0.237614,0.330698,0.0607132,0.197438,0.375933,0.0969386,0.17213,0.174217,0.558315
1934,1718212101,2024-06-12 17:08 UTC,108731,203746,7.56423,10.2112,0.238431,0.33115,0.061924,0.205634,0.376071,0.0973823,0.172089,0.173671,0.560201
1935,1718212401,2024-06-12 17:13 UTC,108671,203657,7.58365,10.2117,0.239249,0.331608,0.0628404,0.216663,0.376122,0.0978366,0.172089,0.17355,0.563123
1936,1718212701,2024-06-12 17:18 UTC,108612,203570,7.6031,10.2123,0.240069,0.332073,0.0636145,0.225927,0.376271,0.0982964,0.172061,0.173685,0.564652
1937,1718213001,2024-06-12 17:23 UTC,108552,203482,7.62258,10.2128,0.24089,0.332543,0.0643846,0.231973,0.376375,0.0987599,0.172038,0.173862,0.566127
1938,1718213301,2024-06-12 17:28 UTC,108506,203395,7.64209,10.2134,0.241712,0.333163,0.064913,0.235538,0.376451,0.0992317,0.172034,0.174441,0.56559
1939,1718213601,2024-06-12 17:33 UTC,108450,203309,7.66164,10.214,0.242536,0.333808,0.0653935,0.240237,0.376508,0.0997062,0.172029,0.174991,0.568401
1940,1718213901,2024-06-12 17:38 UTC,108398,203223,7.68121,10.2147,0.243362,0.334459,0.0660649,0.242915,0.376675,0.10018,0.172048,0.17535,0.5701
1941,1718214201,2024-06-12 17:43 UTC,108338,203137,7.70081,10.2154,0.244189,0.335118,0.0669798,0.243053,0.376797,0.10065,0.172017,0.175319,0.572938
1942,1718214501,2024-06-12 17:48 UTC,108277,203052,7.72045,10.2161,0.245017,0.33579,0.0677026,0.24571,0.376888,0.101126,0.171996,0.175599,0.57488
1943,1718214801,2024-06-12 17:53 UTC,108229,202968,7.74011,10.2168,0.245847,0.336584,0.0683565,0.260121,0.376964,0.101607,0.172004,0.175949,0.575826
1944,1718215100,2024-06-12 17:58 UTC,108182,202884,7.75973,10.2175,0.246675,0.337492,0.0690475,0.271845,0.377058,0.102089,0.172023,0.176214,0.578195
1945,1718215400,2024-06-12 18:03 UTC,108126,202831,7.76999,10.2018,0.245885,0.336377,0.06969,0.280046,0.377207,0.102328,0.171466,0.173658,0.573578
1946,1718215700,2024-06-12 18:08 UTC,108066,202811,7.77554,10.178,0.244284,0.334248,0.0699698,0.279955,0.377311,0.102454,0.170642,0.170233,0.566177
1947,1718216000,2024-06-12 18:13 UTC,108015,202792,7.78111,10.1547,0.242684,0.332123,0.0699121,0.281492,0.377421,0.10259,0.169911,0.167398,0.558803
1948,1718216300,2024-06-12 18:18 UTC,107948,202775,7.78669,10.1474,0.241085,0.330001,0.0697127,0.254691,0.377456,0.102733,0.17071,0.164813,0.551239
1949,1718216600,2024-06-12 18:23 UTC,107895,202758,7.79229,10.1706,0.239487,0.327882,0.0693304,0.260636,0.37759,0.102882,0.171511,0.162486,0.54398
1950,1718216900,2024-06-12 18:28 UTC,107845,202743,7.7979,10.1938,0.23789,0.325766,0.0689222,0.267047,0.377712,0.103033,0.172315,0.160224,0.536544
1951,1718217200,2024-06-12 18:33 UTC,107795,202728,7.80353,10.217,0.236294,0.323654,0.0685093,0.302481,0.377782,0.103187,0.17312,0.158012,0.52917
1952,1718217500,2024-06-12 18:38 UTC,107734,202715,7.80918,10.2402,0.234699,0.321546,0.0680464,0.33586,0.377822,0.103342,0.173927,0.155836,0.522239
1953,1718217800,2024-06-12 18:43 UTC,107677,202703,7.81483,10.2634,0.233105,0.319441,0.067618,0.366507,0.377974,0.103498,0.174736,0.153646,0.513039
1954,1718218100,2024-06-12 18:48 UTC,107622,202692,7.82051,10.2867,0.231512,0.31734,0.0671992,0.392379,0.378063,0.103656,0.175547,0.151466,0.507663
1955,1718218400,2024-06-12 18:53 UTC,107576,202682,7.8262,10.3099,0.22992,0.315242,0.0669117,0.399647,0.378183,0.103813,0.176359,0.149143,0.500776
1956,1718218700,2024-06-12 18:58 UTC,107526,202673,7.8319,10.3331,0.228329,0.313149,0.0667195,0.359459,0.378308,0.103968,0.177174,0.146628,0.492436
1957,1718219000,2024-06-12 19:03 UTC,107466,202665,7.83762,10.3563,0.225591,0.309248,0.066302,0.373987,0.378344,0.10413,0.177991,0.142606,0.481407
1958,1718219300,2024-06-12 19:08 UTC,107407,202658,7.84336,10.3795,0.22228,0.304446,0.0656081,0.238754,0.378484,0.104302,0.178809,0.138063,0.468
1959,1718219600,2024-06-12 19:13 UTC,107368,202652,7.84911,10.4028,0.21897,0.29965,0.0648239,0.205373,0.3786,0.10448,0.179629,0.133777,0.454554
1960,1718219900,2024-06-12 19:18 UTC,107315,202648,7.85488,10.426,0.215661,0.294933,0.0640288,0.241273,0.378724,0.104658,0.180452,0.129524,0.441006
1961,1718220200,2024-06-12 19:23 UTC,107255,202644,7.86066,10.4492,0.212354,0.290377,0.0631723,0.176493,0.378818,0.10484,0.181276,0.125436,0.428286
1962,1718220500,2024-06-12 19:28 UTC,107206,202642,7.86645,10.4724,0.209047,0.285837,0.0622198,0.188656,0.378955,0.105025,0.182102,0.121555,0.415757
1963,1718220800,2024-06-12 19:33 UTC,107149,202640,7.87227,10.4956,0.205742,0.281303,0.0612619,0.217183,0.379033,0.105213,0.18293,0.11772,0.403197
1964,1718221099,2024-06-12 19:38 UTC,107099,202640,7.87807,10.5188,0.20245,0.276791,0.0604132,0.24287,0.379122,0.105398,0.183757,0.113825,0.39073
1965,1718221399,2024-06-12 19:43 UTC,107057,202640,7.88391,10.542,0.199147,0.27227,0.0595671,0.266462,0.379262,0.105586,0.184589,0.110026,0.378724
1966,1718221699,2024-06-12 19:48 UTC,107001,202642,7.88977,10.5652,0.195847,0.267759,0.0585635,0.255558,0.379341,0.10578,0.185423,0.106457,0.366987
1967,1718221999,2024-06-12 19:53 UTC,106942,202644,7.89564,10.5885,0.192548,0.26342,0.0575301,0.11848,0.37939,0.105976,0.186258,0.102972,0.355475
1968,1718222299,2024-06-12 19:58 UTC,106898,202647,7.90153,10.6117,0.18925,0.259086,0.0565032,0.10849,0.379527,0.106173,0.187096,0.0995743,0.344179
1969,1718222599,2024-06-12 20:03 UTC,106852,202652,7.90743,10.6349,0.18582,0.254892,0.0556986,0.107388,0.379653,0.106366,0.187935,0.095824,0.33302
1970,1718222899,2024-06-12 20:08 UTC,106809,202657,7.91335,10.6581,0.182323,0.250773,0.0549455,0.120467,0.379775,0.106559,0.188777,0.0920266,0.322024
1971,1718223199,2024-06-12 20:13 UTC,106754,202664,7.91928,10.6814,0.178829,0.246664,0.0541011,0.117608,0.379779,0.106757,0.18962,0.0884424,0.311258
1972,1718223499,2024-06-12 20:18 UTC,106704,202671,7.92523,10.7046,0.175338,0.242565,0.0531603,0.121012,0.379865,0.106959,0.190465,0.0850352,0.300895
1973,1718223799,2024-06-12 20:23 UTC,106652,202680,7.93119,10.7278,0.17185,0.238476,0.052265,0.122396,0.379976,0.10716,0.191312,0.0815775,0.290737
1974,1718224099,2024-06-12 20:28 UTC,106603,202689,7.93717,10.7511,0.168366,0.234398,0.0513611,0.123359,0.380084,0.107364,0.192161,0.0783058,0.280929
1975,1718224399,2024-06-12 20:33 UTC,106551,202699,7.94316,10.7743,0.164884,0.230331,0.0505503,0.175936,0.38022,0.107567,0.193012,0.0749529,0.271288
1976,1718224699,2024-06-12 20:38 UTC,106506,202711,7.94917,10.7975,0.161406,0.226276,0.0497394,0.188793,0.380327,0.107771,0.193865,0.0717083,0.261723
1977,1718224999,2024-06-12 20:43 UTC,106460,202723,7.95519,10.8208,0.157932,0.222234,0.049039,0.197841,0.380402,0.107974,0.19472,0.0684614,0.252436
1978,1718225299,2024-06-12 20:48 UTC,106418,202736,7.96123,10.844,0.154463,0.218205,0.04838,0.200874,0.380523,0.108178,0.195576,0.0652319,0.243242
1979,1718225599,2024-06-12 20:53 UTC,106373,203534,7.96728,10.8672,0.150997,0.21419,0.0477283,0.202779,0.380649,0.108382,0.196435,0.0620742,0.234422
1980,1718225899,2024-06-12 20:58 UTC,106318,206124,7.97335,10.8905,0.147536,0.21019,0.0469909,0.194228,0.380695,0.108591,0.197295,0.0590821,0.225599
1981,1718226199,2024-06-12 21:03 UTC,106268,202798,7.96561,10.8847,0.144793,0.207366,0.0462661,0.189377,0.380766,0.108435,0.197128,0.0569204,0.219843
1982,1718226499,2024-06-12 21:08 UTC,106221,202849,7.95087,10.8642,0.142414,0.205133,0.0454756,0.189842,0.380888,0.108096,0.19644,0.0552713,0.21484
1983,1718226798,2024-06-12 21:13 UTC,106171,202901,7.93619,10.8438,0.140044,0.202908,0.0447488,0.205118,0.380979,0.107758,0.195756,0.0536023,0.210207
1984,1718227098,2024-06-12 21:18 UTC,106125,202954,7.92147,10.8233,0.137668,0.20073,0.044064,0.187374,0.381107,0.107418,0.195071,0.0519053,0.205636
1985,1718227398,2024-06-12 21:23 UTC,106072,203008,7.90676,10.8028,0.135292,0.198671,0.0434613,0.187761,0.381167,0.107077,0.194388,0.0501707,0.201074
1986,1718227698,2024-06-12 21:28 UTC,106024,203064,7.89206,10.7824,0.132919,0.196614,0.0428178,0.18789,0.381237,0.106738,0.193706,0.0485236,0.196572
1987,1718227998,2024-06-12 21:33 UTC,105980,203121,7.87737,10.762,0.130546,0.194557,0.0422803,0.189967,0.381363,0.106398,0.193026,0.0468239,0.1922
1988,1718228298,2024-06-12 21:38 UTC,105934,203921,7.86269,10.7415,0.128176,0.1925,0.041704,0.180582,0.381468,0.106059,0.192347,0.0451686,0.187784
1989,1718228598,2024-06-12 21:43 UTC,105887,206241,7.84803,10.7211,0.125807,0.190444,0.0410999,0.176809,0.381577,0.105722,0.19167,0.0435566,0.183222
1990,1718228898,2024-06-12 21:48 UTC,105840,208599,7.83337,10.7007,0.123439,0.188388,0.0404484,0.173726,0.38166,0.105388,0.190995,0.0420501,0.179113
1991,1718229198,2024-06-12 21:53 UTC,105794,210452,7.81873,10.6803,0.121074,0.186333,0.0397593,0.172427,0.38177,0.105056,0.190321,0.0406138,0.17517
1992,1718229498,2024-06-12 21:58 UTC,105739,210800,7.80409,10.6599,0.118711,0.184279,0.0391063,0.099544,0.381779,0.104724,0.18965,0.0391534,0.171396
1993,1718229798,2024-06-12 22:03 UTC,105698,210754,7.78947,10.6395,0.117424,0.183184,0.0384557,0.107358,0.38187,0.104393,0.188979,0.0385746,0.169433
1994,1718230098,2024-06-12 22:08 UTC,105656,210709,7.77486,10.6191,0.116694,0.182588,0.0378936,0.118347,0.381955,0.104061,0.18831,0.0384085,0.168642
1995,1718230398,2024-06-12 22:13 UTC,105613,203614,7.76027,10.5988,0.115966,0.182,0.0375116,0.126168,0.381983,0.103725,0.187643,0.0380923,0.167382
1996,1718230698,2024-06-12 22:18 UTC,105561,203680,7.74568,10.5784,0.11524,0.181419,0.037141,0.131599,0.382016,0.10339,0.186978,0.0377681,0.166232
1997,1718230998,2024-06-12 22:23 UTC,105518,203748,7.73111,10.5581,0.114517,0.180845,0.0367769,0.097264,0.382087,0.103056,0.186314,0.0374399,0.165351
1998,1718231298,2024-06-12 22:28 UTC,105476,203816,7.71655,10.5377,0.113796,0.180278,0.0364816,0.0980173,0.382212,0.102721,0.185651,0.0370658,0.164315
1999,1718231598,2024-06-12 22:33 UTC,105429,203886,7.702,10.5174,0.113077,0.179719,0.0361234,0.0993047,0.382318,0.102388,0.184991,0.0367495,0.163366
2000,1718231898,2024-06-12 22:38 UTC,105391,203956,7.68747,10.4971,0.11236,0.179168,0.0358463,0.0825191,0.382416,0.102055,0.184331,0.0363883,0.162387
2001,1718232198,2024-06-12 22:43 UTC,105342,204028,7.67295,10.4768,0.111646,0.178624,0.0356035,0.0802985,0.38247,0.101722,0.183674,0.0360075,0.1615
2002,1718232498,2024-06-12 22:48 UTC,105301,208928,7.65844,10.4565,0.110934,0.178087,0.0352647,0.0946436,0.38254,0.101392,0.183018,0.0356882,0.160541
2003,1718232797,2024-06-12 22:53 UTC,105261,210196,7.644,10.4363,0.110227,0.17756,0.0349571,0.110768,0.382612,0.101064,0.182366,0.0353628,0.159752
2004,1718233097,2024-06-12 22:58 UTC,105219,210256,7.62952,10.416,0.10952,0.177039,0.0346349,0.12148,0.38265,0.100737,0.181713,0.035059,0.158799
2005,1718233397,2024-06-12 23:03 UTC,105179,210210,7.61506,10.3958,0.109907,0.177155,0.0343619,0.128867,0.382728,0.100409,0.181062,0.0354846,0.158977
2006,1718233697,2024-06-12 23:08 UTC,105139,210165,7.60061,10.3755,0.110866,0.177604,0.0341368,0.148314,0.382798,0.10008,0.180413,0.0363106,0.159766
2007,1718233997,2024-06-12 23:13 UTC,105095,210120,7.58617,10.3553,0.111826,0.178055,0.0338986,0.166216,0.382897,0.0997535,0.179765,0.0371511,0.160546
2008,1718234297,2024-06-12 23:18 UTC,105064,210075,7.57176,10.3351,0.112788,0.178509,0.0336474,0.123908,0.383016,0.099428,0.179119,0.0380161,0.161327
2009,1718234597,2024-06-12 23:23 UTC,105019,204637,7.55735,10.3148,0.113751,0.178965,0.0335123,0.128688,0.383057,0.0991005,0.178474,0.0388056,0.162132
2010,1718234897,2024-06-12 23:28 UTC,104987,204718,7.54297,10.2946,0.114715,0.179424,0.0333679,0.143657,0.383174,0.0987748,0.177831,0.0396539,0.163003
2011,1718235197,2024-06-12 23:33 UTC,104943,204799,7.5286,10.2748,0.115681,0.179886,0.0332669,0.15775,0.383189,0.0984486,0.17719,0.040465,0.163717
2012,1718235497,2024-06-12 23:38 UTC,104897,204881,7.51424,10.2555,0.116648,0.18035,0.033137,0.166137,0.383203,0.0981244,0.17655,0.0413215,0.1645
2013,1718235797,2024-06-12 23:43 UTC,104869,204965,7.4999,10.2362,0.117616,0.180817,0.0330226,0.164538,0.383283,0.0978005,0.175912,0.0421691,0.165608
2014,1718236097,2024-06-12 23:48 UTC,104829,205049,7.48558,10.2169,0.118586,0.181286,0.0328504,0.165182,0.383328,0.0974792,0.175285,0.0430706,0.166547
2015,1718236397,2024-06-12 23:53 UTC,104788,205134,7.47128,10.1976,0.119556,0.181758,0.0326615,0.122885,0.383353,0.0971588,0.174665,0.0440009,0.167864
2016,1718236697,2024-06-12 23:58 UTC,104757,205220,7.457,10.1784,0.120528,0.182232,0.0324737,0.130107,0.383457,0.0968401,0.174047,0.0449628,0.16911
2017,1718236997,2024-06-13 00:03 UTC,104716,206091,7.42135,10.1346,0.122468,0.183986,0.0322897,0.137372,0.383514,0.0959867,0.172536,0.0468529,0.172474
2018,1718237297,2024-06-13 00:08 UTC,104690,209647,7.37458,10.0781,0.124917,0.186413,0.0321223,0.145336,0.383611,0.0948632,0.170567,0.049288,0.176999
2019,1718237597,2024-06-13 00:13 UTC,104668,209617,7.32787,10.0216,0.127369,0.188849,0.0320374,0.155496,0.383663,0.0937498,0.168618,0.0517201,0.181657
2020,1718237897,2024-06-13 00:18 UTC,104650,209587,7.28121,9.96522,0.129824,0.191292,0.0319529,0.1619,0.383721,0.0926487,0.166693,0.0542164,0.186353
2021,1718238197,2024-06-13 00:23 UTC,104631,209558,7.23462,9.90953,0.132282,0.193742,0.0318911,0.166803,0.383774,0.0915601,0.164781,0.0567695,0.191202
2022,1718238497,2024-06-13 00:28 UTC,104612,209528,7.18809,9.8544,0.134743,0.196199,0.0319475,0.172237,0.383833,0.0904806,0.16288,0.0592637,0.196084
2023,1718238796,2024-06-13 00:33 UTC,104598,206232,7.14179,9.79949,0.137199,0.198655,0.0320279,0.179024,0.383855,0.0894166,0.160998,0.0618041,0.201023
2024,1718239096,2024-06-13 00:38 UTC,104584,206386,7.0954,9.74444,0.139666,0.201125,0.0322047,0.185117,0.383895,0.0883584,0.159122,0.0643003,0.206075
2025,1718239396,2024-06-13 00:43 UTC,104574,206540,7.04908,9.68943,0.142135,0.203602,0.0324845,0.190256,0.383899,0.0873104,0.157258,0.0667544,0.211252
2026,1718239696,2024-06-13 00:48 UTC,104571,206695,7.00285,9.65098,0.144606,0.206084,0.0328052,0.196313,0.383982,0.0862736,0.155406,0.0692057,0.216621
2027,1718239996,2024-06-13 00:53 UTC,104568,206851,6.95671,9.62956,0.14708,0.208572,0.0331038,0.202202,0.384031,0.0852503,0.154286,0.071753,0.22217
2028,1718240296,2024-06-13 00:58 UTC,104565,207008,6.91066,9.60816,0.149556,0.211065,0.0334323,0.207814,0.384116,0.0842386,0.153589,0.0743117,0.227821
2029,1718240596,2024-06-13 01:03 UTC,104564,207166,6.86473,9.58677,0.152675,0.214926,0.0338446,0.213145,0.384165,0.0832372,0.152892,0.0776659,0.236189
2030,1718240896,2024-06-13 01:08 UTC,104572,207326,6.81892,9.56539,0.156136,0.219515,0.0343957,0.218218,0.384213,0.0822455,0.152181,0.081425,0.246093
2031,1718241196,2024-06-13 01:13 UTC,104582,207486,6.77325,9.54402,0.159598,0.224109,0.0350248,0.223035,0.384299,0.0812641,0.15146,0.0851876,0.256236
2032,1718241496,2024-06-13 01:18 UTC,104583,207647,6.72775,9.52267,0.163062,0.228708,0.0357214,0.2276,0.384326,0.0802936,0.150753,0.0889419,0.266324
2033,1718241796,2024-06-13 01:23 UTC,104607,208008,6.68246,9.50133,0.166527,0.233312,0.0365393,0.232009,0.384449,0.0793323,0.150024,0.0926101,0.276613
2034,1718242096,2024-06-13 01:28 UTC,104614,209114,6.63743,9.48001,0.169994,0.237921,0.0374564,0.236064,0.384494,0.0783806,0.149289,0.0962335,0.286854
2035,1718242396,2024-06-13 01:33 UTC,104625,209159,6.59274,9.45869,0.173462,0.242534,0.0384013,0.240051,0.384514,0.0774404,0.148554,0.0998844,0.296918
2036,1718242696,2024-06-13 01:38 UTC,104641,209131,6.54846,9.43739,0.176931,0.24715,0.0393451,0.24377,0.384592,0.0765123,0.147845,0.10364,0.308344
2037,1718242996,2024-06-13 01:43 UTC,104662,208466,6.50467,9.4161,0.180401,0.251771,0.0402597,0.24646,0.384656,0.0755977,0.147139,0.107537,0.319829
2038,1718243296,2024-06-13 01:48 UTC,104682,209075,6.46144,9.39483,0.183872,0.256395,0.0411086,0.247197,0.384676,0.0746957,0.14641,0.111562,0.332026
2039,1718243596,2024-06-13 01:53 UTC,104703,208801,6.4188,9.37357,0.187344,0.261022,0.0418185,0.147876,0.384707,0.0738082,0.14574,0.115852,0.344106
2040,1718243896,2024-06-13 01:58 UTC,104718,208969,6.37675,9.35232,0.190816,0.265653,0.042527,0.12588,0.384678,0.0729321,0.145037,0.120219,0.35637
2041,1718244196,2024-06-13 02:03 UTC,104737,209139,6.33533,9.33109,0.194011,0.269981,0.0432477,0.128268,0.38471,0.0720668,0.14434,0.124237,0.368031
2042,1718244495,2024-06-13 02:08 UTC,104762,209309,6.29466,9.30994,0.19705,0.274144,0.043923,0.124923,0.384782,0.0712157,0.143638,0.128143,0.379521
2043,1718244795,2024-06-13 02:13 UTC,104789,209480,6.25449,9.28873,0.200103,0.278334,0.0445394,0.108451,0.384844,0.0703729,0.142962,0.132228,0.391246
2044,1718245095,2024-06-13 02:18 UTC,104812,209652,6.21495,9.26754,0.203158,0.282536,0.0452018,0.117184,0.384847,0.0695383,0.142267,0.136275,0.403693
2045,1718245395,2024-06-13 02:23 UTC,104853,209825,6.17604,9.24636,0.206217,0.286751,0.0458319,0.113555,0.384994,0.0687144,0.141601,0.140475,0.41663
2046,1718245695,2024-06-13 02:28 UTC,104885,209999,6.13776,9.22547,0.209278,0.290978,0.0464805,0.131779,0.385052,0.0678995,0.140933,0.144749,0.430546
2047,1718245995,2024-06-13 02:33 UTC,104918,210173,6.10009,9.20471,0.212342,0.295215,0.0471494,0.137809,0.385099,0.0670929,0.140238,0.14902,0.444437
2048,1718246295,2024-06-13 02:38 UTC,104963,210349,6.06305,9.18396,0.215408,0.299463,0.0476897,0.269638,0.385223,0.0662986,0.139587,0.153611,0.458575
2049,1718246595,2024-06-13 02:43 UTC,104989,210525,6.02661,9.16322,0.218477,0.303721,0.0482003,0.29504,0.385235,0.0655129,0.138934,0.158297,0.472649
2050,1718246895,2024-06-13 02:48 UTC,105024,210702,5.99077,9.14251,0.221549,0.307989,0.0487218,0.316733,0.38527,0.0647351,0.138271,0.163094,0.48637
2051,1718247195,2024-06-13 02:53 UTC,105056,210881,5.95553,9.12185,0.224622,0.312267,0.0492825,0.344052,0.3853,0.0639631,0.137607,0.167844,0.499867
2052,1718247495,2024-06-13 02:58 UTC,105086,211059,5.92088,9.10121,0.227698,0.316553,0.0499234,0.368512,0.385307,0.063197,0.136947,0.172503,0.513618
2053,1718247795,2024-06-13 03:03 UTC,105142,211240,5.85655,9.03302,0.229455,0.318744,0.0505273,0.389529,0.385463,0.0618654,0.134855,0.174812,0.519843
2054,1718248095,2024-06-13 03:08 UTC,105204,211423,5.77623,8.93923,0.230501,0.319792,0.0507033,0.406301,0.385603,0.0602579,0.13205,0.176474,0.522892
2055,1718248395,2024-06-13 03:13 UTC,105268,211607,5.69618,8.84552,0.231548,0.320841,0.0506757,0.419105,0.385696,0.058682,0.129261,0.178519,0.525596
2056,1718248695,2024-06-13 03:18 UTC,105344,211792,5.61642,8.75181,0.232594,0.32189,0.050501,0.138204,0.385801,0.0571348,0.126521,0.180768,0.528803
2057,1718248995,2024-06-13 03:23 UTC,105415,211977,5.53699,8.67644,0.233641,0.32294,0.0502728,0.243055,0.385849,0.0556157,0.124236,0.183095,0.532118
2058,1718249295,2024-06-13 03:28 UTC,105488,212163,5.45789,8.60515,0.234688,0.323991,0.0500061,0.269895,0.385886,0.054124,0.122184,0.185525,0.535559
2059,1718249595,2024-06-13 03:33 UTC,105584,212350,5.37914,8.53387,0.235736,0.325043,0.0496604,0.301217,0.385964,0.0526608,0.120165,0.188165,0.538534
2060,1718249895,2024-06-13 03:38 UTC,105681,212538,5.30076,8.46258,0.236783,0.326095,0.0493005,0.14771,0.386058,0.0512242,0.118148,0.190864,0.541997
2061,1718250195,2024-06-13 03:43 UTC,105793,212726,5.22277,8.39129,0.237831,0.327148,0.0489279,0.121001,0.386188,0.049814,0.116176,0.193527,0.545928
2062,1718250494,2024-06-13 03:48 UTC,105905,212916,5.14544,8.32043,0.238875,0.328197,0.0485503,0.122256,0.386309,0.0484347,0.114228,0.196255,0.54944
2063,1718250794,2024-06-13 03:53 UTC,106014,213106,5.06826,8.24952,0.239923,0.329252,0.0480977,0.148499,0.386297,0.0470773,0.112276,0.199089,0.55303
2064,1718251094,2024-06-13 03:58 UTC,106140,213297,4.99153,8.1786,0.240971,0.330306,0.04774,0.123569,0.386432,0.0457437,0.110338,0.201792,0.557312
2065,1718251394,2024-06-13 04:03 UTC,106265,213488,4.91525,8.10769,0.240254,0.328614,0.0473768,0.143633,0.386485,0.0444364,0.108428,0.200943,0.55244
2066,1718251694,2024-06-13 04:08 UTC,106400,213680,4.83946,8.03678,0.238573,0.325421,0.0465478,0.118026,0.386581,0.0431635,0.106553,0.199002,0.542779
2067,1718251994,2024-06-13 04:13 UTC,106540,213873,4.76419,7.96587,0.236893,0.32223,0.0453767,0.122052,0.386691,0.0419222,0.104733,0.197746,0.533165
2068,1718252294,2024-06-13 04:18 UTC,106685,214067,4.68946,7.89496,0.235213,0.31904,0.0441574,0.125801,0.386847,0.0407068,0.102909,0.196579,0.522932
2069,1718252594,2024-06-13 04:23 UTC,106829,214262,4.61531,7.82405,0.233534,0.315852,0.0427383,0.129112,0.386901,0.0395195,0.101111,0.195771,0.51264
2070,1718252894,2024-06-13 04:28 UTC,106979,214457,4.5418,7.75314,0.231856,0.312666,0.0411233,0.132004,0.386993,0.0383598,0.0993145,0.195318,0.502396
2071,1718253194,2024-06-13 04:33 UTC,107126,214653,4.46896,7.68224,0.230179,0.309482,0.0394383,0.134587,0.38708,0.0372259,0.097551,0.19503,0.492677
2072,1718253494,2024-06-13 04:38 UTC,107293,214849,4.39687,7.61133,0.228503,0.3063,0.0377759,0.124204,0.387193,0.0361158,0.0958089,0.19471,0.482705
2073,1718253794,2024-06-13 04:43 UTC,107458,215047,4.32559,7.54042,0.226827,0.30312,0.0361238,0.123189,0.387313,0.0350295,0.0940792,0.194364,0.472918
2074,1718254094,2024-06-13 04:48 UTC,107620,215245,4.2552,7.46951,0.225152,0.300056,0.0343943,0.122821,0.387369,0.0339678,0.0923825,0.194201,0.463376
2075,1718254394,2024-06-13 04:53 UTC,107786,215444,4.18581,7.39861,0.223478,0.297125,0.0326888,0.121664,0.387413,0.032929,0.0907064,0.194019,0.453628
2076,1718254694,2024-06-13 04:58 UTC,107951,215643,4.11755,7.3277,0.221805,0.294197,0.0310606,0.120876,0.387447,0.0319117,0.0890175,0.193665,0.444137
2077,1718254994,2024-06-13 05:03 UTC,108129,215844,4.05056,7.2568,0.218484,0.289438,0.0294207,0.121385,0.387526,0.0309171,0.0873508,0.190092,0.429496
2078,1718255294,2024-06-13 05:08 UTC,108308,216044,3.98505,7.1859,0.214263,0.283679,0.0272468,0.122495,0.387576,0.029953,0.0857192,0.185833,0.412342
2079,1718255594,2024-06-13 05:13 UTC,108484,216246,3.92121,7.11499,0.210043,0.277921,0.0247398,0.123917,0.387645,0.0290148,0.0841117,0.182219,0.395605
2080,1718255894,2024-06-13 05:18 UTC,108664,216448,3.85921,7.04409,0.205825,0.272163,0.0220689,0.125122,0.387671,0.0280993,0.0825192,0.178918,0.379169
2081,1718256194,2024-06-13 05:23 UTC,108851,216651,3.79918,6.97319,0.201609,0.266721,0.0192535,0.126113,0.387717,0.0272054,0.0809771,0.175966,0.364116
2082,1718256493,2024-06-13 05:28 UTC,109036,216854,3.74136,6.90253,0.197408,0.261916,0.0164082,0.126906,0.387747,0.0263335,0.0794369,0.173169,0.349343
2083,1718256793,2024-06-13 05:33 UTC,109230,217059,3.6854,6.83163,0.193195,0.257098,0.0135526,0.127521,0.387814,0.0254761,0.0779244,0.170423,0.335021
2084,1718257093,2024-06-13 05:38 UTC,109424,217263,3.63148,6.76073,0.188984,0.252284,0.0107352,0.127981,0.387845,0.0246341,0.0764113,0.167613,0.320973
2085,1718257393,2024-06-13 05:43 UTC,109615,217469,3.57962,6.68983,0.184775,0.247473,0.0079558,0.142897,0.387841,0.0238068,0.0749154,0.164781,0.307235
2086,1718257693,2024-06-13 05:48 UTC,109812,217675,3.52977,6.61893,0.180569,0.242667,0.0053773,0.163024,0.387862,0.0229913,0.0734195,0.161641,0.293511
2087,1718257993,2024-06-13 05:53 UTC,110012,217882,3.48186,6.54804,0.176365,0.237865,0.00304977,0.180326,0.38788,0.0221858,0.0719324,0.15809,0.28423
2088,1718258293,2024-06-13 05:58 UTC,110214,218089,3.43589,6.47714,0.172163,0.233067,0.00114942,0.199113,0.387899,0.0213874,0.070448,0.153846,0.277524
2089,1718258593,2024-06-13 06:03 UTC,110324,218171,3.38166,6.40245,0.166639,0.22646,0.000198823,0.215549,0.387904,0.0206557,0.0688621,0.145624,0.263805
2090,1718258893,2024-06-13 06:08 UTC,110344,218129,3.32236,6.3257,0.160386,0.218856,7.43235e-05,0.226323,0.387896,0.0199646,0.0672246,0.135068,0.246746
2091,1718259193,2024-06-13 06:13 UTC,110364,218077,3.26339,6.249,0.15414,0.211263,7.36625e-05,0.217029,0.387891,0.0192873,0.0656045,0.124744,0.229924
2092,1718259493,2024-06-13 06:18 UTC,110382,218015,3.20476,6.17236,0.147902,0.203681,6.69844e-05,0.206852,0.387885,0.0186251,0.0640052,0.114819,0.21371
2093,1718259793,2024-06-13 06:23 UTC,110398,217944,3.14652,6.09577,0.141672,0.196112,6.41513e-05,0.165014,0.387876,0.0179782,0.0624269,0.105324,0.198209
2094,1718260093,2024-06-13 06:28 UTC,110413,217864,3.08871,6.01923,0.135452,0.188557,6.80378e-05,0.143788,0.387874,0.0173465,0.0608693,0.0962598,0.183278
2095,1718260393,2024-06-13 06:33 UTC,110427,217773,3.03139,5.94276,0.129245,0.181018,6.51007e-05,0.145432,0.387875,0.0167298,0.0593323,0.0876009,0.168902
2096,1718260693,2024-06-13 06:38 UTC,110441,217674,2.9746,5.86635,0.12305,0.173497,6.73018e-05,0.146682,0.38788,0.0161282,0.0578168,0.0793683,0.155165
2097,1718260993,2024-06-13 06:43 UTC,110453,217565,2.91835,5.79021,0.116871,0.166,7.29819e-05,0.147499,0.387887,0.0155416,0.0563255,0.0715605,0.14209
2098,1718261293,2024-06-13 06:48 UTC,110464,217447,2.86272,5.71796,0.11071,0.158527,7.3492e-05,0.147856,0.387887,0.0149697,0.0549287,0.0641654,0.129606
2099,1718261593,2024-06-13 06:53 UTC,110474,217320,2.80774,5.64578,0.104571,0.151082,7.83736e-05,0.147737,0.387886,0.0144126,0.0535508,0.0571939,0.117724
2100,1718261893,2024-06-13 06:58 UTC,110483,217183,2.75346,5.57369,0.0984576,0.143669,8.27545e-05,0.14714,0.387896,0.01387,0.0521918,0.0506398,0.106475
2101,1718262192,2024-06-13 07:03 UTC,110490,217037,2.70013,5.50232,0.0915774,0.135377,9.90966e-05,0.146053,0.387901,0.0133438,0.050864,0.0437558,0.0945827
2102,1718262492,2024-06-13 07:08 UTC,110496,216881,2.64744,5.43078,0.0842608,0.126582,0.000105194,0.144421,0.387906,0.0128299,0.0495502,0.0369706,0.0827032
2103,1718262792,2024-06-13 07:13 UTC,110502,216717,2.59563,5.35936,0.0770017,0.117852,9.91669e-05,0.14226,0.387917,0.0123301,0.0482558,0.030781,0.07171
2104,1718263092,2024-06-13 07:18 UTC,110505,216542,2.54481,5.28821,0.0698173,0.110328,0.000109571,0.1396,0.387917,0.0118443,0.0469833,0.0252059,0.0626868
2105,1718263392,2024-06-13 07:23 UTC,110507,216359,2.49507,5.21714,0.0627311,0.102874,0.000101226,0.136476,0.387916,0.011372,0.0457287,0.0202194,0.0544972
2106,1718263692,2024-06-13 07:28 UTC,110508,216166,2.44652,5.14616,0.0557767,0.0954235,0.000104551,0.132927,0.387922,0.0109134,0.0444932,0.0158405,0.0468945
2107,1718263992,2024-06-13 07:33 UTC,110508,215963,2.39928,5.07528,0.0490026,0.0879764,0.000107699,0.128992,0.387924,0.0104678,0.0432764,0.0120595,0.0398572
2108,1718264292,2024-06-13 07:38 UTC,110508,215752,2.35351,5.00449,0.0424822,0.0805342,0.000100287,0.124709,0.387927,0.010035,0.0420774,0.00886911,0.0395214
2109,1718264592,2024-06-13 07:43 UTC,110506,215531,2.30935,4.93381,0.0363347,0.0730982,0.00010158,0.120117,0.387925,0.00961473,0.0408971,0.00628068,0.0410688
2110,1718264892,2024-06-13 07:48 UTC,110503,215300,2.26693,4.90646,0.030794,0.0656708,9.47732e-05,0.11525,0.387926,0.00920635,0.0404432,0.00429986,0.0424245
2111,1718265192,2024-06-13 07:53 UTC,110500,215060,2.22632,4.89249,0.0264701,0.058255,9.3602e-05,0.110142,0.387936,0.00880947,0.0402133,0.00296803,0.043559
2112,1718265492,2024-06-13 07:58 UTC,110495,214811,2.18765,4.87853,0.024219,0.0538276,9.05273e-05,0.104821,0.387936,0.00842343,0.0399841,0.00235237,0.0444077
2113,1718265792,2024-06-13 08:03 UTC,110488,214552,2.15105,4.86456,0.0239038,0.0520036,0.000103064,0.0993222,0.38793,0.00804769,0.0397555,0.00252568,0.045063
2114,1718266092,2024-06-13 08:08 UTC,110479,214283,2.11664,4.8506,0.0252982,0.0520379,0.000106538,0.0345625,0.387924,0.00768129,0.0395274,0.00328209,0.0139244
2115,1718266392,2024-06-13 08:13 UTC,110472,214005,2.08446,4.83664,0.0285895,0.0551864,0.000126596,0.0202702,0.38792,0.00732363,0.0393002,0.00448372,0.0156438
2116,1718266692,2024-06-13 08:18 UTC,110463,213718,2.0545,4.82268,0.0334798,0.0596205,0.00016936,0.020111,0.38792,0.00697394,0.0390738,0.00617003,0.0182415
2117,1718266992,2024-06-13 08:23 UTC,110453,213420,2.02671,4.80871,0.0393437,0.0648967,0.000238629,0.0199118,0.387923,0.00663149,0.0388476,0.00838794,0.0215663
2118,1718267292,2024-06-13 08:28 UTC,110443,213114,2.00103,4.79475,0.04575,0.0708668,0.000315195,0.0196967,0.387933,0.00629546,0.0386225,0.011164,0.0256826
2119,1718267592,2024-06-13 08:33 UTC,110431,212797,1.9774,4.78079,0.0524648,0.0776782,0.000416932,0.0195066,0.38794,0.00596536,0.0383981,0.0144968,0.0307988
2120,1718267892,2024-06-13 08:38 UTC,110418,212472,1.95576,4.76683,0.0593633,0.0848682,0.000553771,0.0194009,0.387948,0.00564067,0.0381741,0.0183785,0.0366763
2121,1718268191,2024-06-13 08:43 UTC,110405,212136,1.93613,4.75292,0.066359,0.0923404,0.000700795,0.0194564,0.387959,0.00532191,0.0379516,0.0227873,0.0433488
2122,1718268491,2024-06-13 08:48 UTC,110393,211792,1.91833,4.73896,0.0734626,0.100059,0.00094258,0.0197617,0.387965,0.00500701,0.037729,0.0276976,0.0507604
2123,1718268791,2024-06-13 08:53 UTC,110381,211437,1.90239,4.72501,0.080628,0.107953,0.00130923,0.0204051,0.387991,0.00469697,0.0375071,0.0330438,0.0588544
2124,1718269091,2024-06-13 08:58 UTC,110366,211073,1.88826,4.71105,0.0878399,0.115986,0.00184096,0.0214604,0.38801,0.00439185,0.0372858,0.0387617,0.0675712
2125,1718269391,2024-06-13 09:03 UTC,110309,210772,1.85333,4.65285,0.0938347,0.123003,0.00257187,0.0249749,0.388029,0.00407966,0.0363702,0.0436045,0.075404
2126,1718269691,2024-06-13 09:08 UTC,110213,210532,1.80628,4.56971,0.0991341,0.129581,0.00349458,0.0293906,0.388046,0.00377243,0.0350822,0.0478605,0.0827941
2127,1718269991,2024-06-13 09:13 UTC,110115,210288,1.75982,4.48699,0.104449,0.136257,0.00473591,0.0340078,0.388099,0.00347925,0.0338234,0.0519934,0.0901454
2128,1718270291,2024-06-13 09:18 UTC,110015,210040,1.71403,4.40469,0.109776,0.142974,0.00640925,0.0387754,0.388156,0.00320071,0.032594,0.0558459,0.0971146
2129,1718270591,2024-06-13 09:23 UTC,109920,209787,1.66897,4.37046,0.115114,0.149726,0.00855918,0.0436666,0.388257,0.00293679,0.0320895,0.0593133,0.103497
2130,1718270891,2024-06-13 09:28 UTC,109825,209530,1.62475,4.37495,0.120462,0.156509,0.0111189,0.0520301,0.388379,0.00268701,0.0321551,0.0624281,0.109327
2131,1718271191,2024-06-13 09:33 UTC,109721,209269,1.5815,4.3795,0.125819,0.163319,0.0140757,0.0608222,0.388473,0.00245121,0.0322223,0.0651707,0.117362
2132,1718271491,2024-06-13 09:38 UTC,109614,209004,1.53935,4.38409,0.131182,0.170152,0.0175074,0.0685846,0.388576,0.00222977,0.0322901,0.0674115,0.127727
2133,1718271791,2024-06-13 09:43 UTC,109513,208735,1.49847,4.38873,0.136553,0.17709,0.0212145,0.0745866,0.388716,0.00202151,0.0323587,0.0693836,0.138149
2134,1718272091,2024-06-13 09:48 UTC,109409,208461,1.45901,4.39342,0.141929,0.184054,0.0251934,0.0791852,0.388855,0.00182656,0.0324284,0.0710883,0.149135
2135,1718272391,2024-06-13 09:53 UTC,109306,208183,1.42101,4.39817,0.147311,0.191034,0.0293756,0.0756007,0.388975,0.00164497,0.0324971,0.0725886,0.159478
2136,1718272691,2024-06-13 09:58 UTC,109199,207902,1.38451,4.40295,0.152697,0.198026,0.0336996,0.080323,0.389131,0.00147693,0.032567,0.073974,0.171534
2137,1718272991,2024-06-13 10:03 UTC,109094,207616,1.34964,4.40779,0.15617,0.202822,0.037998,0.0844747,0.389347,0.00132265,0.0326395,0.0730744,0.178414
2138,1718273291,2024-06-13 10:08 UTC,108976,207325,1.31654,4.41268,0.158551,0.206361,0.0419869,0.0895682,0.389514,0.0011821,0.0327127,0.0712897,0.182433
2139,1718273591,2024-06-13 10:13 UTC,108870,207031,1.28537,4.41761,0.160935,0.209903,0.0456976,0.095623,0.38979,0.00105728,0.0327853,0.0698958,0.186742
2140,1718273891,2024-06-13 10:18 UTC,108756,206732,1.25618,4.4226,0.163321,0.213447,0.0491293,0.102092,0.389977,0.00095046,0.0328587,0.0688534,0.191048
2141,1718274190,2024-06-13 10:23 UTC,108648,206430,1.22904,4.42761,0.165702,0.21698,0.052381,0.106742,0.390199,0.00086489,0.0329335,0.0680341,0.19522
2142,1718274490,2024-06-13 10:28 UTC,108538,206124,1.20386,4.43269,0.168093,0.220528,0.0555258,0.110027,0.390448,0.00080252,0.0330094,0.0673649,0.199733
2143,1718274790,2024-06-13 10:33 UTC,108430,205813,1.18084,4.43782,0.170486,0.224078,0.058536,0.113282,0.39068,0.000765225,0.0330858,0.0668694,0.204101
2144,1718275090,2024-06-13 10:38 UTC,108317,205499,1.16004,4.44299,0.172881,0.227629,0.0613625,0.117629,0.391003,0.000753367,0.0331632,0.0665802,0.208607
2145,1718275390,2024-06-13 10:43 UTC,108214,205180,1.14156,4.44821,0.175278,0.231182,0.064037,0.12076,0.391357,0.000764988,0.0332414,0.0665006,0.213391
2146,1718275690,2024-06-13 10:48 UTC,108096,204858,1.12557,4.45348,0.177677,0.234737,0.0665656,0.122006,0.391608,0.000796626,0.0333202,0.0665726,0.217971
2147,1718275990,2024-06-13 10:53 UTC,107987,204531,1.11231,4.45879,0.180078,0.238293,0.0689575,0.123718,0.39196,0.000844059,0.0333993,0.066828,0.222852
2148,1718276290,2024-06-13 10:58 UTC,107880,204201,1.10214,4.46416,0.18248,0.241851,0.0713075,0.127257,0.392244,0.00090307,0.0334799,0.0671433,0.227622
2149,1718276590,2024-06-13 11:03 UTC,107769,203866,1.09537,4.46956,0.182993,0.242658,0.0735554,0.131964,0.392502,0.000970813,0.033561,0.0653963,0.227335
2150,1718276890,2024-06-13 11:08 UTC,107657,203528,1.09242,4.47502,0.182411,0.241872,0.0753991,0.134776,0.392821,0.00104574,0.0336434,0.0629201,0.224471
2151,1718277190,2024-06-13 11:13 UTC,107553,203186,1.09372,4.48052,0.18183,0.241087,0.0768198,0.138166,0.393231,0.00112678,0.0337263,0.0609434,0.221459
2152,1718277490,2024-06-13 11:18 UTC,107452,202841,1.09928,4.48607,0.18125,0.240302,0.0779282,0.141463,0.393517,0.00121364,0.0338099,0.0593155,0.21871
2153,1718277790,2024-06-13 11:23 UTC,107348,202491,1.10898,4.49166,0.180671,0.239517,0.0788132,0.144328,0.393914,0.00130638,0.0338939,0.0579453,0.215938
2154,1718278090,2024-06-13 11:28 UTC,107232,202138,1.12287,4.4973,0.180093,0.238732,0.0794986,0.143623,0.39417,0.00140551,0.0339793,0.0567628,0.213278
2155,1718278390,2024-06-13 11:33 UTC,107132,201782,1.14096,4.50298,0.179515,0.237948,0.0801265,0.143767,0.394534,0.00151146,0.0340652,0.0556525,0.210682
2156,1718278690,2024-06-13 11:38 UTC,107028,201422,1.16278,4.50871,0.178939,0.237163,0.0805692,0.145243,0.39485,0.00162523,0.0341521,0.0547255,0.207994
2157,1718278990,2024-06-13 11:43 UTC,106935,201058,1.18775,4.51449,0.178363,0.236379,0.0808816,0.146574,0.395237,0.00174757,0.0342394,0.0539226,0.205018
2158,1718279290,2024-06-13 11:48 UTC,106840,200691,1.21538,4.52031,0.177788,0.235595,0.0810808,0.147774,0.395517,0.0018793,0.0343277,0.0532334,0.202465
2159,1718279590,2024-06-13 11:53 UTC,106736,200321,1.24524,4.52618,0.177214,0.234811,0.0811806,0.148859,0.39583,0.00202057,0.0344168,0.0526351,0.199723
2160,1718279889,2024-06-13 11:58 UTC,106640,199947,1.2769,4.53207,0.176642,0.23403,0.0812085,0.14984,0.396095,0.00217149,0.0345068,0.05212,0.197773
2161,1718280189,2024-06-13 12:03 UTC,106583,199610,1.28542,4.50216,0.174264,0.23064,0.0810951,0.15069,0.396451,0.00223811,0.0340526,0.0500337,0.190779
2162,1718280489,2024-06-13 12:08 UTC,106543,199305,1.28026,4.45121,0.170835,0.22572,0.0805728,0.152603,0.396774,0.00225235,0.0332864,0.0473651,0.182012
2163,1718280789,2024-06-13 12:13 UTC,106509,198999,1.27589,4.40027,0.16742,0.220805,0.0797212,0.157358,0.397065,0.00226828,0.0325286,0.045076,0.173523
2164,1718281089,2024-06-13 12:18 UTC,106459,198691,1.27238,4.34934,0.164018,0.215893,0.0785793,0.156113,0.397349,0.00228596,0.03178,0.0430769,0.165194
2165,1718281389,2024-06-13 12:23 UTC,106414,198382,1.26976,4.29843,0.16063,0.210986,0.0772291,0.15752,0.397714,0.00230511,0.0310406,0.0412995,0.157435
2166,1718281689,2024-06-13 12:28 UTC,106372,198071,1.26804,4.24752,0.157257,0.206082,0.0757106,0.159035,0.397977,0.00232582,0.0303095,0.0397039,0.150706
2167,1718281989,2024-06-13 12:33 UTC,106343,197758,1.26716,4.19662,0.1539,0.201189,0.0739916,0.160852,0.39828,0.00234839,0.0295875,0.0383335,0.145564
2168,1718282289,2024-06-13 12:38 UTC,106300,197444,1.26707,4.14574,0.15056,0.19649,0.0720785,0.162355,0.398592,0.00237288,0.0288744,0.0371488,0.141256
2169,1718282589,2024-06-13 12:43 UTC,106255,197129,1.26775,4.09487,0.147237,0.191794,0.0700496,0.164333,0.398913,0.00239912,0.0281702,0.036082,0.137103
2170,1718282889,2024-06-13 12:48 UTC,106197,196812,1.26921,4.04401,0.143932,0.1871,0.0679037,0.166446,0.399198,0.00242728,0.0274748,0.0350716,0.13311
2171,1718283189,2024-06-13 12:53 UTC,106152,196494,1.27143,3.99317,0.140648,0.18241,0.0656947,0.168056,0.399419,0.00245741,0.0267881,0.0341521,0.129274
2172,1718283489,2024-06-13 12:58 UTC,106117,196176,1.27441,3.94233,0.137383,0.177723,0.06343,0.169322,0.399691,0.00248944,0.0261104,0.0333261,0.125595
2173,1718283789,2024-06-13 13:03 UTC,106072,195856,1.27815,3.89152,0.13247,0.171209,0.0610625,0.170314,0.400065,0.00252367,0.0254417,0.0313435,0.118428
2174,1718284089,2024-06-13 13:08 UTC,106010,195535,1.28266,3.84071,0.126614,0.16363,0.0584245,0.170987,0.400213,0.00256062,0.0247819,0.0289068,0.109621
2175,1718284389,2024-06-13 13:13 UTC,105962,195213,1.28793,3.78993,0.120806,0.156066,0.0555469,0.171416,0.400448,0.00260059,0.0241308,0.026749,0.101393
2176,1718284689,2024-06-13 13:18 UTC,105900,194891,1.29399,3.73916,0.115054,0.149665,0.0525392,0.17116,0.400662,0.00264313,0.0234884,0.0247696,0.093744
2177,1718284989,2024-06-13 13:23 UTC,105851,194567,1.30079,3.6884,0.109363,0.143704,0.0494188,0.170397,0.400909,0.00268855,0.0228553,0.0229769,0.0866741
2178,1718285289,2024-06-13 13:28 UTC,105791,194244,1.30834,3.63767,0.103745,0.137947,0.0461875,0.169352,0.401071,0.00273662,0.0222308,0.0213663,0.0801832
2179,1718285589,2024-06-13 13:33 UTC,105747,193920,1.31661,3.60009,0.0982105,0.132414,0.0429457,0.167824,0.401249,0.00278736,0.0216152,0.0198712,0.0742713
2180,1718285888,2024-06-13 13:38 UTC,105680,193596,1.32556,3.59203,0.0927892,0.127142,0.0396079,0.166015,0.401382,0.00284084,0.0213276,0.0185429,0.0689553
2181,1718286188,2024-06-13 13:43 UTC,105630,193271,1.33523,3.58394,0.0874601,0.122128,0.0362128,0.16356,0.401645,0.00289741,0.0212514,0.0173555,0.064281
2182,1718286488,2024-06-13 13:48 UTC,105569,192947,1.34558,3.57585,0.0822587,0.117425,0.0327254,0.161128,0.401806,0.00295724,0.0211788,0.0163236,0.0600638
2183,1718286788,2024-06-13 13:53 UTC,105506,192623,1.35659,3.56776,0.0772049,0.113073,0.0291885,0.157875,0.401951,0.00302019,0.0211033,0.0154387,0.0580018
2184,1718287088,2024-06-13 13:58 UTC,105442,192299,1.36825,3.55967,0.0723219,0.109452,0.0255798,0.154371,0.40205,0.00308635,0.0210254,0.0147336,0.0597507
2185,1718287388,2024-06-13 14:03 UTC,105380,191976,1.38054,3.55158,0.0667031,0.104544,0.0218914,0.150565,0.402184,0.00315605,0.0209489,0.0136636,0.0617441
2186,1718287688,2024-06-13 14:08 UTC,105320,191654,1.39343,3.54349,0.0608487,0.0992049,0.0180926,0.146385,0.402305,0.00322938,0.0208652,0.012578,0.0641279
2187,1718287988,2024-06-13 14:13 UTC,105253,191333,1.40693,3.5354,0.0554192,0.0947093,0.0142756,0.141781,0.402405,0.00330595,0.0207868,0.0117543,0.0658664
2188,1718288288,2024-06-13 14:18 UTC,105177,191013,1.42101,3.52731,0.0505243,0.0912552,0.0109388,0.136845,0.402494,0.00338386,0.0207095,0.0110637,0.0672584
2189,1718288588,2024-06-13 14:23 UTC,105111,190694,1.43565,3.51922,0.046296,0.0889605,0.00914982,0.13155,0.402585,0.00345935,0.0206331,0.0103945,0.0682447
2190,1718288888,2024-06-13 14:28 UTC,105039,190378,1.45084,3.51113,0.0428858,0.0879486,0.00863748,0.125992,0.402563,0.0035313,0.0205674,0.0102009,0.0688935
2191,1718289188,2024-06-13 14:33 UTC,104971,190063,1.46657,3.50304,0.0404646,0.0887906,0.008152,0.120172,0.402642,0.00360645,0.0204995,0.0106326,0.0692235
2192,1718289488,2024-06-13 14:38 UTC,104905,189751,1.48283,3.49495,0.0392399,0.0911781,0.00763545,0.114103,0.402699,0.00368459,0.0204287,0.0115678,0.0692825
2193,1718289788,2024-06-13 14:43 UTC,104839,189442,1.49958,3.48686,0.0395049,0.0951291,0.0071358,0.107877,0.402758,0.0037659,0.0203509,0.0129191,0.0691344
2194,1718290088,2024-06-13 14:48 UTC,104777,189135,1.51679,3.47877,0.0416717,0.100476,0.00661382,0.101512,0.402816,0.00385019,0.0202689,0.0146948,0.0688341
2195,1718290388,2024-06-13 14:53 UTC,104713,188832,1.53444,3.47068,0.0456711,0.106557,0.00609103,0.0949696,0.402861,0.00393758,0.0201854,0.016939,0.0683231
2196,1718290688,2024-06-13 14:58 UTC,104647,188533,1.55251,3.46259,0.0506981,0.113253,0.00555257,0.0884398,0.402912,0.00402797,0.020101,0.0196979,0.0677827
2197,1718290988,2024-06-13 15:03 UTC,104586,197714,1.55593,3.44042,0.0561206,0.119792,0.00505044,0.0818421,0.4029,0.00405873,0.0198541,0.0227701,0.0736839
2198,1718291288,2024-06-13 15:08 UTC,104524,188130,1.55076,3.40994,0.0618116,0.126271,0.0045659,0.075165,0.402956,0.00405446,0.0195142,0.0261841,0.0817239
2199,1718291587,2024-06-13 15:13 UTC,104455,187958,1.54597,3.37966,0.0677815,0.132993,0.00417835,0.0683575,0.402959,0.00405259,0.0191799,0.0299853,0.0902763
2200,1718291887,2024-06-13 15:18 UTC,104391,187787,1.54154,3.34937,0.0739959,0.139975,0.00393205,0.0614773,0.402942,0.0040533,0.018847,0.0341559,0.0992405
2201,1718292187,2024-06-13 15:23 UTC,104337,187616,1.5375,3.31919,0.0803827,0.147156,0.00391198,0.0543301,0.402976,0.00405692,0.0185086,0.0385897,0.109095
2202,1718292487,2024-06-13 15:28 UTC,104278,187446,1.53384,3.2891,0.0869042,0.154504,0.00412379,0.0528316,0.402989,0.00406354,0.0181747,0.04325,0.120169
2203,1718292787,2024-06-13 15:33 UTC,104228,187277,1.53058,3.25912,0.0935326,0.162002,0.00455138,0.0558262,0.40301,0.00407301,0.017846,0.0481187,0.13201
2204,1718293087,2024-06-13 15:38 UTC,104170,187108,1.52772,3.22925,0.100247,0.169964,0.00521664,0.0596121,0.403021,0.00408534,0.0175247,0.0531652,0.144622
2205,1718293387,2024-06-13 15:43 UTC,104114,186940,1.52525,3.19948,0.107032,0.17815,0.00620374,0.0640438,0.403027,0.00410044,0.0172106,0.0583319,0.15854
2206,1718293687,2024-06-13 15:48 UTC,104064,186773,1.52318,3.16984,0.113875,0.186404,0.00760911,0.0689935,0.403082,0.00411864,0.0169035,0.0635496,0.172371
2207,1718293987,2024-06-13 15:53 UTC,104011,186606,1.52152,3.1403,0.120767,0.194717,0.00959952,0.0743556,0.403101,0.00414023,0.0166055,0.0687162,0.189307
2208,1718294287,2024-06-13 15:58 UTC,103962,186440,1.52025,3.11089,0.1277,0.203083,0.0122661,0.0800456,0.403134,0.00416541,0.0163179,0.073729,0.205535
2209,1718294587,2024-06-13 16:03 UTC,103906,186275,1.5194,3.0816,0.133519,0.209458,0.0152342,0.0859449,0.403095,0.00419345,0.0160365,0.0772356,0.218623
2210,1718294887,2024-06-13 16:08 UTC,103854,186110,1.51895,3.05244,0.13866,0.214613,0.0182988,0.091808,0.403128,0.00422374,0.0157613,0.0798584,0.229461
2211,1718295187,2024-06-13 16:13 UTC,103800,191662,1.51892,3.0346,0.143811,0.21977,0.0214125,0.0975914,0.403139,0.00425612,0.0154922,0.0824974,0.239924
2212,1718295487,2024-06-13 16:18 UTC,103743,191553,1.5193,3.02069,0.148971,0.22493,0.0246268,0.103286,0.40313,0.00429076,0.0153293,0.0851072,0.250903
2213,1718295787,2024-06-13 16:23 UTC,103689,191444,1.5201,3.02275,0.15414,0.230093,0.0279177,0.108893,0.403181,0.00432782,0.0155153,0.0876788,0.261792
2214,1718296087,2024-06-13 16:28 UTC,103640,191335,1.52132,3.05419,0.159315,0.235258,0.0312544,0.114417,0.40322,0.0043671,0.0158569,0.0902563,0.278914
2215,1718296387,2024-06-13 16:33 UTC,103590,191216,1.52297,3.08572,0.164498,0.240424,0.0345165,0.119863,0.403241,0.00440797,0.0162095,0.0930127,0.286237
2216,1718296687,2024-06-13 16:38 UTC,103540,190625,1.52504,3.11737,0.169687,0.245593,0.0377882,0.12524,0.40329,0.00445089,0.0165744,0.0958366,0.298261
2217,1718296987,2024-06-13 16:43 UTC,103504,188775,1.52752,3.14955,0.174881,0.250764,0.0410894,0.130555,0.403383,0.00449586,0.0169501,0.0987046,0.309255
2218,1718297287,2024-06-13 16:48 UTC,103447,187713,1.5304,3.18184,0.18008,0.255939,0.0444446,0.135816,0.403342,0.0045431,0.017335,0.101521,0.321743
2219,1718297586,2024-06-13 16:53 UTC,103399,186944,1.53365,3.2141,0.185266,0.261103,0.0478896,0.14103,0.403367,0.00459254,0.0177246,0.104295,0.335266
2220,1718297886,2024-06-13 16:58 UTC,103352,196477,1.53729,3.24657,0.190474,0.266285,0.0513586,0.146202,0.403428,0.00464438,0.0181247,0.107136,0.349169
2221,1718298186,2024-06-13 17:03 UTC,103308,185945,1.5413,3.27912,0.194191,0.269853,0.0547127,0.151277,0.403469,0.00469769,0.0185248,0.108038,0.358596
2222,1718298486,2024-06-13 17:08 UTC,103255,185512,1.54566,3.31176,0.196993,0.272435,0.0575918,0.156043,0.403441,0.00475039,0.0189238,0.108301,0.365219
2223,1718298786,2024-06-13 17:13 UTC,103197,184924,1.55038,3.34448,0.199797,0.27502,0.0600864,0.160525,0.403429,0.00480313,0.0193187,0.10914,0.372094
2224,1718299086,2024-06-13 17:18 UTC,103147,184112,1.55545,3.37729,0.202602,0.277608,0.0622863,0.164767,0.403432,0.00485628,0.0197186,0.110493,0.37916
2225,1718299386,2024-06-13 17:23 UTC,103092,183709,1.56087,3.41017,0.205409,0.280199,0.0643029,0.168802,0.403432,0.0049106,0.0201333,0.112138,0.38614
2226,1718299686,2024-06-13 17:28 UTC,103043,183554,1.56663,3.44312,0.208217,0.282793,0.0661189,0.172661,0.403387,0.00496588,0.0205505,0.114092,0.393158
2227,1718299986,2024-06-13 17:33 UTC,103004,183399,1.57273,3.48008,0.211026,0.285389,0.0677868,0.176367,0.403445,0.00502206,0.0210722,0.116343,0.400953
2228,1718300286,2024-06-13 17:38 UTC,102952,183245,1.57917,3.52694,0.213837,0.28799,0.0694441,0.179941,0.403516,0.00508022,0.0216622,0.118577,0.422471
2229,1718300586,2024-06-13 17:43 UTC,102890,183091,1.58594,3.57389,0.216648,0.29064,0.0710185,0.184058,0.403451,0.00514001,0.0222516,0.120918,0.43796
2230,1718300886,2024-06-13 17:48 UTC,102842,182938,1.59304,3.62092,0.219461,0.293371,0.0722979,0.188076,0.403407,0.0052007,0.022852,0.123888,0.435709
2231,1718301186,2024-06-13 17:53 UTC,102787,182785,1.60047,3.66804,0.222275,0.296108,0.0736302,0.19197,0.403406,0.00526351,0.0234555,0.126784,0.431782
2232,1718301486,2024-06-13 17:58 UTC,102733,182633,1.60822,3.71524,0.225089,0.298847,0.0750811,0.195756,0.403336,0.00532898,0.0240708,0.12949,0.440949
2233,1718301786,2024-06-13 18:03 UTC,102690,182487,1.59376,3.72121,0.226388,0.300184,0.0763308,0.199388,0.403412,0.00527166,0.0241644,0.130088,0.450662
2234,1718302086,2024-06-13 18:08 UTC,102621,189139,1.56595,3.70188,0.22676,0.300672,0.0770213,0.202667,0.403343,0.00513962,0.023926,0.13,0.450457
2235,1718302386,2024-06-13 18:13 UTC,102564,188753,1.53864,3.68255,0.227135,0.301175,0.0773804,0.205624,0.403324,0.00501005,0.0236984,0.130459,0.446705
2236,1718302686,2024-06-13 18:18 UTC,102513,188381,1.5119,3.66322,0.227512,0.301692,0.0774111,0.208305,0.403247,0.00488298,0.0234626,0.131523,0.440689
2237,1718302986,2024-06-13 18:23 UTC,102459,188053,1.48578,3.6439,0.227892,0.302223,0.0772161,0.210745,0.403246,0.00475893,0.0232241,0.132735,0.441162
2238,1718303286,2024-06-13 18:28 UTC,102407,185156,1.46039,3.62457,0.228275,0.302767,0.0769316,0.212975,0.403312,0.0046382,0.0229874,0.133898,0.441282
2239,1718303585,2024-06-13 18:33 UTC,102352,181830,1.43596,3.60532,0.228658,0.303324,0.0765206,0.21502,0.403285,0.00452143,0.0227514,0.135213,0.442197
2240,1718303885,2024-06-13 18:38 UTC,102290,181524,1.41246,3.586,0.229046,0.303896,0.0759569,0.216901,0.403175,0.00440715,0.0225035,0.13668,0.44192
2241,1718304185,2024-06-13 18:43 UTC,102231,181389,1.39008,3.56668,0.229437,0.304482,0.0753551,0.218636,0.403023,0.00429662,0.0222651,0.138327,0.442815
2242,1718304485,2024-06-13 18:48 UTC,102184,181254,1.36891,3.54736,0.22983,0.305081,0.0747641,0.220242,0.403119,0.0041903,0.0220273,0.139932,0.444577
2243,1718304785,2024-06-13 18:53 UTC,102135,181120,1.34908,3.52804,0.230225,0.305693,0.0741622,0.221733,0.403165,0.00408782,0.0217967,0.141575,0.446038
2244,1718305085,2024-06-13 18:58 UTC,102084,180987,1.3308,3.50873,0.230624,0.30632,0.0734068,0.223122,0.403175,0.00398878,0.0215611,0.143473,0.446519
2245,1718305385,2024-06-13 19:03 UTC,102029,180855,1.31441,3.48941,0.229643,0.30495,0.0725175,0.22439,0.403085,0.00389252,0.0213142,0.143301,0.441891
2246,1718305685,2024-06-13 19:08 UTC,101969,180723,1.30023,3.4701,0.227805,0.302337,0.0713481,0.225441,0.402934,0.00379848,0.0210687,0.142037,0.432431
2247,1718305985,2024-06-13 19:13 UTC,101926,180591,1.28848,3.45079,0.225968,0.299726,0.0699457,0.226298,0.402958,0.00370673,0.0208202,0.141072,0.425248
2248,1718306285,2024-06-13 19:18 UTC,101869,180461,1.27939,3.43148,0.224131,0.297118,0.0682259,0.226994,0.4029,0.00361699,0.0205713,0.140484,0.418163
2249,1718306585,2024-06-13 19:23 UTC,101824,180330,1.27235,3.41217,0.222296,0.294512,0.0663449,0.227556,0.402905,0.0035292,0.0203191,0.140108,0.410716
2250,1718306885,2024-06-13 19:28 UTC,101770,180201,1.26711,3.39287,0.220461,0.291908,0.064394,0.228008,0.402752,0.0034441,0.0200656,0.139825,0.41353
2251,1718307185,2024-06-13 19:33 UTC,101714,180072,1.26375,3.37357,0.218627,0.289307,0.0623868,0.22837,0.402663,0.00336154,0.0198155,0.139634,0.412419
2252,1718307485,2024-06-13 19:38 UTC,101658,179944,1.26215,3.35588,0.216794,0.286709,0.0602471,0.228662,0.402633,0.00328089,0.0195703,0.139599,0.391102
2253,1718307785,2024-06-13 19:43 UTC,101611,179816,1.26195,3.34063,0.214961,0.284113,0.0580949,0.228898,0.402589,0.00320233,0.0193455,0.139522,0.384037
2254,1718308085,2024-06-13 19:48 UTC,101570,179689,1.26297,3.32538,0.21313,0.281521,0.055914,0.229093,0.402656,0.00312585,0.0191481,0.139544,0.37741
2255,1718308385,2024-06-13 19:53 UTC,101522,179562,1.26504,3.31013,0.211299,0.278931,0.0538456,0.229257,0.402615,0.00305192,0.0189502,0.139375,0.368604
2256,1718308685,2024-06-13 19:58 UTC,101480,179436,1.26809,3.29489,0.20947,0.276344,0.051912,0.229398,0.402541,0.00298124,0.0187549,0.13904,0.361992
2257,1718308985,2024-06-13 20:03 UTC,101432,179311,1.27204,3.27964,0.206733,0.272159,0.0500521,0.229519,0.402554,0.00291328,0.0185616,0.137176,0.351474
2258,1718309284,2024-06-13 20:08 UTC,101382,179186,1.27683,3.26444,0.203445,0.267004,0.0481244,0.229613,0.402567,0.00284826,0.0183671,0.134553,0.340067
2259,1718309584,2024-06-13 20:13 UTC,101336,179062,1.28244,3.24919,0.200148,0.26184,0.0461771,0.229675,0.402639,0.00278633,0.0181726,0.132038,0.328831
2260,1718309884,2024-06-13 20:18 UTC,101294,178938,1.28882,3.23395,0.196854,0.256687,0.0442869,0.229694,0.40264,0.00272813,0.0179801,0.12948,0.317813
2261,1718310184,2024-06-13 20:23 UTC,101257,178815,1.29593,3.2187,0.193563,0.251543,0.0424513,0.229653,0.402655,0.00267403,0.01779,0.126851,0.307011
2262,1718310484,2024-06-13 20:28 UTC,101208,178693,1.30374,3.20345,0.190274,0.246466,0.0407033,0.229533,0.402615,0.00262417,0.0176034,0.124078,0.296425
2263,1718310784,2024-06-13 20:33 UTC,101153,178571,1.31221,3.1882,0.186987,0.241519,0.0390183,0.229318,0.402569,0.00257932,0.0174218,0.121278,0.286054
2264,1718311084,2024-06-13 20:38 UTC,101097,178449,1.32132,3.17296,0.183704,0.236592,0.0374635,0.228991,0.402585,0.00253982,0.0172368,0.118338,0.275886
2265,1718311384,2024-06-13 20:43 UTC,101052,178329,1.33103,3.15771,0.180424,0.231678,0.0360715,0.226606,0.402582,0.00250603,0.0170555,0.115183,0.265922
2266,1718311684,2024-06-13 20:48 UTC,101007,178209,1.34134,3.14246,0.177147,0.226779,0.0346945,0.130714,0.402631,0.00247836,0.016884,0.111986,0.256168
2267,1718311984,2024-06-13 20:53 UTC,100957,178089,1.35223,3.12722,0.173874,0.221899,0.0333283,0.132591,0.402613,0.00245735,0.0167123,0.108846,0.24661
2268,1718312284,2024-06-13 20:58 UTC,100917,177970,1.36372,3.11197,0.170605,0.217889,0.0320033,0.136479,0.402713,0.00244345,0.0165403,0.105697,0.237257
2269,1718312584,2024-06-13 21:03 UTC,100877,177860,1.34735,3.11235,0.16727,0.213941,0.0307126,0.139751,0.402833,0.00234635,0.0165459,0.102348,0.22833
2270,1718312884,2024-06-13 21:08 UTC,100829,177758,1.3154,3.12311,0.163896,0.210279,0.0293586,0.142397,0.402902,0.00221702,0.0166523,0.0990389,0.219739
2271,1718313184,2024-06-13 21:13 UTC,100782,177658,1.28616,3.13452,0.160526,0.206621,0.0279453,0.144513,0.402931,0.00211816,0.0167688,0.0959031,0.211351
2272,1718313484,2024-06-13 21:18 UTC,100729,177558,1.25969,3.14658,0.157161,0.202966,0.0264854,0.146177,0.402909,0.00205018,0.0168883,0.0928701,0.203172
2273,1718313784,2024-06-13 21:23 UTC,100680,177460,1.2361,3.1617,0.153801,0.199372,0.0249897,0.147469,0.402953,0.00201283,0.017054,0.0900016,0.195173
2274,1718314084,2024-06-13 21:28 UTC,100638,177362,1.21556,3.18003,0.150447,0.19579,0.0234864,0.11995,0.403041,0.00200488,0.0172253,0.0872005,0.187378
2275,1718314384,2024-06-13 21:33 UTC,100595,178335,1.19827,3.19953,0.147098,0.192238,0.0220265,0.0736405,0.403107,0.00202465,0.0174043,0.0844179,0.179792
2276,1718314684,2024-06-13 21:38 UTC,100551,178287,1.18452,3.22018,0.143756,0.188713,0.0205734,0.0739989,0.403173,0.00206946,0.0175899,0.0817306,0.172403
2277,1718314984,2024-06-13 21:43 UTC,100506,178238,1.17465,3.24195,0.14042,0.185256,0.0192061,0.0742455,0.403233,0.00213674,0.0177858,0.0790158,0.165209
2278,1718315283,2024-06-13 21:48 UTC,100463,178113,1.16902,3.26475,0.137102,0.181815,0.017953,0.0714757,0.403286,0.00222372,0.0179958,0.0762618,0.158253
2279,1718315583,2024-06-13 21:53 UTC,100421,177947,1.16785,3.2887,0.133781,0.178368,0.0168548,0.0698711,0.403395,0.00232915,0.0182253,0.0733552,0.151464
2280,1718315883,2024-06-13 21:58 UTC,100378,177748,1.1713,3.31371,0.130467,0.174936,0.015904,0.0583779,0.403524,0.00245113,0.0184763,0.0703358,0.144884
2281,1718316183,2024-06-13 22:03 UTC,100331,176712,1.1793,3.33975,0.127692,0.171843,0.0150731,0.0572745,0.403615,0.00258847,0.0187493,0.0678931,0.139847
2282,1718316483,2024-06-13 22:08 UTC,100287,176623,1.19178,3.3668,0.12526,0.168965,0.0143639,0.0567147,0.403706,0.00274049,0.0190461,0.0657838,0.135885
2283,1718316783,2024-06-13 22:13 UTC,100248,176536,1.20876,3.39483,0.122829,0.166093,0.013785,0.0561957,0.403814,0.00290651,0.0193617,0.0635937,0.13198
2284,1718317083,2024-06-13 22:18 UTC,100203,176450,1.23037,3.42383,0.120401,0.163225,0.0133491,0.0549875,0.403865,0.00308659,0.0196938,0.0612797,0.128197
2285,1718317383,2024-06-13 22:23 UTC,100168,176364,1.25687,3.45376,0.117975,0.160362,0.0129289,0.0527171,0.403991,0.00328021,0.0200396,0.0590146,0.124543
2286,1718317683,2024-06-13 22:28 UTC,100128,176280,1.2883,3.4846,0.115552,0.157504,0.0124875,0.0499103,0.404105,0.00348787,0.0203993,0.0568006,0.120597
2287,1718317983,2024-06-13 22:33 UTC,100085,176197,1.32449,3.51633,0.113132,0.154652,0.0120403,0.047717,0.40417,0.0037101,0.0207724,0.0546671,0.116896
2288,1718318283,2024-06-13 22:38 UTC,100045,176115,1.36512,3.54893,0.110715,0.151806,0.0115842,0.0458222,0.404239,0.00394776,0.0211592,0.052581,0.113338
2289,1718318583,2024-06-13 22:43 UTC,100010,176034,1.4099,3.58237,0.108301,0.148966,0.0111311,0.0441519,0.404324,0.00420151,0.0215598,0.0505476,0.109813
2290,1718318883,2024-06-13 22:48 UTC,99966.8,175955,1.4582,3.61662,0.105891,0.146132,0.0106247,0.0438413,0.404366,0.00447172,0.0219743,0.0486043,0.106264
2291,1718319183,2024-06-13 22:53 UTC,99930.1,175877,1.50943,3.65167,0.103484,0.143306,0.0101322,0.0433648,0.404448,0.0047593,0.0224021,0.0466908,0.102875
2292,1718319483,2024-06-13 22:58 UTC,99895.3,175800,1.5632,3.68749,0.101081,0.140487,0.00963271,0.0404141,0.404532,0.00506456,0.0228439,0.0448379,0.099443
2293,1718319783,2024-06-13 23:03 UTC,99859,175724,1.6192,3.72407,0.0994537,0.138667,0.00909088,0.0392867,0.404596,0.00538795,0.0232993,0.0437562,0.0970002
2294,1718320083,2024-06-13 23:08 UTC,99824.1,175649,1.67715,3.76136,0.098321,0.137262,0.0086278,0.0396047,0.404663,0.00573026,0.0237684,0.043071,0.0950141
2295,1718320383,2024-06-13 23:13 UTC,99787.9,175575,1.73682,3.79937,0.09719,0.135943,0.00819588,0.0393406,0.40471,0.00609159,0.0242511,0.0423628,0.0930019
2296,1718320683,2024-06-13 23:18 UTC,99750.3,175502,1.79806,3.83806,0.0960606,0.134627,0.00776018,0.0404714,0.404753,0.00647193,0.0247474,0.0416769,0.0911009
2297,1718320983,2024-06-13 23:23 UTC,99712.2,175430,1.8608,3.87741,0.094933,0.133313,0.00732498,0.0431356,0.404774,0.00687174,0.0252577,0.040999,0.0892498
2298,1718321282,2024-06-13 23:28 UTC,99677.7,175359,1.92472,3.91728,0.0938109,0.132006,0.00687755,0.0451873,0.404824,0.00728967,0.0257795,0.0403552,0.0873598
2299,1718321582,2024-06-13 23:33 UTC,99643.3,175290,1.99003,3.9579,0.0926869,0.130696,0.00642267,0.0316087,0.404889,0.00772892,0.0263171,0.0397201,0.0854247
2300,1718321882,2024-06-13 23:38 UTC,99606.9,175221,2.05631,3.99913,0.0915648,0.12939,0.00597426,0.0300578,0.404934,0.00818839,0.0268682,0.0390843,0.0837468
2301,1718322182,2024-06-13 23:43 UTC,99572.3,175153,2.12342,4.04095,0.0904448,0.128085,0.00552572,0.0283758,0.404992,0.00866814,0.027433,0.0384531,0.0820886
2302,1718322482,2024-06-13 23:48 UTC,99539.3,175087,2.19124,4.08334,0.0893267,0.126784,0.00511282,0.0271792,0.405049,0.00916843,0.0280115,0.0377861,0.0812188
2303,1718322782,2024-06-13 23:53 UTC,99505.3,175022,2.25969,4.12628,0.0882109,0.125485,0.00475954,0.0258402,0.40509,0.0096896,0.0286039,0.0370596,0.0797491
2304,1718323082,2024-06-13 23:58 UTC,99472.5,174957,2.32868,4.18886,0.0870972,0.124189,0.00441631,0.0248018,0.405133,0.0102314,0.0294778,0.0363313,0.0779829
2305,1718323382,2024-06-14 00:03 UTC,99444.1,174945,2.33177,4.18344,0.0868285,0.124032,0.00406293,0.0243525,0.405168,0.0102624,0.0294021,0.0363364,0.07712
2306,1718323682,2024-06-14 00:08 UTC,99422,174979,2.29217,4.14533,0.087109,0.124612,0.00376941,0.0237962,0.405196,0.00995952,0.0288687,0.0367795,0.076862
2307,1718323982,2024-06-14 00:13 UTC,99404.4,175018,2.2529,4.11127,0.0873926,0.125192,0.00351959,0.0226761,0.405257,0.00966434,0.0283964,0.0371954,0.0766046
2308,1718324282,2024-06-14 00:18 UTC,99391.7,175062,2.21397,4.07763,0.0876792,0.125772,0.00330495,0.0217124,0.405272,0.0093769,0.0279337,0.0375881,0.0765671
2309,1718324582,2024-06-14 00:23 UTC,99381.2,175112,2.1754,4.04442,0.087969,0.126352,0.00311861,0.0211961,0.405275,0.00909692,0.0274804,0.0379687,0.0764211
2310,1718324882,2024-06-14 00:28 UTC,99377,175165,2.13722,4.01165,0.0882618,0.126933,0.00294721,0.0206061,0.405295,0.00882443,0.0270369,0.0383449,0.0764026
2311,1718325182,2024-06-14 00:33 UTC,99376.2,175224,2.09945,3.97933,0.0885578,0.12752,0.00278498,0.0203236,0.405316,0.00855936,0.026603,0.0387225,0.0763338
2312,1718325482,2024-06-14 00:38 UTC,99379,175287,2.06211,3.94747,0.0888569,0.128111,0.00264381,0.0201663,0.405332,0.00830171,0.0261786,0.0390904,0.0762569
2313,1718325782,2024-06-14 00:43 UTC,99385.4,175354,2.02524,3.91608,0.0891591,0.128702,0.00251887,0.0200466,0.405351,0.00805151,0.025764,0.0394487,0.0761688
2314,1718326082,2024-06-14 00:48 UTC,99397.5,175425,1.98886,3.88536,0.0894644,0.129293,0.00241274,0.0201469,0.40538,0.00780878,0.0253613,0.039796,0.0761264
2315,1718326382,2024-06-14 00:53 UTC,99411.4,175500,1.95301,3.85518,0.0897729,0.129902,0.002329,0.0187209,0.405399,0.0075735,0.0249689,0.0401289,0.0769847
2316,1718326682,2024-06-14 00:58 UTC,99426.6,175579,1.91772,3.82551,0.0900846,0.130543,0.00225918,0.0182049,0.405409,0.00734559,0.0245859,0.0404526,0.0780521
2317,1718326981,2024-06-14 01:03 UTC,99444.9,175662,1.88314,3.79645,0.091251,0.132145,0.002216,0.018148,0.405421,0.00712581,0.024214,0.0415616,0.0803011
2318,1718327281,2024-06-14 01:08 UTC,99464.9,175748,1.84909,3.76781,0.0929828,0.134366,0.00223955,0.0184362,0.405423,0.00691287,0.0238504,0.043166,0.0831328
2319,1718327581,2024-06-14 01:13 UTC,99486.8,175838,1.81573,3.73972,0.0947182,0.136605,0.00232127,0.0189343,0.405429,0.00670743,0.0234963,0.044748,0.0858043
2320,1718327881,2024-06-14 01:18 UTC,99512.9,175931,1.7831,3.71218,0.0964569,0.138878,0.00244906,0.0197336,0.405435,0.00650934,0.0231516,0.0463167,0.088342
2321,1718328181,2024-06-14 01:23 UTC,99540.9,176028,1.75127,3.6852,0.0981987,0.141154,0.00262067,0.0207894,0.405446,0.00631865,0.0228165,0.0478705,0.090824
2322,1718328481,2024-06-14 01:28 UTC,99572.3,176127,1.72029,3.6588,0.0999437,0.143439,0.00282278,0.0219162,0.405469,0.00613519,0.0224915,0.0494219,0.0932191
2323,1718328781,2024-06-14 01:33 UTC,99606.9,176230,1.69024,3.63299,0.101691,0.145732,0.003058,0.0231818,0.405492,0.005959,0.0221763,0.050965,0.0955368
2324,1718329081,2024-06-14 01:38 UTC,99642.9,176335,1.66118,3.60779,0.103442,0.148027,0.00332432,0.0244878,0.405525,0.00579,0.0218707,0.0525018,0.0977642
2325,1718329381,2024-06-14 01:43 UTC,99680.7,176444,1.63318,3.58319,0.105195,0.150324,0.00363055,0.0257782,0.405554,0.00562826,0.0215753,0.0540211,0.0998919
2326,1718329681,2024-06-14 01:48 UTC,99717.7,176555,1.60634,3.55923,0.106951,0.152624,0.00396002,0.0271506,0.405559,0.00547364,0.0212897,0.0555381,0.10207
2327,1718329981,2024-06-14 01:53 UTC,99759.8,176669,1.58073,3.5359,0.108709,0.154927,0.0042877,0.0289463,0.405583,0.00532601,0.0210141,0.0570804,0.104258
2328,1718330281,2024-06-14 01:58 UTC,99806.3,176786,1.55646,3.51323,0.110469,0.157271,0.00460976,0.0308467,0.405644,0.00518531,0.0207486,0.0586514,0.106865
2329,1718330581,2024-06-14 02:03 UTC,99850.1,176905,1.53362,3.49122,0.112694,0.160071,0.00491694,0.0323508,0.40567,0.00505151,0.020493,0.0608148,0.111036
2330,1718330881,2024-06-14 02:08 UTC,99895.8,177027,1.51233,3.4699,0.11523,0.163092,0.00518655,0.0337306,0.405691,0.00492449,0.0202499,0.0634417,0.11616
2331,1718331181,2024-06-14 02:13 UTC,99945.3,177151,1.49271,3.44926,0.117775,0.166117,0.00533384,0.0351343,0.40572,0.00480382,0.020017,0.0662716,0.121405
2332,1718331481,2024-06-14 02:18 UTC,99994,177278,1.47492,3.42933,0.120326,0.169145,0.00542024,0.0359353,0.405734,0.00468984,0.0197967,0.0692416,0.126785
2333,1718331781,2024-06-14 02:23 UTC,100043,177406,1.45908,3.41011,0.122885,0.172177,0.00551169,0.0362971,0.405736,0.00458272,0.0195873,0.0722899,0.132383
2334,1718332081,2024-06-14 02:28 UTC,100097,177537,1.44521,3.39162,0.125451,0.175212,0.00562735,0.036498,0.405774,0.0044825,0.0193872,0.0753935,0.138135
2335,1718332381,2024-06-14 02:33 UTC,100154,177671,1.43331,3.37387,0.128022,0.178252,0.00576835,0.0365502,0.405811,0.00438926,0.0191986,0.0785372,0.144047
2336,1718332681,2024-06-14 02:38 UTC,100208,177806,1.4233,3.35687,0.130599,0.1813,0.00596193,0.036132,0.405823,0.00430312,0.0190211,0.0816902,0.150122
2337,1718332980,2024-06-14 02:43 UTC,100265,177943,1.41514,3.34924,0.133173,0.184339,0.00620356,0.0371191,0.405852,0.00422428,0.0189937,0.0848468,0.156328
2338,1718333280,2024-06-14 02:48 UTC,100320,178082,1.40869,3.35399,0.135761,0.187397,0.00647351,0.0389075,0.405845,0.00415222,0.0190508,0.0880355,0.162717
2339,1718333580,2024-06-14 02:53 UTC,100379,178224,1.40392,3.35975,0.138353,0.190459,0.00677247,0.0404185,0.405847,0.00408731,0.0191189,0.091256,0.169278
2340,1718333880,2024-06-14 02:58 UTC,100442,178367,1.40077,3.36651,0.14095,0.193526,0.00712594,0.0420259,0.405859,0.00402973,0.019201,0.0944731,0.175981
2341,1718334180,2024-06-14 03:03 UTC,100494,178444,1.40061,3.37066,0.143292,0.196288,0.00749672,0.042836,0.405885,0.00402087,0.0192538,0.0973473,0.182269
2342,1718334480,2024-06-14 03:08 UTC,100550,178468,1.40237,3.3727,0.145467,0.19885,0.00783862,0.0434537,0.405913,0.00404206,0.0192812,0.100052,0.188307
2343,1718334780,2024-06-14 03:13 UTC,100610,178493,1.40492,3.37486,0.147648,0.20142,0.00818201,0.043989,0.405896,0.00406475,0.0193111,0.102803,0.194494
2344,1718335080,2024-06-14 03:18 UTC,100676,178518,1.40825,3.37713,0.149836,0.203992,0.00853102,0.0446805,0.405882,0.00408908,0.0193416,0.105582,0.200845
2345,1718335380,2024-06-14 03:23 UTC,100753,178544,1.41234,3.37952,0.152031,0.206573,0.0089159,0.045535,0.405882,0.00411539,0.0193746,0.108349,0.20735
2346,1718335680,2024-06-14 03:28 UTC,100841,178570,1.41719,3.38203,0.154231,0.209171,0.00936498,0.0471183,0.405911,0.00414378,0.019409,0.111074,0.214008
2347,1718335980,2024-06-14 03:33 UTC,100933,178596,1.42276,3.38466,0.156437,0.211771,0.00989847,0.0525529,0.405921,0.00417446,0.0194464,0.113712,0.22082
2348,1718336280,2024-06-14 03:38 UTC,101030,178623,1.42902,3.3874,0.158648,0.214372,0.0104761,0.0575646,0.405928,0.00420733,0.0194854,0.116316,0.227786
2349,1718336580,2024-06-14 03:43 UTC,101128,178651,1.43593,3.39026,0.160865,0.216974,0.0110833,0.0617668,0.40593,0.00424236,0.0195274,0.118912,0.234905
2350,1718336880,2024-06-14 03:48 UTC,101234,178678,1.44344,3.39323,0.163086,0.219577,0.0117559,0.0604252,0.405916,0.00427978,0.0195716,0.121448,0.242178
2351,1718337180,2024-06-14 03:53 UTC,101350,178707,1.45152,3.39632,0.165313,0.222182,0.0124275,0.0624333,0.405952,0.00431926,0.0196178,0.12403,0.249604
2352,1718337480,2024-06-14 03:58 UTC,101459,178735,1.46013,3.39952,0.167544,0.225016,0.01316,0.0722957,0.405908,0.00436119,0.0196647,0.126539,0.257184
2353,1718337780,2024-06-14 04:03 UTC,101582,178764,1.46925,3.40284,0.168768,0.226611,0.013897,0.0788085,0.40595,0.00440543,0.0197138,0.127374,0.260837
2354,1718338080,2024-06-14 04:08 UTC,101707,178794,1.47883,3.40628,0.16932,0.227401,0.0143591,0.0681528,0.405958,0.00445026,0.0197588,0.127527,0.261803
2355,1718338380,2024-06-14 04:13 UTC,101834,178824,1.48887,3.40983,0.169871,0.228384,0.0146143,0.0614075,0.405954,0.00449619,0.0198014,0.127999,0.262771
2356,1718338680,2024-06-14 04:18 UTC,101968,178854,1.49932,3.41349,0.170423,0.229366,0.0147621,0.0620553,0.405909,0.00454381,0.0198433,0.128633,0.263739
2357,1718338979,2024-06-14 04:22 UTC,102108,178885,1.51014,3.41726,0.170973,0.230346,0.0148081,0.0697689,0.405912,0.00459276,0.0198847,0.129444,0.264709
2358,1718339279,2024-06-14 04:27 UTC,102247,178916,1.52137,3.42114,0.171526,0.231328,0.0148158,0.0728524,0.405926,0.00464364,0.0199259,0.130371,0.265235
2359,1718339579,2024-06-14 04:32 UTC,102390,178947,1.53296,3.42515,0.172078,0.232311,0.0148418,0.0633771,0.405961,0.00469705,0.0199709,0.131249,0.265999
2360,1718339879,2024-06-14 04:37 UTC,102541,178979,1.54489,3.42943,0.172631,0.233294,0.0148236,0.0645134,0.405988,0.00475257,0.0200174,0.132184,0.266993
2361,1718340179,2024-06-14 04:42 UTC,102693,180063,1.55714,3.43386,0.173184,0.234277,0.0148063,0.0651185,0.406013,0.00481041,0.0200666,0.133111,0.26799
2362,1718340479,2024-06-14 04:47 UTC,102845,184142,1.5697,3.43841,0.173737,0.23526,0.0148076,0.0776497,0.406005,0.00487066,0.0201179,0.134001,0.268989
2363,1718340779,2024-06-14 04:52 UTC,103002,184479,1.58255,3.44308,0.17429,0.236243,0.0147829,0.0720397,0.406022,0.00493297,0.020169,0.13494,0.269991
2364,1718341079,2024-06-14 04:57 UTC,103162,184874,1.59569,3.44785,0.174844,0.237226,0.0146779,0.0639568,0.406042,0.00499719,0.0202216,0.135998,0.270996
2365,1718341379,2024-06-14 05:02 UTC,103318,185353,1.60909,3.45275,0.174131,0.23667,0.0144522,0.058497,0.406013,0.00506296,0.0202742,0.135124,0.267727
2366,1718341679,2024-06-14 05:07 UTC,103480,185895,1.62276,3.45789,0.172564,0.235073,0.0138813,0.0596267,0.406051,0.00512904,0.0203229,0.133397,0.261631
2367,1718341979,2024-06-14 05:12 UTC,103649,186391,1.63666,3.46324,0.170999,0.233476,0.0130571,0.0607674,0.406056,0.00519587,0.0203699,0.132098,0.255615
2368,1718342279,2024-06-14 05:17 UTC,103820,185770,1.6508,3.4687,0.169434,0.23188,0.012059,0.0633505,0.406087,0.00526392,0.0204144,0.131103,0.249679
2369,1718342579,2024-06-14 05:22 UTC,103992,180636,1.66517,3.47428,0.167871,0.230284,0.0109329,0.0677392,0.406069,0.00533354,0.0204582,0.130302,0.244621
2370,1718342879,2024-06-14 05:27 UTC,104170,180890,1.67974,3.48296,0.16631,0.228689,0.00975478,0.0717263,0.406107,0.00540517,0.0205251,0.129582,0.244669
2371,1718343179,2024-06-14 05:32 UTC,104343,181062,1.69452,3.50151,0.16475,0.227094,0.00855217,0.073529,0.406095,0.00547909,0.020727,0.128898,0.244602
2372,1718343479,2024-06-14 05:37 UTC,104517,181234,1.7095,3.52015,0.163191,0.2255,0.00734407,0.0761294,0.40607,0.00555516,0.020929,0.128235,0.244132
2373,1718343779,2024-06-14 05:42 UTC,104699,181406,1.72467,3.53889,0.161634,0.223909,0.00619211,0.0781402,0.40611,0.00563399,0.0211326,0.127486,0.24363
2374,1718344079,2024-06-14 05:47 UTC,104878,179468,1.74003,3.55774,0.160079,0.222344,0.00508269,0.0802344,0.406089,0.0057154,0.0213398,0.126678,0.242732
2375,1718344379,2024-06-14 05:52 UTC,105062,179505,1.75556,3.57668,0.158525,0.22078,0.00406035,0.0826059,0.406094,0.0057997,0.0215494,0.12574,0.241887
2376,1718344678,2024-06-14 05:57 UTC,105245,179543,1.77121,3.59565,0.156979,0.219221,0.00313659,0.0837847,0.406084,0.00588663,0.0217638,0.124672,0.24067
2377,1718344978,2024-06-14 06:02 UTC,105282,179482,1.79104,3.60323,0.154286,0.215999,0.00227007,0.0843882,0.406073,0.00600325,0.0218438,0.121684,0.235678
2378,1718345278,2024-06-14 06:07 UTC,105199,179338,1.81392,3.60317,0.150813,0.211641,0.00132733,0.0848137,0.406055,0.00614213,0.0218273,0.11764,0.228505
2379,1718345578,2024-06-14 06:12 UTC,105117,179193,1.83717,3.66243,0.147343,0.207286,0.000567437,0.0855546,0.406059,0.00628733,0.0225345,0.113392,0.220588
2380,1718345878,2024-06-14 06:17 UTC,105032,179045,1.86075,3.72874,0.143875,0.202934,0.00023499,0.0854989,0.406048,0.00644049,0.0233579,0.108592,0.211996
2381,1718346178,2024-06-14 06:22 UTC,104942,178894,1.88466,3.79515,0.14041,0.198586,0.000156616,0.0846008,0.406044,0.00660037,0.0241973,0.103553,0.203111
2382,1718346478,2024-06-14 06:27 UTC,104851,178740,1.90887,3.86166,0.136948,0.194242,0.000133689,0.0836519,0.40605,0.00676594,0.0250528,0.0985557,0.194425
2383,1718346778,2024-06-14 06:32 UTC,104756,178583,1.93336,3.9334,0.13349,0.189902,0.00012578,0.0832726,0.406048,0.00693693,0.0259924,0.0936678,0.185968
2384,1718347078,2024-06-14 06:37 UTC,104659,178424,1.95813,4.04302,0.130035,0.185566,0.00012809,0.082538,0.406041,0.00711324,0.0274613,0.0889052,0.1776
2385,1718347378,2024-06-14 06:42 UTC,104559,178262,1.98314,4.15269,0.126584,0.181235,0.00013573,0.0817963,0.406042,0.00729489,0.0289714,0.0842673,0.169557
2386,1718347678,2024-06-14 06:47 UTC,104457,178098,2.0084,4.26239,0.123137,0.176909,0.000153657,0.0811436,0.40605,0.00748186,0.0305223,0.0797549,0.161809
2387,1718347978,2024-06-14 06:52 UTC,104350,177931,2.03388,4.37212,0.119695,0.172589,0.000165616,0.08018,0.406041,0.00767414,0.0321138,0.075368,0.15407
2388,1718348278,2024-06-14 06:57 UTC,104243,177761,2.05958,4.48189,0.116258,0.168276,0.000187745,0.0791174,0.406045,0.00787171,0.0337467,0.071114,0.146671
2389,1718348578,2024-06-14 07:02 UTC,104133,177589,2.08548,4.59169,0.111903,0.162701,0.000226999,0.0781548,0.406054,0.00807444,0.0354203,0.0659181,0.137248
2390,1718348878,2024-06-14 07:07 UTC,104019,177414,2.11159,4.70151,0.106927,0.156267,0.000278168,0.0772615,0.406047,0.00828234,0.0371353,0.0602265,0.12686
2391,1718349178,2024-06-14 07:12 UTC,103903,177237,2.13789,4.81136,0.101963,0.149848,0.000335758,0.0762105,0.406054,0.00849546,0.0388905,0.0548087,0.117039
2392,1718349478,2024-06-14 07:17 UTC,103785,177058,2.16437,4.92124,0.0970155,0.143446,0.000425399,0.0750017,0.406056,0.00871358,0.0406874,0.0496886,0.107627
2393,1718349778,2024-06-14 07:22 UTC,103666,176876,2.19103,5.03114,0.0920854,0.137064,0.000593287,0.0736276,0.406058,0.00893622,0.0425249,0.0449096,0.0991326
2394,1718350078,2024-06-14 07:27 UTC,103545,176691,2.21787,5.14106,0.0871762,0.130703,0.000891032,0.0721123,0.406086,0.00916296,0.0444035,0.0405021,0.0914649
2395,1718350378,2024-06-14 07:32 UTC,103420,176505,2.24487,5.25099,0.0822918,0.124369,0.00126325,0.0704768,0.406105,0.00939426,0.0463224,0.0364018,0.0843095
2396,1718350677,2024-06-14 07:37 UTC,103296,176316,2.27195,5.36059,0.077453,0.118085,0.00175367,0.0687049,0.406126,0.00962888,0.0482761,0.0326498,0.0777308
2397,1718350977,2024-06-14 07:42 UTC,103169,176125,2.29927,5.47117,0.0726331,0.111815,0.00235411,0.0668314,0.406139,0.00986846,0.0502883,0.0291992,0.0716885
2398,1718351277,2024-06-14 07:47 UTC,103039,175932,2.32675,5.58186,0.0678558,0.105585,0.00305254,0.0649442,0.406142,0.0101123,0.0523437,0.0260417,0.0659989
2399,1718351577,2024-06-14 07:52 UTC,102907,175737,2.35438,5.69257,0.0631301,0.0994498,0.0038111,0.0630007,0.406119,0.0103606,0.0544409,0.0231324,0.060614
2400,1718351877,2024-06-14 07:57 UTC,102776,175539,2.38215,5.8033,0.0584675,0.0934433,0.00468117,0.0610149,0.406132,0.0106131,0.0565794,0.0204942,0.0557447
2401,1718352177,2024-06-14 08:02 UTC,102646,175339,2.41005,5.91403,0.0534141,0.0870365,0.00566162,0.0589994,0.406173,0.0108696,0.0587585,0.0178564,0.0507338
2402,1718352477,2024-06-14 08:07 UTC,102514,175138,2.4381,6.02478,0.0481676,0.0804181,0.00681601,0.0508525,0.406188,0.0111295,0.0609808,0.0153903,0.045872
2403,1718352777,2024-06-14 08:12 UTC,102386,174935,2.46627,6.13553,0.0431028,0.0739809,0.00805132,0.0486364,0.40622,0.0113937,0.063243,0.0132273,0.0412734
2404,1718353077,2024-06-14 08:17 UTC,102255,174730,2.49457,6.25142,0.0382774,0.0677765,0.00940356,0.046429,0.40624,0.0116617,0.0655538,0.0113613,0.0370277
2405,1718353377,2024-06-14 08:22 UTC,102123,174523,2.52299,6.37079,0.0337758,0.0618751,0.010867,0.0442203,0.406264,0.0119337,0.0679086,0.00976689,0.0332113
2406,1718353677,2024-06-14 08:27 UTC,101998,174314,2.55153,6.49015,0.0297274,0.0570522,0.012459,0.042057,0.40632,0.0122094,0.0705371,0.00844887,0.0298225
2407,1718353977,2024-06-14 08:32 UTC,101869,175698,2.58019,6.60952,0.0263412,0.0532955,0.0141454,0.0400057,0.406353,0.0124889,0.0732225,0.00736703,0.0265569
2408,1718354277,2024-06-14 08:37 UTC,101741,175580,2.60895,6.72889,0.0239556,0.0507805,0.0159529,0.038082,0.406382,0.0127722,0.0759579,0.0065041,0.0236331
2409,1718354577,2024-06-14 08:42 UTC,101620,177701,2.63783,6.84826,0.0231318,0.0492022,0.0178737,0.0369161,0.406477,0.0130595,0.0787431,0.0058275,0.0210781
2410,1718354877,2024-06-14 08:47 UTC,101496,178292,2.66681,6.96972,0.0241039,0.0488383,0.0199126,0.0399142,0.406517,0.0133504,0.0816091,0.00532784,0.0192081
2411,1718355177,2024-06-14 08:52 UTC,101386,177357,2.69589,7.09974,0.0266152,0.0507635,0.0220448,0.0431767,0.406636,0.013645,0.0846827,0.00495559,0.0175746
2412,1718355477,2024-06-14 08:57 UTC,101264,176201,2.72508,7.2301,0.0302128,0.0535454,0.0242021,0.0465044,0.406669,0.013944,0.0878209,0.00466727,0.0169964
2413,1718355777,2024-06-14 09:02 UTC,101185,174242,2.74711,7.33242,0.0344757,0.0568439,0.0264571,0.0502484,0.406715,0.014179,0.0903242,0.0045626,0.018474
2414,1718356077,2024-06-14 09:07 UTC,101134,172907,2.76443,7.41471,0.0390907,0.0605385,0.0286916,0.0526114,0.406787,0.0143733,0.092363,0.00460051,0.0192356
2415,1718356377,2024-06-14 09:12 UTC,101086,172675,2.78213,7.49705,0.0439448,0.0646743,0.0309945,0.055894,0.406843,0.0145733,0.0944258,0.00475654,0.0184392
2416,1718356676,2024-06-14 09:17 UTC,101031,172573,2.80015,7.57916,0.0489513,0.0691569,0.0333409,0.0593636,0.406896,0.0147783,0.0965052,0.00503346,0.0195977
2417,1718356976,2024-06-14 09:22 UTC,100978,172471,2.81859,7.66159,0.0540984,0.0739538,0.0357675,0.0633141,0.406977,0.0149897,0.098616,0.005438,0.0202275
2418,1718357276,2024-06-14 09:27 UTC,100925,172369,2.83739,7.74405,0.0593387,0.0790109,0.0382202,0.0673475,0.407054,0.0152077,0.10075,0.00597058,0.0245121
2419,1718357576,2024-06-14 09:32 UTC,100888,172266,2.85655,7.82656,0.0646504,0.0843195,0.0405645,0.0707365,0.407226,0.0154334,0.102908,0.00664404,0.0292115
2420,1718357876,2024-06-14 09:37 UTC,100835,172164,2.87607,7.9091,0.0700182,0.0900746,0.0428907,0.0751885,0.407311,0.0156658,0.10509,0.00745874,0.0350917
2421,1718358176,2024-06-14 09:42 UTC,100796,172061,2.89594,7.99168,0.0754305,0.0959663,0.0452507,0.0798634,0.407441,0.0159042,0.107297,0.00840926,0.0415776
2422,1718358476,2024-06-14 09:47 UTC,100759,171958,2.91617,8.07429,0.0808789,0.101976,0.0476277,0.0847546,0.407605,0.0161487,0.109526,0.00949926,0.0485399
2423,1718358776,2024-06-14 09:52 UTC,100726,178151,2.93676,8.15694,0.0863568,0.10839,0.0499855,0.0898574,0.407804,0.0163995,0.11178,0.010726,0.056074
2424,1718359076,2024-06-14 09:57 UTC,100677,174021,2.9577,8.23962,0.0918592,0.115991,0.0523984,0.0951697,0.407899,0.0166567,0.114057,0.0120706,0.0642193
2425,1718359376,2024-06-14 10:02 UTC,100629,171649,2.97898,8.32233,0.0962441,0.121229,0.054787,0.100681,0.408038,0.0169199,0.116359,0.0130183,0.0706449
2426,1718359676,2024-06-14 10:07 UTC,100582,171545,3.0006,8.40508,0.0998395,0.124805,0.0569553,0.106369,0.408129,0.0171916,0.118684,0.0137194,0.0754959
2427,1718359976,2024-06-14 10:12 UTC,100542,171442,3.02255,8.48785,0.103445,0.12872,0.0590542,0.112229,0.408303,0.0174704,0.121033,0.014469,0.0806298
2428,1718360276,2024-06-14 10:17 UTC,100490,171338,3.04481,8.57066,0.107059,0.133351,0.0610581,0.118254,0.408434,0.0177568,0.123407,0.0152932,0.0860209
2429,1718360576,2024-06-14 10:22 UTC,100452,175568,3.06742,8.65349,0.110681,0.138008,0.0629741,0.12444,0.408595,0.01805,0.125804,0.0162053,0.0914631
2430,1718360876,2024-06-14 10:27 UTC,100422,174336,3.09037,8.73635,0.11431,0.142687,0.0649017,0.130781,0.408823,0.0183494,0.128224,0.0171578,0.0966032
2431,1718361176,2024-06-14 10:32 UTC,100376,171027,3.1137,8.81924,0.117946,0.147422,0.0667004,0.137268,0.409002,0.0186555,0.130669,0.0182124,0.101737
2432,1718361476,2024-06-14 10:37 UTC,100317,170923,3.13739,8.90215,0.121587,0.152284,0.0684613,0.143891,0.409148,0.0189673,0.133137,0.019338,0.10785
2433,1718361776,2024-06-14 10:42 UTC,100276,170818,3.16145,8.98509,0.125235,0.157161,0.070089,0.150644,0.409317,0.0192872,0.13563,0.0205778,0.113973
2434,1718362076,2024-06-14 10:47 UTC,100247,170714,3.18586,9.06806,0.128887,0.162051,0.0717615,0.157509,0.409645,0.0196126,0.138146,0.0218584,0.12028
2435,1718362375,2024-06-14 10:52 UTC,100208,173876,3.21053,9.15077,0.132532,0.166936,0.0733636,0.164475,0.409888,0.0199438,0.140677,0.023212,0.127008
2436,1718362675,2024-06-14 10:57 UTC,100164,173303,3.23561,9.23378,0.136193,0.171849,0.0749846,0.171526,0.410086,0.0202824,0.143242,0.0245889,0.133664
2437,1718362975,2024-06-14 11:02 UTC,100121,170400,3.261,9.31682,0.138335,0.175017,0.0765427,0.178623,0.410271,0.0206277,0.14583,0.0250663,0.137003
2438,1718363275,2024-06-14 11:07 UTC,100075,170295,3.2867,9.39988,0.13939,0.176939,0.0779362,0.185642,0.410447,0.020981,0.148441,0.0249771,0.137892
2439,1718363575,2024-06-14 11:12 UTC,100028,170190,3.31268,9.48296,0.140448,0.178863,0.0792554,0.192538,0.410711,0.0213402,0.151077,0.0249579,0.138948
2440,1718363875,2024-06-14 11:17 UTC,99986.9,171897,3.33893,9.56606,0.141508,0.180787,0.0804099,0.199275,0.411056,0.0217055,0.153736,0.0250433,0.139813
2441,1718364175,2024-06-14 11:22 UTC,99964.5,172509,3.36544,9.64918,0.14257,0.182713,0.0814387,0.205827,0.41132,0.0220796,0.156419,0.0252073,0.140725
2442,1718364475,2024-06-14 11:27 UTC,99924.3,169875,3.3922,9.73232,0.143634,0.18464,0.0823976,0.212172,0.411591,0.0224599,0.159126,0.0253916,0.141627
2443,1718364775,2024-06-14 11:32 UTC,99867.6,169770,3.41918,9.81548,0.144701,0.186568,0.0832975,0.218301,0.411786,0.0228469,0.161857,0.0256051,0.14256
2444,1718365075,2024-06-14 11:37 UTC,99814.5,169664,3.44639,9.89866,0.145769,0.188497,0.0841511,0.224201,0.412015,0.02324,0.164612,0.0258704,0.143553
2445,1718365375,2024-06-14 11:42 UTC,99798.9,170025,3.4738,9.98186,0.14684,0.190428,0.0849044,0.22987,0.412371,0.0236404,0.167391,0.0261981,0.144648
2446,1718365675,2024-06-14 11:47 UTC,99759.8,170291,3.50141,10.0651,0.147912,0.19236,0.0855694,0.235307,0.412706,0.0240481,0.170193,0.0265781,0.145649
2447,1718365975,2024-06-14 11:52 UTC,99715.7,171515,3.52921,10.1483,0.148987,0.194292,0.0862105,0.24052,0.413035,0.0244623,0.17302,0.0269782,0.146748
2448,1718366275,2024-06-14 11:57 UTC,99678.2,170335,3.55719,10.232,0.150063,0.196226,0.0867589,0.245518,0.413317,0.0248828,0.175885,0.0274397,0.14988
2449,1718366575,2024-06-14 12:02 UTC,99650.8,170283,3.59577,10.2934,0.149697,0.195942,0.087265,0.250199,0.41363,0.025421,0.178003,0.0270585,0.149348
2450,1718366875,2024-06-14 12:07 UTC,99625.1,170227,3.64272,10.3391,0.148301,0.194074,0.087628,0.254114,0.413936,0.0260504,0.179586,0.0261342,0.147143
2451,1718367175,2024-06-14 12:12 UTC,99588.1,175016,3.69088,10.3854,0.146906,0.192206,0.0879281,0.257273,0.414228,0.0266921,0.181199,0.0252617,0.144637
2452,1718367475,2024-06-14 12:17 UTC,99574.2,175048,3.74033,10.4317,0.145512,0.190338,0.0881905,0.25975,0.414634,0.0273458,0.18282,0.0244479,0.14219
2453,1718367775,2024-06-14 12:22 UTC,99541.6,170022,3.79115,10.4781,0.144119,0.188471,0.0883531,0.261621,0.414992,0.0280119,0.18445,0.023691,0.139785
2454,1718368075,2024-06-14 12:27 UTC,99506.2,170229,3.84343,10.5245,0.142728,0.186604,0.0884633,0.26296,0.415245,0.0286918,0.186087,0.0229809,0.137335
2455,1718368374,2024-06-14 12:32 UTC,99485.2,173908,3.89697,10.5708,0.141343,0.184744,0.0885208,0.263841,0.415535,0.0293829,0.187727,0.0223312,0.134949
2456,1718368674,2024-06-14 12:37 UTC,99455.8,169781,3.95195,10.6173,0.139955,0.182878,0.0885252,0.264326,0.415882,0.0300922,0.189382,0.0217008,0.132607
2457,1718368974,2024-06-14 12:42 UTC,99418.4,172323,4.00794,10.6638,0.138569,0.181012,0.0884582,0.264474,0.416143,0.0308158,0.191044,0.0211242,0.130249
2458,1718369274,2024-06-14 12:47 UTC,99399.5,176721,4.06481,10.7106,0.137184,0.179147,0.0884826,0.264336,0.416437,0.0315532,0.192723,0.0205156,0.127922
2459,1718369574,2024-06-14 12:52 UTC,99361.9,172714,4.12244,10.76,0.1358,0.177282,0.0884787,0.263963,0.416768,0.032306,0.194507,0.0199335,0.125633
2460,1718369874,2024-06-14 12:57 UTC,99333.8,174014,4.18077,10.8095,0.134419,0.175417,0.0884814,0.263403,0.41704,0.0330739,0.196301,0.0193647,0.123317
2461,1718370174,2024-06-14 13:02 UTC,99308.6,172915,4.23972,10.859,0.131655,0.17156,0.0884093,0.262592,0.417437,0.0338587,0.198103,0.0181892,0.118472
2462,1718370474,2024-06-14 13:07 UTC,99272.9,169234,4.29919,10.9086,0.127904,0.166262,0.0880961,0.261143,0.417656,0.0346623,0.199915,0.0167395,0.111988
2463,1718370774,2024-06-14 13:12 UTC,99251.4,169129,4.35906,10.9581,0.124171,0.161198,0.0876415,0.259107,0.418055,0.035483,0.201735,0.0154451,0.105632
2464,1718371074,2024-06-14 13:17 UTC,99228.1,173093,4.41924,11.0077,0.120457,0.156319,0.0871582,0.256579,0.418369,0.0363203,0.203564,0.0142468,0.0994921
2465,1718371374,2024-06-14 13:22 UTC,99174.5,175400,4.47971,11.0573,0.116766,0.151443,0.0867225,0.253644,0.418551,0.0371723,0.205402,0.0131173,0.0952806
2466,1718371674,2024-06-14 13:27 UTC,99158.2,178442,4.54042,11.1069,0.113097,0.146568,0.0863086,0.250376,0.418889,0.0380412,0.207249,0.012086,0.0984694
2467,1718371974,2024-06-14 13:32 UTC,99135.6,177002,4.60136,11.1565,0.109453,0.141695,0.0857899,0.246838,0.41926,0.0389274,0.209105,0.011177,0.100259
2468,1718372274,2024-06-14 13:37 UTC,99107.1,170365,4.66251,11.2061,0.105837,0.136825,0.0852562,0.243085,0.419535,0.039831,0.21097,0.0103884,0.101518
2469,1718372574,2024-06-14 13:42 UTC,99062.7,170245,4.72385,11.2558,0.10225,0.132501,0.0845884,0.23916,0.419732,0.0407537,0.212843,0.00974357,0.103974
2470,1718372874,2024-06-14 13:47 UTC,99028.8,168501,4.78538,11.3054,0.0986948,0.12939,0.0839303,0.235049,0.42007,0.0416945,0.214726,0.00923945,0.104739
2471,1718373174,2024-06-14 13:52 UTC,98994.9,177032,4.84707,11.3551,0.0951743,0.126374,0.0831922,0.211443,0.420322,0.0426516,0.216618,0.00899796,0.125742
2472,1718373474,2024-06-14 13:57 UTC,98968.7,179758,4.90892,11.4048,0.0916914,0.123475,0.0824755,0.210344,0.420654,0.0436254,0.218518,0.00899844,0.118236
2473,1718373774,2024-06-14 14:02 UTC,98929.7,180202,4.97092,11.4545,0.0869852,0.118635,0.0817282,0.208889,0.420938,0.0446166,0.220427,0.00914624,0.108029
2474,1718374074,2024-06-14 14:07 UTC,98898.1,183313,5.03307,11.5043,0.0814398,0.112481,0.0809071,0.206861,0.421183,0.0456261,0.222345,0.00980439,0.112376
2475,1718374373,2024-06-14 14:12 UTC,98860.1,175045,5.09513,11.5539,0.0760121,0.106555,0.0800198,0.204237,0.421475,0.0466497,0.224266,0.0109294,0.116152
2476,1718374673,2024-06-14 14:17 UTC,98832.4,174239,5.15753,11.6036,0.0706868,0.100856,0.0790033,0.20117,0.421725,0.047695,0.226202,0.0124378,0.119339
2477,1718374973,2024-06-14 14:22 UTC,98795.4,185118,5.22005,11.6534,0.0655083,0.0955471,0.0778167,0.197887,0.421973,0.0487602,0.228147,0.0141849,0.122201
2478,1718375273,2024-06-14 14:27 UTC,98762.9,170755,5.28268,11.7032,0.0605097,0.0908866,0.0765407,0.194573,0.422204,0.049844,0.2301,0.0160938,0.12494
2479,1718375573,2024-06-14 14:32 UTC,98719.3,177620,5.34541,11.753,0.0557324,0.0866717,0.0751765,0.190951,0.422385,0.0509452,0.232063,0.0181298,0.127572
2480,1718375873,2024-06-14 14:37 UTC,98698.3,188569,5.40824,11.8028,0.0512288,0.0829703,0.0736964,0.186795,0.422588,0.052066,0.234035,0.0202478,0.128858
2481,1718376173,2024-06-14 14:42 UTC,98673,179021,5.47117,11.8526,0.0470652,0.079854,0.0720784,0.182797,0.422988,0.053206,0.236015,0.0224265,0.130864
2482,1718376473,2024-06-14 14:47 UTC,98627.5,179169,5.53418,11.9025,0.0433246,0.0774431,0.0702617,0.17818,0.42318,0.0543665,0.238004,0.0245913,0.131613
2483,1718376773,2024-06-14 14:52 UTC,98597.4,187518,5.59728,11.9524,0.0401103,0.0757793,0.068424,0.17344,0.423336,0.0555446,0.240003,0.0268653,0.131775
2484,1718377073,2024-06-14 14:57 UTC,98569.4,171305,5.66045,12.0022,0.0375483,0.0750371,0.0665304,0.169063,0.423646,0.0567408,0.24201,0.0292462,0.13335
2485,1718377373,2024-06-14 15:02 UTC,98532.8,171206,5.68778,12.0154,0.0354637,0.0742288,0.0644546,0.164054,0.423829,0.0572365,0.24254,0.0318486,0.134081
2486,1718377673,2024-06-14 15:07 UTC,98495.2,177379,5.68891,12.0015,0.034418,0.0755231,0.0622066,0.158524,0.424081,0.0572114,0.241981,0.0347228,0.134316
2487,1718377973,2024-06-14 15:12 UTC,98460,177390,5.69023,11.9877,0.0349892,0.0779433,0.0597899,0.153454,0.424313,0.0571937,0.241423,0.0376517,0.135399
2488,1718378273,2024-06-14 15:17 UTC,98434.5,177232,5.69175,11.9738,0.0372054,0.081389,0.057328,0.147737,0.424523,0.0571803,0.240866,0.0407212,0.135395
2489,1718378573,2024-06-14 15:22 UTC,98395.1,178436,5.69347,11.96,0.0407328,0.0857465,0.0546216,0.141376,0.424747,0.0571749,0.240309,0.0438271,0.134301
2490,1718378873,2024-06-14 15:27 UTC,98353.7,182894,5.69537,11.9461,0.0451806,0.0911475,0.0518371,0.1354,0.424895,0.0571744,0.239752,0.0470869,0.133729
2491,1718379173,2024-06-14 15:32 UTC,98325.6,188087,5.69746,11.9323,0.0502696,0.0973353,0.0490196,0.12932,0.425152,0.0571785,0.239197,0.0504971,0.133188
2492,1718379473,2024-06-14 15:37 UTC,98286.7,175751,5.69974,11.9184,0.0558145,0.10415,0.045986,0.12312,0.425263,0.0571904,0.238642,0.0538986,0.13247
2493,1718379773,2024-06-14 15:42 UTC,98245.4,175408,5.7022,11.9046,0.0616907,0.111688,0.0428827,0.116895,0.425487,0.0572071,0.238088,0.0574493,0.131798
2494,1718380072,2024-06-14 15:47 UTC,98218.4,176223,5.70482,11.8908,0.0677916,0.119526,0.0397184,0.110775,0.425648,0.0572292,0.237536,0.0610843,0.135249
2495,1718380372,2024-06-14 15:52 UTC,98185,179835,5.70761,11.8769,0.0740984,0.127759,0.0365702,0.104585,0.425798,0.0572554,0.236983,0.0648958,0.142518
2496,1718380672,2024-06-14 15:57 UTC,98142,187831,5.71058,11.8701,0.0805483,0.136394,0.033356,0.0984867,0.425861,0.0572866,0.236709,0.0688445,0.149965
2497,1718380972,2024-06-14 16:02 UTC,98100,168856,5.7137,11.8634,0.086694,0.143977,0.0300774,0.0924071,0.425984,0.0573224,0.236442,0.0723827,0.156168
2498,1718381272,2024-06-14 16:07 UTC,98054.3,168783,5.71697,11.8567,0.0926003,0.15073,0.0267818,0.0864295,0.426086,0.0573621,0.236176,0.0756652,0.161028
2499,1718381572,2024-06-14 16:12 UTC,98014.5,169009,5.7204,11.85,0.0985596,0.157537,0.0235215,0.080493,0.426156,0.0574054,0.235909,0.0790909,0.166532
2500,1718381872,2024-06-14 16:17 UTC,97977.1,169520,5.72397,11.8433,0.104563,0.164391,0.0202679,0.0744001,0.426212,0.0574529,0.235643,0.0826496,0.171963
2501,1718382172,2024-06-14 16:22 UTC,97943.3,170287,5.72767,11.8366,0.110603,0.171288,0.0171498,0.0683167,0.42633,0.0575014,0.235378,0.0865446,0.177398
2502,1718382472,2024-06-14 16:27 UTC,97904,171235,5.73151,11.8304,0.116674,0.178221,0.0140792,0.0620061,0.42639,0.0575534,0.235132,0.0906067,0.182839
2503,1718382772,2024-06-14 16:32 UTC,97862.2,172274,5.73548,11.8255,0.122771,0.185187,0.0110038,0.0555626,0.426459,0.0576102,0.234935,0.0947701,0.189319
2504,1718383072,2024-06-14 16:37 UTC,97820.8,173295,5.73957,11.8205,0.128892,0.192183,0.00814054,0.0489636,0.426501,0.057667,0.234739,0.0993784,0.196791
2505,1718383372,2024-06-14 16:42 UTC,97783.3,174204,5.74378,11.8156,0.135033,0.199205,0.00548243,0.0536578,0.426548,0.0577245,0.234543,0.104397,0.20599
2506,1718383672,2024-06-14 16:47 UTC,97748.2,174913,5.74811,11.8107,0.141191,0.20625,0.00375909,0.0586633,0.4266,0.0577758,0.234346,0.110359,0.217747
2507,1718383972,2024-06-14 16:52 UTC,97710.2,175368,5.75255,11.8058,0.147364,0.213316,0.0027396,0.0642815,0.42663,0.0578228,0.234151,0.117144,0.231108
2508,1718384272,2024-06-14 16:57 UTC,97673.7,175581,5.7571,11.8008,0.15355,0.220402,0.00243691,0.0709436,0.42663,0.0578688,0.233956,0.12448,0.243522
2509,1718384572,2024-06-14 17:02 UTC,97637.2,175611,5.76177,11.7959,0.158669,0.225699,0.00287279,0.0776346,0.426647,0.0579159,0.233761,0.130397,0.251086
2510,1718384872,2024-06-14 17:07 UTC,97596.7,175562,5.76655,11.791,0.162989,0.229655,0.00381777,0.0839365,0.42665,0.0579613,0.233566,0.135536,0.255321
2511,1718385172,2024-06-14 17:12 UTC,97562.8,175518,5.77143,11.7861,0.167312,0.233612,0.00486034,0.0859487,0.426677,0.0580106,0.233372,0.140819,0.259444
2512,1718385472,2024-06-14 17:17 UTC,97527.9,175530,5.77642,11.7813,0.171637,0.237568,0.00602369,0.0904289,0.426692,0.0580651,0.233181,0.146111,0.26931
2513,1718385772,2024-06-14 17:22 UTC,97488.6,175644,5.78152,11.7768,0.175964,0.241525,0.00727046,0.0946746,0.426693,0.0581245,0.233002,0.151417,0.279242
2514,1718386071,2024-06-14 17:27 UTC,97454.7,175873,5.7867,11.7723,0.180279,0.245468,0.00865239,0.0822943,0.426728,0.0581904,0.232825,0.156583,0.289123
2515,1718386371,2024-06-14 17:32 UTC,97418.8,176217,5.79201,11.7678,0.18461,0.249425,0.0100473,0.0873654,0.426708,0.0582604,0.232647,0.161891,0.300091
2516,1718386671,2024-06-14 17:37 UTC,97385.4,176639,5.79741,11.7633,0.188943,0.253381,0.0115054,0.0977072,0.426743,0.0583359,0.232469,0.167183,0.311077
2517,1718386971,2024-06-14 17:42 UTC,97353.9,177044,5.80292,11.7588,0.193278,0.257338,0.0130195,0.108187,0.426737,0.0584163,0.232292,0.172507,0.321378
2518,1718387271,2024-06-14 17:47 UTC,97314,185161,5.80852,11.7543,0.197614,0.261294,0.0146695,0.118451,0.426742,0.0585036,0.232114,0.177653,0.331746
2519,1718387571,2024-06-14 17:52 UTC,97285.6,177112,5.81423,11.7498,0.201951,0.265251,0.0164066,0.117536,0.426773,0.0585969,0.231938,0.182707,0.34253
2520,1718387871,2024-06-14 17:57 UTC,97255.4,176496,5.82003,11.7453,0.20629,0.269207,0.0183361,0.110617,0.42677,0.0586982,0.231761,0.187432,0.35316
2521,1718388171,2024-06-14 18:02 UTC,97214,174304,5.81942,11.7356,0.209347,0.272012,0.0202374,0.094075,0.426694,0.058705,0.231378,0.189749,0.360675
2522,1718388471,2024-06-14 18:07 UTC,97183.7,168714,5.81392,11.722,0.211437,0.27395,0.0217694,0.097104,0.426684,0.0586317,0.230841,0.190926,0.365069
2523,1718388771,2024-06-14 18:12 UTC,97139.2,165276,5.80843,11.7083,0.213527,0.275889,0.0231663,0.0998248,0.426705,0.0585563,0.230302,0.192347,0.369693
2524,1718389071,2024-06-14 18:17 UTC,97108.4,166212,5.80296,11.6947,0.215618,0.27783,0.0244263,0.1018,0.426738,0.0584791,0.229766,0.194062,0.376232
2525,1718389371,2024-06-14 18:22 UTC,97073.6,184658,5.79749,11.681,0.21771,0.279773,0.0256469,0.106925,0.426706,0.0584017,0.229231,0.195852,0.381636
2526,1718389671,2024-06-14 18:27 UTC,97055,176412,5.79202,11.6674,0.219803,0.281717,0.0267995,0.101633,0.426764,0.0583235,0.228695,0.197824,0.387249
2527,1718389971,2024-06-14 18:32 UTC,97011.2,174835,5.78657,11.6538,0.221896,0.283903,0.0279299,0.0998652,0.426718,0.0582457,0.228161,0.199821,0.392561
2528,1718390271,2024-06-14 18:37 UTC,96977.2,175145,5.78113,11.6401,0.223989,0.28675,0.0290374,0.0977248,0.426711,0.058168,0.227627,0.201883,0.398206
2529,1718390571,2024-06-14 18:42 UTC,96932.4,176044,5.7757,11.6265,0.226083,0.289597,0.0301284,0.100321,0.426587,0.0580909,0.227094,0.203973,0.403426
2530,1718390871,2024-06-14 18:47 UTC,96905.2,176540,5.77027,11.6128,0.228178,0.292446,0.0311539,0.104484,0.426687,0.0580129,0.226561,0.206267,0.408511
2531,1718391171,2024-06-14 18:52 UTC,96869.5,176005,5.76486,11.5992,0.230273,0.295299,0.0321814,0.107086,0.426652,0.0579359,0.22603,0.208544,0.413861
2532,1718391471,2024-06-14 18:57 UTC,96838,172300,5.75946,11.5855,0.232369,0.298152,0.0331858,0.109717,0.426685,0.0578591,0.225498,0.210928,0.419643
2533,1718391771,2024-06-14 19:02 UTC,96803.9,164362,5.75406,11.5719,0.233163,0.299167,0.0340517,0.115876,0.426703,0.0577802,0.224968,0.210907,0.421957
2534,1718392070,2024-06-14 19:07 UTC,96784.9,165374,5.74869,11.5583,0.232976,0.298797,0.0343611,0.119531,0.426864,0.0576911,0.224439,0.210028,0.421259
2535,1718392370,2024-06-14 19:12 UTC,96751.8,179040,5.74332,11.5447,0.23279,0.298426,0.0342463,0.12405,0.426883,0.0575945,0.22391,0.209974,0.4205
2536,1718392670,2024-06-14 19:17 UTC,96725.2,173981,5.73796,11.5311,0.232607,0.298055,0.0338908,0.128901,0.426953,0.0574938,0.223381,0.210415,0.419365
2537,1718392970,2024-06-14 19:22 UTC,96691.1,173928,5.73261,11.5174,0.232426,0.297684,0.0333902,0.132699,0.426987,0.0573911,0.222853,0.211125,0.418538
2538,1718393270,2024-06-14 19:27 UTC,96650.9,174948,5.72727,11.5038,0.232246,0.297313,0.0327914,0.121061,0.427003,0.0572873,0.222327,0.211976,0.41783
2539,1718393570,2024-06-14 19:32 UTC,96616.4,175556,5.72194,11.4902,0.232069,0.296942,0.0320879,0.116034,0.426964,0.0571821,0.2218,0.213076,0.417282
2540,1718393870,2024-06-14 19:37 UTC,96589.9,175028,5.71662,11.4765,0.231894,0.296571,0.0313635,0.120963,0.427002,0.0570773,0.221274,0.214193,0.416747
2541,1718394170,2024-06-14 19:42 UTC,96558.3,170924,5.71132,11.4629,0.231721,0.296207,0.0306811,0.122814,0.427003,0.0569739,0.220749,0.215231,0.416264
2542,1718394470,2024-06-14 19:47 UTC,96525.6,168727,5.70603,11.4493,0.23155,0.295872,0.0300965,0.122444,0.426974,0.056873,0.220224,0.216011,0.415606
2543,1718394770,2024-06-14 19:52 UTC,96495.7,169843,5.70076,11.4356,0.231382,0.295537,0.0295514,0.124533,0.427022,0.056773,0.2197,0.216746,0.414693
2544,1718395070,2024-06-14 19:57 UTC,96464.3,174803,5.6955,11.422,0.231215,0.295202,0.0290291,0.125995,0.426998,0.0566743,0.219177,0.217434,0.414151
2545,1718395370,2024-06-14 20:02 UTC,96438.3,171076,5.69026,11.4084,0.229824,0.293444,0.0284542,0.126936,0.427029,0.056575,0.218656,0.215642,0.409102
2546,1718395670,2024-06-14 20:07 UTC,96406,170731,5.68504,11.3948,0.227496,0.290598,0.0274277,0.12701,0.427006,0.0564676,0.218131,0.212826,0.4008
2547,1718395970,2024-06-14 20:12 UTC,96374.9,171507,5.67983,11.3811,0.225168,0.287753,0.0261181,0.125128,0.427041,0.0563551,0.217611,0.210611,0.392247
2548,1718396270,2024-06-14 20:17 UTC,96345.1,185240,5.67464,11.3675,0.222841,0.284908,0.02465,0.122659,0.427102,0.0562403,0.21709,0.208716,0.383891
2549,1718396570,2024-06-14 20:22 UTC,96314.4,179288,5.66946,11.3539,0.220514,0.282064,0.0230389,0.121474,0.427055,0.0561234,0.216572,0.2071,0.375541
2550,1718396870,2024-06-14 20:27 UTC,96277,176713,5.6643,11.3403,0.218188,0.279221,0.0213309,0.125585,0.426969,0.0560054,0.216051,0.205683,0.367671
2551,1718397170,2024-06-14 20:32 UTC,96246.6,175635,5.65915,11.3267,0.215862,0.276378,0.0196318,0.124945,0.426972,0.0558878,0.215533,0.204281,0.361577
2552,1718397470,2024-06-14 20:37 UTC,96218.2,175242,5.65403,11.313,0.213537,0.273535,0.0179934,0.122921,0.427014,0.0557718,0.215014,0.202719,0.357226
2553,1718397769,2024-06-14 20:42 UTC,96188,175237,5.64893,11.2995,0.21122,0.270702,0.0164122,0.119229,0.426965,0.0556575,0.2145,0.201072,0.353111
2554,1718398069,2024-06-14 20:47 UTC,96156.8,174883,5.64384,11.2859,0.208895,0.267862,0.0148504,0.114791,0.426943,0.0555437,0.213983,0.199378,0.348844
2555,1718398369,2024-06-14 20:52 UTC,96115.3,174083,5.63876,11.2722,0.206572,0.265023,0.0133105,0.11384,0.426872,0.0554309,0.213467,0.19764,0.344423
2556,1718398669,2024-06-14 20:57 UTC,96084.3,172481,5.6337,11.2586,0.204249,0.262187,0.0118095,0.112619,0.426888,0.0553193,0.21295,0.195832,0.339804
2557,1718398969,2024-06-14 21:02 UTC,96049.7,169381,5.63687,11.2548,0.201141,0.258509,0.0103111,0.111137,0.42686,0.0553624,0.212805,0.1925,0.332961
2558,1718399269,2024-06-14 21:07 UTC,96020.7,165084,5.64644,11.2585,0.197429,0.254178,0.00857999,0.109254,0.426862,0.0555213,0.212945,0.188457,0.325114
2559,1718399569,2024-06-14 21:12 UTC,95994.8,165405,5.65602,11.2622,0.19372,0.249849,0.00680772,0.107022,0.426839,0.0556794,0.213084,0.184563,0.317441
2560,1718399869,2024-06-14 21:17 UTC,95965.2,167164,5.66563,11.2659,0.190014,0.245521,0.00513522,0.104506,0.42686,0.0558398,0.213225,0.180533,0.309367
2561,1718400169,2024-06-14 21:22 UTC,95932.6,168821,5.67525,11.2696,0.186313,0.241194,0.00389666,0.101755,0.426824,0.0560084,0.213365,0.175716,0.299573
2562,1718400469,2024-06-14 21:27 UTC,95905.4,170136,5.68489,11.2733,0.182617,0.236868,0.00315788,0.0988096,0.426831,0.0561867,0.213506,0.170012,0.289034
2563,1718400769,2024-06-14 21:32 UTC,95876.7,171050,5.69455,11.277,0.178925,0.232771,0.00259541,0.0598537,0.426828,0.0563694,0.213646,0.164072,0.279119
2564,1718401069,2024-06-14 21:37 UTC,95848.5,171610,5.70424,11.2807,0.175238,0.228973,0.00215783,0.0573091,0.426845,0.0565554,0.213787,0.15802,0.270111
2565,1718401369,2024-06-14 21:42 UTC,95818.8,171906,5.71394,11.2844,0.171556,0.225178,0.00179617,0.0545813,0.426857,0.0567437,0.213927,0.151957,0.26129
2566,1718401669,2024-06-14 21:47 UTC,95790,172053,5.72366,11.2881,0.167881,0.221387,0.00148269,0.0516993,0.426828,0.0569337,0.214068,0.145946,0.252522
2567,1718401969,2024-06-14 21:52 UTC,95761.9,172129,5.7334,11.2918,0.164211,0.217599,0.00119985,0.048843,0.426819,0.0571247,0.214208,0.140027,0.243929
2568,1718402269,2024-06-14 21:57 UTC,95731.9,172152,5.74316,11.2955,0.160548,0.213814,0.000945302,0.0486479,0.426804,0.0573169,0.214349,0.134207,0.23559
2569,1718402569,2024-06-14 22:02 UTC,95703.1,172147,5.75295,11.2992,0.156831,0.209738,0.000708126,0.048651,0.426814,0.0575101,0.21449,0.128392,0.226697
2570,1718402869,2024-06-14 22:07 UTC,95675.1,172123,5.76276,11.3029,0.153072,0.205476,0.000495743,0.0488522,0.426835,0.0577042,0.214631,0.122614,0.217642
2571,1718403169,2024-06-14 22:12 UTC,95644.7,172090,5.77259,11.3066,0.149318,0.201235,0.000310093,0.0492524,0.426833,0.0578993,0.214772,0.116953,0.208745
2572,1718403469,2024-06-14 22:17 UTC,95615,172050,5.78244,11.3104,0.145571,0.197,0.000153186,0.0498505,0.426819,0.0580955,0.214912,0.1114,0.200081
2573,1718403768,2024-06-14 22:22 UTC,95586.2,172006,5.79228,11.3141,0.141842,0.192791,0.000201244,0.0506424,0.426823,0.0582924,0.215053,0.105972,0.191703
2574,1718404068,2024-06-14 22:27 UTC,95556.3,171964,5.80217,11.3178,0.138107,0.188608,0.00025713,0.0516208,0.42682,0.0584928,0.215194,0.10053,0.183489
2575,1718404368,2024-06-14 22:32 UTC,95526.3,171923,5.81209,11.3215,0.13438,0.18445,0.000364502,0.0527766,0.426826,0.0586925,0.215336,0.0953227,0.175527
2576,1718404668,2024-06-14 22:37 UTC,95496.5,171886,5.82203,11.3252,0.130661,0.180338,0.000494253,0.0540987,0.426831,0.0588923,0.215477,0.0902906,0.167818
2577,1718404968,2024-06-14 22:42 UTC,95466.9,171849,5.83199,11.3289,0.12695,0.176233,0.000649961,0.0555753,0.426838,0.059092,0.215618,0.0854404,0.160327
2578,1718405268,2024-06-14 22:47 UTC,95437.9,171814,5.84197,11.3326,0.123249,0.172137,0.000841615,0.057194,0.426843,0.0592913,0.215761,0.0807881,0.152993
2579,1718405568,2024-06-14 22:52 UTC,95408.2,171778,5.85197,11.3364,0.119558,0.16805,0.00106086,0.0589425,0.426845,0.0594905,0.215902,0.0763158,0.145839
2580,1718405868,2024-06-14 22:57 UTC,95378.9,171743,5.86199,11.3401,0.115878,0.163982,0.00131671,0.060809,0.427038,0.0596895,0.216044,0.0720222,0.139779
2581,1718406168,2024-06-14 23:02 UTC,95354.5,171701,5.87203,11.3438,0.112639,0.160202,0.00150251,0.0627754,0.427074,0.05989,0.216186,0.0683105,0.139394
2582,1718406468,2024-06-14 23:07 UTC,95328.5,171638,5.8821,11.3475,0.109742,0.156647,0.001757,0.0648004,0.427103,0.0600897,0.216327,0.0651679,0.138862
2583,1718406768,2024-06-14 23:12 UTC,95297.4,171561,5.89218,11.3512,0.106848,0.1531,0.00206508,0.0668711,0.427092,0.0602886,0.216469,0.0621674,0.138206
2584,1718407068,2024-06-14 23:17 UTC,95263.6,171541,5.90229,11.355,0.103958,0.149561,0.00241017,0.0689801,0.427087,0.0604871,0.216612,0.059286,0.137467
2585,1718407368,2024-06-14 23:22 UTC,95230.2,171463,5.91242,11.3587,0.101072,0.14603,0.00280276,0.0711209,0.427085,0.060685,0.216753,0.0565259,0.136669
2586,1718407668,2024-06-14 23:27 UTC,95205.1,171297,5.92256,11.3624,0.0981907,0.142509,0.00324445,0.0732878,0.427124,0.0608823,0.216896,0.0538925,0.136037
2587,1718407968,2024-06-14 23:32 UTC,95177.3,170999,5.93273,11.3662,0.0953144,0.138998,0.0037265,0.0754756,0.427128,0.061079,0.217038,0.0513716,0.135163
2588,1718408268,2024-06-14 23:37 UTC,95144.5,170576,5.94292,11.3699,0.0924436,0.135497,0.00426569,0.0776802,0.427118,0.0612747,0.217181,0.0489856,0.135141
2589,1718408568,2024-06-14 23:42 UTC,95117.8,169955,5.95313,11.3736,0.0895788,0.132008,0.00485198,0.0798976,0.427172,0.0614699,0.217324,0.0467122,0.134164
2590,1718408868,2024-06-14 23:47 UTC,95091.3,169219,5.96335,11.3773,0.0867205,0.128531,0.00547537,0.0821247,0.427217,0.0616646,0.217466,0.0445477,0.133362
2591,1718409168,2024-06-14 23:52 UTC,95065.8,168442,5.9736,11.3811,0.0838695,0.125068,0.00611946,0.0843588,0.427293,0.0618594,0.217609,0.0424687,0.13235
2592,1718409467,2024-06-14 23:57 UTC,95037.9,167623,5.98383,11.3848,0.0810361,0.121631,0.00680618,0.0865975,0.427366,0.0620529,0.217751,0.0405061,0.131343
2593,1718409767,2024-06-15 00:02 UTC,95012.1,166735,5.98268,11.3745,0.0788185,0.118926,0.00750703,0.0887661,0.42746,0.0620232,0.217358,0.0391746,0.131168
2594,1718410067,2024-06-15 00:07 UTC,94986.8,169567,5.97249,11.3531,0.0770964,0.116808,0.00811671,0.0905833,0.427554,0.0618185,0.216542,0.038241,0.131368
2595,1718410367,2024-06-15 00:12 UTC,94959.7,171943,5.96238,11.3318,0.0753775,0.114696,0.00869499,0.0921344,0.427634,0.061616,0.215729,0.0372997,0.130896
2596,1718410667,2024-06-15 00:17 UTC,94940.2,173457,5.95236,11.3105,0.073662,0.11259,0.00926156,0.0935105,0.427803,0.0614157,0.214919,0.0363571,0.130118
2597,1718410967,2024-06-15 00:22 UTC,94912.4,174267,5.94242,11.2893,0.0719503,0.110491,0.0097933,0.0947715,0.427915,0.0612174,0.214114,0.0354075,0.12914
2598,1718411267,2024-06-15 00:27 UTC,94884.9,174664,5.93257,11.2682,0.0702425,0.1084,0.0102978,0.0959568,0.427979,0.0610213,0.213312,0.034456,0.128219
2599,1718411567,2024-06-15 00:32 UTC,94864.9,174858,5.9228,11.247,0.0685389,0.106316,0.0107838,0.0970925,0.428097,0.0608273,0.212513,0.0335067,0.127022
2600,1718411867,2024-06-15 00:37 UTC,94833.8,174849,5.91311,11.226,0.0668398,0.10424,0.0112671,0.0989391,0.42813,0.060635,0.211717,0.0325788,0.125772
2601,1718412167,2024-06-15 00:42 UTC,94808.3,174848,5.9035,11.205,0.0651456,0.102172,0.0117521,0.101196,0.428201,0.0604443,0.210927,0.0316694,0.124665
2602,1718412467,2024-06-15 00:47 UTC,94786.2,174954,5.89398,11.184,0.0634567,0.100114,0.0122301,0.10265,0.428242,0.0602553,0.210139,0.0307743,0.124658
2603,1718412767,2024-06-15 00:52 UTC,94767.4,175165,5.88453,11.1631,0.0617734,0.0980655,0.012721,0.105229,0.428358,0.0600676,0.209354,0.0299105,0.126014
2604,1718413067,2024-06-15 00:57 UTC,94737.6,175672,5.87517,11.1423,0.0600963,0.0960271,0.0132137,0.107184,0.428461,0.0598815,0.208573,0.0290743,0.126536
2605,1718413367,2024-06-15 01:02 UTC,94722.9,176972,5.86589,11.1215,0.0591521,0.0949194,0.0136927,0.109151,0.428613,0.0596975,0.207796,0.0288011,0.128455
2606,1718413667,2024-06-15 01:07 UTC,94706.5,179924,5.85668,11.1008,0.0587937,0.0945466,0.0140582,0.11015,0.428725,0.0595177,0.207022,0.0288832,0.129815
2607,1718413967,2024-06-15 01:12 UTC,94681.3,171886,5.84756,11.0801,0.0584431,0.0941741,0.0143173,0.111357,0.428841,0.0593416,0.206253,0.0288874,0.131257
2608,1718414267,2024-06-15 01:17 UTC,94655.6,171760,5.83852,11.0595,0.0581004,0.0938017,0.0145264,0.112529,0.428932,0.0591683,0.205486,0.0288441,0.132796
2609,1718414567,2024-06-15 01:22 UTC,94638.5,171824,5.82955,11.039,0.057766,0.0934296,0.0146906,0.11341,0.429046,0.0589976,0.204723,0.0287562,0.133832
2610,1718414867,2024-06-15 01:27 UTC,94622.6,172152,5.82067,11.0185,0.0574401,0.0930577,0.0147981,0.113907,0.429187,0.0588299,0.203963,0.0286121,0.134245
2611,1718415167,2024-06-15 01:32 UTC,94602.6,173062,5.81186,10.998,0.0571227,0.092686,0.0148649,0.114285,0.429306,0.0586645,0.203208,0.0284334,0.134635
2612,1718415466,2024-06-15 01:37 UTC,94586.9,175278,5.80316,10.9777,0.0568153,0.0923157,0.0149144,0.114592,0.429428,0.0585017,0.202458,0.0282393,0.134768
2613,1718415766,2024-06-15 01:42 UTC,94564.9,176749,5.79451,10.9574,0.0565158,0.0919444,0.0149494,0.114947,0.429486,0.0583403,0.201709,0.0280352,0.135121
2614,1718416066,2024-06-15 01:47 UTC,94549.1,168273,5.78593,10.9371,0.0562256,0.0915763,0.0149764,0.115207,0.429611,0.0581807,0.200964,0.027829,0.134655
2615,1718416366,2024-06-15 01:52 UTC,94520.6,168255,5.77743,10.9169,0.0559448,0.0912126,0.0149673,0.11549,0.429679,0.0580234,0.200221,0.0276047,0.13487
2616,1718416666,2024-06-15 01:57 UTC,94505.9,168552,5.76901,10.8968,0.0556735,0.0908492,0.0149455,0.11571,0.429762,0.0578681,0.199483,0.027367,0.134669
2617,1718416966,2024-06-15 02:02 UTC,94488.9,169350,5.76066,10.8767,0.0561403,0.0912615,0.0149088,0.115482,0.429877,0.0577147,0.198748,0.0276754,0.135768
2618,1718417266,2024-06-15 02:07 UTC,94471.1,172710,5.75239,10.8567,0.0571996,0.0923032,0.0147724,0.115098,0.430041,0.0575649,0.198017,0.0283589,0.136249
2619,1718417566,2024-06-15 02:12 UTC,94458.4,177842,5.7442,10.8367,0.0582623,0.0933695,0.0145504,0.114761,0.430162,0.0574184,0.19729,0.0289749,0.137389
2620,1718417866,2024-06-15 02:17 UTC,94440.2,181882,5.73608,10.8168,0.0593281,0.094474,0.0142754,0.113765,0.430218,0.0572746,0.196566,0.0295518,0.137461
2621,1718418166,2024-06-15 02:22 UTC,94422.3,174397,5.72804,10.797,0.0603969,0.0956127,0.013961,0.112881,0.430352,0.0571332,0.195845,0.030095,0.13791
2622,1718418466,2024-06-15 02:27 UTC,94412.6,170893,5.72007,10.7772,0.0614685,0.0967551,0.0136467,0.111945,0.430461,0.0569937,0.195128,0.0306312,0.137395
2623,1718418766,2024-06-15 02:32 UTC,94396.4,166306,5.71218,10.7575,0.0625428,0.097908,0.0133367,0.110904,0.430498,0.0568557,0.194415,0.0311686,0.137557
2624,1718419066,2024-06-15 02:37 UTC,94385.3,171539,5.70437,10.7378,0.0636197,0.0990663,0.0130123,0.109826,0.430622,0.0567198,0.193705,0.0317011,0.137002
2625,1718419366,2024-06-15 02:42 UTC,94363.7,176449,5.69663,10.7182,0.0646991,0.100261,0.0126548,0.108887,0.430667,0.0565859,0.192999,0.0322201,0.137332
2626,1718419666,2024-06-15 02:47 UTC,94340.9,179793,5.68897,10.6987,0.0657808,0.101462,0.0122803,0.107852,0.430731,0.0564538,0.192296,0.0327405,0.136961
2627,1718419966,2024-06-15 02:52 UTC,94323.4,181563,5.68139,10.6792,0.0668648,0.102675,0.0119009,0.106707,0.430824,0.0563235,0.191597,0.0332638,0.136544
2628,1718420266,2024-06-15 02:57 UTC,94306.4,178620,5.67388,10.6598,0.0679509,0.10389,0.0115317,0.105489,0.430844,0.0561946,0.190901,0.0338013,0.136076
2629,1718420566,2024-06-15 03:02 UTC,94294,178504,5.66059,10.6314,0.0694281,0.105517,0.0111526,0.104055,0.43092,0.0559518,0.189884,0.0346992,0.136188
2630,1718420866,2024-06-15 03:07 UTC,94283.4,178600,5.64262,10.5957,0.0712376,0.107481,0.0107286,0.102754,0.430959,0.0556181,0.188612,0.0358764,0.136637
2631,1718421166,2024-06-15 03:12 UTC,94277.9,178964,5.62467,10.5602,0.0730684,0.109594,0.0102639,0.100744,0.431053,0.055287,0.187348,0.0370438,0.136283
2632,1718421465,2024-06-15 03:17 UTC,94261.8,179583,5.60682,10.5248,0.0749129,0.111706,0.00974637,0.0990809,0.431034,0.0549594,0.186097,0.0382084,0.135992
2633,1718421765,2024-06-15 03:22 UTC,94268.3,180640,5.58893,10.4895,0.0767818,0.113831,0.0092143,0.0970662,0.431174,0.0546329,0.184851,0.0393874,0.135189
2634,1718422065,2024-06-15 03:27 UTC,94262.7,181627,5.57107,10.4543,0.0786677,0.115961,0.00866029,0.0953122,0.431211,0.0543085,0.183613,0.0405822,0.134948
2635,1718422365,2024-06-15 03:32 UTC,94261.5,177755,5.55325,10.4193,0.0805693,0.118097,0.00809862,0.0932459,0.431277,0.0539857,0.182383,0.041804,0.134391
2636,1718422665,2024-06-15 03:37 UTC,94259,177915,5.53545,10.3843,0.0824855,0.120237,0.00752261,0.0908029,0.431268,0.0536649,0.181162,0.0430465,0.133572
2637,1718422965,2024-06-15 03:42 UTC,94263,178137,5.51769,10.3495,0.0844152,0.122383,0.00692198,0.0887155,0.431255,0.053346,0.179949,0.0443053,0.132584
2638,1718423265,2024-06-15 03:47 UTC,94269.3,178433,5.49996,10.3148,0.0863575,0.124534,0.00638505,0.0864772,0.431305,0.0530278,0.178745,0.0456453,0.131594
2639,1718423565,2024-06-15 03:52 UTC,94282.1,178817,5.48226,10.2803,0.0883115,0.126695,0.00607665,0.0843402,0.43135,0.0527063,0.17755,0.0472369,0.130788
2640,1718423865,2024-06-15 03:57 UTC,94297.4,179297,5.46459,10.2459,0.0902763,0.128863,0.00580506,0.0820407,0.431429,0.0523861,0.176363,0.0488933,0.129896
2641,1718424165,2024-06-15 04:02 UTC,94304,179878,5.44696,10.2116,0.0921208,0.130986,0.00552988,0.0792995,0.431418,0.0520675,0.175184,0.0504644,0.128511
2642,1718424465,2024-06-15 04:07 UTC,94322.5,180592,5.42935,10.1774,0.0938686,0.133082,0.00526149,0.0769739,0.431443,0.0517506,0.174014,0.051962,0.127061
2643,1718424765,2024-06-15 04:12 UTC,94337.4,181444,5.41178,10.1434,0.095626,0.135187,0.00499386,0.0746498,0.431458,0.0514355,0.172852,0.0534976,0.125574
2644,1718425065,2024-06-15 04:17 UTC,94351.4,181964,5.39424,10.1095,0.0973925,0.137324,0.00472786,0.0721876,0.431425,0.051122,0.171699,0.0550733,0.124173
2645,1718425365,2024-06-15 04:22 UTC,94372.7,182004,5.37674,10.0757,0.0991677,0.139464,0.0044728,0.0698952,0.431432,0.0508104,0.170554,0.0566866,0.12302
2646,1718425665,2024-06-15 04:27 UTC,94398.9,179775,5.35927,10.0421,0.100951,0.141606,0.00421986,0.0675763,0.431467,0.0505004,0.169419,0.0583429,0.121802
2647,1718425965,2024-06-15 04:32 UTC,94421.1,180185,5.34183,10.0087,0.102742,0.14375,0.00397,0.064982,0.431476,0.050192,0.168291,0.0600397,0.120408
2648,1718426265,2024-06-15 04:37 UTC,94443.9,180594,5.32442,9.97532,0.104541,0.145896,0.00372513,0.0623638,0.431434,0.0498854,0.167172,0.0617748,0.119435
2649,1718426565,2024-06-15 04:42 UTC,94472.3,180988,5.30705,9.94213,0.106347,0.148045,0.00348416,0.0598442,0.431457,0.0495804,0.166061,0.063548,0.118184
2650,1718426865,2024-06-15 04:47 UTC,94501.5,181350,5.28972,9.90909,0.108159,0.150196,0.00324149,0.0571895,0.431436,0.0492771,0.164959,0.0653597,0.116771
2651,1718427164,2024-06-15 04:52 UTC,94535,181676,5.27247,9.8763,0.109972,0.152341,0.0030046,0.0534579,0.431442,0.0489766,0.163869,0.0672008,0.119437
2652,1718427464,2024-06-15 04:57 UTC,94569.6,181954,5.25521,9.84354,0.111797,0.154496,0.00277487,0.0506141,0.43146,0.0486768,0.162784,0.0690923,0.122833
2653,1718427764,2024-06-15 05:02 UTC,94610.8,182178,5.23798,9.81094,0.112921,0.156011,0.00253922,0.0478736,0.431481,0.0483782,0.161708,0.0701794,0.125285
2654,1718428064,2024-06-15 05:07 UTC,94652.5,182343,5.22078,9.77849,0.11346,0.156993,0.00231483,0.0453802,0.431551,0.0480805,0.16064,0.0706019,0.12689
2655,1718428364,2024-06-15 05:12 UTC,94691.4,182442,5.20362,9.75436,0.114,0.157976,0.00214437,0.0430925,0.431553,0.0477846,0.159848,0.0710182,0.128476
2656,1718428664,2024-06-15 05:17 UTC,94734.2,182493,5.1865,9.78578,0.114541,0.15896,0.0019801,0.0423045,0.43157,0.0474899,0.160879,0.0714695,0.130064
2657,1718428964,2024-06-15 05:22 UTC,94776.7,182543,5.16941,9.81719,0.115082,0.159944,0.00183726,0.0436488,0.431572,0.0471966,0.161914,0.0719422,0.131701
2658,1718429264,2024-06-15 05:27 UTC,94824.1,182575,5.15236,9.84862,0.115624,0.160928,0.00170207,0.0448998,0.431592,0.0469046,0.162952,0.0724423,0.133311
2659,1718429564,2024-06-15 05:32 UTC,94868.1,182546,5.13534,9.88004,0.116166,0.161913,0.00157428,0.0460707,0.431591,0.0466142,0.163994,0.0729556,0.134944
2660,1718429864,2024-06-15 05:37 UTC,94917.3,182462,5.11837,9.91147,0.116709,0.162898,0.0014544,0.047174,0.431602,0.0463254,0.165039,0.073477,0.136574
2661,1718430164,2024-06-15 05:42 UTC,94960.9,182338,5.10143,9.9429,0.117252,0.163883,0.00134394,0.048226,0.431566,0.0460382,0.166087,0.0740071,0.138229
2662,1718430464,2024-06-15 05:47 UTC,95013.8,182196,5.08453,9.97434,0.117795,0.164869,0.00124302,0.0492068,0.431557,0.0457526,0.167139,0.0745492,0.139903
2663,1718430764,2024-06-15 05:52 UTC,95065.6,182064,5.06767,10.0058,0.118339,0.165855,0.00114659,0.0501555,0.431557,0.0454686,0.168194,0.0751074,0.141591
2664,1718431064,2024-06-15 05:57 UTC,95119.2,181980,5.05085,10.0372,0.118884,0.166841,0.00106355,0.0510682,0.43157,0.045186,0.169253,0.0756791,0.143284
2665,1718431364,2024-06-15 06:02 UTC,95138.3,181930,5.02363,10.0283,0.118573,0.166688,0.00097608,0.0519438,0.431561,0.0447289,0.168952,0.0752204,0.143083
2666,1718431664,2024-06-15 06:07 UTC,95118.7,182474,4.98789,9.98592,0.117555,0.16559,0.00091888,0.0527594,0.431557,0.0441324,0.167527,0.0739078,0.141213
2667,1718431964,2024-06-15 06:12 UTC,95102.1,182752,4.95229,9.94359,0.116539,0.164492,0.000889251,0.0535242,0.431574,0.0435441,0.16611,0.0726079,0.139353
2668,1718432264,2024-06-15 06:17 UTC,95083.9,182674,4.91683,9.90132,0.115525,0.163394,0.00087266,0.0522779,0.431568,0.0429637,0.164701,0.0713391,0.137497
2669,1718432564,2024-06-15 06:22 UTC,95063.5,182594,4.88154,9.8591,0.114513,0.162297,0.000860604,0.0528209,0.431568,0.0423914,0.163299,0.0700916,0.135655
2670,1718432864,2024-06-15 06:27 UTC,95047.1,182514,4.8464,9.81694,0.113504,0.1612,0.000857209,0.0533276,0.431589,0.0418272,0.161905,0.0688651,0.133829
2671,1718433163,2024-06-15 06:32 UTC,95024.4,182434,4.81154,9.77497,0.1125,0.160106,0.000858425,0.0538064,0.431582,0.0412729,0.160524,0.0676606,0.132022
2672,1718433463,2024-06-15 06:37 UTC,94999.9,182353,4.77675,9.73291,0.111495,0.159009,0.000863689,0.0542642,0.43159,0.0407247,0.159146,0.0664678,0.130217
2673,1718433763,2024-06-15 06:42 UTC,94980.8,182272,4.74213,9.69092,0.110493,0.157913,0.000871965,0.0541235,0.431604,0.0401846,0.157775,0.0652908,0.128424
2674,1718434063,2024-06-15 06:47 UTC,94955.1,172628,4.70771,9.64898,0.109493,0.156817,0.000882442,0.0415037,0.431572,0.0396526,0.156413,0.0641298,0.126647
2675,1718434363,2024-06-15 06:52 UTC,94932.4,172819,4.67348,9.6071,0.108496,0.155721,0.000896169,0.0380955,0.431574,0.0391285,0.155058,0.0629857,0.124885
2676,1718434663,2024-06-15 06:57 UTC,94908.8,173010,4.63946,9.56528,0.107502,0.154625,0.000911377,0.037681,0.431593,0.0386124,0.153711,0.0618571,0.123132
2677,1718434963,2024-06-15 07:02 UTC,94886.3,173199,4.60565,9.52352,0.10571,0.152288,0.000936423,0.0372346,0.4316,0.038104,0.152372,0.059851,0.119447
2678,1718435263,2024-06-15 07:07 UTC,94861.1,173387,4.57207,9.48182,0.103248,0.14891,0.000988255,0.0379152,0.431612,0.037603,0.15104,0.05717,0.114207
2679,1718435563,2024-06-15 07:12 UTC,94834.7,173575,4.53873,9.44018,0.10079,0.145535,0.00106516,0.0391372,0.431607,0.0371094,0.149716,0.0545781,0.109095
2680,1718435863,2024-06-15 07:17 UTC,94807.8,173766,4.50563,9.3986,0.0983347,0.142163,0.00115774,0.0407032,0.431597,0.0366233,0.148401,0.0520684,0.104096
2681,1718436163,2024-06-15 07:22 UTC,94777.6,173966,4.47279,9.35708,0.0958836,0.138794,0.00126559,0.0424654,0.431599,0.0361447,0.147092,0.0496349,0.0992212
2682,1718436463,2024-06-15 07:27 UTC,94752.8,174178,4.44021,9.31563,0.0934366,0.135429,0.00138807,0.033171,0.431581,0.0356737,0.145792,0.0472767,0.0944697
2683,1718436763,2024-06-15 07:32 UTC,94721.9,174403,4.40793,9.27425,0.090994,0.132068,0.00152311,0.0321241,0.431584,0.0352101,0.1445,0.0449923,0.0898345
2684,1718437063,2024-06-15 07:37 UTC,94692.1,174645,4.37593,9.23293,0.0885562,0.128711,0.00166945,0.0339716,0.431593,0.0347541,0.143215,0.04278,0.0853339
2685,1718437363,2024-06-15 07:42 UTC,94662.1,174906,4.34425,9.19168,0.0861237,0.125358,0.00182451,0.0360521,0.431599,0.0343056,0.141938,0.0406369,0.0809431
2686,1718437663,2024-06-15 07:47 UTC,94634.8,175187,4.3129,9.15049,0.083697,0.122011,0.00198937,0.0382757,0.431597,0.0338645,0.140669,0.0385637,0.0766804
2687,1718437963,2024-06-15 07:52 UTC,94603.5,175495,4.28189,9.10937,0.0812765,0.118669,0.0021609,0.0406039,0.43162,0.0334309,0.139408,0.0365577,0.0725362
2688,1718438263,2024-06-15 07:57 UTC,94573.9,175834,4.25124,9.06833,0.0788628,0.115332,0.00234298,0.0428638,0.43163,0.0330046,0.138154,0.0346225,0.0685111
2689,1718438563,2024-06-15 08:02 UTC,94544.3,176208,4.22096,9.02735,0.0757813,0.111095,0.00254819,0.0452426,0.431633,0.0325854,0.136908,0.0322063,0.066305
2690,1718438863,2024-06-15 08:07 UTC,94509.1,176634,4.19108,8.98644,0.0721478,0.106109,0.00277196,0.0478474,0.431657,0.0321732,0.13567,0.0294602,0.0651702
2691,1718439162,2024-06-15 08:12 UTC,94475.1,177140,4.16171,8.94574,0.0685468,0.101206,0.00302312,0.0506825,0.43165,0.0317693,0.134444,0.026885,0.0644246
2692,1718439462,2024-06-15 08:17 UTC,94437.5,177775,4.13267,8.90498,0.0649575,0.0963334,0.00329285,0.0538732,0.431622,0.031371,0.133222,0.0244534,0.0641449
2693,1718439762,2024-06-15 08:22 UTC,94407.8,178614,4.10409,8.86429,0.0613962,0.0914866,0.00358481,0.057199,0.431643,0.0309796,0.132007,0.0221724,0.0640563
2694,1718440062,2024-06-15 08:27 UTC,94371.5,179717,4.07598,8.82368,0.0578677,0.0866697,0.00388713,0.060419,0.431612,0.0305953,0.1308,0.0200358,0.0638527
2695,1718440362,2024-06-15 08:32 UTC,94333.8,180443,4.04836,8.78315,0.0543779,0.0818881,0.00420227,0.0636774,0.431614,0.0302179,0.129601,0.0180436,0.0636929
2696,1718440662,2024-06-15 08:37 UTC,94307.3,180358,4.02125,8.74269,0.0509342,0.0771544,0.00454269,0.0672028,0.431674,0.0298473,0.12841,0.0162003,0.0638576
2697,1718440962,2024-06-15 08:42 UTC,94270,175277,3.99468,8.70231,0.0475454,0.0724898,0.00488707,0.0707839,0.431678,0.0294835,0.127227,0.0144961,0.0640983
2698,1718441262,2024-06-15 08:47 UTC,94230.1,175489,3.96865,8.66201,0.0442226,0.0678929,0.00524331,0.0743918,0.431674,0.0291264,0.126051,0.0129286,0.0643707
2699,1718441562,2024-06-15 08:52 UTC,94191.5,175734,3.9432,8.62179,0.0409795,0.0633847,0.00560379,0.0781858,0.431684,0.0287763,0.124883,0.011491,0.0648721
2700,1718441862,2024-06-15 08:57 UTC,94162.6,176028,3.91834,8.58165,0.037833,0.0589786,0.00598529,0.0818588,0.431762,0.0284325,0.123723,0.0101909,0.0652386
2701,1718442162,2024-06-15 09:02 UTC,94125.5,176414,3.89145,8.5253,0.0345247,0.0543926,0.00637566,0.0852316,0.431787,0.0280621,0.122103,0.0089046,0.0649208
2702,1718442462,2024-06-15 09:07 UTC,94087.6,176975,3.8626,8.45513,0.0312036,0.0501019,0.00679361,0.0889287,0.431842,0.0276693,0.120102,0.00769812,0.0646505
2703,1718442762,2024-06-15 09:12 UTC,94047.5,177870,3.83397,8.385,0.0282069,0.0465316,0.00721876,0.0926644,0.431837,0.0272828,0.118118,0.00666873,0.0644052
2704,1718443062,2024-06-15 09:17 UTC,94003.9,179373,3.80556,8.31493,0.0256465,0.0437405,0.00764487,0.0966837,0.431776,0.0269025,0.116152,0.00580684,0.0645103
2705,1718443362,2024-06-15 09:22 UTC,93957.8,179671,3.77739,8.24491,0.0236757,0.041748,0.0080748,0.100634,0.431763,0.0265285,0.114204,0.00510403,0.0645302
2706,1718443662,2024-06-15 09:27 UTC,93913.4,175276,3.74945,8.17495,0.022489,0.040373,0.00850286,0.104169,0.431735,0.026161,0.112274,0.00455208,0.0640419
2707,1718443962,2024-06-15 09:32 UTC,93879.4,175427,3.72177,8.10504,0.022281,0.0404945,0.00894618,0.108192,0.43186,0.0257997,0.110362,0.00414071,0.06413
2708,1718444262,2024-06-15 09:37 UTC,93847.3,175716,3.69434,8.03518,0.023103,0.0417424,0.00939094,0.112223,0.431924,0.0254445,0.108468,0.00386389,0.064166
2709,1718444562,2024-06-15 09:42 UTC,93795.3,176355,3.66719,7.96539,0.0248492,0.0433962,0.00984331,0.116329,0.431888,0.0250955,0.106592,0.00373946,0.0643521
2710,1718444861,2024-06-15 09:47 UTC,93751.5,177888,3.6404,7.89588,0.0273183,0.0454044,0.010308,0.120124,0.431925,0.0247537,0.104739,0.00380129,0.0642465
2711,1718445161,2024-06-15 09:52 UTC,93714.4,179266,3.61381,7.82621,0.030332,0.0477348,0.010788,0.124199,0.432013,0.024417,0.102899,0.00410549,0.0643979
2712,1718445461,2024-06-15 09:57 UTC,93663.3,173846,3.58752,7.7566,0.0337276,0.0503373,0.0112713,0.128226,0.431994,0.0240862,0.101077,0.0046862,0.0644894
2713,1718445761,2024-06-15 10:02 UTC,93625.8,174031,3.56154,7.68705,0.0372847,0.0529689,0.0117882,0.132319,0.432085,0.0237614,0.099273,0.00552579,0.0648617
2714,1718446061,2024-06-15 10:07 UTC,93573.2,174677,3.53589,7.61757,0.0409098,0.0561195,0.012299,0.136049,0.432047,0.0234426,0.0974857,0.00658022,0.0649406
2715,1718446361,2024-06-15 10:12 UTC,93526.2,176666,3.51058,7.54816,0.0446471,0.0595267,0.0128445,0.13993,0.432073,0.0231298,0.0957174,0.00783672,0.0650571
2716,1718446661,2024-06-15 10:17 UTC,93471.6,178929,3.48562,7.47882,0.0484702,0.0631109,0.0134184,0.143768,0.4321,0.0228228,0.0939678,0.00927227,0.0654696
2717,1718446961,2024-06-15 10:22 UTC,93425,171597,3.46103,7.40955,0.0523603,0.0683389,0.0140471,0.147687,0.432111,0.0225213,0.0922348,0.0108623,0.0659362
2718,1718447261,2024-06-15 10:27 UTC,93369.9,171981,3.43683,7.34035,0.0563035,0.0740595,0.0147235,0.15126,0.432062,0.0222254,0.0905192,0.0125867,0.0658826
2719,1718447561,2024-06-15 10:32 UTC,93325.8,173796,3.41303,7.27123,0.0602894,0.0797902,0.0154777,0.155144,0.432173,0.0219349,0.0888234,0.0144228,0.0663279
2720,1718447861,2024-06-15 10:37 UTC,93276.2,178660,3.38965,7.20219,0.0643103,0.085529,0.0163399,0.159056,0.432248,0.0216494,0.087144,0.0163322,0.066668
2721,1718448161,2024-06-15 10:42 UTC,93224,170921,3.36672,7.13323,0.0683602,0.0912743,0.0173249,0.162487,0.432253,0.0213686,0.085484,0.0182907,0.0661021
2722,1718448461,2024-06-15 10:47 UTC,93168.2,175701,3.34425,7.06435,0.0724342,0.097025,0.0184186,0.166758,0.43223,0.0210928,0.0838404,0.0202918,0.067183
2723,1718448761,2024-06-15 10:52 UTC,93127.7,177952,3.32228,6.99556,0.0765286,0.10278,0.019676,0.170738,0.432377,0.0208218,0.082216,0.0223045,0.0676037
2724,1718449061,2024-06-15 10:57 UTC,93081.1,178393,3.30081,6.92686,0.0806403,0.108539,0.0210608,0.1739,0.432418,0.0205556,0.0806089,0.0243049,0.0665264
2725,1718449361,2024-06-15 11:02 UTC,93017,178079,3.27988,6.85825,0.0838291,0.112193,0.0225233,0.178083,0.432465,0.0202947,0.0790196,0.0256041,0.068426
2726,1718449661,2024-06-15 11:07 UTC,92966.7,177503,3.25952,6.78973,0.0862174,0.114036,0.0239759,0.181135,0.432508,0.0200406,0.0774489,0.0263437,0.0688726
2727,1718449961,2024-06-15 11:12 UTC,92922.1,178055,3.23974,6.7213,0.0886129,0.115888,0.0254103,0.184953,0.432581,0.0197932,0.0758953,0.0271149,0.0708247
2728,1718450261,2024-06-15 11:17 UTC,92869.4,174787,3.22059,6.65298,0.0910153,0.117749,0.0268228,0.187919,0.432672,0.0195524,0.0743605,0.0279206,0.0714825
2729,1718450561,2024-06-15 11:22 UTC,92817.6,174450,3.20207,6.58476,0.0934239,0.119619,0.028216,0.190574,0.432796,0.0193179,0.0728434,0.0287592,0.0717734
2730,1718450860,2024-06-15 11:27 UTC,92761.4,176512,3.18429,6.51687,0.0958303,0.12149,0.0296315,0.193873,0.432849,0.0190901,0.0713485,0.029575,0.0725352
2731,1718451160,2024-06-15 11:32 UTC,92700.1,170895,3.16713,6.51233,0.0982501,0.123375,0.0310748,0.196295,0.432788,0.0188673,0.0698677,0.0303856,0.0746861
2732,1718451460,2024-06-15 11:37 UTC,92635.8,170873,3.15068,6.51223,0.100675,0.125268,0.0325203,0.199361,0.432814,0.0186506,0.0689066,0.0312012,0.0775283
2733,1718451760,2024-06-15 11:42 UTC,92600.5,174654,3.13495,6.51213,0.103105,0.127337,0.0340225,0.201744,0.433048,0.0184398,0.0687782,0.0320124,0.08035
2734,1718452060,2024-06-15 11:47 UTC,92546.9,176266,3.11996,6.51203,0.105538,0.130644,0.0354608,0.204319,0.433068,0.0182352,0.0686499,0.0328717,0.0833193
2735,1718452360,2024-06-15 11:52 UTC,92498.4,177672,3.10573,6.51193,0.107977,0.13408,0.0368781,0.206558,0.433357,0.0180366,0.0685275,0.033778,0.0864102
2736,1718452660,2024-06-15 11:57 UTC,92440.2,177439,3.09227,6.51183,0.110418,0.13752,0.0382575,0.209082,0.433331,0.0178439,0.0684065,0.0347112,0.0898049
2737,1718452960,2024-06-15 12:02 UTC,92392.8,174830,3.06922,6.49643,0.111689,0.139551,0.0396027,0.211356,0.433438,0.017587,0.0680307,0.0347276,0.0916088
2738,1718453260,2024-06-15 12:07 UTC,92342.9,174234,3.03738,6.46769,0.111933,0.14035,0.0407407,0.212524,0.43355,0.0172773,0.0674362,0.0340579,0.0904382
2739,1718453560,2024-06-15 12:12 UTC,92302,177473,3.00568,6.43901,0.112178,0.141148,0.0416503,0.214156,0.433645,0.0169767,0.0668465,0.0335985,0.0896506
2740,1718453860,2024-06-15 12:17 UTC,92252.4,169795,2.97413,6.4104,0.112425,0.141946,0.0423586,0.215089,0.433748,0.0166847,0.0662602,0.0332906,0.0891223
2741,1718454160,2024-06-15 12:22 UTC,92209.8,171108,2.94273,6.38186,0.112673,0.142745,0.0429502,0.216889,0.433881,0.0164005,0.0656788,0.0330819,0.0897422
2742,1718454460,2024-06-15 12:27 UTC,92154.2,177343,2.91149,6.35337,0.112923,0.143543,0.0434146,0.217019,0.433996,0.016124,0.0651018,0.0329626,0.0907753
2743,1718454760,2024-06-15 12:32 UTC,92117,176683,2.88042,6.32496,0.113175,0.144342,0.0438117,0.218414,0.434127,0.0158548,0.0645277,0.0329151,0.0917281
2744,1718455060,2024-06-15 12:37 UTC,92062.5,176491,2.84953,6.29662,0.113428,0.14514,0.0441016,0.217238,0.434141,0.0155929,0.0639594,0.0329186,0.0927965
2745,1718455360,2024-06-15 12:42 UTC,92012.1,172354,2.81882,6.26834,0.113682,0.145938,0.0443369,0.217812,0.434272,0.0153383,0.0633939,0.0329727,0.0938313
2746,1718455660,2024-06-15 12:47 UTC,91963.1,172310,2.7883,6.24014,0.113938,0.146737,0.0445133,0.218148,0.434299,0.0150907,0.0628332,0.033089,0.0948212
2747,1718455960,2024-06-15 12:52 UTC,91916,177126,2.75798,6.212,0.114195,0.147535,0.0446291,0.2184,0.434346,0.0148502,0.0622796,0.0332612,0.0958735
2748,1718456260,2024-06-15 12:57 UTC,91866.2,175497,2.72788,6.18394,0.114455,0.148333,0.044638,0.218501,0.434395,0.0146169,0.0617562,0.0335091,0.0968819
2749,1718456560,2024-06-15 13:02 UTC,91805.1,176912,2.69801,6.15595,0.113625,0.147422,0.0445753,0.218649,0.434517,0.0143904,0.061237,0.0328846,0.0958201
2750,1718456859,2024-06-15 13:07 UTC,91757.9,174541,2.66847,6.12813,0.11185,0.145024,0.0443391,0.21806,0.434524,0.0141726,0.0607235,0.0316389,0.0930051
2751,1718457159,2024-06-15 13:12 UTC,91721.9,173487,2.63909,6.10029,0.110074,0.142621,0.0439038,0.217288,0.434669,0.0139621,0.0602131,0.0305845,0.0901388
2752,1718457459,2024-06-15 13:17 UTC,91663.9,176910,2.61,6.07252,0.108301,0.140221,0.0432631,0.216405,0.434807,0.0137593,0.0597069,0.029694,0.0873689
2753,1718457759,2024-06-15 13:22 UTC,91610.2,168425,2.5812,6.04483,0.106533,0.137825,0.0424627,0.215228,0.434832,0.013564,0.0592047,0.0289384,0.0848734
2754,1718458059,2024-06-15 13:27 UTC,91561.1,174737,2.55274,6.01723,0.104769,0.135432,0.041541,0.213938,0.434862,0.0133757,0.058707,0.0282785,0.082086
2755,1718458359,2024-06-15 13:32 UTC,91514.2,176458,2.52465,5.9897,0.10301,0.133043,0.040539,0.21227,0.435066,0.0131943,0.0582139,0.027691,0.0795525
2756,1718458659,2024-06-15 13:37 UTC,91457.9,174957,2.497,5.96225,0.101256,0.130658,0.0394675,0.21062,0.435076,0.0130197,0.057725,0.0271425,0.0798121
2757,1718458959,2024-06-15 13:42 UTC,91407.2,176465,2.46988,5.93488,0.0995062,0.128277,0.03834,0.208628,0.435087,0.0128517,0.0572408,0.0266624,0.0794034
2758,1718459259,2024-06-15 13:47 UTC,91343.1,170679,2.44339,5.91178,0.0977623,0.125901,0.037136,0.206556,0.435022,0.0126899,0.0567608,0.0262454,0.0786553
2759,1718459559,2024-06-15 13:52 UTC,91299.1,171568,2.41771,5.89012,0.0960239,0.123529,0.0358909,0.204275,0.435119,0.0125342,0.0562853,0.0258765,0.0780625
2760,1718459859,2024-06-15 13:57 UTC,91261.3,176565,2.39295,5.86861,0.0942915,0.121162,0.0346493,0.20186,0.435307,0.012384,0.0558139,0.0255104,0.0767273
2761,1718460159,2024-06-15 14:02 UTC,91210.7,176522,2.36932,5.84724,0.0914694,0.117342,0.0333335,0.199493,0.435361,0.0122397,0.0553468,0.0243747,0.0772487
2762,1718460459,2024-06-15 14:07 UTC,91167.1,176100,2.34728,5.82601,0.0877042,0.112748,0.0317777,0.196228,0.435448,0.012102,0.0548841,0.022756,0.0779264
2763,1718460759,2024-06-15 14:12 UTC,91102.1,173235,2.32727,5.80494,0.0839778,0.10837,0.0299741,0.192947,0.435494,0.01197,0.0544258,0.0213679,0.0784306
2764,1718461059,2024-06-15 14:17 UTC,91051.7,172555,2.30988,5.78401,0.080295,0.104675,0.0281055,0.189476,0.435574,0.0118428,0.0539719,0.0201325,0.0787525
2765,1718461359,2024-06-15 14:22 UTC,91018.1,175492,2.29549,5.76324,0.0766611,0.101079,0.0264491,0.185748,0.435664,0.0117188,0.0535227,0.0188136,0.0788021
2766,1718461659,2024-06-15 14:27 UTC,90951.4,167883,2.28429,5.74261,0.0730823,0.0975927,0.0249746,0.181684,0.435653,0.0115973,0.0530775,0.0174243,0.0784025
2767,1718461959,2024-06-15 14:32 UTC,90902.7,168634,2.27605,5.72461,0.0695655,0.0942547,0.0235725,0.177088,0.435674,0.0114768,0.0526366,0.016116,0.0770484
2768,1718462259,2024-06-15 14:37 UTC,90869.2,175982,2.27038,5.71068,0.0661189,0.0910572,0.0223264,0.172921,0.435778,0.011356,0.0522169,0.0148343,0.0774025
2769,1718462558,2024-06-15 14:42 UTC,90812.2,175602,2.26683,5.69697,0.062763,0.0880292,0.021616,0.168617,0.435797,0.0112321,0.0520257,0.0133592,0.0801146
2770,1718462858,2024-06-15 14:47 UTC,90774.8,174544,2.26502,5.68339,0.059486,0.0854912,0.0210025,0.163801,0.435909,0.0111074,0.051836,0.0120234,0.0862854
2771,1718463158,2024-06-15 14:52 UTC,90710.9,175308,2.26482,5.66997,0.0563122,0.0831463,0.0203331,0.159213,0.435874,0.0109831,0.0516591,0.0109136,0.0752998
2772,1718463458,2024-06-15 14:57 UTC,90665.2,170862,2.26611,5.65673,0.0532565,0.0810114,0.019681,0.155664,0.435944,0.0108584,0.0514819,0.010034,0.0757357
2773,1718463758,2024-06-15 15:02 UTC,90624,170601,2.2537,5.61984,0.0494217,0.0774178,0.0190026,0.152002,0.436063,0.0106606,0.0508646,0.00906035,0.0810346
2774,1718464058,2024-06-15 15:07 UTC,90568.9,171945,2.22833,5.56174,0.0450521,0.0727362,0.018248,0.147875,0.436035,0.0104019,0.0498666,0.00827297,0.0798035
2775,1718464358,2024-06-15 15:12 UTC,90530.5,175925,2.20324,5.50385,0.0410937,0.0686239,0.0174403,0.143306,0.436113,0.0101495,0.0488933,0.00798899,0.0736644
2776,1718464658,2024-06-15 15:17 UTC,90478.8,167574,2.17844,5.44618,0.0376645,0.065213,0.0165891,0.138405,0.436072,0.00990283,0.047935,0.00809821,0.0733893
2777,1718464958,2024-06-15 15:22 UTC,90420.2,173980,2.15393,5.38873,0.0349138,0.0639487,0.0156766,0.133197,0.436078,0.00966223,0.0469948,0.00849605,0.073627
2778,1718465258,2024-06-15 15:27 UTC,90376.7,175777,2.12972,5.33151,0.0330233,0.0640383,0.0147243,0.127745,0.43615,0.00942744,0.0460712,0.00907587,0.0750798
2779,1718465558,2024-06-15 15:32 UTC,90340.5,175755,2.10582,5.27453,0.0321915,0.0654706,0.0137326,0.122094,0.436224,0.0091985,0.0451652,0.00978322,0.077423
2780,1718465858,2024-06-15 15:37 UTC,90294.9,174824,2.08224,5.2178,0.0325712,0.0679106,0.0126747,0.116283,0.436141,0.00897539,0.0442755,0.0106215,0.0800203
2781,1718466158,2024-06-15 15:42 UTC,90256.7,174328,2.05899,5.16132,0.034173,0.0712549,0.0115897,0.110343,0.436232,0.00875784,0.0433995,0.0116221,0.0754599
2782,1718466458,2024-06-15 15:47 UTC,90218.8,174083,2.03609,5.1051,0.0368321,0.0753832,0.0104707,0.104303,0.436248,0.00854572,0.0425407,0.012825,0.0743551
2783,1718466758,2024-06-15 15:52 UTC,90170,174268,2.01355,5.04916,0.0403018,0.0801746,0.00931986,0.0981854,0.436237,0.00833908,0.0416972,0.0142581,0.0740754
2784,1718467058,2024-06-15 15:57 UTC,90124.4,175012,1.99139,4.99349,0.044365,0.0855175,0.00815943,0.0920113,0.436202,0.00813766,0.0408675,0.0159402,0.0739825
2785,1718467358,2024-06-15 16:02 UTC,90086.1,175502,1.96961,4.93811,0.049,0.0910818,0.00702046,0.0857853,0.436207,0.0079411,0.0400503,0.0179752,0.0742716
2786,1718467658,2024-06-15 16:07 UTC,90051.3,175460,1.94824,4.88304,0.0541562,0.0969912,0.00590978,0.0794637,0.436212,0.00774929,0.0392486,0.0204207,0.0750723
2787,1718467958,2024-06-15 16:12 UTC,90017.9,172325,1.92729,4.82827,0.0596296,0.103412,0.00523662,0.0730636,0.436256,0.00755938,0.0384647,0.0233371,0.0755347
2788,1718468258,2024-06-15 16:17 UTC,89985.8,172580,1.90678,4.77383,0.065343,0.110256,0.00462801,0.0666122,0.436343,0.0073736,0.0376947,0.0266774,0.0756911
2789,1718468557,2024-06-15 16:22 UTC,89944.4,172910,1.8868,4.71989,0.0712207,0.117423,0.00413233,0.0601354,0.436302,0.00719435,0.0369409,0.0303045,0.0755786
2790,1718468857,2024-06-15 16:27 UTC,89910,173278,1.86723,4.66617,0.0772619,0.124903,0.0037976,0.0536603,0.436312,0.00702047,0.0361976,0.0342188,0.0785596
2791,1718469157,2024-06-15 16:32 UTC,89875.9,173639,1.84816,4.62041,0.0834171,0.132622,0.00364001,0.0472167,0.436302,0.0068526,0.0355157,0.0383796,0.0877922
2792,1718469457,2024-06-15 16:37 UTC,89842.7,173954,1.82962,4.57608,0.0896638,0.140542,0.00368978,0.0408443,0.436285,0.00669049,0.0348822,0.0427771,0.0976163
2793,1718469757,2024-06-15 16:42 UTC,89810.7,174198,1.81164,4.53204,0.0959849,0.148629,0.00403929,0.0346107,0.436271,0.00653416,0.0342548,0.0473499,0.107788
2794,1718470057,2024-06-15 16:47 UTC,89778.5,174371,1.79424,4.48831,0.102367,0.156859,0.00473436,0.0349711,0.436257,0.00638345,0.0336323,0.0520835,0.118492
2795,1718470357,2024-06-15 16:52 UTC,89748.5,174500,1.77745,4.4449,0.1088,0.16521,0.00608895,0.0394614,0.436258,0.00623837,0.0330121,0.0569274,0.129373
2796,1718470657,2024-06-15 16:57 UTC,89722.1,174617,1.76129,4.4018,0.115275,0.173665,0.0080226,0.0433332,0.436283,0.00609875,0.0324032,0.0618881,0.140779
2797,1718470957,2024-06-15 17:02 UTC,89692.1,174738,1.7458,4.35904,0.121298,0.180903,0.0101361,0.0460647,0.436297,0.0059643,0.0318093,0.0664073,0.153792
2798,1718471257,2024-06-15 17:07 UTC,89664.1,174859,1.731,4.31663,0.126896,0.186986,0.0122946,0.0483937,0.436297,0.00583431,0.0312286,0.0705406,0.165374
2799,1718471557,2024-06-15 17:12 UTC,89636.3,174914,1.71691,4.27456,0.132508,0.193088,0.014535,0.0547666,0.436304,0.00570915,0.0309806,0.0747517,0.177954
2800,1718471857,2024-06-15 17:17 UTC,89617.9,174506,1.70354,4.23286,0.138133,0.199206,0.0168158,0.0614893,0.436362,0.00558833,0.0307687,0.0790907,0.190383
2801,1718472157,2024-06-15 17:22 UTC,89598.9,172743,1.69091,4.20986,0.143768,0.20534,0.0191928,0.0728349,0.436399,0.00547193,0.03056,0.0834667,0.20322
2802,1718472457,2024-06-15 17:27 UTC,89580.2,168633,1.67903,4.1899,0.149412,0.211486,0.0216206,0.0813756,0.436423,0.00535961,0.0303531,0.0879429,0.217011
2803,1718472757,2024-06-15 17:32 UTC,89556.5,174748,1.66791,4.17028,0.155066,0.217646,0.0241641,0.0913708,0.436428,0.00525165,0.0301482,0.0924101,0.230956
2804,1718473057,2024-06-15 17:37 UTC,89536.7,174707,1.65757,4.15102,0.160727,0.223817,0.0267536,0.119335,0.436456,0.00514773,0.0299419,0.0969872,0.245152
2805,1718473357,2024-06-15 17:42 UTC,89498,172537,1.64799,4.13269,0.166395,0.229998,0.0294506,0.127206,0.436359,0.0050482,0.029744,0.101526,0.259737
2806,1718473657,2024-06-15 17:47 UTC,89460.4,170882,1.63921,4.11486,0.172069,0.236189,0.0322969,0.134948,0.4363,0.00495312,0.0295525,0.105975,0.273873
2807,1718473957,2024-06-15 17:52 UTC,89434.4,170446,1.63122,4.0974,0.177749,0.24239,0.0352042,0.137455,0.43624,0.00486218,0.0293672,0.110438,0.289596
2808,1718474257,2024-06-15 17:57 UTC,89430.6,170839,1.62403,4.0803,0.183434,0.248598,0.0382496,0.138018,0.436454,0.00477571,0.0291887,0.11483,0.305036
2809,1718474556,2024-06-15 18:02 UTC,89421.8,174499,1.60775,4.0298,0.188105,0.253285,0.041392,0.148635,0.436561,0.00465403,0.0285267,0.11755,0.316117
2810,1718474856,2024-06-15 18:07 UTC,89373.7,174399,1.58266,3.94836,0.191874,0.256601,0.0442584,0.157968,0.436381,0.00449781,0.0274429,0.119318,0.325351
2811,1718475156,2024-06-15 18:12 UTC,89356.2,174393,1.55777,3.86727,0.195644,0.259918,0.0469821,0.16632,0.436336,0.00434423,0.0263916,0.121364,0.334516
2812,1718475456,2024-06-15 18:17 UTC,89334,167643,1.53311,3.78655,0.199416,0.263235,0.0495987,0.17395,0.43639,0.004193,0.0253516,0.123536,0.343791
2813,1718475756,2024-06-15 18:22 UTC,89309.6,165830,1.50867,3.70624,0.203188,0.266552,0.0522119,0.155688,0.436399,0.00404466,0.0243265,0.125725,0.348526
2814,1718476056,2024-06-15 18:27 UTC,89288.7,174124,1.48447,3.62635,0.206961,0.269869,0.0547767,0.156169,0.436497,0.00389947,0.0233262,0.127994,0.358238
2815,1718476356,2024-06-15 18:32 UTC,89268.8,171458,1.46051,3.55331,0.210734,0.273189,0.057225,0.15953,0.436554,0.00375715,0.0224011,0.13051,0.368324
2816,1718476656,2024-06-15 18:37 UTC,89240.7,172033,1.43682,3.48812,0.214509,0.276517,0.0597824,0.162948,0.436455,0.00361875,0.0216199,0.132859,0.379006
2817,1718476956,2024-06-15 18:42 UTC,89209.9,174168,1.4134,3.42435,0.218284,0.279845,0.0623193,0.166411,0.436375,0.00348359,0.0208722,0.135223,0.389935
2818,1718477256,2024-06-15 18:47 UTC,89193.6,169823,1.39026,3.36112,0.22206,0.283391,0.0648141,0.169897,0.436398,0.00335138,0.0201444,0.137701,0.401181
2819,1718477556,2024-06-15 18:52 UTC,89178,166801,1.36742,3.29847,0.225837,0.288763,0.06734,0.1734,0.436488,0.00322236,0.019418,0.140207,0.41218
2820,1718477856,2024-06-15 18:57 UTC,89153.7,174045,1.3449,3.23732,0.229615,0.294136,0.069765,0.17691,0.436513,0.00309659,0.0187318,0.14291,0.423676
2821,1718478156,2024-06-15 19:02 UTC,89124.6,172550,1.3227,3.17721,0.232244,0.29784,0.0719745,0.1804,0.436409,0.00297329,0.0180714,0.144078,0.43849
2822,1718478456,2024-06-15 19:07 UTC,89108.9,173270,1.30085,3.11777,0.233813,0.300004,0.0738851,0.183724,0.43656,0.0028519,0.0174274,0.144007,0.449554
2823,1718478756,2024-06-15 19:12 UTC,89083.5,173921,1.27938,3.05903,0.235384,0.302169,0.0755752,0.186878,0.43647,0.002733,0.0167951,0.144241,0.45792
2824,1718479056,2024-06-15 19:17 UTC,89057.1,169022,1.2583,3.00104,0.236954,0.304333,0.0771722,0.18988,0.436464,0.00261696,0.0161817,0.144534,0.466493
2825,1718479356,2024-06-15 19:22 UTC,89037.3,168701,1.23766,2.94384,0.238526,0.306497,0.0785153,0.1921,0.436574,0.00250299,0.0155797,0.14532,0.459779
2826,1718479656,2024-06-15 19:27 UTC,89029.9,173749,1.21748,2.88747,0.240098,0.308661,0.0797348,0.187141,0.436596,0.00239185,0.0149955,0.146293,0.461578
2827,1718479956,2024-06-15 19:32 UTC,89008.1,173712,1.19782,2.832,0.24167,0.310826,0.0809395,0.208409,0.436606,0.00228415,0.0144295,0.147311,0.456831
2828,1718480255,2024-06-15 19:37 UTC,88990.7,163432,1.17875,2.77764,0.243238,0.312983,0.0821261,0.211084,0.436571,0.00218043,0.0139009,0.148336,0.461669
2829,1718480555,2024-06-15 19:42 UTC,88969.9,170467,1.16015,2.7241,0.244811,0.315147,0.0832036,0.220877,0.43659,0.00207916,0.0133827,0.149527,0.47023
2830,1718480855,2024-06-15 19:47 UTC,88950.9,170167,1.14212,2.67161,0.246386,0.317311,0.0842587,0.225708,0.436576,0.00198122,0.0128762,0.150666,0.470946
2831,1718481155,2024-06-15 19:52 UTC,88946.1,173570,1.12468,2.62024,0.24796,0.319475,0.0853418,0.22255,0.43666,0.00188661,0.0123937,0.151756,0.482021
2832,1718481455,2024-06-15 19:57 UTC,88911.2,167683,1.10787,2.58887,0.249535,0.32164,0.0864471,0.207549,0.436677,0.00179521,0.0119321,0.152813,0.484362
2833,1718481755,2024-06-15 20:02 UTC,88895.1,173511,1.09175,2.59607,0.249892,0.322104,0.0874783,0.211455,0.4367,0.00170632,0.011487,0.152056,0.485521
2834,1718482055,2024-06-15 20:07 UTC,88865,170796,1.07641,2.60328,0.24911,0.320974,0.0881493,0.215526,0.436682,0.00161936,0.0113854,0.149942,0.480066
2835,1718482355,2024-06-15 20:12 UTC,88857,172632,1.0619,2.61049,0.24833,0.319844,0.0886264,0.218991,0.436797,0.00153452,0.0114486,0.148123,0.476838
2836,1718482655,2024-06-15 20:17 UTC,88837.1,168329,1.04826,2.6177,0.247552,0.318715,0.0888436,0.222143,0.436772,0.00145176,0.0115119,0.146701,0.474702
2837,1718482955,2024-06-15 20:22 UTC,88832.1,166444,1.03551,2.6249,0.246775,0.317587,0.088975,0.225137,0.436848,0.00137124,0.0115754,0.145514,0.470343
2838,1718483255,2024-06-15 20:27 UTC,88804.6,172583,1.0237,2.63211,0.246,0.31646,0.0888962,0.228214,0.43682,0.00129286,0.011639,0.144579,0.466739
2839,1718483555,2024-06-15 20:32 UTC,88796,172559,1.01283,2.63932,0.245228,0.315332,0.0887424,0.231199,0.436946,0.00121709,0.011703,0.143774,0.464256
2840,1718483855,2024-06-15 20:37 UTC,88781.3,173225,1.00296,2.64653,0.244457,0.314205,0.0885273,0.23399,0.436947,0.00114364,0.0117669,0.14297,0.460781
2841,1718484155,2024-06-15 20:42 UTC,88751.5,167277,0.994094,2.65374,0.243688,0.313078,0.0881013,0.236266,0.436934,0.00107191,0.0118311,0.142508,0.457275
2842,1718484455,2024-06-15 20:47 UTC,88727.4,173144,0.986275,2.66094,0.242921,0.311952,0.087614,0.237797,0.436922,0.00100223,0.0118954,0.142124,0.453288
2843,1718484755,2024-06-15 20:52 UTC,88740.8,172548,0.979529,2.66815,0.242156,0.310825,0.0871906,0.239485,0.437175,0.000934814,0.0119599,0.141667,0.450258
2844,1718485055,2024-06-15 20:57 UTC,88718.9,169313,0.973901,2.67536,0.241393,0.309699,0.0867567,0.240757,0.437158,0.000869182,0.0120247,0.141149,0.446808
2845,1718485355,2024-06-15 21:02 UTC,88678.4,168553,0.959727,2.64811,0.239446,0.30724,0.0861178,0.24238,0.437092,0.000828545,0.011781,0.139049,0.438988
2846,1718485655,2024-06-15 21:07 UTC,88683.6,168786,0.937186,2.58866,0.236392,0.303534,0.0851524,0.243357,0.437325,0.00080999,0.011258,0.135745,0.427495
2847,1718485955,2024-06-15 21:12 UTC,88663.3,172592,0.915227,2.52925,0.233338,0.299829,0.0838567,0.243993,0.437298,0.00079148,0.0107471,0.132812,0.415514
2848,1718486254,2024-06-15 21:17 UTC,88643.6,169687,0.893969,2.47007,0.230295,0.296138,0.0824428,0.242937,0.43747,0.000773676,0.0102501,0.130044,0.403933
2849,1718486554,2024-06-15 21:22 UTC,88629.7,171017,0.873332,2.41073,0.227242,0.292434,0.0810081,0.242247,0.43746,0.000756743,0.00976355,0.127439,0.393134
2850,1718486854,2024-06-15 21:27 UTC,88615.1,168857,0.853453,2.35145,0.224189,0.288732,0.0794583,0.240184,0.437519,0.000740463,0.00928929,0.125056,0.381717
2851,1718487154,2024-06-15 21:32 UTC,88601.6,172784,0.834404,2.29221,0.221138,0.28503,0.0779153,0.239231,0.437611,0.00072534,0.00882708,0.122646,0.3706
2852,1718487454,2024-06-15 21:37 UTC,88604,170891,0.816264,2.23302,0.218086,0.281329,0.0763977,0.240766,0.437671,0.000711292,0.0083772,0.120225,0.359901
2853,1718487754,2024-06-15 21:42 UTC,88593.3,172716,0.799106,2.17389,0.215035,0.27763,0.0748132,0.241493,0.437859,0.000698313,0.00793934,0.117827,0.349163
2854,1718488054,2024-06-15 21:47 UTC,88582.9,168940,0.782987,2.11483,0.211985,0.274291,0.0731852,0.239419,0.437906,0.000686459,0.00751378,0.115519,0.338311
2855,1718488354,2024-06-15 21:52 UTC,88563.3,170966,0.767972,2.05583,0.208935,0.271094,0.0715381,0.237032,0.437908,0.000675812,0.00710039,0.113224,0.328105
2856,1718488654,2024-06-15 21:57 UTC,88566.2,172193,0.754143,1.9969,0.205886,0.267898,0.0699944,0.232079,0.438026,0.000666665,0.00669921,0.110839,0.317846
2857,1718488954,2024-06-15 22:02 UTC,88552.4,163673,0.741573,1.93806,0.202072,0.263841,0.0684152,0.228025,0.438074,0.000658857,0.00631019,0.107436,0.304982
2858,1718489254,2024-06-15 22:07 UTC,88554.3,170013,0.730339,1.89754,0.197535,0.258967,0.0667123,0.228788,0.438092,0.000651959,0.00617551,0.103341,0.289837
2859,1718489554,2024-06-15 22:12 UTC,88558.5,170019,0.720556,1.85886,0.193003,0.254101,0.064954,0.22034,0.438209,0.000646416,0.00626109,0.0993845,0.275082
2860,1718489854,2024-06-15 22:17 UTC,88551,172448,0.712316,1.86469,0.188476,0.249244,0.0630991,0.216365,0.438394,0.000642346,0.00634609,0.0955086,0.260836
2861,1718490154,2024-06-15 22:22 UTC,88544.3,163676,0.705633,1.88186,0.183954,0.244391,0.0611868,0.214346,0.438341,0.000639724,0.00643277,0.0917441,0.246779
2862,1718490454,2024-06-15 22:27 UTC,88551,172374,0.700573,1.9165,0.179438,0.239541,0.0592115,0.213756,0.438629,0.000638423,0.00652178,0.0881325,0.233306
2863,1718490754,2024-06-15 22:32 UTC,88532.2,169233,0.697272,1.95148,0.174928,0.234695,0.0571571,0.213044,0.43857,0.000638596,0.00673419,0.084644,0.220184
2864,1718491054,2024-06-15 22:37 UTC,88526.6,171049,0.695858,1.98673,0.170424,0.229854,0.0550991,0.212196,0.438598,0.000640205,0.00696064,0.0812368,0.207412
2865,1718491354,2024-06-15 22:42 UTC,88528.5,171951,0.696286,2.02207,0.165927,0.225017,0.0530651,0.211198,0.438812,0.000643394,0.00719222,0.0778408,0.195374
2866,1718491654,2024-06-15 22:47 UTC,88544.1,163199,0.698482,2.0575,0.161439,0.220185,0.0510647,0.210037,0.438979,0.000648059,0.00742914,0.0744981,0.183391
2867,1718491954,2024-06-15 22:52 UTC,88548.1,172181,0.702374,2.09301,0.156959,0.215359,0.0489438,0.208705,0.439113,0.000653912,0.00767051,0.0713298,0.171811
2868,1718492253,2024-06-15 22:57 UTC,88541.2,168818,0.707868,2.12848,0.152503,0.210553,0.0467964,0.207196,0.439187,0.000660885,0.00791526,0.0682337,0.161179
2869,1718492553,2024-06-15 23:02 UTC,88544.6,170599,0.714929,2.16415,0.147966,0.205417,0.0446787,0.205501,0.439346,0.000669013,0.00816589,0.0651239,0.150288
2870,1718492853,2024-06-15 23:07 UTC,88545.8,172064,0.723438,2.19989,0.143363,0.199978,0.0426616,0.203594,0.439429,0.000678222,0.0084212,0.0619365,0.141839
2871,1718493153,2024-06-15 23:12 UTC,88548.2,166124,0.733296,2.23569,0.138767,0.194546,0.0406702,0.206489,0.439516,0.000688313,0.00868017,0.058749,0.132481
2872,1718493453,2024-06-15 23:17 UTC,88546.1,171996,0.744418,2.27156,0.134179,0.189122,0.0387079,0.205428,0.439621,0.000699183,0.00894419,0.0555709,0.123525
2873,1718493753,2024-06-15 23:22 UTC,88546.4,167647,0.756721,2.3075,0.129599,0.183707,0.0367897,0.203774,0.439713,0.000710726,0.00921242,0.0524691,0.115028
2874,1718494053,2024-06-15 23:27 UTC,88546.2,167945,0.770139,2.34349,0.125028,0.178342,0.0349232,0.193851,0.439847,0.000722907,0.00948601,0.0494064,0.106414
2875,1718494353,2024-06-15 23:32 UTC,88553.9,171875,0.784611,2.37953,0.120468,0.172993,0.0330773,0.190913,0.439943,0.000735473,0.0097645,0.0464406,0.0983197
2876,1718494653,2024-06-15 23:37 UTC,88545.4,171534,0.80008,2.41563,0.115919,0.167661,0.0312238,0.187785,0.439928,0.000748431,0.0100466,0.0435307,0.0907374
2877,1718494953,2024-06-15 23:42 UTC,88546.5,171678,0.816509,2.45179,0.111383,0.162342,0.0293719,0.184486,0.439994,0.000761602,0.010333,0.0407117,0.0829797
2878,1718495253,2024-06-15 23:47 UTC,88538.6,171772,0.833886,2.48799,0.106862,0.157038,0.0275533,0.181022,0.440033,0.0007749,0.0106232,0.0379624,0.0815631
2879,1718495553,2024-06-15 23:52 UTC,88536,167024,0.852204,2.52424,0.102357,0.151759,0.0257532,0.177401,0.440104,0.000788276,0.0109171,0.0353068,0.0767663
2880,1718495853,2024-06-15 23:57 UTC,88539.6,162414,0.871431,2.56053,0.0978714,0.146531,0.0239376,0.173741,0.44025,0.000801666,0.0112155,0.0327829,0.0757714
2881,1718496153,2024-06-16 00:02 UTC,88529.1,162375,0.869328,2.56506,0.0937788,0.141613,0.0221176,0.170003,0.440259,0.000783099,0.0112405,0.0306593,0.0865009
2882,1718496453,2024-06-16 00:07 UTC,88533.2,171620,0.846421,2.53909,0.0900558,0.136967,0.0202706,0.166234,0.440349,0.000735211,0.011003,0.0289277,0.0712007
2883,1718496753,2024-06-16 00:12 UTC,88524.9,165500,0.823969,2.51317,0.0863424,0.132337,0.0183909,0.162426,0.44041,0.000689149,0.0107684,0.0272838,0.0589007
2884,1718497053,2024-06-16 00:17 UTC,88518.1,164181,0.802005,2.4873,0.0826397,0.127727,0.0165253,0.1586,0.440404,0.000644818,0.0105359,0.0257009,0.0564417
2885,1718497353,2024-06-16 00:22 UTC,88512.6,163269,0.78057,2.46149,0.0789493,0.123137,0.014823,0.154747,0.440452,0.000602356,0.0103062,0.0240486,0.0540514
2886,1718497653,2024-06-16 00:27 UTC,88504.2,162800,0.75971,2.43573,0.0752731,0.118571,0.0133351,0.15087,0.440445,0.00056169,0.0100788,0.0223143,0.0518177
2887,1718497952,2024-06-16 00:32 UTC,88501,171425,0.739547,2.41012,0.0716252,0.114046,0.0118579,0.146972,0.440467,0.000522681,0.00985513,0.0206924,0.0497854
2888,1718498252,2024-06-16 00:37 UTC,88494.7,171386,0.720015,2.38449,0.067984,0.109544,0.0103927,0.143043,0.440498,0.000485132,0.00963241,0.0191407,0.0478008
2889,1718498552,2024-06-16 00:42 UTC,88493.4,167772,0.701271,2.35891,0.0643649,0.105075,0.00894722,0.139098,0.4405,0.000449093,0.00941276,0.0176793,0.046055
2890,1718498852,2024-06-16 00:47 UTC,88487.1,165688,0.683413,2.33341,0.0607717,0.100644,0.00747705,0.135132,0.440487,0.000414483,0.00919466,0.0163031,0.0444338
2891,1718499152,2024-06-16 00:52 UTC,88485.2,165707,0.666571,2.30797,0.0572091,0.0962555,0.00599681,0.131142,0.440533,0.000381295,0.00897884,0.0150221,0.042907
2892,1718499452,2024-06-16 00:57 UTC,88484.5,166263,0.650974,2.2826,0.0536832,0.0919167,0.0044932,0.127138,0.440572,0.000349407,0.0087655,0.0138428,0.0414204
2893,1718499752,2024-06-16 01:02 UTC,88471,166913,0.636902,2.25731,0.0507993,0.0883362,0.00340402,0.123132,0.440529,0.000319404,0.00856002,0.0128711,0.0403133
2894,1718500052,2024-06-16 01:07 UTC,88470.3,167518,0.624501,2.23208,0.0485276,0.0854735,0.00301536,0.119258,0.440532,0.000292307,0.00837001,0.0118109,0.0376583
2895,1718500352,2024-06-16 01:12 UTC,88472.4,168044,0.613988,2.20694,0.0462829,0.0826388,0.00268036,0.115521,0.440537,0.000266027,0.00818247,0.0108029,0.0351719
2896,1718500652,2024-06-16 01:17 UTC,88469,168490,0.605562,2.18187,0.0440689,0.0798352,0.00238683,0.111903,0.44054,0.000240433,0.00799776,0.00984947,0.0328285
2897,1718500952,2024-06-16 01:22 UTC,88459.8,168873,0.599253,2.15734,0.0418903,0.077066,0.00212474,0.108386,0.440522,0.000215382,0.00781876,0.00895757,0.030602
2898,1718501252,2024-06-16 01:27 UTC,88460.7,169200,0.595067,2.13291,0.0397527,0.0743351,0.00189274,0.104965,0.440526,0.000190864,0.0076425,0.00811451,0.0284868
2899,1718501552,2024-06-16 01:32 UTC,88458.8,169476,0.593021,2.10856,0.0376625,0.071647,0.00167165,0.101627,0.44051,0.000166907,0.00746922,0.00732056,0.026443
2900,1718501852,2024-06-16 01:37 UTC,88453.2,169696,0.593036,2.0843,0.0356275,0.0690065,0.00147519,0.098357,0.440525,0.00014363,0.00729826,0.00659334,0.0245376
2901,1718502152,2024-06-16 01:42 UTC,88450.1,169868,0.594975,2.06014,0.0336572,0.0664194,0.00129667,0.0951568,0.440552,0.000121596,0.00713002,0.00592218,0.0227356
2902,1718502452,2024-06-16 01:47 UTC,88452.6,169969,0.598717,2.03607,0.0317631,0.0638921,0.00113416,0.0920184,0.440562,0.00010191,0.00696435,0.00531461,0.0218244
2903,1718502752,2024-06-16 01:52 UTC,88446.6,170012,0.604155,2.01252,0.0299588,0.0614321,0.000975865,0.0879901,0.44052,8.68151e-05,0.00680419,0.0047658,0.0208384
2904,1718503052,2024-06-16 01:57 UTC,88446.5,170007,0.61118,1.98968,0.0282611,0.0590477,0.000833493,0.0825033,0.440549,7.97943e-05,0.00665061,0.00428086,0.0179763
2905,1718503352,2024-06-16 02:02 UTC,88444.1,169965,0.619685,1.96693,0.0272956,0.0574665,0.000698928,0.0791779,0.440548,8.38933e-05,0.00649926,0.00402261,0.0170287
2906,1718503652,2024-06-16 02:07 UTC,88444.4,169895,0.62956,1.94428,0.0269928,0.0566136,0.0005855,0.0724326,0.440542,9.86686e-05,0.00635041,0.00395128,0.0165299
2907,1718503951,2024-06-16 02:12 UTC,88443.1,169809,0.640665,1.9218,0.0267422,0.0557731,0.000460984,0.0567185,0.440527,0.000121033,0.0062047,0.00388805,0.0160247
2908,1718504251,2024-06-16 02:17 UTC,88441.4,169716,0.652979,1.89936,0.0265408,0.0549398,0.000366254,0.0541167,0.44053,0.00014854,0.00606062,0.00384136,0.0155506
2909,1718504551,2024-06-16 02:22 UTC,88443.3,169627,0.666368,1.95047,0.0263878,0.054117,0.000282043,0.0530605,0.440548,0.000179557,0.00639126,0.00380783,0.0150884
2910,1718504851,2024-06-16 02:27 UTC,88442.8,169550,0.680726,2.01506,0.0262809,0.0533052,0.000207571,0.0511859,0.44056,0.000213254,0.00682162,0.0037872,0.0146373
2911,1718505151,2024-06-16 02:32 UTC,88443.2,169489,0.695968,2.08204,0.0262179,0.0525049,0.000144767,0.0506988,0.440554,0.000249213,0.00728259,0.00378009,0.0142169
2912,1718505451,2024-06-16 02:37 UTC,88441.9,169445,0.712036,2.1502,0.026197,0.0517166,0.000101126,0.0502888,0.440535,0.000287194,0.00776725,0.00378549,0.0137825
2913,1718505751,2024-06-16 02:42 UTC,88443.5,169406,0.728883,2.21966,0.026216,0.0509408,0.000121683,0.0491506,0.440536,0.000327174,0.0082772,0.00381228,0.0133723
2914,1718506051,2024-06-16 02:47 UTC,88444.5,169367,0.746451,2.29053,0.0262735,0.0501783,0.000115377,0.0481324,0.440542,0.000368985,0.0088142,0.00385565,0.0129799
2915,1718506351,2024-06-16 02:52 UTC,88445.5,169328,0.7647,2.36228,0.026368,0.0494295,0.000103677,0.0476211,0.440532,0.000412646,0.00937498,0.00391543,0.0125973
2916,1718506651,2024-06-16 02:57 UTC,88447.5,169289,0.783572,2.43481,0.0264983,0.0486952,8.8099e-05,0.0471028,0.440508,0.000458152,0.00995958,0.00399143,0.0122239
2917,1718506951,2024-06-16 03:02 UTC,88447.6,169282,0.783683,2.44041,0.0267537,0.0484847,7.36101e-05,0.0465747,0.440523,0.000448953,0.0100054,0.00408742,0.0121139
2918,1718507251,2024-06-16 03:07 UTC,88447.2,169316,0.765871,2.37948,0.0271298,0.0487883,6.66824e-05,0.0460757,0.440526,0.000386626,0.00951205,0.00419916,0.0122575
2919,1718507551,2024-06-16 03:12 UTC,88451.6,169352,0.749585,2.31867,0.0275356,0.0491029,6.52839e-05,0.0455923,0.44054,0.000327103,0.00903204,0.00432189,0.0124166
2920,1718507851,2024-06-16 03:17 UTC,88457.6,169391,0.735,2.25797,0.0279695,0.0497971,6.30775e-05,0.0451291,0.440543,0.000270207,0.00856538,0.00445496,0.0127696
2921,1718508151,2024-06-16 03:22 UTC,88467.5,169431,0.722339,2.19741,0.02843,0.0507462,6.13089e-05,0.0446853,0.440543,0.00021588,0.00811205,0.00459875,0.0132613
2922,1718508451,2024-06-16 03:27 UTC,88480.2,169474,0.711749,2.13699,0.0289157,0.0517212,5.95069e-05,0.0442598,0.440546,0.000164264,0.00767207,0.00475304,0.0137766
2923,1718508751,2024-06-16 03:32 UTC,88491.8,169520,0.703276,2.07672,0.0294251,0.0527207,5.84841e-05,0.0438517,0.440538,0.000116362,0.00724543,0.0049178,0.0143139
2924,1718509051,2024-06-16 03:37 UTC,88510,169567,0.696976,2.01662,0.0299569,0.0537434,5.7322e-05,0.0434602,0.440534,7.64458e-05,0.00683212,0.00509311,0.014874
2925,1718509351,2024-06-16 03:42 UTC,88529.3,169616,0.692739,1.9567,0.0305098,0.0547878,5.69875e-05,0.0430843,0.440536,6.04153e-05,0.00643215,0.00527913,0.0154592
2926,1718509651,2024-06-16 03:47 UTC,88549.7,169668,0.690491,1.95374,0.0310826,0.0558529,5.56989e-05,0.042723,0.440526,8.30099e-05,0.00641271,0.00547532,0.0160641
2927,1718509950,2024-06-16 03:52 UTC,88572.9,169721,0.690191,1.979,0.0316722,0.0569337,5.4182e-05,0.0423665,0.440524,0.000124996,0.00657964,0.00568179,0.0166914
2928,1718510250,2024-06-16 03:57 UTC,88596.3,169776,0.691767,2.00436,0.0322813,0.0580365,5.35076e-05,0.0420397,0.440502,0.00017368,0.00674933,0.00589918,0.0173452
2929,1718510550,2024-06-16 04:02 UTC,88625.3,169834,0.695092,2.02995,0.0330291,0.0585808,5.35942e-05,0.0417157,0.440512,0.000225594,0.00692275,0.00612967,0.0176729
2930,1718510850,2024-06-16 04:07 UTC,88656.4,169892,0.700009,2.05639,0.0339914,0.0587379,5.46378e-05,0.0414002,0.440516,0.000279872,0.00710426,0.00641041,0.0177683
2931,1718511150,2024-06-16 04:12 UTC,88687.7,169953,0.706423,2.08284,0.0350644,0.0591389,5.50915e-05,0.0410926,0.440527,0.000336288,0.0072882,0.00675181,0.0180107
2932,1718511450,2024-06-16 04:17 UTC,88719.4,170015,0.714275,2.1093,0.0362396,0.0597788,5.7188e-05,0.040793,0.440521,0.000394839,0.00747458,0.00715324,0.0184033
2933,1718511750,2024-06-16 04:22 UTC,88755.6,170078,0.723533,2.13577,0.0375088,0.0606501,5.87428e-05,0.040502,0.440516,0.000455598,0.00766336,0.00761525,0.0189431
2934,1718512050,2024-06-16 04:27 UTC,88792.7,170142,0.734211,2.16225,0.0388643,0.0617431,5.85734e-05,0.040221,0.440519,0.000518675,0.00785454,0.0081379,0.0196337
2935,1718512350,2024-06-16 04:32 UTC,88831.3,170208,0.746357,2.18873,0.0402986,0.0630461,6.03515e-05,0.0399519,0.440521,0.000584213,0.00804813,0.0087197,0.0204699
2936,1718512650,2024-06-16 04:37 UTC,88872,170276,0.759978,2.21523,0.0418047,0.0646315,6.38427e-05,0.0396968,0.440529,0.000652363,0.00824416,0.00936047,0.021513
2937,1718512950,2024-06-16 04:42 UTC,88914.9,170344,0.775005,2.24173,0.043376,0.0664751,6.90079e-05,0.0394583,0.440532,0.000723269,0.00844261,0.0100599,0.0227568
2938,1718513250,2024-06-16 04:47 UTC,88957.9,170412,0.791395,2.26824,0.0450064,0.068342,7.23207e-05,0.0392394,0.440528,0.000797057,0.00864346,0.010819,0.0240534
2939,1718513550,2024-06-16 04:52 UTC,89003.4,170482,0.809155,2.29476,0.0466903,0.0702302,7.89952e-05,0.0390435,0.440538,0.000873879,0.00884671,0.0116356,0.0253989
2940,1718513850,2024-06-16 04:57 UTC,89050.3,170551,0.828355,2.32128,0.0484225,0.0724294,8.54212e-05,0.0388746,0.440553,0.000953879,0.00905245,0.0125108,0.0270158
2941,1718514150,2024-06-16 05:02 UTC,89099.4,171679,0.849077,2.34781,0.0502092,0.0745419,9.33816e-05,0.0387369,0.440553,0.00103722,0.00926056,0.0134407,0.0286048
2942,1718514450,2024-06-16 05:07 UTC,89147.2,171756,0.871315,2.37435,0.0520432,0.0765485,0.000103183,0.0386367,0.440539,0.00112411,0.00947107,0.0144225,0.0301755
2943,1718514750,2024-06-16 05:12 UTC,89198.4,171834,0.89492,2.4009,0.0539095,0.0788075,0.000116008,0.0385789,0.440538,0.0012147,0.00968403,0.0154591,0.0319791
2944,1718515050,2024-06-16 05:17 UTC,89251.2,171914,0.919682,2.42744,0.0558052,0.0811972,0.00012176,0.0385682,0.440535,0.00130912,0.0098994,0.016555,0.033953
2945,1718515350,2024-06-16 05:22 UTC,89306.4,171995,0.945435,2.454,0.0577277,0.0836068,0.000133789,0.0386094,0.440544,0.00140753,0.0101172,0.0177035,0.0359956
2946,1718515649,2024-06-16 05:27 UTC,89362.6,172077,0.971974,2.48047,0.0596684,0.0860207,0.000152209,0.039211,0.44055,0.00150967,0.0103366,0.0189002,0.0381101
2947,1718515949,2024-06-16 05:32 UTC,89418.3,172160,0.99937,2.50704,0.061638,0.0884539,0.000174706,0.0398631,0.440559,0.00161631,0.0105592,0.0201531,0.0402923
2948,1718516249,2024-06-16 05:37 UTC,89477,172244,1.02744,2.53361,0.0636283,0.0908975,0.000202915,0.0404828,0.440564,0.00172717,0.0107843,0.0214581,0.0425431
2949,1718516549,2024-06-16 05:42 UTC,89536.2,172329,1.05612,2.56019,0.0656375,0.0933508,0.000239859,0.0410018,0.440553,0.00184233,0.0110117,0.0228121,0.0448704
2950,1718516849,2024-06-16 05:47 UTC,89597.5,172415,1.08535,2.58677,0.0676641,0.0958129,0.000280923,0.0415562,0.44055,0.00196181,0.0112416,0.0242184,0.0472713
2951,1718517149,2024-06-16 05:52 UTC,89658.3,172502,1.11507,2.61336,0.0697067,0.0982833,0.000327724,0.0426913,0.440543,0.00208568,0.0114738,0.0256745,0.0497334
2952,1718517449,2024-06-16 05:57 UTC,89722,172590,1.14524,2.68343,0.0717641,0.100761,0.000380172,0.0449591,0.440549,0.00221395,0.0120974,0.0271814,0.0522777
2953,1718517749,2024-06-16 06:02 UTC,89744.7,172599,1.15123,2.69879,0.0733777,0.102839,0.00043467,0.0461432,0.440545,0.00224566,0.0122362,0.0283781,0.0544556
2954,1718518049,2024-06-16 06:07 UTC,89721.1,172510,1.13266,2.65708,0.0745332,0.104507,0.000484404,0.0469321,0.440551,0.00217716,0.0118609,0.0292327,0.0562331
2955,1718518349,2024-06-16 06:12 UTC,89693.5,172421,1.11443,2.61538,0.0756912,0.106179,0.000544702,0.0476375,0.440545,0.00211004,0.0114915,0.0300955,0.058041
2956,1718518649,2024-06-16 06:17 UTC,89666.2,172331,1.09657,2.57368,0.0768518,0.107853,0.00060455,0.0483406,0.440545,0.00204429,0.011128,0.0309738,0.0598885
2957,1718518949,2024-06-16 06:22 UTC,89637.4,172241,1.07909,2.53726,0.0780148,0.10953,0.000664372,0.0490262,0.440533,0.00197989,0.0108154,0.031867,0.0617651
2958,1718519249,2024-06-16 06:27 UTC,89609,172110,1.062,2.51193,0.07918,0.11121,0.000728565,0.050993,0.440521,0.00191688,0.0106005,0.0327714,0.0636782
2959,1718519549,2024-06-16 06:32 UTC,89579.9,171935,1.04532,2.48679,0.0803474,0.112892,0.000797865,0.0530633,0.440521,0.00185524,0.0103895,0.0336886,0.065613
2960,1718519849,2024-06-16 06:37 UTC,89549.6,171736,1.02907,2.46185,0.0815169,0.114576,0.000863444,0.0548842,0.440495,0.00179495,0.0101821,0.0346239,0.067572
2961,1718520149,2024-06-16 06:42 UTC,89523.2,171525,1.01328,2.4371,0.0826884,0.116263,0.000927753,0.056439,0.440514,0.00173601,0.00997846,0.0355751,0.0695861
2962,1718520449,2024-06-16 06:47 UTC,89496.4,171310,0.997964,2.41257,0.0838618,0.117952,0.00100606,0.0579676,0.440525,0.00167847,0.00977853,0.0365297,0.0716163
2963,1718520749,2024-06-16 06:52 UTC,89461.8,171093,0.983143,2.38824,0.085037,0.119643,0.00108153,0.0602635,0.440505,0.00162228,0.00958258,0.0375014,0.0736696
2964,1718521049,2024-06-16 06:57 UTC,89428.9,170879,0.968847,2.36414,0.086214,0.121337,0.00116331,0.058636,0.440482,0.00156745,0.00939001,0.0384841,0.0757632
2965,1718521349,2024-06-16 07:02 UTC,89397.8,170669,0.95511,2.34026,0.0867602,0.122122,0.00123404,0.0570493,0.440476,0.00151395,0.00920115,0.038916,0.0767602
2966,1718521648,2024-06-16 07:07 UTC,89369.7,170459,0.942011,2.31669,0.0866671,0.121987,0.00127225,0.0563976,0.440469,0.00146192,0.00901669,0.038798,0.0766303
2967,1718521948,2024-06-16 07:12 UTC,89335.6,170248,0.929497,2.29337,0.086575,0.121851,0.00131673,0.0544843,0.440458,0.00141115,0.00883612,0.0386738,0.0764544
2968,1718522248,2024-06-16 07:17 UTC,89301.7,170026,0.917644,2.27032,0.0864842,0.121716,0.00134156,0.0510703,0.440419,0.00136171,0.00865931,0.0385685,0.0762801
2969,1718522548,2024-06-16 07:22 UTC,89268.1,169802,0.906492,2.24752,0.0863947,0.12158,0.00136392,0.0463926,0.440414,0.00131366,0.00848638,0.0384659,0.0761055
2970,1718522848,2024-06-16 07:27 UTC,89231.2,169589,0.89608,2.225,0.0863066,0.121444,0.00137258,0.0436054,0.440373,0.00126699,0.00831711,0.0383735,0.0759527
2971,1718523148,2024-06-16 07:32 UTC,89200.5,169378,0.886417,2.20275,0.0862197,0.121309,0.00138639,0.0446566,0.440393,0.00122173,0.00815159,0.0382792,0.0757846
2972,1718523448,2024-06-16 07:37 UTC,89168.1,169175,0.877521,2.18079,0.0861342,0.121173,0.00141474,0.0456433,0.440428,0.0011779,0.00798985,0.0381769,0.0755887
2973,1718523748,2024-06-16 07:42 UTC,89130.4,168979,0.869406,2.15913,0.0860501,0.121038,0.00142014,0.0465703,0.44042,0.00113542,0.00783193,0.0380907,0.0754425
2974,1718524048,2024-06-16 07:47 UTC,89097.3,168783,0.862085,2.13778,0.0859673,0.120902,0.00143499,0.0474417,0.440412,0.00109437,0.00767782,0.0379988,0.0752755
2975,1718524348,2024-06-16 07:52 UTC,89063.5,168588,0.855569,2.11674,0.0858859,0.120767,0.00144951,0.0482612,0.440404,0.0010547,0.00752737,0.0379105,0.0751111
2976,1718524648,2024-06-16 07:57 UTC,89028.6,168394,0.849849,2.09602,0.0858059,0.120631,0.0014604,0.0490322,0.440423,0.0010164,0.00738078,0.0378252,0.074934
2977,1718524948,2024-06-16 08:02 UTC,88996.1,168208,0.844917,2.07564,0.0850504,0.119457,0.00146555,0.0489172,0.440416,0.000979438,0.00723793,0.0371507,0.0734951
2978,1718525248,2024-06-16 08:07 UTC,88959.7,168018,0.840769,2.0556,0.0836018,0.117216,0.00144529,0.0498959,0.440394,0.000943813,0.00709884,0.0358991,0.0707643
2979,1718525548,2024-06-16 08:12 UTC,88923.3,167825,0.837385,2.03794,0.0821558,0.114977,0.00140505,0.0508667,0.440406,0.000909523,0.00697739,0.0346839,0.0680831
2980,1718525848,2024-06-16 08:17 UTC,88885.3,167635,0.834733,2.10044,0.0807125,0.112738,0.00135698,0.0516992,0.440417,0.000876586,0.00741192,0.0334963,0.06546
2981,1718526148,2024-06-16 08:22 UTC,88851,167451,0.83279,2.16311,0.0792722,0.110512,0.00130853,0.0524097,0.440419,0.000845005,0.00786082,0.0323326,0.0629011
2982,1718526448,2024-06-16 08:27 UTC,88816.6,167269,0.831541,2.22594,0.0778348,0.108324,0.00125248,0.0530121,0.440444,0.000814784,0.00832409,0.0311943,0.0604356
2983,1718526748,2024-06-16 08:32 UTC,88779.9,167089,0.830971,2.28891,0.0764008,0.106138,0.00119,0.0535186,0.440461,0.000785937,0.00880172,0.0300807,0.0580173
2984,1718527048,2024-06-16 08:37 UTC,88744.6,166912,0.831067,2.35202,0.0749701,0.103955,0.00112289,0.0539395,0.440456,0.000758479,0.00929372,0.028991,0.0556564
2985,1718527347,2024-06-16 08:42 UTC,88708.4,166738,0.831812,2.41503,0.0735479,0.10178,0.00104887,0.0542839,0.44046,0.000732508,0.00979837,0.0279302,0.0533574
2986,1718527647,2024-06-16 08:47 UTC,88665.7,166565,0.833202,2.47837,0.0721247,0.0996013,0.000972361,0.05456,0.440445,0.000707874,0.0103191,0.026889,0.051099
2987,1718527947,2024-06-16 08:52 UTC,88631.7,166399,0.835226,2.54181,0.0707056,0.0974248,0.000897906,0.0547749,0.440463,0.000684701,0.0108541,0.0258669,0.0488828
2988,1718528247,2024-06-16 08:57 UTC,88595.6,166239,0.837875,2.60535,0.0692908,0.095251,0.000824375,0.051867,0.440471,0.000663017,0.0114035,0.0248656,0.0467268
2989,1718528547,2024-06-16 09:02 UTC,88565,166100,0.834866,2.64104,0.0672664,0.0923076,0.000747117,0.0517905,0.44045,0.000644763,0.0117181,0.0234582,0.0438907
2990,1718528847,2024-06-16 09:07 UTC,88540.9,165980,0.825571,2.64768,0.0646134,0.0885685,0.000657035,0.0516691,0.440462,0.000629148,0.0117772,0.0216656,0.0404056
2991,1718529147,2024-06-16 09:12 UTC,88516.2,165862,0.816391,2.65433,0.0619748,0.0848408,0.000566811,0.0515117,0.440456,0.000613851,0.0118363,0.0199527,0.0370785
2992,1718529447,2024-06-16 09:17 UTC,88496,165751,0.807331,2.66097,0.0593525,0.0811261,0.000479405,0.0513275,0.440468,0.000598881,0.0118957,0.0183168,0.0339051
2993,1718529747,2024-06-16 09:22 UTC,88472,165650,0.798394,2.66762,0.0567486,0.077426,0.000391712,0.0511245,0.440476,0.000584239,0.0119552,0.0167566,0.0308833
2994,1718530047,2024-06-16 09:27 UTC,88446.4,165558,0.789586,2.67426,0.0541657,0.073743,0.000310044,0.0509076,0.440465,0.000569928,0.0120148,0.0152703,0.028012
2995,1718530347,2024-06-16 09:32 UTC,88420.2,165475,0.780911,2.68091,0.0516069,0.0700797,0.000237395,0.0506775,0.440465,0.000555952,0.0120747,0.0138589,0.0253021
2996,1718530647,2024-06-16 09:37 UTC,88394.6,165401,0.772373,2.68756,0.0490758,0.0664393,0.000167184,0.0504307,0.440465,0.000542309,0.0121346,0.0125252,0.0227385
2997,1718530947,2024-06-16 09:42 UTC,88370.4,165336,0.763977,2.69421,0.0465766,0.0628257,0.000108798,0.0501609,0.44047,0.000529004,0.0121947,0.0112682,0.0203359
2998,1718531247,2024-06-16 09:47 UTC,88345.2,165279,0.755726,2.70086,0.0441142,0.0592441,0.000113002,0.0498614,0.440473,0.000516071,0.012255,0.0100796,0.0180835
2999,1718531547,2024-06-16 09:52 UTC,88318.4,165222,0.747624,2.70752,0.0416946,0.0557004,0.000104467,0.0495248,0.440466,0.000503511,0.0123155,0.00896373,0.0159823
3000,1718531847,2024-06-16 09:57 UTC,88292.5,165165,0.739678,2.71417,0.0393249,0.0522052,9.11955e-05,0.0491447,0.440456,0.000491287,0.0123761,0.00792937,0.0143977
3001,1718532147,2024-06-16 10:02 UTC,88265.5,165109,0.731892,2.72083,0.0367316,0.0486792,9.29328e-05,0.0487127,0.440442,0.000479373,0.0124369,0.006881,0.0128875
3002,1718532447,2024-06-16 10:07 UTC,88241.5,165052,0.724272,2.72748,0.0339778,0.0455605,9.50377e-05,0.0482095,0.440462,0.000467797,0.0124978,0.00585815,0.0114548
3003,1718532747,2024-06-16 10:12 UTC,88214.7,164994,0.716823,2.73414,0.0314131,0.0428265,9.25187e-05,0.0476245,0.440453,0.000456561,0.0125588,0.00498163,0.010198
3004,1718533047,2024-06-16 10:17 UTC,88187.1,164937,0.709553,2.7408,0.0290857,0.0403212,8.91754e-05,0.0469506,0.440452,0.000445666,0.0126201,0.00425319,0.00898789
3005,1718533346,2024-06-16 10:22 UTC,88160.4,164880,0.702491,2.74743,0.0270623,0.0380963,8.62518e-05,0.0461825,0.440451,0.000435143,0.0126813,0.00367568,0.00779503
3006,1718533646,2024-06-16 10:27 UTC,88132.1,164823,0.695599,2.75478,0.025402,0.0363011,8.14199e-05,0.0362911,0.440447,0.000424929,0.0127492,0.00324582,0.00679037
3007,1718533946,2024-06-16 10:32 UTC,88104.3,164766,0.688909,2.7622,0.0241988,0.035255,8.04491e-05,0.0332844,0.440438,0.000415056,0.012818,0.00296662,0.00640606
3008,1718534246,2024-06-16 10:37 UTC,88078.1,164709,0.68243,2.76962,0.0235447,0.0346122,7.68998e-05,0.0324819,0.44044,0.000405537,0.012887,0.00283605,0.00617334
3009,1718534546,2024-06-16 10:42 UTC,88051.3,164652,0.676174,2.77705,0.0234871,0.0345034,8.01112e-05,0.0316368,0.440433,0.000396357,0.0129561,0.00285273,0.00613578
3010,1718534846,2024-06-16 10:47 UTC,88025.9,164595,0.670156,2.78447,0.024028,0.0352949,8.09598e-05,0.0307488,0.440437,0.000387538,0.0130255,0.00301366,0.0064155
3011,1718535146,2024-06-16 10:52 UTC,87999.6,164537,0.664395,2.7919,0.0251274,0.0364121,8.58767e-05,0.0298136,0.44044,0.000379075,0.0130951,0.00331788,0.00682633
3012,1718535446,2024-06-16 10:57 UTC,87973,164480,0.658902,2.79933,0.026716,0.0377929,9.26577e-05,0.0288215,0.440444,0.000370976,0.0131649,0.00376366,0.00735208
3013,1718535746,2024-06-16 11:02 UTC,87945.3,164423,0.653688,2.80676,0.0286527,0.0405702,0.000104088,0.0277677,0.440448,0.000363241,0.0132349,0.00433252,0.00847373
3014,1718536046,2024-06-16 11:07 UTC,87916.8,164365,0.648766,2.81419,0.0308215,0.0438739,0.000119186,0.0266542,0.440444,0.000355869,0.013305,0.0050065,0.00990323
3015,1718536346,2024-06-16 11:12 UTC,87889,164305,0.644157,2.82162,0.0332154,0.0473479,0.000141749,0.0254894,0.44045,0.000348869,0.0133753,0.00580136,0.0115356
3016,1718536646,2024-06-16 11:17 UTC,87862.7,164245,0.639877,2.82905,0.0357882,0.0509574,0.000177046,0.024287,0.440445,0.000342224,0.0134459,0.00671421,0.0133589
3017,1718536946,2024-06-16 11:22 UTC,87835.3,164183,0.635928,2.83648,0.0385029,0.0548042,0.000228793,0.0230428,0.440464,0.000335932,0.0135167,0.00774453,0.0154304
3018,1718537246,2024-06-16 11:27 UTC,87807.2,164119,0.632317,2.84392,0.0413306,0.0590667,0.00028271,0.0218527,0.440466,0.000330012,0.0135876,0.00889182,0.0179103
3019,1718537546,2024-06-16 11:32 UTC,87780.7,164053,0.629056,2.85135,0.0442489,0.0633898,0.000363924,0.0205266,0.440462,0.000324423,0.0136588,0.0101509,0.0206028
3020,1718537846,2024-06-16 11:37 UTC,87752.5,163983,0.626158,2.85879,0.0472404,0.0677619,0.00047225,0.0191921,0.440462,0.000319171,0.01373,0.0115177,0.0234687
3021,1718538146,2024-06-16 11:42 UTC,87725,163907,0.623638,2.86622,0.0502919,0.0721741,0.000627505,0.0178184,0.440451,0.000314213,0.0138016,0.0129784,0.0264908
3022,1718538446,2024-06-16 11:47 UTC,87701.9,163823,0.62151,2.87366,0.0533928,0.0766195,0.000845389,0.0180614,0.440486,0.000309529,0.0138734,0.0145212,0.0296832
3023,1718538746,2024-06-16 11:52 UTC,87675.9,163724,0.619788,2.8811,0.0565347,0.0810927,0.00115363,0.0188253,0.440486,0.000305062,0.0139453,0.016125,0.0329913
3024,1718539046,2024-06-16 11:57 UTC,87649.8,163604,0.61849,2.88854,0.0597112,0.0855892,0.00157563,0.0197209,0.440496,0.00030077,0.0140174,0.0177651,0.0364362
3025,1718539345,2024-06-16 12:02 UTC,87625.1,163465,0.609549,2.89198,0.0621552,0.0882838,0.00210546,0.0207469,0.440515,0.000276249,0.0140507,0.0189384,0.0382026
3026,1718539645,2024-06-16 12:07 UTC,87600.9,163304,0.592856,2.89119,0.0638241,0.0890824,0.00267151,0.0218518,0.440519,0.000231985,0.0140431,0.0196169,0.0383094
3027,1718539945,2024-06-16 12:12 UTC,87580.1,163110,0.577329,2.89042,0.0655056,0.0899018,0.00326853,0.0230213,0.440532,0.000190404,0.0140356,0.020301,0.0385228
3028,1718540245,2024-06-16 12:17 UTC,87558.9,162878,0.563047,2.88966,0.0671988,0.0907412,0.00391011,0.0248503,0.440558,0.000151472,0.0140282,0.0209794,0.0395495
3029,1718540545,2024-06-16 12:22 UTC,87537.6,162604,0.550147,2.88891,0.068903,0.0916002,0.00458337,0.0267601,0.440572,0.000115349,0.014021,0.0216586,0.0408416
3030,1718540845,2024-06-16 12:27 UTC,87512.5,162285,0.538845,2.88817,0.0706173,0.0924782,0.005297,0.0282464,0.440561,8.25737e-05,0.0140139,0.0223303,0.0421678
3031,1718541145,2024-06-16 12:32 UTC,87490.5,161922,0.529428,2.88744,0.0723411,0.0933746,0.0060468,0.0292713,0.440594,5.51591e-05,0.0140065,0.0229945,0.0435282
3032,1718541445,2024-06-16 12:37 UTC,87467.1,161508,0.522219,2.88673,0.0740738,0.0946273,0.00684076,0.0303856,0.440611,4.04154e-05,0.0139999,0.0236478,0.0449227
3033,1718541745,2024-06-16 12:42 UTC,87448.4,161041,0.517338,2.88687,0.0758148,0.0962267,0.0077058,0.0322386,0.440679,4.85164e-05,0.0140011,0.0242699,0.0463516
3034,1718542045,2024-06-16 12:47 UTC,87424,160518,0.514487,2.88749,0.0775636,0.097887,0.00862878,0.0341015,0.440671,7.12103e-05,0.014007,0.024866,0.0478146
3035,1718542345,2024-06-16 12:52 UTC,87401.8,159941,0.513543,2.88812,0.0793198,0.0995614,0.0096188,0.0360009,0.440674,9.86587e-05,0.0140133,0.0254278,0.0494106
3036,1718542645,2024-06-16 12:57 UTC,87385.1,159304,0.514511,2.88878,0.0810828,0.10147,0.0106855,0.0378688,0.440726,0.00012795,0.0140195,0.0259536,0.0513224
3037,1718542945,2024-06-16 13:02 UTC,87359.5,158574,0.517404,2.88945,0.0819403,0.102967,0.011778,0.0398672,0.440725,0.000158262,0.0140262,0.025805,0.0526425
3038,1718543245,2024-06-16 13:07 UTC,87343.6,158190,0.522223,2.89014,0.0818252,0.103214,0.0127422,0.0419317,0.44076,0.000189351,0.014033,0.0250606,0.0526854
3039,1718543545,2024-06-16 13:12 UTC,87327.4,157996,0.529019,2.89086,0.0817111,0.103461,0.0135786,0.0437129,0.44082,0.000221304,0.0140399,0.0244135,0.0527189
3040,1718543845,2024-06-16 13:17 UTC,87309.6,157567,0.537904,2.89159,0.0815982,0.103708,0.0143082,0.0454479,0.440909,0.000254328,0.0140468,0.0238509,0.0528003
3041,1718544145,2024-06-16 13:22 UTC,87289.2,156932,0.54889,2.89234,0.0814864,0.103955,0.0149474,0.0471223,0.440954,0.000288678,0.014054,0.0233555,0.0529189
3042,1718544445,2024-06-16 13:27 UTC,87264.6,156176,0.56193,2.89311,0.0813757,0.104202,0.0154957,0.0485224,0.440967,0.000324608,0.0140618,0.022927,0.0530129
3043,1718544745,2024-06-16 13:32 UTC,87248.5,155365,0.576946,2.89391,0.0812662,0.10445,0.0159646,0.0493502,0.441063,0.000362365,0.0140694,0.0225572,0.0531155
3044,1718545044,2024-06-16 13:37 UTC,87226.1,154469,0.59376,2.89472,0.0811582,0.104696,0.016369,0.0506473,0.441078,0.000402064,0.0140776,0.0222289,0.0532718
3045,1718545344,2024-06-16 13:42 UTC,87207.2,153482,0.612386,2.89555,0.0810511,0.104944,0.0166957,0.052075,0.441068,0.000444171,0.0140853,0.0219581,0.0534384
3046,1718545644,2024-06-16 13:47 UTC,87190.6,156673,0.632527,2.8964,0.0809452,0.105192,0.0169665,0.0532745,0.441133,0.000488767,0.0140937,0.0217252,0.0535372
3047,1718545944,2024-06-16 13:52 UTC,87164.3,160623,0.653925,2.89727,0.0808406,0.10544,0.0171884,0.0544024,0.441158,0.000536011,0.0141021,0.0215266,0.0536293
3048,1718546244,2024-06-16 13:57 UTC,87145.2,162843,0.676361,2.89816,0.0807372,0.105689,0.0173941,0.0555541,0.441228,0.000586033,0.0141108,0.021337,0.053776
3049,1718546544,2024-06-16 14:02 UTC,87123.6,164395,0.699674,2.89907,0.0797602,0.104546,0.0175469,0.0566587,0.441272,0.000638889,0.0141199,0.0206228,0.0525661
3050,1718546844,2024-06-16 14:07 UTC,87106.3,165440,0.723726,2.9,0.0778436,0.101901,0.0175208,0.0576469,0.44138,0.000694411,0.0141288,0.0194519,0.0500255
3051,1718547144,2024-06-16 14:12 UTC,87087.2,165968,0.748408,2.90095,0.0759383,0.0992626,0.0173214,0.0586385,0.441398,0.000752637,0.0141379,0.0184298,0.0476141
3052,1718547444,2024-06-16 14:17 UTC,87061.4,166149,0.773635,2.90191,0.074045,0.096633,0.0169426,0.0595075,0.441387,0.000813532,0.0141475,0.0175447,0.0451984
3053,1718547744,2024-06-16 14:22 UTC,87043.6,166086,0.799333,2.9029,0.0721648,0.094012,0.0164305,0.0602529,0.441416,0.000877194,0.0141571,0.0167594,0.0428653
3054,1718548044,2024-06-16 14:27 UTC,87026.5,165667,0.825442,2.90391,0.0702983,0.0919892,0.0158036,0.0608015,0.441477,0.000943653,0.0141667,0.0160705,0.0406789
3055,1718548344,2024-06-16 14:32 UTC,87006.9,164964,0.851915,2.90493,0.0684466,0.0900592,0.0150589,0.061126,0.441563,0.00101295,0.0141769,0.0154708,0.0384386
3056,1718548644,2024-06-16 14:37 UTC,86987.1,164035,0.878712,2.90598,0.0666107,0.0881574,0.0142225,0.0617585,0.441565,0.00108516,0.014187,0.0149478,0.0365414
3057,1718548944,2024-06-16 14:42 UTC,86967.8,163294,0.905797,2.90705,0.0647918,0.0862904,0.0133031,0.0619446,0.441651,0.00116027,0.0141974,0.0144864,0.0347508
3058,1718549244,2024-06-16 14:47 UTC,86946,163388,0.933141,2.96028,0.0629912,0.0844597,0.0123031,0.0620775,0.441664,0.00123827,0.0147225,0.0140866,0.0332872
3059,1718549544,2024-06-16 14:52 UTC,86918.6,163294,0.960719,3.02382,0.0612102,0.0826646,0.0112326,0.0621447,0.441699,0.00131922,0.0153611,0.01374,0.031357
3060,1718549844,2024-06-16 14:57 UTC,86897.3,163063,0.988509,3.08737,0.0594504,0.0812313,0.0100919,0.0620792,0.441723,0.00140309,0.0160135,0.0134457,0.0294401
3061,1718550144,2024-06-16 15:02 UTC,86869.7,162759,1.00944,3.12076,0.0568382,0.0787186,0.00890394,0.0620585,0.441772,0.00147419,0.0163617,0.0127563,0.0271224
3062,1718550444,2024-06-16 15:07 UTC,86842.5,162474,1.02305,3.12152,0.0533592,0.0752298,0.00757996,0.0618792,0.441786,0.00153015,0.0163698,0.0117375,0.0256479
3063,1718550744,2024-06-16 15:12 UTC,86819.6,162287,1.037,3.12229,0.0499968,0.0722053,0.00614263,0.0615025,0.441892,0.00158779,0.0163779,0.0108623,0.0247305
3064,1718551043,2024-06-16 15:17 UTC,86789.8,162353,1.05125,3.12307,0.0467836,0.0694256,0.00465271,0.0610513,0.441846,0.00164705,0.0163859,0.0101004,0.023953
3065,1718551343,2024-06-16 15:22 UTC,86760.8,162627,1.06588,3.12387,0.043725,0.0669015,0.00353044,0.0602317,0.441884,0.00170961,0.0163945,0.0093029,0.0230797
3066,1718551643,2024-06-16 15:27 UTC,86733.4,162961,1.08082,3.12469,0.0408652,0.0646738,0.00328777,0.0593912,0.441899,0.00177687,0.016403,0.0082562,0.0215404
3067,1718551943,2024-06-16 15:32 UTC,86702.7,163264,1.09608,3.12552,0.0382454,0.0627741,0.0031344,0.058761,0.441873,0.00184624,0.0164117,0.00737483,0.0202943
3068,1718552243,2024-06-16 15:37 UTC,86675.4,163433,1.11163,3.12637,0.0359163,0.0612377,0.00299145,0.0594473,0.441863,0.00191768,0.0164206,0.00668272,0.019315
3069,1718552543,2024-06-16 15:42 UTC,86652.1,163364,1.12748,3.12723,0.0339401,0.060109,0.00285425,0.0588729,0.441916,0.00199119,0.0164296,0.00618124,0.0186079
3070,1718552843,2024-06-16 15:47 UTC,86626.4,162941,1.14361,3.1281,0.0323907,0.059536,0.00271999,0.0574607,0.441936,0.00206678,0.0164388,0.0058681,0.0182548
3071,1718553143,2024-06-16 15:52 UTC,86599.6,162068,1.16001,3.12899,0.0313506,0.060267,0.00258645,0.0554134,0.441948,0.00214445,0.0164482,0.00574155,0.0187032
3072,1718553443,2024-06-16 15:57 UTC,86569.5,160701,1.17668,3.1299,0.0309,0.061383,0.00244204,0.0527187,0.441942,0.00222416,0.0164577,0.00579601,0.019405
3073,1718553743,2024-06-16 16:02 UTC,86544.1,158917,1.1936,3.13082,0.0309242,0.0620192,0.00229295,0.0497996,0.441962,0.00230588,0.0164674,0.00594223,0.0197998
3074,1718554043,2024-06-16 16:07 UTC,86517.9,156882,1.21076,3.13176,0.0318487,0.0629209,0.00212736,0.0470233,0.441974,0.00238955,0.0164773,0.00630551,0.0203833
3075,1718554343,2024-06-16 16:12 UTC,86489.5,154608,1.22817,3.13271,0.0338975,0.0648912,0.00194807,0.0455998,0.441935,0.00247519,0.0164873,0.00702453,0.0216605
3076,1718554643,2024-06-16 16:17 UTC,86467.9,152112,1.2458,3.13367,0.0368405,0.0678266,0.00175736,0.0439915,0.441937,0.00256276,0.0164974,0.00809737,0.0236617
3077,1718554943,2024-06-16 16:22 UTC,86442.5,150230,1.26365,3.13465,0.0404517,0.0716086,0.00156087,0.0422322,0.441932,0.00265227,0.0165077,0.00951971,0.0263324
3078,1718555243,2024-06-16 16:27 UTC,86417.7,149132,1.28173,3.13565,0.0445614,0.0761109,0.0013843,0.0403638,0.441929,0.00274362,0.0165182,0.0112779,0.0296685
3079,1718555543,2024-06-16 16:32 UTC,86393,149365,1.3,3.13665,0.0490457,0.0812139,0.00137528,0.0384588,0.441936,0.00283681,0.0165289,0.0133651,0.0336272
3080,1718555843,2024-06-16 16:37 UTC,86366.5,149587,1.31848,3.13768,0.0538141,0.0868118,0.00143491,0.0366118,0.441935,0.00293178,0.0165396,0.0157663,0.0382179
3081,1718556143,2024-06-16 16:42 UTC,86340.2,149795,1.33716,3.13872,0.0588004,0.0928149,0.00159734,0.0349346,0.441932,0.00302832,0.0165506,0.0184371,0.0433499
3082,1718556443,2024-06-16 16:47 UTC,86317.8,156400,1.35602,3.13977,0.0639558,0.0991498,0.0018743,0.0335624,0.441949,0.00312644,0.0165618,0.0213659,0.0490005
3083,1718556743,2024-06-16 16:52 UTC,86289.9,156363,1.37506,3.14084,0.0692443,0.105757,0.00231174,0.0326721,0.44192,0.00322613,0.016573,0.0245241,0.0550602
3084,1718557042,2024-06-16 16:57 UTC,86264.4,155845,1.39421,3.14192,0.0746206,0.112565,0.00295882,0.0325628,0.4419,0.00332703,0.0165844,0.0278824,0.061555
3085,1718557342,2024-06-16 17:02 UTC,86241.6,153421,1.4136,3.14302,0.0801994,0.119382,0.00386313,0.0331897,0.441882,0.00342977,0.0165959,0.0315079,0.0681691
3086,1718557642,2024-06-16 17:07 UTC,86213.7,151895,1.43314,3.14413,0.0859764,0.126191,0.00501926,0.0346321,0.441852,0.00353382,0.0166079,0.0353761,0.074763
3087,1718557942,2024-06-16 17:12 UTC,86187.6,151449,1.45285,3.14526,0.0918318,0.133198,0.0063925,0.0372435,0.441809,0.00363911,0.0166196,0.0393753,0.0815548
3088,1718558242,2024-06-16 17:17 UTC,86170.5,151366,1.47272,3.1464,0.0977523,0.140374,0.00797369,0.0405031,0.441813,0.00374557,0.0166318,0.0434768,0.0896004
3089,1718558542,2024-06-16 17:22 UTC,86141.9,151389,1.49273,3.14756,0.103727,0.147695,0.00976282,0.0443142,0.441723,0.00385316,0.0166439,0.0476501,0.100247
3090,1718558842,2024-06-16 17:27 UTC,86124.9,151694,1.51289,3.15135,0.109748,0.155139,0.0117834,0.048587,0.441738,0.00396167,0.0166563,0.0518326,0.111599
3091,1718559142,2024-06-16 17:32 UTC,86105.9,151955,1.53319,3.17635,0.115808,0.162691,0.0139965,0.0532446,0.441721,0.00407128,0.0169183,0.0560362,0.123711
3092,1718559442,2024-06-16 17:37 UTC,86085,152006,1.55362,3.20136,0.121902,0.170336,0.0163812,0.058226,0.441689,0.00418207,0.0171826,0.0602629,0.136456
3093,1718559742,2024-06-16 17:42 UTC,86064.2,151717,1.57419,3.22638,0.128024,0.178061,0.018934,0.0634598,0.441672,0.00429393,0.0174469,0.0644913,0.149442
3094,1718560042,2024-06-16 17:47 UTC,86028.2,150949,1.59488,3.2514,0.134171,0.185857,0.0216135,0.0689122,0.441593,0.00440712,0.0177141,0.0687414,0.163732
3095,1718560342,2024-06-16 17:52 UTC,86006.7,149276,1.61569,3.27642,0.140341,0.193715,0.0243887,0.0745608,0.441626,0.00452178,0.0179807,0.0730506,0.178925
3096,1718560642,2024-06-16 17:57 UTC,85972.7,151477,1.63663,3.30144,0.146529,0.201629,0.0271809,0.0803634,0.441568,0.00463825,0.0182598,0.0775033,0.193701
3097,1718560942,2024-06-16 18:02 UTC,85953.1,153461,1.65064,3.30151,0.152179,0.208247,0.0300385,0.0862681,0.441523,0.0047091,0.0182527,0.0813094,0.206986
3098,1718561242,2024-06-16 18:07 UTC,85930.4,154828,1.65705,3.27555,0.157219,0.213385,0.0326937,0.0920748,0.441481,0.00473012,0.0179717,0.0847008,0.217943
3099,1718561542,2024-06-16 18:12 UTC,85888.6,155796,1.66372,3.25202,0.162263,0.218528,0.0352064,0.0977631,0.441425,0.00475336,0.0177176,0.0883653,0.227571
3100,1718561842,2024-06-16 18:17 UTC,85868.7,156012,1.67066,3.23757,0.167312,0.223674,0.0376774,0.103335,0.44143,0.00477828,0.0176095,0.0921607,0.238927
3101,1718562142,2024-06-16 18:22 UTC,85844.3,153816,1.67785,3.26103,0.172364,0.228824,0.039931,0.108806,0.441391,0.00480593,0.0178655,0.0964279,0.248849
3102,1718562442,2024-06-16 18:27 UTC,85816,155942,1.68529,3.28458,0.17742,0.233977,0.042085,0.114159,0.44136,0.00483513,0.0181245,0.10091,0.259587
3103,1718562741,2024-06-16 18:32 UTC,85795,158218,1.69296,3.32186,0.182463,0.239116,0.0441275,0.119445,0.441457,0.00486577,0.0185385,0.105577,0.272455
3104,1718563041,2024-06-16 18:37 UTC,85767.1,158141,1.7009,3.36208,0.187525,0.244275,0.0460258,0.124656,0.441475,0.00489826,0.0189899,0.110488,0.28672
3105,1718563341,2024-06-16 18:42 UTC,85745.2,152333,1.70909,3.40455,0.19259,0.249437,0.048103,0.129786,0.441486,0.00493178,0.0194727,0.11518,0.300582
3106,1718563641,2024-06-16 18:47 UTC,85710,145724,1.71752,3.44919,0.197657,0.254602,0.0503982,0.134871,0.441385,0.0049665,0.0199868,0.119685,0.315505
3107,1718563941,2024-06-16 18:52 UTC,85689.5,150820,1.72619,3.49592,0.202726,0.259891,0.0529491,0.140622,0.441466,0.00500204,0.0205319,0.123952,0.330241
3108,1718564241,2024-06-16 18:57 UTC,85662,147819,1.73511,3.54466,0.207798,0.265549,0.0556977,0.146225,0.441439,0.00503834,0.0211082,0.128008,0.345684
3109,1718564541,2024-06-16 19:02 UTC,85631.6,151250,1.74425,3.59532,0.211922,0.269998,0.0585354,0.151675,0.441317,0.00507578,0.0217162,0.130427,0.357397
3110,1718564841,2024-06-16 19:07 UTC,85616.3,152468,1.75363,3.64783,0.214975,0.274438,0.0611979,0.156699,0.441429,0.00511584,0.0223552,0.131429,0.365438
3111,1718565141,2024-06-16 19:12 UTC,85579.6,151514,1.76324,3.7021,0.218029,0.278878,0.0636904,0.164066,0.441393,0.00515813,0.0230252,0.132675,0.373585
3112,1718565441,2024-06-16 19:17 UTC,85548.7,155587,1.77309,3.75806,0.221083,0.283318,0.0660977,0.169808,0.441399,0.00520269,0.0237269,0.134114,0.381663
3113,1718565741,2024-06-16 19:22 UTC,85527.6,154623,1.78315,3.81564,0.224138,0.287758,0.0684299,0.174917,0.441402,0.00524946,0.0244591,0.135675,0.390333
3114,1718566041,2024-06-16 19:27 UTC,85502.1,149189,1.79344,3.87476,0.227194,0.292198,0.0706749,0.180193,0.441492,0.00529833,0.0252232,0.137327,0.399069
3115,1718566341,2024-06-16 19:32 UTC,85468.1,147217,1.80396,3.93535,0.23025,0.296641,0.0729396,0.185616,0.441345,0.00534866,0.0260183,0.138972,0.407951
3116,1718566641,2024-06-16 19:37 UTC,85441.5,147126,1.8147,3.99735,0.233306,0.301084,0.075176,0.189845,0.441339,0.00540071,0.0268442,0.14072,0.416451
3117,1718566941,2024-06-16 19:42 UTC,85421.4,150749,1.82565,4.06069,0.236363,0.305527,0.0773611,0.193844,0.441385,0.00545475,0.0277018,0.142552,0.425367
3118,1718567241,2024-06-16 19:47 UTC,85395.6,148742,1.83682,4.12532,0.239421,0.309971,0.0796087,0.200565,0.441439,0.00550992,0.0285905,0.14423,0.434201
3119,1718567541,2024-06-16 19:52 UTC,85371,154041,1.8482,4.19116,0.242479,0.314414,0.0819546,0.205544,0.441341,0.00556618,0.0295106,0.145828,0.443358
3120,1718567841,2024-06-16 19:57 UTC,85325,151524,1.85979,4.25817,0.245537,0.31886,0.0842093,0.21087,0.441217,0.00562439,0.0304619,0.147523,0.452595
3121,1718568141,2024-06-16 20:02 UTC,85298.9,145413,1.87158,4.32629,0.247518,0.321693,0.0863309,0.216307,0.441211,0.00568529,0.0314441,0.147702,0.458512
3122,1718568441,2024-06-16 20:07 UTC,85267.2,144756,1.88357,4.39546,0.248286,0.322708,0.0880662,0.216114,0.441221,0.00574997,0.0324578,0.146445,0.460265
3123,1718568740,2024-06-16 20:12 UTC,85241.7,150324,1.89572,4.46542,0.249051,0.323719,0.0895049,0.21925,0.441209,0.00581784,0.0334989,0.145606,0.461989
3124,1718569040,2024-06-16 20:17 UTC,85219.2,149030,1.90809,4.53656,0.24982,0.324734,0.0906808,0.222216,0.441313,0.00588928,0.0345751,0.145194,0.46401
3125,1718569340,2024-06-16 20:22 UTC,85186.9,152736,1.92066,4.60863,0.250589,0.325748,0.0917092,0.225049,0.441161,0.00596326,0.035682,0.144984,0.465821
3126,1718569640,2024-06-16 20:27 UTC,85148.5,149789,1.93341,4.68157,0.251359,0.326763,0.0926626,0.22773,0.44111,0.00603914,0.0368208,0.144833,0.467671
3127,1718569940,2024-06-16 20:32 UTC,85122.8,150184,1.94634,4.75534,0.25213,0.327778,0.0935098,0.230313,0.441137,0.00611782,0.0379905,0.144928,0.469455
3128,1718570240,2024-06-16 20:37 UTC,85088,144368,1.95945,4.82991,0.252901,0.328792,0.0943015,0.232799,0.4411,0.00619857,0.0391914,0.145061,0.471234
3129,1718570540,2024-06-16 20:42 UTC,85060.6,150077,1.97274,4.90525,0.253673,0.329807,0.0951274,0.235187,0.441029,0.00628049,0.0404232,0.145109,0.473332
3130,1718570840,2024-06-16 20:47 UTC,85033.3,147930,1.9862,4.98131,0.254445,0.330822,0.0958189,0.237509,0.441024,0.00636495,0.0416864,0.145359,0.475284
3131,1718571140,2024-06-16 20:52 UTC,85006.6,151354,1.99983,5.05806,0.255218,0.331837,0.096483,0.239754,0.441109,0.00645151,0.0429811,0.145644,0.476984
3132,1718571440,2024-06-16 20:57 UTC,84975.3,143599,2.01362,5.13548,0.255992,0.332852,0.097127,0.241949,0.440986,0.00653991,0.0443068,0.145986,0.47916
3133,1718571740,2024-06-16 21:02 UTC,84950.2,147899,2.02384,5.19015,0.255588,0.332257,0.0977657,0.244066,0.441036,0.00660493,0.0452552,0.14444,0.476894
3134,1718572040,2024-06-16 21:07 UTC,84908.5,146745,2.02987,5.21829,0.253838,0.329824,0.0980151,0.245984,0.440851,0.0066447,0.0457475,0.141215,0.470339
3135,1718572340,2024-06-16 21:12 UTC,84874.2,151237,2.03597,5.24644,0.252089,0.32739,0.0979655,0.247738,0.440782,0.00668744,0.0462418,0.138477,0.463572
3136,1718572640,2024-06-16 21:17 UTC,84854.9,144940,2.04213,5.2746,0.250343,0.324957,0.0975908,0.24933,0.440827,0.00673355,0.0467401,0.136297,0.457188
3137,1718572940,2024-06-16 21:22 UTC,84827.7,145145,2.04836,5.30279,0.248598,0.322524,0.0970419,0.250786,0.440821,0.00678133,0.0472411,0.134289,0.450431
3138,1718573240,2024-06-16 21:27 UTC,84793,145205,2.05464,5.33098,0.246854,0.320092,0.0963706,0.252151,0.440768,0.006831,0.0477446,0.132455,0.444465
3139,1718573540,2024-06-16 21:32 UTC,84762.1,145192,2.06099,5.3592,0.245113,0.31766,0.0956002,0.25342,0.440721,0.00688192,0.0482515,0.130735,0.438797
3140,1718573840,2024-06-16 21:37 UTC,84732.1,148622,2.0674,5.38742,0.243373,0.315228,0.0947414,0.253807,0.440647,0.00693447,0.0487607,0.129167,0.433326
3141,1718574140,2024-06-16 21:42 UTC,84705.2,150678,2.07387,5.41567,0.241636,0.312796,0.0938739,0.252671,0.440588,0.00698818,0.0492736,0.127622,0.427844
3142,1718574440,2024-06-16 21:47 UTC,84674.2,145144,2.0804,5.44392,0.2399,0.310365,0.0929536,0.241799,0.44056,0.00704298,0.0497889,0.126082,0.422035
3143,1718574739,2024-06-16 21:52 UTC,84656.7,145139,2.08696,5.4721,0.238171,0.307942,0.0919349,0.231856,0.440558,0.00709929,0.0503056,0.124755,0.41636
3144,1718575039,2024-06-16 21:57 UTC,84614.8,145099,2.0936,5.50039,0.236439,0.305512,0.0909683,0.214907,0.440408,0.0071562,0.0508275,0.12329,0.410866
3145,1718575339,2024-06-16 22:02 UTC,84596.1,146756,2.10029,5.52869,0.23356,0.301806,0.0899647,0.201116,0.440499,0.00721467,0.0513522,0.12017,0.400653
3146,1718575639,2024-06-16 22:07 UTC,84566.9,146674,2.10704,5.557,0.22935,0.296862,0.0885453,0.202373,0.440368,0.00727704,0.0518786,0.115742,0.38496
3147,1718575939,2024-06-16 22:12 UTC,84522.7,149772,2.11385,5.58533,0.225141,0.29215,0.0868369,0.201159,0.440237,0.00734182,0.052409,0.11171,0.36953
3148,1718576239,2024-06-16 22:17 UTC,84516.7,143619,2.12071,5.61366,0.220933,0.28744,0.0850245,0.197315,0.44033,0.00740871,0.0529421,0.107899,0.354316
3149,1718576539,2024-06-16 22:22 UTC,84488.3,141106,2.12762,5.64202,0.216725,0.282733,0.0830094,0.197319,0.440299,0.00747797,0.0534783,0.104399,0.3395
3150,1718576839,2024-06-16 22:27 UTC,84449.3,142720,2.13459,5.67038,0.212518,0.278028,0.0808762,0.19482,0.440206,0.00754878,0.0540173,0.101075,0.325058
3151,1718577139,2024-06-16 22:32 UTC,84426.4,146336,2.14161,5.69876,0.208312,0.273325,0.0787477,0.192541,0.44019,0.00762067,0.0545594,0.0977612,0.310923
3152,1718577439,2024-06-16 22:37 UTC,84400.5,148168,2.14869,5.72715,0.204107,0.268625,0.0765752,0.190604,0.440193,0.00769389,0.0551045,0.0945679,0.297276
3153,1718577739,2024-06-16 22:42 UTC,84376.3,142491,2.15582,5.75555,0.199902,0.263927,0.0743533,0.189667,0.440245,0.00776839,0.0556523,0.0915026,0.284054
3154,1718578039,2024-06-16 22:47 UTC,84350.3,146228,2.163,5.78425,0.195699,0.259233,0.0720909,0.187257,0.440249,0.00784411,0.0562087,0.0885224,0.27116
3155,1718578339,2024-06-16 22:52 UTC,84331,144455,2.17024,5.81317,0.191497,0.254541,0.0697839,0.184505,0.440215,0.00792151,0.0567722,0.0856488,0.258449
3156,1718578639,2024-06-16 22:57 UTC,84308,140607,2.17753,5.84209,0.187296,0.249852,0.0675285,0.182038,0.440294,0.00799934,0.0573387,0.0827426,0.246126
3157,1718578939,2024-06-16 23:02 UTC,84270.8,140586,2.18488,5.87103,0.182401,0.244352,0.0652341,0.180615,0.4403,0.00807851,0.0579081,0.0790466,0.231692
3158,1718579239,2024-06-16 23:07 UTC,84238.2,140565,2.19228,5.89998,0.176707,0.237914,0.0628411,0.179075,0.440274,0.00815964,0.0584808,0.0746291,0.215011
3159,1718579539,2024-06-16 23:12 UTC,84221.3,143163,2.19975,5.92893,0.171018,0.231486,0.06036,0.172548,0.440298,0.00824249,0.0590557,0.070481,0.199041
3160,1718579839,2024-06-16 23:17 UTC,84201.7,146977,2.20727,5.9579,0.165337,0.225064,0.0578102,0.167335,0.440351,0.00832691,0.0596314,0.0665363,0.184305
3161,1718580139,2024-06-16 23:22 UTC,84181.1,148700,2.21485,5.98688,0.159663,0.218651,0.0551547,0.165396,0.440435,0.00841311,0.0602154,0.06281,0.170149
3162,1718580438,2024-06-16 23:27 UTC,84162.4,148352,2.22246,6.01577,0.154016,0.212277,0.05242,0.163316,0.440543,0.00850082,0.0607983,0.0593246,0.156863
3163,1718580738,2024-06-16 23:32 UTC,84137.5,145456,2.23015,6.04477,0.148359,0.205888,0.0496375,0.162528,0.440525,0.00859037,0.0613861,0.0560095,0.145488
3164,1718581038,2024-06-16 23:37 UTC,84110.2,141588,2.2379,6.07378,0.142714,0.199507,0.0468714,0.161782,0.440544,0.00868072,0.0619767,0.0528063,0.134651
3165,1718581338,2024-06-16 23:42 UTC,84083.9,142014,2.24571,6.1028,0.13708,0.193135,0.0440547,0.15799,0.440573,0.00877262,0.0625701,0.0497627,0.126491
3166,1718581638,2024-06-16 23:47 UTC,84058.6,142425,2.25358,6.13183,0.13146,0.186773,0.0412492,0.164075,0.440531,0.00886558,0.0631668,0.0468467,0.114911
3167,1718581938,2024-06-16 23:52 UTC,84043.1,142840,2.2615,6.16155,0.125856,0.180421,0.0384721,0.160557,0.440647,0.00895957,0.0637806,0.0440272,0.123366
3168,1718582238,2024-06-16 23:57 UTC,84018.8,143247,2.26948,6.19151,0.12027,0.17408,0.0357371,0.168442,0.440647,0.00905427,0.0644019,0.0412802,0.128713
3169,1718582538,2024-06-17 00:02 UTC,83999.5,143585,2.27646,6.21483,0.11468,0.167499,0.0331031,0.165448,0.440742,0.00913902,0.0648889,0.0385591,0.0925748
3170,1718582838,2024-06-17 00:07 UTC,83983.2,143917,2.28228,6.23036,0.109078,0.160633,0.0305574,0.15162,0.44088,0.00921162,0.0652133,0.0358501,0.0818789
3171,1718583138,2024-06-17 00:12 UTC,83965.3,144217,2.28816,6.24588,0.103491,0.153784,0.0281783,0.145285,0.440923,0.00928375,0.0655387,0.0330711,0.0737971
3172,1718583438,2024-06-17 00:17 UTC,83949.7,144461,2.2941,6.26141,0.0979216,0.146955,0.0260188,0.141198,0.44099,0.00935473,0.0658652,0.0302012,0.0661078
3173,1718583738,2024-06-17 00:22 UTC,83929.7,144656,2.30009,6.27694,0.0923742,0.140155,0.0239527,0.137027,0.441084,0.0094253,0.0661919,0.0273894,0.058925
3174,1718584038,2024-06-17 00:27 UTC,83915.1,144829,2.30613,6.29246,0.0868524,0.133421,0.0219803,0.132784,0.441165,0.00949542,0.0665198,0.0246696,0.0520158
3175,1718584338,2024-06-17 00:32 UTC,83899.2,144982,2.31222,6.30799,0.0813613,0.126718,0.0201492,0.128478,0.441246,0.00956503,0.0668484,0.0220279,0.0460256
3176,1718584638,2024-06-17 00:37 UTC,83882.2,145102,2.31836,6.32352,0.0759076,0.12007,0.0184284,0.124119,0.441347,0.00963444,0.0671783,0.0194928,0.0401884
3177,1718584938,2024-06-17 00:42 UTC,83864.3,145203,2.32455,6.33905,0.0704998,0.113539,0.0168175,0.119715,0.441433,0.00970335,0.0675083,0.0170904,0.0346621
3178,1718585238,2024-06-17 00:47 UTC,83848.7,145302,2.33079,6.35458,0.065149,0.107114,0.0153569,0.115272,0.441487,0.00977154,0.0678394,0.0148333,0.0306543
3179,1718585538,2024-06-17 00:52 UTC,83831.2,145402,2.33707,6.3701,0.0598704,0.100756,0.0145038,0.110798,0.44152,0.00983682,0.0681715,0.0124363,0.0263803
3180,1718585838,2024-06-17 00:57 UTC,83814.6,145503,2.3434,6.38563,0.054684,0.0944821,0.0139309,0.138762,0.441545,0.0099009,0.0685038,0.0102165,0.0319062
3181,1718586138,2024-06-17 01:02 UTC,83795.3,145605,2.34977,6.40116,0.0499861,0.0886581,0.0133972,0.137041,0.441574,0.00996537,0.068838,0.008409,0.0354526
3182,1718586437,2024-06-17 01:07 UTC,83781.2,145708,2.35617,6.41664,0.04583,0.0833438,0.0128963,0.126925,0.441622,0.0100299,0.0691707,0.00698123,0.03152
3183,1718586737,2024-06-17 01:12 UTC,83766.3,145812,2.36263,6.43217,0.0417588,0.0781127,0.0124261,0.124858,0.441658,0.0100949,0.0695057,0.00572489,0.0341898
3184,1718587037,2024-06-17 01:17 UTC,83749.6,145918,2.36913,6.44769,0.0378168,0.0730042,0.0119512,0.119507,0.441672,0.0101605,0.0698424,0.00465028,0.0340649
3185,1718587337,2024-06-17 01:22 UTC,83739.6,146025,2.37568,6.46322,0.0340466,0.0680462,0.0114999,0.116601,0.441761,0.0102265,0.070179,0.0037701,0.0360764
3186,1718587637,2024-06-17 01:27 UTC,83727.9,146133,2.38227,6.47875,0.0305095,0.0632739,0.0110592,0.110614,0.44183,0.0102929,0.070517,0.00310389,0.0353
3187,1718587937,2024-06-17 01:32 UTC,83712.8,146242,2.3889,6.49428,0.0272948,0.0587327,0.0106167,0.104344,0.441854,0.0103598,0.0708549,0.00267663,0.0341812
3188,1718588237,2024-06-17 01:37 UTC,83697.6,146352,2.39558,6.50981,0.0245381,0.0544803,0.0101634,0.0997445,0.441868,0.0104275,0.0711941,0.00251182,0.0344792
3189,1718588537,2024-06-17 01:42 UTC,83684.4,146463,2.40229,6.52534,0.0224373,0.0505897,0.00971343,0.0959824,0.4419,0.0104957,0.0715345,0.00258635,0.0355677
3190,1718588837,2024-06-17 01:47 UTC,83672,146575,2.40905,6.54087,0.0212257,0.0471504,0.00925534,0.0925001,0.441921,0.0105646,0.0718756,0.00284901,0.0368576
3191,1718589137,2024-06-17 01:52 UTC,83661.6,146688,2.41585,6.5564,0.0210574,0.0442679,0.00877161,0.0894032,0.441973,0.0106344,0.0722169,0.00326328,0.0386272
3192,1718589437,2024-06-17 01:57 UTC,83651.3,146802,2.42269,6.57193,0.0219493,0.0420567,0.00829156,0.0863993,0.442033,0.0107048,0.07256,0.00383247,0.0407045
3193,1718589737,2024-06-17 02:02 UTC,83641.9,146918,2.42957,6.58746,0.0235061,0.0407729,0.00778298,0.0832843,0.44208,0.0107761,0.072903,0.00441307,0.041802
3194,1718590037,2024-06-17 02:07 UTC,83630.2,147034,2.43649,6.60299,0.0251763,0.0405003,0.00727719,0.0802161,0.442095,0.0108479,0.0732467,0.00492536,0.0418741
3195,1718590337,2024-06-17 02:12 UTC,83619.4,147151,2.44346,6.61852,0.0270783,0.0412369,0.00678612,0.0772013,0.442121,0.0109202,0.0735921,0.00550636,0.0420197
3196,1718590637,2024-06-17 02:17 UTC,83606.5,147268,2.45046,6.63405,0.0291661,0.0421987,0.0062933,0.0736022,0.442128,0.0109931,0.0739381,0.00615394,0.0415314
3197,1718590937,2024-06-17 02:22 UTC,83597.8,147387,2.45751,6.64958,0.0314029,0.0433627,0.00579842,0.0666037,0.442163,0.0110666,0.0742845,0.00686654,0.0366915
3198,1718591237,2024-06-17 02:27 UTC,83588.5,147507,2.46459,6.66511,0.0337598,0.0453209,0.00531073,0.0623323,0.442183,0.0111407,0.0746318,0.00764507,0.0349344
3199,1718591537,2024-06-17 02:32 UTC,83578,147628,2.47172,6.68064,0.0362143,0.0481544,0.00481426,0.0600186,0.442186,0.0112155,0.0749802,0.00848828,0.0354549
3200,1718591837,2024-06-17 02:37 UTC,83568.9,147749,2.47888,6.69617,0.0387486,0.0510842,0.00431404,0.0579722,0.442208,0.011291,0.0753292,0.00940011,0.0363616
3201,1718592137,2024-06-17 02:42 UTC,83560.5,147871,2.48608,6.7117,0.0413485,0.0547663,0.0037898,0.0559051,0.442225,0.0113673,0.0756792,0.0103761,0.0373387
3202,1718592436,2024-06-17 02:47 UTC,83551.6,147995,2.4933,6.72718,0.0439941,0.0584438,0.00324272,0.0537689,0.442237,0.0114441,0.0760284,0.0114134,0.0382689
3203,1718592736,2024-06-17 02:52 UTC,83542.3,148119,2.50058,6.74445,0.0466941,0.0621399,0.00269523,0.0515679,0.442238,0.0115219,0.0764196,0.0125178,0.039097
3204,1718593036,2024-06-17 02:57 UTC,83534.3,148244,2.5079,6.76549,0.0494325,0.0658413,0.00212465,0.04932,0.442251,0.0116005,0.0768967,0.0136819,0.0398463
3205,1718593336,2024-06-17 03:02 UTC,83525,148334,2.51509,6.76715,0.0514116,0.0687781,0.00156086,0.0470726,0.442257,0.0116707,0.0769343,0.0144758,0.0395354
3206,1718593636,2024-06-17 03:07 UTC,83512.5,148337,2.5221,6.74542,0.0524491,0.0708158,0.00108842,0.0450363,0.442261,0.0117297,0.0764412,0.0148129,0.0381881
3207,1718593936,2024-06-17 03:12 UTC,83502.2,148338,2.52914,6.7237,0.0534932,0.0728883,0.000722487,0.0432217,0.442276,0.0117879,0.0759498,0.0152229,0.0370453
3208,1718594236,2024-06-17 03:17 UTC,83492.9,148340,2.53621,6.70205,0.0545433,0.0749928,0.000474384,0.0416004,0.442293,0.0118453,0.0754613,0.0157154,0.0362909
3209,1718594536,2024-06-17 03:22 UTC,83482.6,148342,2.5433,6.68331,0.0555991,0.0771266,0.000348119,0.040149,0.44229,0.0119018,0.0750398,0.0162816,0.0354376
3210,1718594836,2024-06-17 03:27 UTC,83473.4,148343,2.55041,6.66458,0.0566602,0.0792874,0.000282032,0.0388485,0.442301,0.0119582,0.0746199,0.0168886,0.0346979
3211,1718595136,2024-06-17 03:32 UTC,83466.2,148343,2.55754,6.64585,0.0577261,0.0814731,0.000249143,0.037683,0.442311,0.0120147,0.0742012,0.0175194,0.0341362
3212,1718595436,2024-06-17 03:37 UTC,83457,148344,2.56469,6.62712,0.0587967,0.0836816,0.000236669,0.0366392,0.442308,0.0120717,0.0737832,0.0181691,0.0360047
3213,1718595736,2024-06-17 03:42 UTC,83449.4,148344,2.57186,6.60838,0.0598714,0.0859112,0.000235053,0.0357063,0.442321,0.0121292,0.0733669,0.0188369,0.0379196
3214,1718596036,2024-06-17 03:47 UTC,83442.2,148344,2.57905,6.58965,0.0609502,0.0881603,0.000242555,0.0348751,0.442313,0.0121871,0.0729515,0.0195219,0.0399361
3215,1718596336,2024-06-17 03:52 UTC,83437.3,148345,2.58626,6.57092,0.0620328,0.0904275,0.000259531,0.0341379,0.442309,0.0122455,0.0725374,0.0202219,0.0419625
3216,1718596636,2024-06-17 03:57 UTC,83429.4,148344,2.59349,6.55219,0.0631189,0.0927115,0.000270257,0.0334883,0.442317,0.0123044,0.0721244,0.0209419,0.0441059
3217,1718596936,2024-06-17 04:02 UTC,83424.1,148344,2.60073,6.53345,0.0631883,0.0931011,0.000285266,0.0329359,0.442328,0.0123638,0.0717124,0.0209866,0.0444675
3218,1718597236,2024-06-17 04:07 UTC,83417.1,148466,2.608,6.51472,0.0620361,0.091214,0.000279095,0.0325706,0.44233,0.0124235,0.0713019,0.0202281,0.0428178
3219,1718597536,2024-06-17 04:12 UTC,83412.2,148591,2.61528,6.49599,0.0608945,0.0893588,0.000283862,0.0323752,0.442332,0.0124839,0.0708927,0.0194812,0.0411111
3220,1718597836,2024-06-17 04:17 UTC,83405.9,148715,2.62258,6.47726,0.059764,0.0875377,0.00028066,0.0323192,0.442326,0.0125447,0.0704842,0.0187582,0.0394653
3221,1718598135,2024-06-17 04:22 UTC,83401.4,148840,2.62987,6.45859,0.0586491,0.0860354,0.000267088,0.0323803,0.442317,0.012606,0.0700784,0.0180608,0.0381241
3222,1718598435,2024-06-17 04:27 UTC,83394.8,148964,2.6372,6.43986,0.0575428,0.0848425,0.000251042,0.0325423,0.442316,0.0126679,0.0696726,0.0173859,0.0370718
3223,1718598735,2024-06-17 04:32 UTC,83388,149089,2.64455,6.42112,0.0564496,0.0836889,0.000229824,0.0327932,0.442312,0.0127303,0.0692677,0.0167336,0.0360687
3224,1718599035,2024-06-17 04:37 UTC,83382.4,149213,2.65192,6.40239,0.0553702,0.0825762,0.000209415,0.0331242,0.442318,0.0127932,0.0688642,0.0161063,0.0351179
3225,1718599335,2024-06-17 04:42 UTC,83378,149338,2.6593,6.38366,0.0543052,0.0815061,0.000186285,0.0335288,0.442316,0.0128566,0.0684619,0.0155012,0.0342167
3226,1718599635,2024-06-17 04:47 UTC,83374.1,149462,2.6667,6.36493,0.0532555,0.0804803,0.000149729,0.0340019,0.442316,0.0129206,0.0680607,0.0149158,0.0333562
3227,1718599935,2024-06-17 04:52 UTC,83370.3,149586,2.67412,6.3462,0.0522218,0.0795005,0.000119671,0.0345395,0.442321,0.0129851,0.0676607,0.0143543,0.0325432
3228,1718600235,2024-06-17 04:57 UTC,83366.5,149711,2.68155,6.32746,0.051205,0.0785684,8.61787e-05,0.0351384,0.442308,0.0130502,0.0672618,0.013815,0.0317913
3229,1718600535,2024-06-17 05:02 UTC,83364.9,149835,2.689,6.30873,0.0494517,0.0763242,7.11578e-05,0.0358038,0.442326,0.0131158,0.0668642,0.0128978,0.0300052
3230,1718600835,2024-06-17 05:07 UTC,83361,149959,2.69646,6.29,0.0468175,0.0724957,7.2929e-05,0.0365921,0.442324,0.013182,0.0664676,0.0115594,0.0270759
3231,1718601135,2024-06-17 05:12 UTC,83358.2,150084,2.70394,6.27127,0.0442403,0.0687707,8.1184e-05,0.0375099,0.442337,0.0132488,0.0660726,0.0103257,0.0243741
3232,1718601435,2024-06-17 05:17 UTC,83355.5,150208,2.71144,6.25254,0.0417311,0.065185,8.78678e-05,0.0385527,0.442337,0.0133161,0.0656781,0.00919334,0.0219231
3233,1718601735,2024-06-17 05:22 UTC,83354.5,150333,2.71895,6.23381,0.0393036,0.0618724,9.32765e-05,0.0397168,0.442338,0.013384,0.0652852,0.00816197,0.0197312
3234,1718602035,2024-06-17 05:27 UTC,83352.6,150457,2.72648,6.23793,0.0369748,0.0587578,0.000100579,0.0409983,0.442333,0.0134524,0.0653719,0.00723315,0.017802
3235,1718602335,2024-06-17 05:32 UTC,83350.8,150581,2.73402,6.25666,0.034766,0.055874,0.00010563,0.0423929,0.442339,0.0135214,0.0657649,0.00640444,0.0161022
3236,1718602635,2024-06-17 05:37 UTC,83350.4,150706,2.74158,6.27539,0.0327037,0.0532588,0.000110335,0.0438961,0.442335,0.0135909,0.0661592,0.00567612,0.0146097
3237,1718602935,2024-06-17 05:42 UTC,83349,150830,2.74915,6.29412,0.0308201,0.0509533,0.000112943,0.0455028,0.442337,0.013661,0.0665548,0.00504805,0.013379
3238,1718603235,2024-06-17 05:47 UTC,83348.1,150955,2.75674,6.31285,0.0291533,0.0490078,0.000114501,0.0472076,0.442355,0.0137316,0.0669516,0.00451877,0.0123746
3239,1718603535,2024-06-17 05:52 UTC,83350.4,151079,2.76434,6.33159,0.027747,0.047468,0.000115902,0.0490049,0.442357,0.0138028,0.0673496,0.00408888,0.0115989
3240,1718603835,2024-06-17 05:57 UTC,83349.5,151204,2.77196,6.35033,0.0266464,0.0463655,0.000119736,0.050889,0.442362,0.0138745,0.0677489,0.0037583,0.0110696
3241,1718604134,2024-06-17 06:02 UTC,83345,151287,2.77764,6.36954,0.0258952,0.0457807,0.000128745,0.0528593,0.442355,0.0139313,0.0681594,0.0035388,0.0107669
3242,1718604434,2024-06-17 06:07 UTC,83328,151270,2.78097,6.3895,0.0255614,0.0456667,0.000143322,0.0549466,0.442347,0.01397,0.0685872,0.00343981,0.0106998
3243,1718604734,2024-06-17 06:12 UTC,83311.8,151249,2.78435,6.40948,0.025673,0.045943,0.000160753,0.0571504,0.442344,0.0140092,0.0690168,0.0034521,0.0108298
3244,1718605034,2024-06-17 06:17 UTC,83295.8,151223,2.78777,6.42948,0.0262092,0.046612,0.000182091,0.0594622,0.442345,0.0140488,0.0694483,0.00357606,0.0111913
3245,1718605334,2024-06-17 06:22 UTC,83280.4,151193,2.79123,6.44951,0.0271292,0.0477862,0.000203818,0.0618741,0.44235,0.014089,0.0698817,0.00381332,0.0117582
3246,1718605634,2024-06-17 06:27 UTC,83263.6,151159,2.79472,6.46957,0.0283844,0.0492619,0.000226963,0.0643787,0.442351,0.0141297,0.070317,0.00416408,0.0124957
3247,1718605934,2024-06-17 06:32 UTC,83247.7,151121,2.79826,6.48965,0.0299268,0.0510131,0.000245693,0.0669686,0.442364,0.0141709,0.0707541,0.00462908,0.0134015
3248,1718606234,2024-06-17 06:37 UTC,83232.8,151078,2.80183,6.50975,0.0317132,0.0530124,0.000266954,0.0696374,0.442362,0.0142126,0.0711932,0.00520746,0.0144718
3249,1718606534,2024-06-17 06:42 UTC,83215.2,151032,2.80545,6.52988,0.033706,0.0552329,0.00029565,0.0723786,0.442359,0.0142547,0.0716342,0.00589672,0.0157066
3250,1718606834,2024-06-17 06:47 UTC,83197.6,150981,2.8091,6.55004,0.0358731,0.0576495,0.000321153,0.0751864,0.442362,0.0142974,0.072077,0.00669849,0.0171138
3251,1718607134,2024-06-17 06:52 UTC,83180.5,150927,2.81279,6.57021,0.0381873,0.0602389,0.000354217,0.0780554,0.442358,0.0143405,0.0725218,0.00760952,0.0186789
3252,1718607434,2024-06-17 06:57 UTC,83163.1,150868,2.81653,6.59041,0.0406259,0.0629793,0.000388364,0.0809807,0.442359,0.0143841,0.0729684,0.00863076,0.0204183
3253,1718607734,2024-06-17 07:02 UTC,83144.7,150806,2.8203,6.61064,0.0429297,0.0654909,0.000424202,0.0839542,0.44235,0.0144281,0.0734169,0.00965046,0.022078
3254,1718608034,2024-06-17 07:07 UTC,83127.7,150740,2.82411,6.63089,0.0449947,0.0675944,0.000467765,0.086947,0.442366,0.0144726,0.0738673,0.0106036,0.0235318
3255,1718608334,2024-06-17 07:12 UTC,83108.2,150670,2.82795,6.65116,0.0470989,0.0697043,0.000510428,0.0899519,0.442367,0.0145177,0.0743196,0.0116163,0.0250161
3256,1718608634,2024-06-17 07:17 UTC,83089.6,150596,2.83184,6.67145,0.0492373,0.0718202,0.000556124,0.0929671,0.442359,0.0145632,0.0747738,0.0126857,0.0265543
3257,1718608934,2024-06-17 07:22 UTC,83071.2,150518,2.83577,6.69176,0.0514057,0.0739415,0.000608267,0.0959913,0.442364,0.0146091,0.0752299,0.0138135,0.0281477
3258,1718609234,2024-06-17 07:27 UTC,83054.4,150436,2.83973,6.7121,0.0536003,0.0760677,0.000669201,0.099023,0.442364,0.0146555,0.0756879,0.0149959,0.0297791
3259,1718609534,2024-06-17 07:32 UTC,83036,150351,2.84373,6.73246,0.0558178,0.0781984,0.000736446,0.102061,0.442351,0.0147023,0.0761477,0.0162354,0.0314736
3260,1718609834,2024-06-17 07:37 UTC,83016.1,150261,2.84777,6.75284,0.0580554,0.0803334,0.000820005,0.105104,0.442344,0.0147494,0.0766095,0.0175246,0.0332188
3261,1718610133,2024-06-17 07:42 UTC,82997.4,150168,2.85183,6.77318,0.0603032,0.082465,0.000906861,0.108152,0.442346,0.0147969,0.0770716,0.0188669,0.0350122
3262,1718610433,2024-06-17 07:47 UTC,82978.8,150072,2.85595,6.7936,0.0625741,0.0846074,0.00100117,0.111202,0.442358,0.0148449,0.0775371,0.0202647,0.0368195
3263,1718610733,2024-06-17 07:52 UTC,82960.7,149971,2.86011,6.81405,0.0648589,0.0867531,0.0010971,0.114255,0.442363,0.0148933,0.0780045,0.0217195,0.0387404
3264,1718611033,2024-06-17 07:57 UTC,82938.9,149867,2.8643,6.83452,0.0671559,0.0889018,0.00122035,0.11731,0.442337,0.014942,0.0784738,0.0232138,0.0406703
3265,1718611333,2024-06-17 08:02 UTC,82920.9,149760,2.86854,6.855,0.0689327,0.0904788,0.00135752,0.120356,0.442341,0.0149911,0.078945,0.0243811,0.0421197
3266,1718611633,2024-06-17 08:07 UTC,82902,149648,2.87281,6.87551,0.070047,0.0916037,0.00146385,0.123314,0.442352,0.015041,0.0794181,0.0251133,0.042915
3267,1718611933,2024-06-17 08:12 UTC,82883.2,149533,2.87712,6.89604,0.0711636,0.0930004,0.00157927,0.126171,0.442375,0.0150913,0.0798931,0.0258497,0.0437097
3268,1718612233,2024-06-17 08:17 UTC,82863.8,149415,2.88148,6.91659,0.0722823,0.0944,0.00169831,0.128927,0.442364,0.0151421,0.0803699,0.026598,0.0445379
3269,1718612533,2024-06-17 08:22 UTC,82843.5,149293,2.88587,6.93716,0.0734031,0.0958023,0.00182603,0.131586,0.442339,0.0151933,0.0808487,0.0273522,0.0453527
3270,1718612833,2024-06-17 08:27 UTC,82823.6,149167,2.8903,6.95775,0.0745258,0.0972073,0.00194252,0.13415,0.442345,0.0152451,0.0813294,0.0281276,0.0461904
3271,1718613133,2024-06-17 08:32 UTC,82804.2,149038,2.89478,6.97836,0.0756503,0.0986147,0.00207455,0.136623,0.442348,0.0152973,0.0818119,0.0289027,0.0470142
3272,1718613433,2024-06-17 08:37 UTC,82785,148905,2.89929,6.99899,0.0767766,0.100024,0.00220544,0.139008,0.442362,0.01535,0.0822963,0.029691,0.0478448
3273,1718613733,2024-06-17 08:42 UTC,82767,148769,2.90385,7.01964,0.0779046,0.101437,0.00234004,0.141309,0.442366,0.0154032,0.0827827,0.0304879,0.0486682
3274,1718614033,2024-06-17 08:47 UTC,82750,148629,2.90844,7.04031,0.0790342,0.102851,0.00248166,0.143531,0.442385,0.0154568,0.0832709,0.031291,0.0495133
3275,1718614333,2024-06-17 08:52 UTC,82732,148486,2.91308,7.061,0.0801653,0.104267,0.0026256,0.145678,0.442405,0.015511,0.083761,0.0321047,0.0503495
3276,1718614633,2024-06-17 08:57 UTC,82711.4,148340,2.91776,7.08171,0.0812978,0.105686,0.00277222,0.147753,0.442398,0.0155656,0.084253,0.0329261,0.0515011
3277,1718614933,2024-06-17 09:02 UTC,82694.7,148197,2.92463,7.10715,0.0817412,0.106089,0.00290972,0.149744,0.442438,0.0156385,0.0848595,0.0331994,0.0522741
3278,1718615233,2024-06-17 09:07 UTC,82682.1,148065,2.93423,7.13853,0.0813205,0.105216,0.00300825,0.151522,0.442459,0.0157346,0.0856104,0.0327981,0.0520667
3279,1718615533,2024-06-17 09:12 UTC,82665.8,147930,2.94387,7.1699,0.0809034,0.104344,0.00308185,0.153072,0.442452,0.0158318,0.0863647,0.0324186,0.0520117
3280,1718615832,2024-06-17 09:17 UTC,82649,147793,2.95351,7.20118,0.0804914,0.103476,0.00312886,0.154405,0.442439,0.0159297,0.0871197,0.0320636,0.0519607
3281,1718616132,2024-06-17 09:22 UTC,82637.1,147653,2.96322,7.23256,0.0800818,0.102606,0.00315472,0.155535,0.442457,0.0160289,0.0878807,0.031726,0.0519863
3282,1718616432,2024-06-17 09:27 UTC,82624.3,147510,2.97295,7.26395,0.0796759,0.101735,0.00316897,0.156477,0.442488,0.0161291,0.088645,0.0314014,0.0520088
3283,1718616732,2024-06-17 09:32 UTC,82607.2,147365,2.98272,7.29533,0.079274,0.100865,0.00317889,0.157246,0.442486,0.0162301,0.0894127,0.0310823,0.0520031
3284,1718617032,2024-06-17 09:37 UTC,82592.7,147217,2.99253,7.32672,0.0788759,0.100701,0.00317453,0.157857,0.4425,0.016332,0.0901838,0.0307769,0.0520128
3285,1718617332,2024-06-17 09:42 UTC,82580.4,147067,3.00236,7.35811,0.0784817,0.100732,0.00315251,0.158323,0.442508,0.016435,0.0909582,0.0304881,0.0520299
3286,1718617632,2024-06-17 09:47 UTC,82564.1,146914,3.01222,7.3895,0.0780915,0.100785,0.00312677,0.158659,0.442497,0.0165387,0.0917359,0.0302035,0.0521351
3287,1718617932,2024-06-17 09:52 UTC,82546.8,146758,3.02212,7.42089,0.0777054,0.100859,0.0030877,0.158878,0.442483,0.0166434,0.092517,0.0299295,0.052234
3288,1718618232,2024-06-17 09:57 UTC,82532,146600,3.03204,7.45229,0.0773233,0.100954,0.00303441,0.158991,0.442481,0.0167491,0.0933015,0.0296724,0.0523307
3289,1718618532,2024-06-17 10:02 UTC,82518.6,146439,3.042,7.48369,0.0762535,0.0999386,0.00297731,0.158989,0.442487,0.0168556,0.0940893,0.0288804,0.0512936
3290,1718618832,2024-06-17 10:07 UTC,82504.3,146276,3.05199,7.51508,0.0743079,0.0974904,0.00286301,0.158731,0.442489,0.0169635,0.0948805,0.0274666,0.0488948
3291,1718619132,2024-06-17 10:12 UTC,82489.5,146111,3.062,7.54648,0.0723675,0.0950423,0.00275052,0.158206,0.442495,0.0170722,0.095675,0.0260863,0.0465158
3292,1718619432,2024-06-17 10:17 UTC,82473.2,145942,3.07205,7.57789,0.0704328,0.0925942,0.0026192,0.157431,0.442488,0.0171819,0.0964729,0.0247562,0.0441517
3293,1718619732,2024-06-17 10:22 UTC,82458.4,145772,3.08213,7.60929,0.0685042,0.0901462,0.002479,0.156426,0.442491,0.0172926,0.0972742,0.0234678,0.041851
3294,1718620032,2024-06-17 10:27 UTC,82444.4,145599,3.09223,7.6407,0.0665823,0.0876984,0.00234853,0.155214,0.442496,0.0174039,0.0980788,0.0222128,0.0396096
3295,1718620332,2024-06-17 10:32 UTC,82431,145423,3.10236,7.6721,0.0646677,0.0852506,0.00221319,0.153815,0.4425,0.017516,0.0988868,0.0210008,0.0387346
3296,1718620632,2024-06-17 10:37 UTC,82417.4,145245,3.11253,7.70351,0.0627609,0.082803,0.00206976,0.152253,0.442526,0.0176291,0.0996981,0.0198286,0.0396395
3297,1718620932,2024-06-17 10:42 UTC,82401.4,145065,3.12272,7.73492,0.0608628,0.0803555,0.00192091,0.15055,0.442506,0.017743,0.100513,0.0186964,0.0405374
3298,1718621232,2024-06-17 10:47 UTC,82385.4,144883,3.13294,7.76634,0.0589742,0.0779081,0.00177069,0.148726,0.442513,0.0178577,0.101331,0.0176013,0.0412234
3299,1718621532,2024-06-17 10:52 UTC,82370.4,144698,3.14318,7.79775,0.0570959,0.0755055,0.00163248,0.146796,0.442522,0.017973,0.102152,0.0165359,0.0419342
3300,1718621831,2024-06-17 10:57 UTC,82355.5,144511,3.15343,7.82906,0.0552351,0.0735215,0.00148737,0.144777,0.442514,0.0180888,0.102974,0.0155182,0.0424446
3301,1718622131,2024-06-17 11:02 UTC,82342,144322,3.16373,7.86048,0.0529623,0.0706949,0.00134694,0.142667,0.442517,0.0182057,0.103802,0.014304,0.0434066
3302,1718622431,2024-06-17 11:07 UTC,82328.5,144131,3.17406,7.8919,0.0501904,0.0668421,0.00120863,0.140369,0.442535,0.0183235,0.104634,0.0128816,0.0446111
3303,1718622731,2024-06-17 11:12 UTC,82315.5,143937,3.18442,7.92332,0.0474772,0.0630888,0.00106237,0.137887,0.442538,0.018442,0.105469,0.0115598,0.0457853
3304,1718623031,2024-06-17 11:17 UTC,82302.3,143741,3.1948,7.95474,0.0448332,0.0594539,0.000923461,0.135245,0.442548,0.0185612,0.106307,0.0103414,0.0466902
3305,1718623331,2024-06-17 11:22 UTC,82287.5,143543,3.20521,7.98616,0.0422713,0.0563692,0.000795089,0.132466,0.442552,0.0186811,0.107148,0.00922282,0.0474695
3306,1718623631,2024-06-17 11:27 UTC,82273.1,143343,3.21564,8.01758,0.039807,0.0537243,0.00068708,0.129571,0.44255,0.0188015,0.107993,0.00820235,0.0482832
3307,1718623931,2024-06-17 11:32 UTC,82259.7,143141,3.2261,8.04901,0.0374593,0.0511582,0.000596639,0.126578,0.442557,0.0189225,0.108841,0.00728288,0.0488626
3308,1718624231,2024-06-17 11:37 UTC,82244.4,142937,3.23658,8.08044,0.0352509,0.0486834,0.00052346,0.123501,0.442556,0.019044,0.109693,0.00646559,0.0493607
3309,1718624531,2024-06-17 11:42 UTC,82231.5,142731,3.24708,8.11187,0.033209,0.0463207,0.000460916,0.0315213,0.442557,0.0191661,0.110548,0.00575385,0.0110516
3310,1718624831,2024-06-17 11:47 UTC,82217.2,142523,3.25761,8.1433,0.0313658,0.0440819,0.000411915,0.0329634,0.442564,0.0192889,0.111406,0.00514922,0.0100106
3311,1718625131,2024-06-17 11:52 UTC,82205.1,142313,3.26816,8.17473,0.0297622,0.0419862,0.000370663,0.0346106,0.442563,0.0194124,0.112268,0.00465387,0.0107679
3312,1718625431,2024-06-17 11:57 UTC,82188.9,142101,3.27873,8.20616,0.0284526,0.0400563,0.000339957,0.0363794,0.442553,0.0195365,0.113133,0.00426786,0.0113183
3313,1718625731,2024-06-17 12:02 UTC,82173.5,141894,3.29322,8.23228,0.0274719,0.0391139,0.000313679,0.0389658,0.442554,0.0197044,0.113854,0.00398822,0.0116944
3314,1718626031,2024-06-17 12:07 UTC,82158,141699,3.31279,8.25153,0.0268226,0.0393176,0.000295512,0.0421337,0.442555,0.0199296,0.114387,0.00380685,0.0123008
3315,1718626331,2024-06-17 12:12 UTC,82144.3,141502,3.3324,8.27078,0.0265236,0.0400556,0.000284719,0.0455321,0.442556,0.0201566,0.114922,0.00372788,0.0132165
3316,1718626631,2024-06-17 12:17 UTC,82128.7,141364,3.35207,8.29004,0.0265817,0.0412034,0.000274346,0.0483031,0.442547,0.0203856,0.115458,0.00375014,0.014323
3317,1718626931,2024-06-17 12:22 UTC,82114,141272,3.37178,8.31261,0.0269927,0.0427281,0.000272568,0.0505305,0.442552,0.0206164,0.116087,0.00387434,0.0154427
3318,1718627231,2024-06-17 12:27 UTC,82098.5,141181,3.39153,8.34184,0.0277422,0.044591,0.000273036,0.052734,0.442551,0.0208491,0.116905,0.00409981,0.016423
3319,1718627531,2024-06-17 12:32 UTC,82082.8,141089,3.41133,8.37108,0.028807,0.0467517,0.00027509,0.0547796,0.442556,0.0210838,0.117726,0.00442654,0.0168035
3320,1718627830,2024-06-17 12:37 UTC,82066.9,140998,3.4311,8.40023,0.0301524,0.0491625,0.000273581,0.0570459,0.442555,0.0213197,0.118547,0.00485223,0.016941
3321,1718628130,2024-06-17 12:42 UTC,82050.5,140906,3.45098,8.42947,0.031754,0.0518034,0.000270895,0.0596592,0.442547,0.0215583,0.119374,0.00537982,0.017379
3322,1718628430,2024-06-17 12:47 UTC,82036.5,140814,3.4709,8.45873,0.0335735,0.0546345,0.000270941,0.0611162,0.442543,0.0217989,0.120204,0.00600848,0.0195373
3323,1718628730,2024-06-17 12:52 UTC,82021.5,140722,3.49086,8.48799,0.0355783,0.0576278,0.000269622,0.0622503,0.442554,0.0220415,0.121037,0.00673789,0.022579
3324,1718629030,2024-06-17 12:57 UTC,82005.1,140630,3.51086,8.51725,0.0377388,0.0607594,0.000267577,0.0633379,0.442559,0.0222861,0.121873,0.00756881,0.0259773
3325,1718629330,2024-06-17 13:02 UTC,81989.6,140538,3.53089,8.54652,0.0394889,0.0625596,0.000263803,0.0641957,0.442547,0.0225326,0.122712,0.00825711,0.0287586
3326,1718629630,2024-06-17 13:07 UTC,81972.4,140446,3.55096,8.5758,0.0405974,0.0625249,0.00027061,0.0548794,0.44255,0.0227809,0.123554,0.00868343,0.0218185
3327,1718629930,2024-06-17 13:12 UTC,81957.7,140353,3.57106,8.60508,0.0417473,0.0625314,0.000278694,0.0469268,0.442553,0.0230313,0.1244,0.00914442,0.0224327
3328,1718630230,2024-06-17 13:17 UTC,81944,140261,3.59119,8.63437,0.0429351,0.062579,0.000291824,0.048269,0.442556,0.0232835,0.125248,0.00964223,0.0230393
3329,1718630530,2024-06-17 13:22 UTC,81929.2,140169,3.61136,8.66366,0.0441573,0.0626678,0.000304161,0.0494756,0.442559,0.0235377,0.126099,0.0101742,0.0236382
3330,1718630830,2024-06-17 13:27 UTC,81915.2,140076,3.63156,8.69312,0.0454111,0.0633444,0.000319904,0.0505904,0.442563,0.0237938,0.126958,0.0107435,0.0242296
3331,1718631130,2024-06-17 13:32 UTC,81900.9,139984,3.65178,8.73429,0.0466939,0.0649783,0.000336653,0.0516684,0.442568,0.0240519,0.128164,0.011349,0.024832
3332,1718631430,2024-06-17 13:37 UTC,81884.9,139891,3.67204,8.77548,0.0480034,0.0670586,0.000353617,0.0526186,0.442569,0.0243119,0.129375,0.0119891,0.0272278
3333,1718631730,2024-06-17 13:42 UTC,81869.6,139799,3.69233,8.81668,0.0493374,0.0691427,0.000367626,0.0524838,0.442572,0.024574,0.130593,0.0126625,0.0295451
3334,1718632030,2024-06-17 13:47 UTC,81853.4,139707,3.71264,8.85789,0.0506941,0.0712301,0.000377842,0.0510147,0.442572,0.0248381,0.131817,0.013371,0.0303022
3335,1718632330,2024-06-17 13:52 UTC,81838.9,139614,3.73298,8.89912,0.0520718,0.0733206,0.000391144,0.0497783,0.442578,0.0251041,0.133046,0.0141139,0.0310084
3336,1718632630,2024-06-17 13:57 UTC,81825.1,139522,3.75335,8.94036,0.0534689,0.0754139,0.000404281,0.049181,0.442583,0.0253722,0.134282,0.0148897,0.0322522
3337,1718632930,2024-06-17 14:02 UTC,81810.3,139430,3.77374,8.98161,0.0541747,0.0764196,0.000412876,0.0492459,0.442583,0.0256422,0.135524,0.0152952,0.0333194
3338,1718633230,2024-06-17 14:07 UTC,81795,139337,3.79416,9.02287,0.0539581,0.0760016,0.000453292,0.0497731,0.442573,0.0259138,0.136772,0.0151942,0.0337775
3339,1718633529,2024-06-17 14:12 UTC,81779.9,139245,3.81453,9.06401,0.053743,0.0755873,0.000508394,0.0504826,0.442565,0.0261862,0.138022,0.0151013,0.0344083
3340,1718633829,2024-06-17 14:17 UTC,81764,139153,3.835,9.10529,0.0535281,0.0751737,0.00056624,0.0512087,0.442567,0.0264615,0.139283,0.0150119,0.0350865
3341,1718634129,2024-06-17 14:22 UTC,81749.1,139061,3.85549,9.14659,0.0533139,0.074775,0.000627629,0.0500414,0.442568,0.0267387,0.140549,0.0149251,0.0304189
3342,1718634429,2024-06-17 14:27 UTC,81735,138970,3.876,9.1879,0.0531007,0.0743976,0.00068836,0.0454131,0.442578,0.0270179,0.141822,0.0148398,0.0301009
3343,1718634729,2024-06-17 14:32 UTC,81719.4,138878,3.89653,9.22923,0.0528883,0.0740223,0.000752782,0.046412,0.442576,0.027299,0.1431,0.0147573,0.0300038
3344,1718635029,2024-06-17 14:37 UTC,81705.9,138787,3.91708,9.27056,0.0526768,0.0736558,0.000831899,0.0460877,0.442576,0.0275819,0.144385,0.0146831,0.0299421
3345,1718635329,2024-06-17 14:42 UTC,81691.6,138695,3.93766,9.3119,0.0524662,0.0734456,0.000915629,0.0379041,0.442582,0.0278667,0.145675,0.0146126,0.0299335
3346,1718635629,2024-06-17 14:47 UTC,81674.3,138604,3.95826,9.35326,0.0522565,0.0732628,0.00100344,0.0327966,0.442579,0.0281534,0.146972,0.0145473,0.0299658
3347,1718635929,2024-06-17 14:52 UTC,81659,138513,3.97887,9.39463,0.0520478,0.0730907,0.00109077,0.032564,0.442572,0.0284421,0.148275,0.0144837,0.0300401
3348,1718636229,2024-06-17 14:57 UTC,81643.4,138422,3.99951,9.436,0.0518401,0.072925,0.00117666,0.0323458,0.442564,0.0287328,0.149584,0.0144213,0.0302889
3349,1718636529,2024-06-17 15:02 UTC,81626.5,138342,4.01512,9.46767,0.050937,0.0716055,0.00127364,0.0321633,0.442569,0.0289569,0.15059,0.0139686,0.0294681
3350,1718636829,2024-06-17 15:07 UTC,81609.6,138284,4.02409,9.48646,0.0491393,0.0687468,0.00141878,0.0327427,0.442574,0.0290911,0.151188,0.0130544,0.027738
3351,1718637129,2024-06-17 15:12 UTC,81592.9,138226,4.03313,9.50525,0.0473843,0.06589,0.00162421,0.0335014,0.44257,0.0292256,0.151788,0.012216,0.0262149
3352,1718637429,2024-06-17 15:17 UTC,81575.4,138168,4.04223,9.52404,0.0456762,0.0630351,0.00187579,0.0331145,0.442578,0.0293607,0.152388,0.0114454,0.024931
3353,1718637729,2024-06-17 15:22 UTC,81556.3,138111,4.0514,9.54283,0.0440196,0.0608582,0.00215612,0.0338071,0.442577,0.0294967,0.15299,0.0107346,0.0238347
3354,1718638029,2024-06-17 15:27 UTC,81538.1,138053,4.06062,9.56163,0.0424199,0.058989,0.0024556,0.0346508,0.442571,0.0296336,0.153593,0.0100798,0.0234359
3355,1718638329,2024-06-17 15:32 UTC,81518.6,137996,4.0699,9.58042,0.0408829,0.0573619,0.00274739,0.0356323,0.442569,0.0297719,0.154198,0.00946734,0.0231699
3356,1718638629,2024-06-17 15:37 UTC,81502.9,137939,4.07925,9.59921,0.039415,0.0563374,0.00302782,0.0367403,0.442586,0.0299116,0.154803,0.00889738,0.0229279
3357,1718638929,2024-06-17 15:42 UTC,81485,137883,4.08864,9.618,0.0380236,0.055405,0.00332541,0.0379654,0.442581,0.0300523,0.15541,0.00837598,0.0227072
3358,1718639229,2024-06-17 15:47 UTC,81470.3,137826,4.0981,9.6368,0.0367167,0.0545694,0.00363786,0.0393018,0.442606,0.0301941,0.156018,0.00790222,0.0225056
3359,1718639528,2024-06-17 15:52 UTC,81451.8,137770,4.10758,9.65553,0.0355072,0.0538374,0.00394671,0.0407382,0.442613,0.0303367,0.156625,0.0074713,0.0223124
3360,1718639828,2024-06-17 15:57 UTC,81434.9,137713,4.11714,9.67432,0.0343969,0.0532083,0.0042796,0.0422843,0.442622,0.0304807,0.157235,0.00708846,0.0221417
3361,1718640128,2024-06-17 16:02 UTC,81419,137657,4.12676,9.69312,0.0329091,0.0519428,0.00463286,0.04393,0.442631,0.0306257,0.157847,0.00653905,0.0216553
3362,1718640428,2024-06-17 16:07 UTC,81403.3,137601,4.13642,9.71191,0.0311516,0.0501607,0.00501518,0.0458024,0.442666,0.0307715,0.15846,0.00585745,0.0208088
3363,1718640728,2024-06-17 16:12 UTC,81386.2,137545,4.14614,9.73071,0.029969,0.0500832,0.00541817,0.0479083,0.442694,0.0309183,0.159074,0.00535956,0.0201119
3364,1718641028,2024-06-17 16:17 UTC,81366,137490,4.15591,9.74951,0.029445,0.0508151,0.00584645,0.0502257,0.442677,0.0310661,0.159689,0.00504726,0.019456
3365,1718641328,2024-06-17 16:22 UTC,81347.2,137434,4.16573,9.7683,0.0296333,0.0523401,0.00629063,0.0527337,0.44268,0.0312149,0.160305,0.00493058,0.0188757
3366,1718641628,2024-06-17 16:27 UTC,81328.3,137379,4.1756,9.7871,0.030538,0.0543992,0.00674589,0.0553571,0.442676,0.0313648,0.160923,0.00500635,0.0183617
3367,1718641928,2024-06-17 16:32 UTC,81310.3,137324,4.18552,9.8059,0.0321086,0.0569345,0.00722018,0.0573468,0.442686,0.0315157,0.161542,0.00527469,0.0179062
3368,1718642228,2024-06-17 16:37 UTC,81293.6,137269,4.19548,9.8247,0.0342517,0.0598856,0.00771187,0.0569936,0.442695,0.0316676,0.162161,0.00573106,0.0184685
3369,1718642528,2024-06-17 16:42 UTC,81275.6,137215,4.20549,9.8435,0.0368556,0.0631942,0.00821607,0.0592423,0.442695,0.0318205,0.162783,0.00637047,0.0205629
3370,1718642828,2024-06-17 16:47 UTC,81255.6,137160,4.21555,9.8623,0.0398187,0.0668072,0.00874239,0.0615533,0.442716,0.0319744,0.163405,0.00718866,0.0229804
3371,1718643128,2024-06-17 16:52 UTC,81235.3,137106,4.22565,9.8811,0.0430608,0.070678,0.00931796,0.0639216,0.442732,0.032129,0.164029,0.00817536,0.0257221
3372,1718643428,2024-06-17 16:57 UTC,81216.1,137053,4.2358,9.8999,0.0465212,0.0747665,0.00991121,0.0663432,0.442757,0.0322845,0.164653,0.00932513,0.0287704
3373,1718643728,2024-06-17 17:02 UTC,81198.9,137000,4.24599,9.9187,0.0505188,0.0790403,0.0105145,0.0688196,0.442752,0.0324412,0.165279,0.0107711,0.0321168
3374,1718644028,2024-06-17 17:07 UTC,81180.8,136949,4.25622,9.9375,0.05527,0.0838375,0.0111543,0.0713879,0.442774,0.0325987,0.165906,0.0126761,0.0360886
3375,1718644328,2024-06-17 17:12 UTC,81164.5,136901,4.2665,9.9563,0.0602741,0.0892102,0.0118816,0.0740488,0.442839,0.0327561,0.166535,0.0148882,0.0407001
3376,1718644628,2024-06-17 17:17 UTC,81147.1,136860,4.27682,9.9751,0.0654775,0.0950608,0.0126936,0.0767943,0.442852,0.0329136,0.167164,0.0173873,0.0459134
3377,1718644928,2024-06-17 17:22 UTC,81126.2,136826,4.28718,9.9939,0.0708392,0.101307,0.0135901,0.0796175,0.442856,0.0330711,0.167795,0.02015,0.0517411
3378,1718645228,2024-06-17 17:27 UTC,81102.2,136802,4.29758,10.0128,0.0763275,0.107879,0.0146062,0.0825127,0.442847,0.033228,0.168431,0.0231474,0.0585297
3379,1718645527,2024-06-17 17:32 UTC,81078.1,136790,4.30799,10.0321,0.0818993,0.114698,0.0157854,0.0851533,0.442781,0.0333832,0.169081,0.0263146,0.0658435
3380,1718645827,2024-06-17 17:37 UTC,81056.3,136792,4.31847,10.0515,0.087573,0.121765,0.0171297,0.0837123,0.442776,0.0335377,0.169734,0.0296393,0.0737656
3381,1718646127,2024-06-17 17:42 UTC,81032.2,136811,4.329,10.0709,0.0933152,0.12902,0.0186609,0.0855017,0.442758,0.0336905,0.170389,0.0330563,0.0820666
3382,1718646427,2024-06-17 17:47 UTC,81013.9,136839,4.33956,10.0902,0.0991142,0.136433,0.0204348,0.0886961,0.442818,0.0338411,0.171045,0.0365104,0.0906453
3383,1718646727,2024-06-17 17:52 UTC,80993.3,136856,4.35016,10.1096,0.104961,0.14398,0.0224334,0.0923022,0.442849,0.0339895,0.171702,0.0399774,0.0995935
3384,1718647027,2024-06-17 17:57 UTC,80973.3,136853,4.3608,10.129,0.110847,0.15164,0.0246679,0.0959249,0.442856,0.0341354,0.172361,0.0434186,0.108611
3385,1718647327,2024-06-17 18:02 UTC,80951.1,136828,4.3794,10.1567,0.116796,0.159101,0.0271824,0.0995704,0.442856,0.0344004,0.173305,0.0467838,0.117389
3386,1718647627,2024-06-17 18:07 UTC,80924.1,136788,4.40882,10.1957,0.122818,0.166254,0.0299579,0.102601,0.442823,0.0348305,0.17464,0.0500469,0.129221
3387,1718647927,2024-06-17 18:12 UTC,80901.1,136719,4.43828,10.2348,0.128871,0.173499,0.0329725,0.101589,0.442853,0.0352599,0.17598,0.053222,0.141865
3388,1718648227,2024-06-17 18:17 UTC,80880.6,136638,4.4678,10.2738,0.134951,0.180825,0.0361856,0.104192,0.442912,0.0356895,0.177326,0.0563421,0.155272
3389,1718648527,2024-06-17 18:22 UTC,80857.8,136521,4.49737,10.3129,0.141055,0.188222,0.0396508,0.110092,0.442887,0.0361182,0.178678,0.0593365,0.169395
3390,1718648827,2024-06-17 18:27 UTC,80831.4,136372,4.52698,10.352,0.14718,0.195682,0.0433207,0.116142,0.442856,0.0365467,0.180035,0.0622228,0.18423
3391,1718649127,2024-06-17 18:32 UTC,80799.1,136282,4.55663,10.3911,0.153323,0.203198,0.0471206,0.116413,0.442774,0.0369759,0.181398,0.0650797,0.199797
3392,1718649427,2024-06-17 18:37 UTC,80775.1,138608,4.58633,10.4302,0.159483,0.210764,0.0510329,0.122829,0.442772,0.0374066,0.182766,0.0679135,0.21612
3393,1718649727,2024-06-17 18:42 UTC,80744.1,140138,4.61607,10.4693,0.165657,0.218375,0.0550275,0.129502,0.442756,0.037839,0.184139,0.0707431,0.233175
3394,1718650027,2024-06-17 18:47 UTC,80727.8,139682,4.64585,10.5085,0.171844,0.226027,0.059133,0.136248,0.442887,0.038273,0.185519,0.0735941,0.25081
3395,1718650327,2024-06-17 18:52 UTC,80692.5,136287,4.67567,10.5476,0.178043,0.233715,0.0632342,0.142868,0.442727,0.0387094,0.186903,0.0765191,0.269019
3396,1718650627,2024-06-17 18:57 UTC,80663.6,136416,4.70553,10.5868,0.184253,0.241436,0.0674063,0.146494,0.44272,0.0391478,0.188294,0.0794401,0.287713
3397,1718650927,2024-06-17 19:02 UTC,80632.8,136561,4.73543,10.6259,0.189855,0.247855,0.0716427,0.152121,0.442601,0.0395883,0.189689,0.0816075,0.304011
3398,1718651226,2024-06-17 19:07 UTC,80613.1,136731,4.76527,10.665,0.194606,0.252455,0.0757961,0.145343,0.442559,0.0400322,0.191086,0.0828732,0.316985
3399,1718651526,2024-06-17 19:12 UTC,80578.7,138058,4.79525,10.7042,0.199376,0.257071,0.0798249,0.149377,0.442503,0.0404826,0.192493,0.0843469,0.330336
3400,1718651826,2024-06-17 19:17 UTC,80548.3,139671,4.82526,10.7434,0.204146,0.261688,0.0837271,0.156312,0.442414,0.0409384,0.193905,0.0860074,0.343986
3401,1718652126,2024-06-17 19:22 UTC,80519.1,137157,4.8553,10.7826,0.208919,0.266305,0.0876206,0.15705,0.442372,0.0413977,0.195323,0.087688,0.357468
3402,1718652426,2024-06-17 19:27 UTC,80473.2,137411,4.88538,10.8218,0.213692,0.271859,0.0914407,0.160784,0.442182,0.0418616,0.196747,0.0895324,0.370988
3403,1718652726,2024-06-17 19:32 UTC,80465.6,137175,4.91549,10.861,0.218468,0.278541,0.0952278,0.166437,0.442175,0.0423302,0.198175,0.0915607,0.384556
3404,1718653026,2024-06-17 19:37 UTC,80428.6,137019,4.94564,10.9002,0.223244,0.285224,0.098955,0.174296,0.442102,0.0428026,0.19961,0.0936759,0.399417
3405,1718653326,2024-06-17 19:42 UTC,80385.3,136889,4.97582,10.9395,0.228022,0.291907,0.10268,0.179064,0.441892,0.0432779,0.20105,0.095813,0.413832
3406,1718653626,2024-06-17 19:47 UTC,80346.3,138305,5.00603,10.9788,0.2328,0.298591,0.106393,0.193611,0.441723,0.043757,0.202495,0.0980141,0.428366
3407,1718653926,2024-06-17 19:52 UTC,80322.1,137334,5.03627,11.018,0.23758,0.305276,0.110108,0.206106,0.441709,0.0442395,0.203946,0.100283,0.443413
3408,1718654226,2024-06-17 19:57 UTC,80281.5,137895,5.06653,11.0573,0.242361,0.311961,0.113813,0.218475,0.441533,0.0447248,0.205403,0.102502,0.458481
3409,1718654526,2024-06-17 20:02 UTC,80241.6,136887,5.09683,11.0966,0.246172,0.317374,0.117422,0.23025,0.441315,0.0452149,0.206865,0.103642,0.469086
3410,1718654826,2024-06-17 20:07 UTC,80196.4,139122,5.12716,11.1359,0.248641,0.32103,0.120829,0.241388,0.441055,0.0457124,0.208333,0.103319,0.474928
3411,1718655126,2024-06-17 20:12 UTC,80166,137581,5.15751,11.1752,0.251111,0.324685,0.124052,0.220977,0.440995,0.0462163,0.209806,0.103171,0.481394
3412,1718655426,2024-06-17 20:17 UTC,80126,138294,5.18789,11.2145,0.253582,0.328341,0.127063,0.230118,0.440793,0.0467274,0.211285,0.103243,0.487539
3413,1718655726,2024-06-17 20:22 UTC,80089.5,139075,5.2183,11.2538,0.256053,0.331997,0.129949,0.228889,0.440614,0.0472443,0.212769,0.103485,0.493926
3414,1718656026,2024-06-17 20:27 UTC,80053.1,139711,5.24874,11.2931,0.258524,0.335652,0.132706,0.249282,0.44059,0.0477679,0.214258,0.103934,0.50108
3415,1718656326,2024-06-17 20:32 UTC,80010.1,139923,5.2792,11.3325,0.260996,0.339308,0.135419,0.257927,0.440322,0.048295,0.215754,0.104418,0.50896
3416,1718656626,2024-06-17 20:37 UTC,79973,139844,5.30968,11.3718,0.263468,0.342964,0.138038,0.276636,0.440269,0.0488269,0.217255,0.105023,0.516637
3417,1718656926,2024-06-17 20:42 UTC,79935.3,139447,5.34019,11.4112,0.26594,0.34662,0.140618,0.293165,0.440089,0.049363,0.218761,0.105641,0.524787
3418,1718657225,2024-06-17 20:47 UTC,79889.7,138927,5.37062,11.4504,0.268405,0.350264,0.14311,0.276209,0.439876,0.0499021,0.220268,0.106311,0.532373
3419,1718657525,2024-06-17 20:52 UTC,79844.3,138133,5.40118,11.4898,0.270878,0.35392,0.145558,0.263198,0.439754,0.050448,0.221785,0.107101,0.54044
3420,1718657825,2024-06-17 20:57 UTC,79804.1,137169,5.43175,11.5292,0.273351,0.357576,0.148009,0.278314,0.43954,0.0509971,0.223308,0.107908,0.548597
3421,1718658125,2024-06-17 21:02 UTC,79759.1,137121,5.45847,11.5649,0.274716,0.359567,0.150392,0.286879,0.439392,0.0514608,0.224694,0.107437,0.552868
3422,1718658425,2024-06-17 21:07 UTC,79716.8,136672,5.4798,11.5955,0.274529,0.359228,0.152457,0.300535,0.439261,0.0518062,0.225887,0.10532,0.551377
3423,1718658725,2024-06-17 21:12 UTC,79694.3,136425,5.50121,11.6262,0.274343,0.358889,0.154262,0.291569,0.439226,0.0521598,0.227083,0.103575,0.549901
3424,1718659025,2024-06-17 21:17 UTC,79656.5,138234,5.5227,11.6569,0.274158,0.35855,0.155704,0.295689,0.439115,0.052522,0.228283,0.10222,0.548814
3425,1718659325,2024-06-17 21:22 UTC,79611.5,136654,5.54427,11.6876,0.273973,0.358211,0.156938,0.300951,0.438884,0.0528899,0.229487,0.100962,0.547212
3426,1718659625,2024-06-17 21:27 UTC,79571.1,139863,5.56591,11.7183,0.273789,0.357872,0.158022,0.291175,0.438688,0.0532634,0.230694,0.0999156,0.545847
3427,1718659925,2024-06-17 21:32 UTC,79529.2,136492,5.58763,11.749,0.273605,0.357534,0.159029,0.287674,0.438602,0.053641,0.231905,0.0989434,0.544202
3428,1718660225,2024-06-17 21:37 UTC,79505.5,136789,5.60941,11.7797,0.273423,0.357195,0.159997,0.310063,0.43865,0.054022,0.23312,0.0979438,0.542853
3429,1718660525,2024-06-17 21:42 UTC,79453,136811,5.63127,11.8105,0.273241,0.356856,0.160778,0.308233,0.438215,0.0544073,0.234339,0.0970989,0.541578
3430,1718660825,2024-06-17 21:47 UTC,79424.1,138427,5.6532,11.8412,0.27306,0.356518,0.16157,0.297297,0.438137,0.0547955,0.235561,0.0961586,0.540428
3431,1718661125,2024-06-17 21:52 UTC,79396.7,136122,5.67519,11.872,0.27288,0.35618,0.162214,0.298018,0.437989,0.0551898,0.236787,0.0954448,0.538982
3432,1718661425,2024-06-17 21:57 UTC,79368.5,136561,5.69725,11.9028,0.2727,0.355841,0.162816,0.298937,0.437769,0.0555868,0.238017,0.0947273,0.53776
3433,1718661725,2024-06-17 22:02 UTC,79325.5,136314,5.71938,11.9336,0.271306,0.354062,0.163266,0.301585,0.437406,0.0559886,0.23925,0.0927225,0.531701
3434,1718662025,2024-06-17 22:07 UTC,79291.5,138742,5.74157,11.9644,0.268214,0.350239,0.163486,0.303988,0.437206,0.0563985,0.240487,0.08906,0.519572
3435,1718662325,2024-06-17 22:12 UTC,79259.1,136837,5.76382,11.9952,0.265123,0.346419,0.163457,0.313577,0.437057,0.0568166,0.241728,0.0857105,0.507651
3436,1718662625,2024-06-17 22:17 UTC,79228.1,137736,5.78613,12.0261,0.262033,0.342601,0.163196,0.325087,0.436749,0.0572415,0.242973,0.082573,0.495492
3437,1718662924,2024-06-17 22:22 UTC,79202.2,141289,5.80842,12.0568,0.258956,0.338798,0.162746,0.331162,0.43673,0.0576722,0.244217,0.0796743,0.484102
3438,1718663224,2024-06-17 22:27 UTC,79163.4,136769,5.83085,12.0877,0.255869,0.334982,0.162064,0.338683,0.436416,0.0581104,0.245469,0.0769422,0.472268
3439,1718663524,2024-06-17 22:32 UTC,79138.7,135078,5.85334,12.1186,0.252785,0.331176,0.161324,0.341879,0.436263,0.058553,0.246725,0.0742376,0.460904
3440,1718663824,2024-06-17 22:37 UTC,79110.6,136112,5.87588,12.1495,0.249701,0.327488,0.160432,0.347786,0.436173,0.0590018,0.247984,0.0717338,0.45049
3441,1718664124,2024-06-17 22:42 UTC,79076.9,134567,5.89847,12.1804,0.24662,0.323815,0.159415,0.340473,0.436003,0.0594562,0.249248,0.0693642,0.440087
3442,1718664424,2024-06-17 22:47 UTC,79054.9,137243,5.92112,12.2113,0.243541,0.320144,0.158385,0.348927,0.435755,0.0599139,0.250515,0.0670294,0.429646
3443,1718664724,2024-06-17 22:52 UTC,79026.4,134118,5.94382,12.2422,0.240463,0.316474,0.157278,0.337571,0.43564,0.0603757,0.251785,0.0648063,0.419112
3444,1718665024,2024-06-17 22:57 UTC,79001.8,135699,5.96657,12.2732,0.237387,0.312807,0.156128,0.316092,0.435523,0.060842,0.25306,0.0626325,0.408958
3445,1718665324,2024-06-17 23:02 UTC,78974.9,137686,5.98938,12.3041,0.2332,0.30792,0.154865,0.322812,0.435303,0.0613135,0.254338,0.0595073,0.392987
3446,1718665624,2024-06-17 23:07 UTC,78956.5,134933,6.01223,12.3351,0.227434,0.301305,0.153359,0.318073,0.435299,0.0617943,0.25562,0.0552528,0.371316
3447,1718665924,2024-06-17 23:12 UTC,78927.9,136178,6.03513,12.3661,0.221669,0.294694,0.151652,0.325272,0.435068,0.0622823,0.256905,0.0512383,0.350798
3448,1718666224,2024-06-17 23:17 UTC,78899.2,137861,6.05808,12.3971,0.215905,0.288087,0.149772,0.321006,0.43483,0.062777,0.258195,0.0474669,0.330755
3449,1718666524,2024-06-17 23:22 UTC,78880.4,136201,6.08107,12.4281,0.210143,0.281486,0.147778,0.321403,0.434795,0.063278,0.259488,0.0438908,0.312091
3450,1718666824,2024-06-17 23:27 UTC,78863.3,134418,6.10411,12.4591,0.204384,0.274889,0.145799,0.315753,0.434755,0.0637828,0.260785,0.0404481,0.294347
3451,1718667124,2024-06-17 23:32 UTC,78839.6,137410,6.1272,12.4901,0.198626,0.268298,0.143695,0.313233,0.434529,0.0642933,0.262085,0.0371437,0.27699
3452,1718667424,2024-06-17 23:37 UTC,78821.3,136461,6.15033,12.5212,0.19287,0.261713,0.141524,0.307128,0.434492,0.0648092,0.263389,0.0339939,0.260122
3453,1718667724,2024-06-17 23:42 UTC,78796,134781,6.17351,12.5522,0.187117,0.255135,0.139291,0.31764,0.434265,0.06533,0.264697,0.0309719,0.243292
3454,1718668024,2024-06-17 23:47 UTC,78780.6,136353,6.19672,12.5833,0.181367,0.248564,0.136994,0.317819,0.434161,0.0658565,0.266009,0.0280667,0.226945
3455,1718668324,2024-06-17 23:52 UTC,78763.8,136396,6.21998,12.6143,0.175619,0.242021,0.134675,0.322748,0.434133,0.0663865,0.267324,0.0252744,0.21117
3456,1718668624,2024-06-17 23:57 UTC,78748.3,134065,6.24328,12.6454,0.169875,0.235486,0.132329,0.321054,0.433975,0.0669199,0.268644,0.0225837,0.195968
3457,1718668923,2024-06-18 00:02 UTC,78731.5,136296,6.27336,12.6938,0.163583,0.22827,0.130041,0.315896,0.43382,0.0675962,0.270704,0.019606,0.180194
3458,1718669223,2024-06-18 00:07 UTC,78693.1,137190,6.31346,12.7674,0.156459,0.220018,0.127665,0.325777,0.433777,0.0684859,0.27385,0.0163172,0.167146
3459,1718669523,2024-06-18 00:12 UTC,78660.9,136238,6.35374,12.841,0.149346,0.21178,0.125194,0.320279,0.433618,0.069387,0.277015,0.0133097,0.169161
3460,1718669823,2024-06-18 00:17 UTC,78628,136266,6.39419,12.9146,0.142246,0.203557,0.122724,0.311666,0.433444,0.0702974,0.2802,0.0105948,0.164755
3461,1718670123,2024-06-18 00:22 UTC,78608.7,134596,6.4348,12.9882,0.135161,0.195352,0.120254,0.305123,0.433405,0.0712173,0.283404,0.00829374,0.165262
3462,1718670423,2024-06-18 00:27 UTC,78573.5,136184,6.47558,13.0618,0.128093,0.187166,0.117654,0.298051,0.433298,0.072149,0.286628,0.00675938,0.163594
3463,1718670723,2024-06-18 00:32 UTC,78546.3,136403,6.51651,13.1355,0.121045,0.179002,0.11504,0.290596,0.433208,0.0730902,0.289871,0.00630562,0.160432
3464,1718671023,2024-06-18 00:37 UTC,78511.1,133435,6.55761,13.2092,0.114022,0.17087,0.112434,0.283119,0.433001,0.0740401,0.293133,0.00701705,0.155002
3465,1718671323,2024-06-18 00:42 UTC,78484.4,132884,6.59886,13.283,0.107028,0.162767,0.109955,0.280684,0.432942,0.074996,0.296415,0.00856437,0.166267
3466,1718671623,2024-06-18 00:47 UTC,78454.8,136989,6.64026,13.3567,0.100071,0.154699,0.107521,0.278461,0.43281,0.07596,0.299715,0.0105203,0.172474
3467,1718671923,2024-06-18 00:52 UTC,78426.7,135943,6.68182,13.4305,0.0931574,0.146671,0.105121,0.274549,0.432811,0.076933,0.303036,0.0127532,0.180699
3468,1718672223,2024-06-18 00:57 UTC,78405.9,135929,6.72353,13.5043,0.0863002,0.13869,0.10265,0.270048,0.432796,0.0779164,0.306375,0.0150532,0.184319
3469,1718672523,2024-06-18 01:02 UTC,78374.8,133408,6.76538,13.5781,0.0796182,0.13069,0.100118,0.269,0.432602,0.0789106,0.309734,0.0173301,0.266566
3470,1718672823,2024-06-18 01:07 UTC,78342.6,136060,6.80737,13.652,0.0731507,0.122657,0.097559,0.270787,0.432383,0.0799136,0.313112,0.0194977,0.276902
3471,1718673123,2024-06-18 01:12 UTC,78316.9,137117,6.8495,13.7258,0.0667559,0.114751,0.0949415,0.252762,0.432289,0.0809271,0.31651,0.0217034,0.266507
3472,1718673423,2024-06-18 01:17 UTC,78300.6,135773,6.89176,13.7997,0.0604567,0.10694,0.0923232,0.245605,0.432248,0.0819502,0.319927,0.0239362,0.263829
3473,1718673723,2024-06-18 01:22 UTC,78273.9,134302,6.93415,13.8736,0.054286,0.0993035,0.0896755,0.237989,0.432129,0.082982,0.323363,0.0261862,0.25472
3474,1718674023,2024-06-18 01:27 UTC,78248.6,135988,6.97668,13.9476,0.0482921,0.0919421,0.0869335,0.230519,0.431955,0.0840247,0.326818,0.028399,0.242754
3475,1718674323,2024-06-18 01:32 UTC,78236.3,135671,7.01932,14.0215,0.0425492,0.084786,0.0841047,0.222852,0.431998,0.0850797,0.330293,0.0305693,0.219599
3476,1718674623,2024-06-18 01:37 UTC,78217.6,134804,7.06208,14.0955,0.0371742,0.0778942,0.0812089,0.215039,0.431897,0.0861445,0.333787,0.0327133,0.206367
3477,1718674922,2024-06-18 01:42 UTC,78184.3,137326,7.10482,14.1692,0.0323728,0.0713599,0.078269,0.207907,0.431718,0.0872164,0.337289,0.0348524,0.191675
3478,1718675222,2024-06-18 01:47 UTC,78161,135917,7.14781,14.2432,0.0283854,0.0652266,0.0753251,0.199776,0.431643,0.0883009,0.340822,0.0370136,0.187455
3479,1718675522,2024-06-18 01:52 UTC,78142.3,135899,7.1909,14.3173,0.0255839,0.0596475,0.0723494,0.193939,0.431647,0.0893951,0.344374,0.0391601,0.180352
3480,1718675822,2024-06-18 01:57 UTC,78133.9,134224,7.2341,14.3913,0.0243739,0.0547922,0.0693286,0.184605,0.431663,0.0904998,0.347945,0.041304,0.189424
3481,1718676122,2024-06-18 02:02 UTC,78110.5,135432,7.27739,14.4654,0.0248051,0.0510645,0.0662522,0.18384,0.431541,0.0916154,0.351536,0.0429937,0.185273
3482,1718676422,2024-06-18 02:07 UTC,78086.3,134082,7.32078,14.5395,0.0262386,0.0484823,0.0632281,0.1717,0.431353,0.092739,0.355146,0.0440567,0.186893
3483,1718676722,2024-06-18 02:12 UTC,78065,131886,7.36427,14.6136,0.0286345,0.0467769,0.0602659,0.164108,0.431356,0.0938703,0.358776,0.0452436,0.188204
3484,1718677022,2024-06-18 02:17 UTC,78060.4,135811,7.40784,14.6877,0.0317572,0.0500607,0.0573904,0.163013,0.431394,0.0950083,0.362424,0.0465822,0.192045
3485,1718677322,2024-06-18 02:22 UTC,78026.4,137026,7.4515,14.7618,0.0353945,0.0542013,0.0545816,0.162146,0.431249,0.096153,0.366092,0.0480539,0.199776
3486,1718677622,2024-06-18 02:27 UTC,78003,135776,7.49525,14.836,0.039396,0.0585936,0.0518421,0.16453,0.431125,0.097305,0.36978,0.0496671,0.193365
3487,1718677922,2024-06-18 02:32 UTC,77995.8,134465,7.53908,14.9102,0.0436598,0.0631851,0.0491391,0.165233,0.431176,0.0984653,0.373486,0.0513692,0.194183
3488,1718678222,2024-06-18 02:37 UTC,77987.2,132408,7.58299,14.9844,0.0481167,0.0679355,0.0463851,0.150297,0.431242,0.0996366,0.377213,0.0530962,0.198453
3489,1718678522,2024-06-18 02:42 UTC,77973.6,132793,7.62698,15.0586,0.0527186,0.0728144,0.0436606,0.143309,0.431198,0.100816,0.380958,0.0549452,0.201904
3490,1718678822,2024-06-18 02:47 UTC,77947.6,133122,7.67106,15.1328,0.0574313,0.0778268,0.0409036,0.137325,0.431038,0.102004,0.384723,0.0568417,0.21105
3491,1718679122,2024-06-18 02:52 UTC,77945,133308,7.7152,15.207,0.0622301,0.0835681,0.0381366,0.131979,0.431077,0.103203,0.388507,0.0587832,0.208103
3492,1718679422,2024-06-18 02:57 UTC,77924.6,133756,7.75943,15.2813,0.067097,0.0901328,0.0353394,0.125722,0.430984,0.104411,0.39231,0.0607903,0.206192
3493,1718679722,2024-06-18 03:02 UTC,77912,135191,7.79156,15.3356,0.0711971,0.0954665,0.0325245,0.120094,0.430926,0.105338,0.395103,0.0618715,0.2127
3494,1718680022,2024-06-18 03:07 UTC,77901.4,135637,7.80597,15.3607,0.0741218,0.0989672,0.0298756,0.118967,0.430897,0.105838,0.396399,0.0618056,0.227343
3495,1718680322,2024-06-18 03:12 UTC,77889.9,135620,7.8204,15.3859,0.0770577,0.102477,0.0273477,0.115998,0.430878,0.106336,0.397699,0.061918,0.230969
3496,1718680621,2024-06-18 03:17 UTC,77885.4,135602,7.83481,15.411,0.0799937,0.106331,0.0249501,0.110172,0.430932,0.106832,0.398997,0.0622092,0.226823
3497,1718680921,2024-06-18 03:22 UTC,77880.3,135585,7.84928,15.4362,0.0829485,0.110399,0.022668,0.105482,0.430957,0.107327,0.400302,0.0626713,0.225717
3498,1718681221,2024-06-18 03:27 UTC,77869.8,135568,7.86377,15.4614,0.0859113,0.114467,0.0205282,0.103066,0.430932,0.10782,0.40161,0.0633299,0.226351
3499,1718681521,2024-06-18 03:32 UTC,77863.3,135551,7.87827,15.4866,0.0888815,0.118535,0.0185414,0.101017,0.430953,0.108311,0.40292,0.0641798,0.228121
3500,1718681821,2024-06-18 03:37 UTC,77850.7,135534,7.8928,15.5118,0.0918583,0.122603,0.0167184,0.0987767,0.430933,0.108799,0.404233,0.0652554,0.229576
3501,1718682121,2024-06-18 03:42 UTC,77834.9,135517,7.90734,15.537,0.0948411,0.126672,0.015092,0.0965051,0.43088,0.109282,0.405549,0.0665804,0.236387
3502,1718682421,2024-06-18 03:47 UTC,77830,135500,7.9219,15.5622,0.0978294,0.130741,0.0137867,0.0941753,0.430907,0.109758,0.406868,0.0682756,0.241063
3503,1718682721,2024-06-18 03:52 UTC,77820.3,135483,7.93647,15.5875,0.100823,0.13481,0.0128729,0.0915551,0.430866,0.110224,0.408189,0.0704681,0.240613
3504,1718683021,2024-06-18 03:57 UTC,77814.6,135466,7.95107,15.6127,0.103821,0.138879,0.0119881,0.0890823,0.430809,0.11069,0.409513,0.0727519,0.238357
3505,1718683321,2024-06-18 04:02 UTC,77809.5,135449,7.96568,15.638,0.10577,0.141457,0.0111208,0.0866945,0.430813,0.111157,0.41084,0.0738071,0.238118
3506,1718683621,2024-06-18 04:07 UTC,77804.8,135432,7.98031,15.6633,0.106166,0.141834,0.0104199,0.0847903,0.43081,0.111622,0.412169,0.0731948,0.230891
3507,1718683921,2024-06-18 04:12 UTC,77803.5,135415,7.99496,15.6886,0.106567,0.142221,0.00987497,0.0831623,0.430863,0.112084,0.413501,0.0728415,0.223932
3508,1718684221,2024-06-18 04:17 UTC,77795.4,135398,8.00962,15.7139,0.106974,0.142622,0.00945368,0.0820015,0.430847,0.112544,0.414836,0.0726947,0.220773
3509,1718684521,2024-06-18 04:22 UTC,77792.2,135381,8.0243,15.7392,0.107386,0.143603,0.00913036,0.0810776,0.43084,0.113003,0.416173,0.0726989,0.218625
3510,1718684821,2024-06-18 04:27 UTC,77789.5,135364,8.039,15.7645,0.107803,0.144602,0.00888476,0.080321,0.430895,0.113462,0.417513,0.0728191,0.218086
3511,1718685121,2024-06-18 04:32 UTC,77781.1,135347,8.05371,15.7898,0.108225,0.145614,0.0086863,0.0796263,0.430881,0.113921,0.418856,0.0730202,0.213041
3512,1718685421,2024-06-18 04:37 UTC,77776.4,135329,8.06844,15.8152,0.108652,0.146641,0.00849914,0.0790429,0.430895,0.114381,0.420202,0.0732341,0.213272
3513,1718685721,2024-06-18 04:42 UTC,77771.5,135312,8.08319,15.8405,0.109084,0.14768,0.00834187,0.078527,0.430877,0.114843,0.42155,0.0734933,0.215144
3514,1718686021,2024-06-18 04:47 UTC,77768.7,135295,8.09795,15.8659,0.10952,0.148759,0.00820408,0.0780605,0.430873,0.115305,0.422901,0.0737909,0.217732
3515,1718686321,2024-06-18 04:52 UTC,77762.5,135278,8.11273,15.8915,0.109961,0.149851,0.00808855,0.077642,0.430812,0.115769,0.424255,0.0741238,0.219746
3516,1718686620,2024-06-18 04:57 UTC,77758.6,135261,8.12748,15.9182,0.110405,0.150954,0.0079857,0.0780883,0.430838,0.116232,0.425606,0.0744779,0.221343
3517,1718686920,2024-06-18 05:02 UTC,77755.2,135244,8.14229,15.9449,0.109714,0.150311,0.00791347,0.0771622,0.430847,0.116698,0.426966,0.0734704,0.212875
3518,1718687220,2024-06-18 05:07 UTC,77750.8,135227,8.15712,15.9717,0.107318,0.147076,0.00801266,0.0780928,0.430855,0.117161,0.428327,0.0706407,0.205158
3519,1718687520,2024-06-18 05:12 UTC,77745.3,135210,8.17196,15.9985,0.104928,0.143915,0.00827519,0.0807439,0.430847,0.117621,0.429692,0.0680959,0.203547
3520,1718687820,2024-06-18 05:17 UTC,77736.8,135193,8.18682,16.0254,0.102543,0.14077,0.00865114,0.0835965,0.430773,0.118079,0.431059,0.0657692,0.20248
3521,1718688120,2024-06-18 05:22 UTC,77733.1,135176,8.2017,16.0522,0.100165,0.137641,0.00913608,0.0866977,0.430764,0.118536,0.432429,0.0636369,0.202378
3522,1718688420,2024-06-18 05:27 UTC,77730.6,135158,8.21659,16.079,0.0977943,0.134531,0.00970802,0.0898259,0.430765,0.118993,0.433801,0.0616613,0.201991
3523,1718688720,2024-06-18 05:32 UTC,77724.6,135141,8.2315,16.1059,0.0954309,0.13144,0.0103792,0.0930303,0.430766,0.119448,0.435177,0.0598528,0.20178
3524,1718689020,2024-06-18 05:37 UTC,77716.5,135124,8.24642,16.1327,0.0930757,0.12837,0.0111183,0.0962843,0.43074,0.119902,0.436555,0.0581699,0.201677
3525,1718689320,2024-06-18 05:42 UTC,77711.4,135107,8.26136,16.1596,0.0907294,0.125322,0.0119371,0.0995656,0.430736,0.120356,0.437935,0.0566243,0.201634
3526,1718689620,2024-06-18 05:47 UTC,77701.2,135090,8.27631,16.1865,0.0883928,0.122298,0.0128256,0.102854,0.430683,0.12081,0.439319,0.0551968,0.201602
3527,1718689920,2024-06-18 05:52 UTC,77694.1,135073,8.29128,16.2134,0.0860668,0.1193,0.0137842,0.106134,0.430612,0.121263,0.440705,0.0538858,0.201546
3528,1718690220,2024-06-18 05:57 UTC,77686.8,135055,8.30626,16.2403,0.0837522,0.11633,0.0148044,0.110739,0.430592,0.121716,0.442109,0.0526716,0.212743
3529,1718690520,2024-06-18 06:02 UTC,77682.5,135038,8.32209,16.2682,0.0806791,0.112271,0.0158937,0.112657,0.430562,0.122168,0.443581,0.0507959,0.199563
3530,1718690820,2024-06-18 06:07 UTC,77672.5,135021,8.33918,16.2982,0.0764662,0.106558,0.0172313,0.116191,0.430488,0.122612,0.44514,0.0481545,0.195869
3531,1718691120,2024-06-18 06:12 UTC,77657.4,135004,8.35628,16.3286,0.072275,0.100868,0.0188441,0.119976,0.430415,0.12305,0.446701,0.0459223,0.193164
3532,1718691420,2024-06-18 06:17 UTC,77644.3,134987,8.37339,16.359,0.0681097,0.0952055,0.0206548,0.123938,0.430338,0.123483,0.448265,0.0439805,0.190935
3533,1718691720,2024-06-18 06:22 UTC,77635.3,134969,8.39052,16.3894,0.0639759,0.0895758,0.0226084,0.128029,0.430283,0.123913,0.449832,0.0422615,0.189086
3534,1718692020,2024-06-18 06:27 UTC,77632.3,134806,8.40767,16.4198,0.0598811,0.0839854,0.0246987,0.132214,0.430282,0.124341,0.451402,0.0407411,0.187485
3535,1718692320,2024-06-18 06:32 UTC,77616.8,134712,8.42483,16.4502,0.0558351,0.0785676,0.0269357,0.136468,0.430214,0.124765,0.452974,0.0394408,0.186042
3536,1718692619,2024-06-18 06:36 UTC,77614.2,134379,8.44195,16.4805,0.0518645,0.0740594,0.0293034,0.140773,0.430182,0.125185,0.454544,0.038334,0.184736
3537,1718692919,2024-06-18 06:41 UTC,77604,135034,8.45914,16.5109,0.0479612,0.069601,0.0317818,0.145115,0.430119,0.125605,0.456122,0.0373832,0.183434
3538,1718693219,2024-06-18 06:46 UTC,77590.7,135905,8.47634,16.5413,0.0441649,0.0652211,0.0343368,0.149484,0.430043,0.126023,0.457703,0.0365559,0.18215
3539,1718693519,2024-06-18 06:51 UTC,77568.7,135579,8.49356,16.5717,0.0405125,0.0609366,0.0369893,0.153872,0.429929,0.126439,0.459286,0.0358583,0.181678
3540,1718693819,2024-06-18 06:56 UTC,77553.5,130962,8.51079,16.6021,0.0370556,0.0567689,0.0396704,0.158272,0.429823,0.126856,0.460872,0.0352329,0.180428
3541,1718694119,2024-06-18 07:01 UTC,77545.8,131074,8.52803,16.6325,0.0338387,0.0524441,0.0423776,0.162672,0.429796,0.127273,0.462461,0.0345666,0.179375
3542,1718694419,2024-06-18 07:06 UTC,77526.4,131988,8.54529,16.663,0.030928,0.0480734,0.0451232,0.167008,0.429635,0.12769,0.464053,0.0338494,0.178515
3543,1718694719,2024-06-18 07:11 UTC,77507.9,131283,8.56256,16.6936,0.0284567,0.0440402,0.0479104,0.17128,0.429482,0.128108,0.465647,0.0331993,0.177452
3544,1718695019,2024-06-18 07:16 UTC,77494.4,134776,8.57985,16.7242,0.0265354,0.0403719,0.0507512,0.175501,0.429417,0.128526,0.467245,0.0326393,0.176211
3545,1718695319,2024-06-18 07:21 UTC,77471.8,134758,8.59715,16.7548,0.0252721,0.0392399,0.053593,0.179681,0.429185,0.128944,0.468845,0.0321217,0.174831
3546,1718695619,2024-06-18 07:26 UTC,77450.9,134661,8.61446,16.7854,0.0247504,0.0397782,0.0564589,0.183826,0.428992,0.129363,0.470447,0.0316209,0.174268
3547,1718695919,2024-06-18 07:31 UTC,77425.3,134577,8.63178,16.816,0.0250032,0.0412924,0.0593674,0.187944,0.42883,0.129783,0.472053,0.0311683,0.172667
3548,1718696219,2024-06-18 07:36 UTC,77409.5,135403,8.64911,16.8466,0.0259974,0.0433823,0.0623362,0.192036,0.428739,0.130202,0.473661,0.030749,0.170981
3549,1718696519,2024-06-18 07:41 UTC,77386.1,134564,8.66646,16.8772,0.0276481,0.0459697,0.0652983,0.196104,0.428598,0.130623,0.475272,0.0303405,0.169212
3550,1718696819,2024-06-18 07:46 UTC,77375.7,132171,8.68382,16.9078,0.029852,0.050092,0.068283,0.20015,0.42849,0.131044,0.476885,0.0299152,0.168293
3551,1718697119,2024-06-18 07:51 UTC,77355,134649,8.70119,16.9384,0.03251,0.0551099,0.0712483,0.204174,0.428266,0.131467,0.478502,0.0294605,0.16639
3552,1718697419,2024-06-18 07:56 UTC,77314.3,135531,8.71858,16.969,0.0355346,0.0602577,0.0741212,0.208179,0.427955,0.131894,0.480121,0.0289554,0.164419
3553,1718697719,2024-06-18 08:01 UTC,77278.4,135400,8.73597,16.9996,0.0385986,0.0647435,0.0769728,0.212136,0.42775,0.132323,0.481743,0.0286646,0.163335
3554,1718698019,2024-06-18 08:06 UTC,77257.5,130840,8.75338,17.0302,0.0414495,0.0681163,0.0797797,0.215817,0.427577,0.132755,0.483367,0.0287106,0.163999
3555,1718698318,2024-06-18 08:11 UTC,77232.2,134665,8.77074,17.0607,0.0444034,0.0714999,0.0824708,0.219239,0.427353,0.133191,0.484989,0.0286556,0.163306
3556,1718698618,2024-06-18 08:16 UTC,77220.5,134774,8.78817,17.0913,0.0474587,0.0749207,0.0851039,0.222466,0.427235,0.133632,0.486619,0.0285338,0.162182
3557,1718698918,2024-06-18 08:21 UTC,77184.5,133392,8.80562,17.1219,0.0505885,0.0783601,0.0876212,0.225548,0.42695,0.134079,0.488252,0.0283256,0.160766
3558,1718699218,2024-06-18 08:26 UTC,77139.5,133695,8.82307,17.1525,0.0537788,0.0818142,0.0900707,0.22853,0.426502,0.134528,0.489888,0.0280631,0.15967
3559,1718699518,2024-06-18 08:31 UTC,77114.3,134018,8.84053,17.1831,0.0570185,0.0852811,0.0924912,0.231478,0.426445,0.134981,0.491526,0.0277754,0.157895
3560,1718699818,2024-06-18 08:36 UTC,77089.1,134482,8.85801,17.2137,0.0602986,0.0887593,0.0948924,0.234443,0.426262,0.135436,0.493167,0.0274762,0.156175
3561,1718700118,2024-06-18 08:41 UTC,77062.4,134010,8.87549,17.2443,0.0636121,0.0922475,0.0972513,0.237463,0.426007,0.135893,0.494811,0.0271768,0.154768
3562,1718700418,2024-06-18 08:46 UTC,77014.7,134107,8.89299,17.2749,0.0669532,0.0957448,0.0995497,0.240563,0.42565,0.136353,0.496458,0.0268006,0.153167
3563,1718700718,2024-06-18 08:51 UTC,76983.9,132121,8.91049,17.3055,0.0703176,0.09925,0.101842,0.243745,0.425465,0.136817,0.498107,0.0263976,0.151767
3564,1718701018,2024-06-18 08:56 UTC,76962.9,134408,8.92801,17.3361,0.0737015,0.102762,0.104084,0.246998,0.425354,0.137284,0.499759,0.0259508,0.150476
3565,1718701318,2024-06-18 09:01 UTC,76933.9,134172,8.93785,17.3544,0.0765179,0.105694,0.106307,0.250277,0.425182,0.137521,0.500748,0.02586,0.150221
3566,1718701618,2024-06-18 09:06 UTC,76888.4,133954,8.93587,17.354,0.0784425,0.107727,0.10833,0.253261,0.424815,0.137408,0.500711,0.0261966,0.154329
3567,1718701918,2024-06-18 09:11 UTC,76863.9,134352,8.93392,17.3535,0.0803731,0.109767,0.11016,0.259811,0.42473,0.137302,0.500674,0.0263328,0.174226
3568,1718702218,2024-06-18 09:16 UTC,76816.3,134228,8.93199,17.3531,0.0823092,0.111813,0.111829,0.269891,0.42435,0.1372,0.500636,0.02634,0.188812
3569,1718702518,2024-06-18 09:21 UTC,76801,136374,8.93008,17.3526,0.0842505,0.113866,0.113475,0.277411,0.424367,0.137103,0.500599,0.0262599,0.199297
3570,1718702818,2024-06-18 09:26 UTC,76753.2,134295,8.9282,17.3522,0.0861966,0.116023,0.114856,0.282961,0.424029,0.137014,0.500562,0.025979,0.206295
3571,1718703118,2024-06-18 09:31 UTC,76718.6,135537,8.92635,17.3517,0.0881472,0.118305,0.116252,0.287082,0.423775,0.136926,0.500525,0.0257081,0.210538
3572,1718703418,2024-06-18 09:36 UTC,76694.1,134816,8.92452,17.3513,0.0901019,0.12077,0.11754,0.29018,0.423731,0.136842,0.500488,0.0253255,0.213186
3573,1718703718,2024-06-18 09:41 UTC,76655.7,136634,8.92272,17.3508,0.0920605,0.12324,0.118762,0.292496,0.423489,0.136762,0.500451,0.0249104,0.213906
3574,1718704018,2024-06-18 09:46 UTC,76607.9,136695,8.92095,17.3504,0.0940228,0.125714,0.119981,0.29422,0.423075,0.136681,0.500414,0.0244806,0.214172
3575,1718704317,2024-06-18 09:51 UTC,76584.4,135113,8.9192,17.3499,0.0959819,0.128184,0.121211,0.29551,0.422899,0.136603,0.500377,0.0240364,0.213513
3576,1718704617,2024-06-18 09:56 UTC,76546.3,137239,8.91748,17.3495,0.0979508,0.130667,0.122278,0.296491,0.422642,0.136529,0.500341,0.0234644,0.211737
3577,1718704917,2024-06-18 10:01 UTC,76510.8,135641,8.91578,17.349,0.0991702,0.132409,0.12338,0.297216,0.422496,0.136456,0.500304,0.0233947,0.211185
3578,1718705217,2024-06-18 10:06 UTC,76466,136398,8.91411,17.3486,0.0992171,0.133005,0.124377,0.297523,0.422277,0.136387,0.500267,0.0239673,0.210065
3579,1718705517,2024-06-18 10:11 UTC,76424.6,136168,8.91247,17.3482,0.0992692,0.133623,0.125163,0.297499,0.422075,0.136326,0.500231,0.0243618,0.209435
3580,1718705817,2024-06-18 10:16 UTC,76399,135929,8.91085,17.3477,0.0993264,0.134265,0.125818,0.297241,0.421953,0.13627,0.500194,0.0246396,0.207309
3581,1718706117,2024-06-18 10:21 UTC,76347.8,136652,8.90926,17.3473,0.0993887,0.134929,0.126302,0.296814,0.421652,0.136219,0.500158,0.024834,0.205943
3582,1718706417,2024-06-18 10:26 UTC,76309.8,136555,8.9077,17.3468,0.0994561,0.135615,0.126738,0.296295,0.421433,0.136171,0.500122,0.0249991,0.204286
3583,1718706717,2024-06-18 10:31 UTC,76273.5,136980,8.90617,17.3464,0.0995286,0.136322,0.127043,0.295721,0.421199,0.136127,0.500085,0.0250446,0.201684
3584,1718707017,2024-06-18 10:36 UTC,76233.4,136921,8.90466,17.346,0.0996061,0.137051,0.12726,0.301264,0.420998,0.136087,0.500049,0.024996,0.209158
3585,1718707317,2024-06-18 10:41 UTC,76180.1,137078,8.90318,17.3455,0.0996885,0.137801,0.127346,0.305789,0.420601,0.136052,0.500013,0.0249608,0.223113
3586,1718707617,2024-06-18 10:46 UTC,76146.2,137109,8.90173,17.3451,0.0997759,0.138572,0.127466,0.312375,0.420472,0.136016,0.499977,0.0249082,0.21076
3587,1718707917,2024-06-18 10:51 UTC,76110.6,137019,8.90031,17.3447,0.0998682,0.139363,0.12757,0.318718,0.420318,0.135981,0.499941,0.0248075,0.224007
3588,1718708217,2024-06-18 10:56 UTC,76074,137174,8.89892,17.3443,0.0999653,0.140175,0.127638,0.325348,0.420114,0.135947,0.499905,0.0247054,0.237407
3589,1718708517,2024-06-18 11:01 UTC,76032.9,137116,8.89756,17.3438,0.0992694,0.139625,0.127631,0.327585,0.419846,0.135917,0.499869,0.0252245,0.243853
3590,1718708817,2024-06-18 11:06 UTC,75975,137170,8.89622,17.3434,0.0973285,0.136921,0.127389,0.329589,0.419523,0.135892,0.499833,0.0265107,0.253325
3591,1718709117,2024-06-18 11:11 UTC,75945.8,138617,8.89492,17.343,0.0953893,0.134218,0.126981,0.327893,0.419351,0.135875,0.499798,0.0276085,0.254364
3592,1718709417,2024-06-18 11:16 UTC,75896.6,137110,8.89365,17.3426,0.0934521,0.131515,0.126368,0.326231,0.419118,0.135865,0.499762,0.0285338,0.255992
3593,1718709717,2024-06-18 11:21 UTC,75861.1,139146,8.89241,17.3422,0.0915169,0.128811,0.125639,0.322026,0.418942,0.13586,0.499726,0.0293658,0.250618
3594,1718710017,2024-06-18 11:26 UTC,75824.1,137015,8.89121,17.3418,0.0895838,0.126108,0.124777,0.318751,0.418793,0.135858,0.499691,0.0301087,0.245609
3595,1718710316,2024-06-18 11:31 UTC,75763.6,139241,8.89003,17.3413,0.0876595,0.123414,0.123715,0.315339,0.418306,0.135863,0.499656,0.0307276,0.242861
3596,1718710616,2024-06-18 11:36 UTC,75726.3,136890,8.88889,17.3409,0.0857311,0.12071,0.122696,0.314594,0.418192,0.135867,0.49962,0.0313145,0.246219
3597,1718710916,2024-06-18 11:41 UTC,75692.7,139111,8.88777,17.3405,0.0838054,0.118007,0.121646,0.303048,0.417954,0.135871,0.499585,0.0318513,0.243163
3598,1718711216,2024-06-18 11:46 UTC,75642.7,136825,8.88669,17.3401,0.0818826,0.115303,0.120527,0.293739,0.417735,0.135878,0.49955,0.0323803,0.229023
3599,1718711516,2024-06-18 11:51 UTC,75606.1,138744,8.88563,17.3397,0.0799627,0.1126,0.119354,0.286099,0.417546,0.135887,0.499514,0.0328169,0.250496
3600,1718711816,2024-06-18 11:56 UTC,75562.3,136950,8.88461,17.3393,0.0780461,0.109897,0.118141,0.2764,0.417306,0.135897,0.499479,0.0332165,0.232557
3601,1718712116,2024-06-18 12:01 UTC,75513.7,138231,8.87273,17.326,0.0756385,0.10641,0.116875,0.26978,0.416956,0.135608,0.498762,0.0340554,0.24742
3602,1718712416,2024-06-18 12:06 UTC,75478.1,136931,8.84363,17.2921,0.0724589,0.1017,0.115434,0.265589,0.416863,0.134851,0.496967,0.035374,0.230801
3603,1718712716,2024-06-18 12:11 UTC,75437.7,137734,8.81462,17.2583,0.0692975,0.0970259,0.113829,0.265202,0.416668,0.134103,0.495175,0.0364887,0.249746
3604,1718713016,2024-06-18 12:16 UTC,75397.6,136871,8.78568,17.2245,0.0661568,0.0923844,0.112027,0.258322,0.416391,0.133365,0.493388,0.0374075,0.22882
3605,1718713316,2024-06-18 12:21 UTC,75357.4,137498,8.75681,17.1907,0.0630401,0.0877807,0.110096,0.259153,0.416267,0.132635,0.491605,0.0382212,0.246494
3606,1718713616,2024-06-18 12:26 UTC,75325.5,137613,8.72803,17.1569,0.0599513,0.0832211,0.108071,0.249861,0.416022,0.131911,0.489826,0.038904,0.221158
3607,1718713916,2024-06-18 12:31 UTC,75287.2,137773,8.69933,17.1231,0.056895,0.0787133,0.105989,0.250919,0.415909,0.131195,0.488052,0.039526,0.238002
3608,1718714216,2024-06-18 12:36 UTC,75246.3,138851,8.67071,17.0894,0.0538769,0.0742665,0.103854,0.240839,0.415655,0.130482,0.486281,0.0400107,0.205937
3609,1718714516,2024-06-18 12:41 UTC,75210.6,138120,8.64217,17.0556,0.0509042,0.0698927,0.101727,0.239646,0.415504,0.129775,0.484515,0.0404901,0.224437
3610,1718714816,2024-06-18 12:46 UTC,75167.5,137903,8.61373,17.0219,0.0479856,0.0664788,0.0995882,0.231578,0.41521,0.12907,0.482754,0.0410296,0.207601
3611,1718715116,2024-06-18 12:51 UTC,75142.1,137031,8.58537,16.9883,0.0451319,0.0632936,0.0974172,0.226915,0.415022,0.128371,0.480996,0.0414414,0.202309
3612,1718715416,2024-06-18 12:56 UTC,75097.1,137873,8.5571,16.9546,0.0423568,0.0601471,0.0951618,0.224244,0.414805,0.127677,0.479243,0.0418167,0.206395
3613,1718715716,2024-06-18 13:01 UTC,75064.2,138283,8.52893,16.9209,0.0397055,0.0570454,0.0928544,0.218062,0.414673,0.126992,0.477494,0.0420668,0.19236
3614,1718716015,2024-06-18 13:06 UTC,75043.1,137851,8.50094,16.8874,0.0372038,0.0539943,0.0906287,0.214859,0.414597,0.12631,0.475754,0.0422209,0.190783
3615,1718716315,2024-06-18 13:11 UTC,75013.7,137963,8.47295,16.8538,0.0348023,0.0509756,0.0883938,0.210089,0.414335,0.12563,0.474014,0.0423928,0.189243
3616,1718716615,2024-06-18 13:16 UTC,74976.3,136970,8.44506,16.8202,0.0325346,0.0480077,0.086138,0.207937,0.414074,0.124955,0.472277,0.0425633,0.188
3617,1718716915,2024-06-18 13:21 UTC,74936.6,138276,8.41726,16.7867,0.030433,0.0451011,0.0839145,0.2052,0.413797,0.124281,0.470545,0.0427783,0.186726
3618,1718717215,2024-06-18 13:26 UTC,74917.1,138633,8.38956,16.7531,0.0285423,0.0422683,0.081719,0.196845,0.413743,0.123612,0.468817,0.0429563,0.185555
3619,1718717515,2024-06-18 13:31 UTC,74881.6,142719,8.36195,16.7196,0.0269115,0.0395242,0.0795444,0.191447,0.413499,0.122944,0.467094,0.0431651,0.184557
3620,1718717815,2024-06-18 13:36 UTC,74852.6,142710,8.33445,16.6861,0.0255876,0.0376993,0.0773439,0.191593,0.413273,0.122281,0.465374,0.0433547,0.183534
3621,1718718115,2024-06-18 13:41 UTC,74822.5,138037,8.30704,16.6526,0.0246251,0.0368413,0.0751963,0.187762,0.413063,0.121621,0.463659,0.043609,0.18267
3622,1718718415,2024-06-18 13:46 UTC,74807,136525,8.27974,16.6191,0.0240454,0.0363896,0.0730232,0.185034,0.413033,0.120967,0.461948,0.04383,0.181698
3623,1718718715,2024-06-18 13:51 UTC,74763.7,138759,8.25254,16.5857,0.0238594,0.036628,0.0708084,0.183208,0.412762,0.120315,0.460241,0.0441011,0.18324
3624,1718719015,2024-06-18 13:56 UTC,74746.3,138332,8.22544,16.5523,0.0240678,0.037819,0.0687825,0.179701,0.41268,0.119662,0.458539,0.0445372,0.183364
3625,1718719315,2024-06-18 14:01 UTC,74717.3,136465,8.19846,16.5189,0.024424,0.0388091,0.0668299,0.176288,0.412451,0.119011,0.456841,0.0445587,0.182593
3626,1718719615,2024-06-18 14:06 UTC,74707.3,142198,8.17158,16.4855,0.0245954,0.0389987,0.0649553,0.171224,0.412441,0.118362,0.455147,0.0438547,0.173506
3627,1718719915,2024-06-18 14:11 UTC,74685.1,142648,8.14481,16.4521,0.0248758,0.0392619,0.0631689,0.170877,0.41227,0.117713,0.453457,0.0432917,0.178316
3628,1718720215,2024-06-18 14:16 UTC,74657.5,142639,8.11816,16.4188,0.0252601,0.0395971,0.061481,0.169731,0.412061,0.117065,0.451771,0.042866,0.179759
3629,1718720515,2024-06-18 14:21 UTC,74637.7,136728,8.09163,16.3858,0.0257427,0.0411171,0.0599271,0.169597,0.41204,0.116418,0.45009,0.0425188,0.183912
3630,1718720815,2024-06-18 14:26 UTC,74616.7,138664,8.06522,16.3538,0.0263177,0.0427608,0.0584295,0.163306,0.411918,0.115771,0.448413,0.0422598,0.176247
3631,1718721115,2024-06-18 14:31 UTC,74591.8,138250,8.03893,16.322,0.0269793,0.044422,0.0569735,0.160064,0.411776,0.115127,0.44674,0.0420247,0.172674
3632,1718721415,2024-06-18 14:36 UTC,74565.4,137008,8.01276,16.2901,0.0277215,0.0460986,0.055566,0.15541,0.41161,0.114485,0.445072,0.0418369,0.166979
3633,1718721715,2024-06-18 14:41 UTC,74544,138416,7.98672,16.2582,0.0285385,0.0477892,0.0542256,0.147953,0.41148,0.113846,0.443408,0.0417219,0.16054
3634,1718722014,2024-06-18 14:46 UTC,74526.2,138584,7.9609,16.2265,0.0294217,0.0494865,0.0528741,0.148482,0.411556,0.113213,0.441793,0.0415835,0.160888
3635,1718722314,2024-06-18 14:51 UTC,74505.1,138040,7.93513,16.1947,0.0303718,0.0512007,0.051494,0.14681,0.411413,0.112583,0.440176,0.0414325,0.162885
3636,1718722614,2024-06-18 14:56 UTC,74485.3,136783,7.90949,16.1629,0.0313807,0.052925,0.0501394,0.144399,0.411395,0.111957,0.438563,0.041306,0.161717
3637,1718722914,2024-06-18 15:01 UTC,74467.9,142562,7.87397,16.1113,0.0319195,0.0536354,0.0488387,0.14264,0.411327,0.11107,0.435904,0.0406069,0.160093
3638,1718723214,2024-06-18 15:06 UTC,74454.5,142551,7.82223,16.0273,0.0316209,0.0526816,0.0477437,0.136622,0.411191,0.109759,0.431547,0.0390994,0.1531
3639,1718723514,2024-06-18 15:11 UTC,74430.4,138109,7.77062,15.9466,0.0313251,0.0517314,0.0468111,0.136937,0.411153,0.108455,0.427212,0.0377813,0.150158
3640,1718723814,2024-06-18 15:16 UTC,74408,136840,7.71913,15.8659,0.0310324,0.0507849,0.0459531,0.139862,0.411038,0.107159,0.422899,0.0365907,0.151625
3641,1718724114,2024-06-18 15:21 UTC,74384.1,137803,7.66777,15.7852,0.0307429,0.0498424,0.0451527,0.132584,0.41087,0.105873,0.418609,0.0354715,0.145725
3642,1718724414,2024-06-18 15:26 UTC,74378.7,138424,7.61655,15.7045,0.0304566,0.0489343,0.0443874,0.131721,0.410887,0.104598,0.41434,0.0344229,0.1437
3643,1718724714,2024-06-18 15:31 UTC,74355.6,139502,7.56547,15.6238,0.0301735,0.0480317,0.0436391,0.130944,0.410799,0.103333,0.410094,0.0334414,0.141905
3644,1718725014,2024-06-18 15:36 UTC,74339,137109,7.51454,15.5432,0.029894,0.047141,0.0429644,0.130223,0.410872,0.102078,0.405871,0.032523,0.140212
3645,1718725314,2024-06-18 15:41 UTC,74311.8,136652,7.46377,15.4625,0.0296179,0.0466388,0.0422858,0.129542,0.410769,0.100833,0.401669,0.0316252,0.138737
3646,1718725614,2024-06-18 15:46 UTC,74302.3,138345,7.41315,15.3818,0.0293455,0.046237,0.0416692,0.128895,0.410755,0.0995988,0.39749,0.0307906,0.137192
3647,1718725914,2024-06-18 15:51 UTC,74292.3,138308,7.3627,15.3012,0.0290769,0.0458398,0.0410312,0.128267,0.410815,0.0983763,0.393333,0.0299332,0.135695
3648,1718726214,2024-06-18 15:56 UTC,74258.8,140720,7.31242,15.2206,0.0288121,0.0454473,0.040354,0.12765,0.410619,0.097166,0.389198,0.0290941,0.13435
3649,1718726514,2024-06-18 16:01 UTC,74240.5,142429,7.26232,15.1399,0.0281192,0.0438626,0.0397269,0.127074,0.410574,0.0959662,0.385085,0.0277437,0.131794
3650,1718726814,2024-06-18 16:06 UTC,74229.1,142418,7.21242,15.0593,0.0268484,0.0408056,0.039326,0.126857,0.410599,0.0947717,0.380995,0.0257592,0.127876
3651,1718727114,2024-06-18 16:11 UTC,74204.3,138248,7.16271,14.9787,0.025775,0.0385361,0.0390674,0.126982,0.41049,0.093585,0.376926,0.0240092,0.124549
3652,1718727414,2024-06-18 16:16 UTC,74209,137846,7.1132,14.8981,0.0249179,0.0370669,0.038947,0.12737,0.41062,0.0924068,0.37288,0.0224452,0.121805
3653,1718727714,2024-06-18 16:21 UTC,74193.4,138210,7.06392,14.8175,0.0242964,0.0365538,0.038935,0.127963,0.410681,0.0912366,0.368857,0.0210571,0.119328
3654,1718728013,2024-06-18 16:26 UTC,74180.3,137374,7.01502,14.7372,0.0239301,0.0363264,0.0390429,0.128718,0.410648,0.0900793,0.364869,0.0198288,0.117065
3655,1718728313,2024-06-18 16:31 UTC,74152.2,137642,6.9662,14.6566,0.0238333,0.0363655,0.0392328,0.129599,0.410482,0.0889265,0.360889,0.0187227,0.114992
3656,1718728613,2024-06-18 16:36 UTC,74132,138095,6.91763,14.576,0.024021,0.0366711,0.0394628,0.130581,0.410405,0.0877845,0.356932,0.0176796,0.11306
3657,1718728913,2024-06-18 16:41 UTC,74103.3,137047,6.86932,14.4954,0.0244997,0.0372366,0.0396839,0.131653,0.410274,0.0866551,0.352997,0.0166759,0.111402
3658,1718729213,2024-06-18 16:46 UTC,74091.2,138019,6.82129,14.4149,0.0252669,0.0387032,0.039971,0.132793,0.410264,0.0855356,0.349084,0.015766,0.109677
3659,1718729513,2024-06-18 16:51 UTC,74073.1,137349,6.77355,14.3343,0.0263091,0.0406175,0.0402857,0.133991,0.410235,0.0844273,0.345194,0.0149138,0.107964
3660,1718729813,2024-06-18 16:56 UTC,74043.8,138075,6.72612,14.2538,0.0276028,0.0429095,0.0405566,0.136416,0.410141,0.0833316,0.341326,0.0141038,0.106416
3661,1718730113,2024-06-18 17:01 UTC,74035.3,138660,6.67901,14.1732,0.0294734,0.0456478,0.0408073,0.14114,0.410189,0.0822489,0.33748,0.0129589,0.103343
3662,1718730413,2024-06-18 17:06 UTC,74018,142111,6.63224,14.0927,0.0323953,0.0492208,0.0411244,0.144043,0.410203,0.0811763,0.333656,0.0114151,0.0981092
3663,1718730713,2024-06-18 17:11 UTC,73995.5,142274,6.58582,14.0122,0.0357709,0.0534067,0.0415456,0.141465,0.410146,0.0801133,0.329854,0.0100673,0.0937737
3664,1718731013,2024-06-18 17:16 UTC,73971,137584,6.53979,13.9317,0.0394802,0.0579842,0.0420552,0.144129,0.410044,0.0790599,0.326075,0.00890416,0.0900825
3665,1718731313,2024-06-18 17:21 UTC,73954.4,137616,6.49415,13.8512,0.0434367,0.0628127,0.042663,0.148876,0.410069,0.0780156,0.322318,0.00792205,0.0869898
3666,1718731613,2024-06-18 17:26 UTC,73942,137962,6.44893,13.7707,0.0475784,0.0678388,0.0433333,0.153286,0.410075,0.0769813,0.318583,0.00713038,0.084193
3667,1718731913,2024-06-18 17:31 UTC,73933.9,136474,6.40415,13.6902,0.0518605,0.0730216,0.0440632,0.153985,0.410097,0.0759577,0.31487,0.00660068,0.0816882
3668,1718732213,2024-06-18 17:36 UTC,73911.9,137453,6.35983,13.6098,0.0562509,0.07833,0.0447937,0.158422,0.409978,0.0749454,0.31118,0.00639669,0.0795167
3669,1718732513,2024-06-18 17:41 UTC,73883.6,137171,6.31598,13.5293,0.0607258,0.0837401,0.045541,0.163894,0.4099,0.073944,0.307512,0.00659239,0.0774248
3670,1718732813,2024-06-18 17:46 UTC,73874,135578,6.27263,13.4489,0.0652679,0.0892334,0.0463326,0.169295,0.409973,0.072954,0.303866,0.007232,0.0800112
3671,1718733113,2024-06-18 17:51 UTC,73847.6,136206,6.22979,13.3684,0.0698638,0.0947956,0.047135,0.174627,0.409921,0.0719745,0.300242,0.00827166,0.102197
3672,1718733413,2024-06-18 17:56 UTC,73827,137599,6.18745,13.288,0.0745037,0.100415,0.0479394,0.178876,0.409866,0.0710061,0.29664,0.00965178,0.0953818
3673,1718733712,2024-06-18 18:01 UTC,73807.8,136417,6.13845,13.196,0.0795735,0.10646,0.0487852,0.184223,0.409826,0.0698991,0.292546,0.0114045,0.082227
3674,1718734012,2024-06-18 18:06 UTC,73788.4,139584,6.07729,13.0838,0.0854189,0.113389,0.0496928,0.189518,0.409819,0.0685512,0.287593,0.0137112,0.0786947
3675,1718734312,2024-06-18 18:11 UTC,73767.2,142140,6.01632,12.9716,0.0913418,0.120552,0.0506739,0.194747,0.409815,0.0672223,0.282682,0.01633,0.0836435
3676,1718734612,2024-06-18 18:16 UTC,73734.3,142128,5.95554,12.8594,0.0973284,0.127911,0.0516821,0.190402,0.409707,0.0659122,0.277814,0.0192251,0.0875723
3677,1718734912,2024-06-18 18:21 UTC,73719.4,135915,5.89498,12.7473,0.103368,0.135434,0.0528215,0.194497,0.409709,0.0646195,0.272988,0.0222983,0.0976655
3678,1718735212,2024-06-18 18:26 UTC,73694.5,137623,5.83463,12.6351,0.109451,0.143094,0.054037,0.199806,0.409666,0.0633441,0.268204,0.0255445,0.107227
3679,1718735512,2024-06-18 18:31 UTC,73670.9,137221,5.77451,12.5229,0.115572,0.150871,0.05535,0.210596,0.409589,0.0620867,0.263462,0.028949,0.12506
3680,1718735812,2024-06-18 18:36 UTC,73652.6,135862,5.71463,12.4107,0.121724,0.158747,0.0568473,0.208008,0.409605,0.0608447,0.258763,0.0323645,0.126019
3681,1718736112,2024-06-18 18:41 UTC,73628.5,137492,5.655,12.2985,0.127903,0.166709,0.058462,0.213599,0.409579,0.0596193,0.254106,0.0358312,0.135798
3682,1718736412,2024-06-18 18:46 UTC,73609.5,137341,5.59563,12.1863,0.134105,0.174745,0.0601798,0.217376,0.409605,0.0584115,0.249491,0.0393462,0.146868
3683,1718736712,2024-06-18 18:51 UTC,73592.4,137581,5.53654,12.0741,0.140327,0.182845,0.0619794,0.222868,0.409552,0.0572215,0.244918,0.0429338,0.160131
3684,1718737012,2024-06-18 18:56 UTC,73572.4,137150,5.47775,11.963,0.146567,0.191,0.0638906,0.228305,0.409566,0.0560483,0.240431,0.0465729,0.174273
3685,1718737312,2024-06-18 19:01 UTC,73551.1,141959,5.41926,11.8524,0.152712,0.198714,0.0658725,0.233493,0.409693,0.0548931,0.236005,0.0502463,0.189586
3686,1718737612,2024-06-18 19:06 UTC,73525.6,142012,5.3611,11.7418,0.158688,0.205645,0.0679313,0.239272,0.409669,0.0537561,0.23162,0.0537501,0.204347
3687,1718737912,2024-06-18 19:11 UTC,73501.6,136932,5.3033,11.6311,0.164675,0.212612,0.0700985,0.24532,0.409709,0.0526363,0.227276,0.0572466,0.219681
3688,1718738212,2024-06-18 19:16 UTC,73471.3,136795,5.24586,11.5205,0.170674,0.219611,0.0723033,0.251251,0.409676,0.0515355,0.222974,0.0608595,0.2356
3689,1718738512,2024-06-18 19:21 UTC,73444.2,137035,5.18883,11.4099,0.176681,0.226639,0.0745662,0.257074,0.409707,0.0504519,0.218712,0.0644864,0.252095
3690,1718738812,2024-06-18 19:26 UTC,73423.1,137089,5.13225,11.2993,0.182698,0.233694,0.0768373,0.269701,0.409672,0.0493882,0.214492,0.0682945,0.268982
3691,1718739112,2024-06-18 19:31 UTC,73392.6,135580,5.07615,11.1887,0.188722,0.241027,0.0791385,0.268428,0.409657,0.0483435,0.210313,0.0722514,0.285759
3692,1718739412,2024-06-18 19:36 UTC,73366.6,141940,5.02059,11.078,0.194754,0.248949,0.0815437,0.273973,0.409658,0.047316,0.206175,0.0762521,0.303751
3693,1718739711,2024-06-18 19:41 UTC,73334.9,136452,4.96581,10.9678,0.200772,0.256845,0.0840144,0.279437,0.40966,0.0463101,0.202091,0.0803128,0.322214
3694,1718740011,2024-06-18 19:46 UTC,73295.9,136227,4.91147,10.8572,0.206816,0.264769,0.0865307,0.284824,0.409437,0.0453189,0.198035,0.0844212,0.341506
3695,1718740311,2024-06-18 19:51 UTC,73282.7,137205,4.85782,10.7466,0.212866,0.272695,0.0891735,0.295675,0.409687,0.0443449,0.194021,0.0885473,0.362926
3696,1718740611,2024-06-18 19:56 UTC,73252.5,135107,4.80492,10.6359,0.21892,0.280621,0.0918661,0.308643,0.409673,0.0433881,0.190047,0.0927348,0.383144
3697,1718740911,2024-06-18 20:01 UTC,73222.6,141877,4.75284,10.5253,0.22428,0.28784,0.0946459,0.306865,0.409624,0.0424485,0.186114,0.0960442,0.39941
3698,1718741211,2024-06-18 20:06 UTC,73188,136128,4.70167,10.4147,0.228452,0.293856,0.0972748,0.306299,0.409522,0.0415301,0.182223,0.0980597,0.411532
3699,1718741511,2024-06-18 20:11 UTC,73151.5,137281,4.65143,10.3041,0.232623,0.299871,0.0998389,0.31031,0.40951,0.0406311,0.178373,0.100166,0.425064
3700,1718741811,2024-06-18 20:16 UTC,73115.8,137064,4.60214,10.1935,0.236795,0.305887,0.102285,0.323379,0.409369,0.0397517,0.174563,0.102457,0.437825
3701,1718742111,2024-06-18 20:21 UTC,73090.1,141825,4.55379,10.0829,0.240968,0.311904,0.104731,0.319633,0.409515,0.03889,0.170795,0.10489,0.44948
3702,1718742411,2024-06-18 20:26 UTC,73057.5,136760,4.5064,9.97223,0.245141,0.31792,0.107046,0.324105,0.40949,0.0380469,0.167068,0.107504,0.461963
3703,1718742711,2024-06-18 20:31 UTC,73017.4,136443,4.45996,9.86162,0.249315,0.323937,0.109334,0.32846,0.4094,0.0372205,0.163383,0.110198,0.474005
3704,1718743011,2024-06-18 20:36 UTC,72990.5,137138,4.41451,9.75101,0.253489,0.329954,0.111561,0.332707,0.409392,0.0364126,0.159738,0.113166,0.486166
3705,1718743311,2024-06-18 20:41 UTC,72942.6,137038,4.37005,9.64039,0.257663,0.335971,0.113782,0.336858,0.40927,0.035619,0.156134,0.116071,0.499816
3706,1718743611,2024-06-18 20:46 UTC,72902.6,137217,4.3266,9.53865,0.261838,0.341988,0.11602,0.340926,0.409357,0.0348401,0.152856,0.119023,0.514227
3707,1718743911,2024-06-18 20:51 UTC,72865,136792,4.28418,9.44354,0.266013,0.348006,0.118275,0.344915,0.409224,0.0340764,0.149823,0.121975,0.528187
3708,1718744211,2024-06-18 20:56 UTC,72827,141730,4.24281,9.34844,0.270188,0.354024,0.120462,0.34882,0.409168,0.0333281,0.146821,0.125089,0.542043
3709,1718744511,2024-06-18 21:01 UTC,72786.2,137081,4.19039,9.21675,0.273353,0.358658,0.122643,0.352597,0.409139,0.0324051,0.142713,0.1268,0.551482
3710,1718744811,2024-06-18 21:06 UTC,72738.7,137215,4.11784,9.02275,0.274799,0.360935,0.124558,0.356043,0.408929,0.0311885,0.136769,0.126443,0.553724
3711,1718745111,2024-06-18 21:11 UTC,72685.6,139577,4.04554,8.82878,0.276244,0.363212,0.126174,0.35913,0.408956,0.0300038,0.130952,0.126575,0.55616
3712,1718745411,2024-06-18 21:16 UTC,72650.3,137215,3.97352,8.63483,0.27769,0.365489,0.127629,0.361889,0.408958,0.0288494,0.125261,0.126854,0.558549
3713,1718745710,2024-06-18 21:21 UTC,72588.7,137065,3.90204,8.4551,0.279131,0.367758,0.128787,0.364352,0.408802,0.0277287,0.120101,0.127428,0.560707
3714,1718746010,2024-06-18 21:26 UTC,72548.7,137218,3.83064,8.29049,0.280578,0.370036,0.129784,0.366549,0.408809,0.0266362,0.11547,0.128277,0.563224
3715,1718746310,2024-06-18 21:31 UTC,72503.2,136630,3.7596,8.12592,0.282024,0.372313,0.130679,0.368509,0.408832,0.025571,0.110931,0.129185,0.566946
3716,1718746610,2024-06-18 21:36 UTC,72455.2,137222,3.68893,7.96137,0.283472,0.37459,0.131458,0.370259,0.408767,0.0245333,0.106484,0.130283,0.570643
3717,1718746910,2024-06-18 21:41 UTC,72409,137187,3.61869,7.79685,0.284919,0.376867,0.1322,0.371823,0.408697,0.0235238,0.102129,0.131482,0.57404
3718,1718747210,2024-06-18 21:46 UTC,72359.4,137228,3.5489,7.63236,0.286367,0.379144,0.132858,0.373224,0.408672,0.0225409,0.0978649,0.132713,0.577421
3719,1718747510,2024-06-18 21:51 UTC,72307.3,136978,3.4796,7.4679,0.287815,0.381421,0.133485,0.373822,0.40862,0.0215841,0.0936928,0.133935,0.581357
3720,1718747810,2024-06-18 21:56 UTC,72261.6,137234,3.41084,7.30639,0.289263,0.383698,0.134076,0.374489,0.408615,0.0206545,0.0896841,0.135194,0.585372
3721,1718748110,2024-06-18 22:01 UTC,72212.6,137237,3.34266,7.1454,0.289569,0.38429,0.134628,0.37552,0.408627,0.0197502,0.0857753,0.134877,0.585083
3722,1718748410,2024-06-18 22:06 UTC,72167.6,137239,3.27512,6.98443,0.287904,0.381972,0.134865,0.376477,0.408647,0.0188771,0.0819542,0.132261,0.577458
3723,1718748710,2024-06-18 22:11 UTC,72111.3,137241,3.20826,6.8235,0.28624,0.379871,0.134795,0.376935,0.408608,0.018033,0.078221,0.129936,0.569648
3724,1718749010,2024-06-18 22:16 UTC,72082.9,137244,3.14215,6.6626,0.284576,0.377912,0.134415,0.377314,0.40876,0.0172183,0.0745756,0.128147,0.561587
3725,1718749310,2024-06-18 22:21 UTC,72020.6,137246,3.07685,6.50174,0.282912,0.375958,0.133873,0.377492,0.408511,0.0164294,0.071018,0.126458,0.554663
3726,1718749610,2024-06-18 22:26 UTC,71964.8,137249,3.01245,6.34199,0.28125,0.374004,0.133144,0.377481,0.408499,0.0156676,0.067571,0.12502,0.546475
3727,1718749910,2024-06-18 22:31 UTC,71925.7,137252,2.94902,6.18361,0.279588,0.372051,0.13229,0.377295,0.408495,0.0149313,0.0642383,0.123792,0.539404
3728,1718750210,2024-06-18 22:36 UTC,71871.8,137254,2.88664,6.02529,0.277927,0.370098,0.131253,0.376948,0.408471,0.0142195,0.0609909,0.122718,0.531842
3729,1718750510,2024-06-18 22:41 UTC,71823.9,137230,2.82543,5.86701,0.276267,0.368146,0.130105,0.376452,0.408369,0.0135318,0.0578287,0.12182,0.524549
3730,1718750810,2024-06-18 22:46 UTC,71789.7,141488,2.7655,5.70879,0.274608,0.366194,0.128921,0.375821,0.40842,0.0128671,0.0547517,0.120934,0.517211
3731,1718751110,2024-06-18 22:51 UTC,71744.9,137262,2.70698,5.55063,0.272949,0.364243,0.127668,0.375041,0.408507,0.0122243,0.05176,0.120126,0.509695
3732,1718751409,2024-06-18 22:56 UTC,71695.4,137264,2.65017,5.39307,0.271297,0.362299,0.126483,0.373856,0.408407,0.0116036,0.0488631,0.11923,0.502933
3733,1718751709,2024-06-18 23:01 UTC,71657.7,141459,2.59481,5.23504,0.268456,0.358834,0.125242,0.372879,0.408499,0.0110012,0.0460416,0.11684,0.491294
3734,1718752009,2024-06-18 23:06 UTC,71624.9,137264,2.54122,5.15121,0.263542,0.352715,0.123673,0.371615,0.408521,0.010421,0.0433053,0.11217,0.472057
3735,1718752309,2024-06-18 23:11 UTC,71577.4,137264,2.48952,5.0768,0.25863,0.346598,0.121767,0.370016,0.408581,0.0098617,0.0407893,0.107955,0.453836
3736,1718752609,2024-06-18 23:16 UTC,71541.9,137264,2.43979,5.00241,0.253719,0.340483,0.119665,0.3652,0.408533,0.00932023,0.0396067,0.104056,0.435915
3737,1718752909,2024-06-18 23:21 UTC,71490.9,137245,2.39206,4.92823,0.248809,0.33437,0.117392,0.363038,0.408435,0.00879571,0.0384906,0.100443,0.419549
3738,1718753209,2024-06-18 23:26 UTC,71462.2,137264,2.34635,4.85477,0.2439,0.328259,0.114985,0.360629,0.408445,0.00828653,0.037401,0.0969671,0.403271
3739,1718753509,2024-06-18 23:31 UTC,71418.9,137264,2.30268,4.78172,0.238993,0.32215,0.112384,0.358008,0.408489,0.0077916,0.0362811,0.0937324,0.388264
3740,1718753809,2024-06-18 23:36 UTC,71383.1,140882,2.26108,4.7087,0.234088,0.316048,0.109614,0.354837,0.408408,0.00731008,0.0362911,0.0907499,0.37309
3741,1718754109,2024-06-18 23:41 UTC,71337.5,137264,2.22155,4.76979,0.229184,0.310043,0.106754,0.351565,0.408383,0.0068396,0.0382213,0.0878376,0.358259
3742,1718754409,2024-06-18 23:46 UTC,71319.4,137264,2.1841,4.89182,0.224282,0.304089,0.103831,0.348051,0.408469,0.00637948,0.0402028,0.0851266,0.342913
3743,1718754709,2024-06-18 23:51 UTC,71277.8,137264,2.14872,5.01384,0.219382,0.298138,0.100828,0.344313,0.408419,0.00592823,0.0422329,0.082508,0.328954
3744,1718755009,2024-06-18 23:56 UTC,71249.1,138784,2.11541,5.13588,0.214485,0.292191,0.0977506,0.340368,0.408483,0.00548511,0.0443132,0.0800406,0.314664
3745,1718755309,2024-06-19 00:01 UTC,71210.9,137261,2.07018,5.1888,0.208621,0.285179,0.0945988,0.336214,0.4084,0.00502051,0.0452319,0.0765671,0.298449
3746,1718755609,2024-06-19 00:06 UTC,71180.2,137246,2.00185,5.1206,0.201065,0.276302,0.0912569,0.331636,0.408489,0.00452744,0.0440505,0.0714757,0.280161
3747,1718755909,2024-06-19 00:11 UTC,71153.7,137230,1.93475,5.05242,0.193514,0.267451,0.0876137,0.326598,0.408499,0.00406163,0.0428842,0.0667841,0.261761
3748,1718756209,2024-06-19 00:16 UTC,71132.6,137213,1.86902,4.98427,0.185966,0.258613,0.0837879,0.321135,0.408616,0.00362291,0.0417362,0.0624337,0.247849
3749,1718756509,2024-06-19 00:21 UTC,71117.4,141302,1.80481,4.91614,0.178424,0.249784,0.0798498,0.315281,0.408682,0.00321028,0.0406033,0.0582995,0.236423
3750,1718756809,2024-06-19 00:26 UTC,71075.5,137176,1.74224,4.84804,0.170887,0.240965,0.0757614,0.309072,0.408547,0.0028232,0.0394858,0.0543694,0.226057
3751,1718757109,2024-06-19 00:31 UTC,71056.5,137157,1.68144,4.77996,0.163356,0.232159,0.0716302,0.30254,0.408539,0.00246129,0.0383846,0.0506585,0.209887
3752,1718757408,2024-06-19 00:36 UTC,71030,137138,1.62276,4.71214,0.155858,0.223395,0.0674756,0.29572,0.408538,0.00212479,0.037303,0.0471367,0.199273
3753,1718757708,2024-06-19 00:41 UTC,71024.6,137119,1.56597,4.64412,0.148344,0.214616,0.0632901,0.288641,0.408648,0.0018124,0.036234,0.0438331,0.18396
3754,1718758008,2024-06-19 00:46 UTC,71009.9,137099,1.51146,4.58526,0.140839,0.205854,0.0590841,0.281331,0.408752,0.00152563,0.0353211,0.0406762,0.165432
3755,1718758308,2024-06-19 00:51 UTC,70992.6,137080,1.45944,4.63722,0.133346,0.197111,0.0548879,0.273818,0.408721,0.00126605,0.0361266,0.0376336,0.148781
3756,1718758608,2024-06-19 00:56 UTC,70979.7,141218,1.41014,4.68939,0.125866,0.188389,0.0506729,0.266124,0.408767,0.00103744,0.0369438,0.0347527,0.134933
3757,1718758908,2024-06-19 01:01 UTC,70968.2,141207,1.36382,4.74175,0.118054,0.179213,0.0464378,0.258259,0.408704,0.000846606,0.0377735,0.0317927,0.119805
3758,1718759208,2024-06-19 01:06 UTC,70969.2,137000,1.32081,4.7943,0.109649,0.169218,0.0422075,0.250117,0.408881,0.000705039,0.0386153,0.0286227,0.103871
3759,1718759508,2024-06-19 01:11 UTC,70947.5,136608,1.28149,4.84704,0.101281,0.159262,0.0378944,0.241696,0.408803,0.000627793,0.039469,0.0257164,0.0868595
3760,1718759808,2024-06-19 01:16 UTC,70930.5,135945,1.24639,4.89995,0.0929608,0.149353,0.0335842,0.226899,0.408764,0.000622965,0.0403362,0.0230027,0.0767413
3761,1718760108,2024-06-19 01:21 UTC,70927.3,136382,1.21629,4.95303,0.0847037,0.139502,0.0293999,0.213151,0.408858,0.000680596,0.041213,0.0203889,0.0695142
3762,1718760408,2024-06-19 01:26 UTC,70935,135931,1.192,5.00628,0.0765314,0.129721,0.0255937,0.204202,0.409001,0.000779885,0.0421038,0.017724,0.0673297
3763,1718760708,2024-06-19 01:31 UTC,70939.9,136488,1.17427,5.0597,0.068477,0.120029,0.0227375,0.193393,0.409143,0.00090485,0.0430088,0.0144583,0.0670056
3764,1718761008,2024-06-19 01:36 UTC,70939.7,135918,1.16395,5.11326,0.0605931,0.110462,0.0205832,0.184806,0.4092,0.00104502,0.0439245,0.0111822,0.0681259
3765,1718761308,2024-06-19 01:41 UTC,70937.9,135911,1.16106,5.16698,0.0529664,0.101041,0.0188993,0.177501,0.409244,0.00119715,0.0448522,0.00822339,0.0673769
3766,1718761608,2024-06-19 01:46 UTC,70935,135904,1.16596,5.22085,0.0457452,0.0918705,0.0172811,0.167941,0.409247,0.00136025,0.0457922,0.00578385,0.0699261
3767,1718761908,2024-06-19 01:51 UTC,70949.1,136546,1.17883,5.27486,0.0391755,0.0830391,0.0157391,0.158844,0.40935,0.00153592,0.0467445,0.00387275,0.0664639
3768,1718762208,2024-06-19 01:56 UTC,70938.4,135891,1.19864,5.329,0.0336198,0.0748395,0.0142367,0.149771,0.409266,0.00172642,0.0477091,0.00250406,0.0655471
3769,1718762508,2024-06-19 02:01 UTC,70935.2,136812,1.22471,5.38328,0.029443,0.0672791,0.0128273,0.141418,0.409251,0.00193417,0.0486859,0.00178803,0.063953
3770,1718762808,2024-06-19 02:06 UTC,70934.8,136793,1.25626,5.43769,0.0267363,0.0605392,0.0115124,0.132237,0.409237,0.0021615,0.049675,0.00175418,0.0617092
3771,1718763108,2024-06-19 02:11 UTC,70936.9,136774,1.29253,5.49223,0.0258819,0.0546716,0.0102613,0.123079,0.409241,0.00241017,0.0506764,0.00227583,0.0611915
3772,1718763407,2024-06-19 02:16 UTC,70951.5,136755,1.3325,5.5467,0.0272116,0.0500671,0.00908619,0.114693,0.409331,0.00268041,0.0516867,0.00317459,0.0615225
3773,1718763707,2024-06-19 02:21 UTC,70959.7,136736,1.37589,5.60148,0.0305687,0.0574035,0.00795981,0.105886,0.409329,0.00297527,0.0527126,0.00443366,0.0613955
3774,1718764007,2024-06-19 02:26 UTC,70962.6,136717,1.42227,5.65757,0.0353918,0.0650405,0.00715754,0.0969161,0.409368,0.00329542,0.0537728,0.0061299,0.0611345
3775,1718764307,2024-06-19 02:31 UTC,70970.8,136699,1.47138,5.71404,0.0411356,0.0728836,0.00651351,0.0880788,0.40943,0.0036417,0.0548519,0.00835115,0.0609
3776,1718764607,2024-06-19 02:36 UTC,70970.1,136681,1.52299,5.77062,0.0474448,0.0808728,0.00605687,0.0808011,0.409383,0.00401369,0.0559425,0.0110418,0.0634362
3777,1718764907,2024-06-19 02:41 UTC,70975.8,140977,1.57688,5.84136,0.0541133,0.0889688,0.00588305,0.0743392,0.409408,0.00441157,0.0573243,0.0141484,0.0664375
3778,1718765207,2024-06-19 02:46 UTC,70989.4,140965,1.63283,6.04432,0.0610201,0.0971449,0.00608786,0.0688664,0.409459,0.00483566,0.0613768,0.0176097,0.0657614
3779,1718765507,2024-06-19 02:51 UTC,70993.3,140954,1.69073,6.24742,0.0680915,0.105383,0.00671472,0.0636455,0.40944,0.00528612,0.0655708,0.0213398,0.0630663
3780,1718765807,2024-06-19 02:56 UTC,71001,139341,1.75053,6.45063,0.0752804,0.113677,0.00783586,0.0587811,0.409455,0.00576244,0.0699055,0.0252061,0.0650237
3781,1718766107,2024-06-19 03:01 UTC,71009,136598,1.78886,6.55576,0.0817868,0.121107,0.00943007,0.0544972,0.409455,0.00608597,0.0722029,0.0285331,0.0739219
3782,1718766407,2024-06-19 03:06 UTC,71009.2,136598,1.7876,6.48444,0.0869552,0.126453,0.0113187,0.0513138,0.409405,0.0060994,0.0706405,0.0307849,0.0806215
3783,1718766707,2024-06-19 03:11 UTC,71021.9,136598,1.78903,6.41403,0.0921564,0.131851,0.0134525,0.0520615,0.409439,0.00611819,0.0691148,0.0329891,0.0876202
3784,1718767007,2024-06-19 03:16 UTC,71028.3,136598,1.79299,6.34457,0.0973852,0.137317,0.0157828,0.0553882,0.409403,0.00614304,0.0676264,0.0351343,0.0947739
3785,1718767307,2024-06-19 03:21 UTC,71041,136599,1.79932,6.27694,0.102637,0.142798,0.0183138,0.0593332,0.409433,0.00617421,0.0661919,0.0371968,0.102333
3786,1718767607,2024-06-19 03:26 UTC,71057.5,136600,1.80785,6.21249,0.107909,0.148299,0.0210298,0.0643404,0.409582,0.0062122,0.0648398,0.0391704,0.110087
3787,1718767907,2024-06-19 03:31 UTC,71082.7,136602,1.81845,6.1491,0.113198,0.153814,0.0239221,0.069683,0.409768,0.00625738,0.0635231,0.0410456,0.118222
3788,1718768207,2024-06-19 03:36 UTC,71104.6,136604,1.83097,6.08678,0.118502,0.159342,0.0269653,0.0754478,0.409912,0.00630998,0.0622421,0.0428349,0.12665
3789,1718768507,2024-06-19 03:41 UTC,71111.8,136607,1.84528,6.02559,0.123818,0.16488,0.0301451,0.0812015,0.409915,0.00637035,0.0609966,0.0445311,0.135389
3790,1718768807,2024-06-19 03:46 UTC,71132.7,136610,1.86124,5.96554,0.129146,0.170428,0.0334924,0.0869471,0.41002,0.00643866,0.0597873,0.0461067,0.144425
3791,1718769106,2024-06-19 03:51 UTC,71158.5,136613,1.87868,5.90687,0.134466,0.175966,0.0369441,0.0926889,0.410148,0.00651489,0.0586171,0.0476049,0.15373
3792,1718769406,2024-06-19 03:56 UTC,71165.6,136616,1.89763,5.87417,0.139812,0.18153,0.0405044,0.0984327,0.410025,0.00659986,0.0578716,0.0490621,0.163574
3793,1718769706,2024-06-19 04:01 UTC,71187.2,136620,1.91794,5.86141,0.144173,0.186238,0.0441298,0.104238,0.41013,0.00669367,0.0576055,0.0495774,0.171546
3794,1718770006,2024-06-19 04:06 UTC,71213.1,136625,1.93956,5.84872,0.146719,0.189373,0.0475741,0.109911,0.410286,0.00679849,0.0573426,0.0486193,0.176571
3795,1718770306,2024-06-19 04:11 UTC,71246,136629,1.96243,5.8361,0.149266,0.192517,0.0508172,0.115232,0.410447,0.00691456,0.0570826,0.0479334,0.181645
3796,1718770606,2024-06-19 04:16 UTC,71285.6,139126,1.98648,5.82355,0.151816,0.195668,0.0539401,0.120237,0.410754,0.00704157,0.0568235,0.0474175,0.186847
3797,1718770906,2024-06-19 04:21 UTC,71321.1,136640,2.01163,5.81107,0.154368,0.198826,0.0569535,0.124978,0.410997,0.00717948,0.0565548,0.0470558,0.192198
