frame,epoch_utc,datetime_utc,ice_strength_mean,ice_strength_max,wind_speed_mean,wind_speed_max,current_speed_mean,current_speed_max,ice_speed_mean,ice_speed_max,fractured_fraction,wind_drag_mean,wind_drag_max,current_drag_mean,current_drag_max
1,1748477099,2025-05-29 00:04 UTC,291238,366045,3.34814,7.38433,0.367925,0.477295,1.00883e-05,2.34198e-05,0,0.0207198,0.0916077,0.719507,1.17314
2,1748477399,2025-05-29 00:09 UTC,291222,366033,3.3351,7.13747,0.371176,0.482061,2.09127e-05,4.83741e-05,0,0.0205177,0.0855854,0.732102,1.19659
3,1748477699,2025-05-29 00:14 UTC,291206,366021,3.32282,6.90509,0.374426,0.486827,3.22323e-05,7.50838e-05,0,0.0203245,0.0801034,0.744811,1.22027
4,1748477999,2025-05-29 00:19 UTC,291190,366010,3.31132,6.82433,0.377677,0.491594,4.43421e-05,0.000103084,0,0.0201402,0.0782401,0.757632,1.24418
5,1748478299,2025-05-29 00:24 UTC,291173,366000,3.30062,6.83385,0.380928,0.49636,5.69505e-05,0.000132011,0,0.0199647,0.0784586,0.770566,1.26832
6,1748478598,2025-05-29 00:29 UTC,291157,365990,3.29074,6.84338,0.384168,0.501111,7.01119e-05,0.000162186,0,0.0197985,0.0786778,0.78357,1.2926
7,1748478898,2025-05-29 00:34 UTC,291140,365980,3.28164,6.85301,0.387419,0.505877,8.41446e-05,0.000195181,0,0.0196404,0.0788993,0.796729,1.31718
8,1748479198,2025-05-29 00:39 UTC,291134,365972,3.27336,6.86269,0.39067,0.510644,9.86246e-05,0.000228143,0,0.0194908,0.0791223,0.810001,1.342
9,1748479498,2025-05-29 00:44 UTC,291118,365964,3.26589,6.87242,0.393921,0.51541,0.000436121,0.00299664,7.4141e-05,0.0193517,0.0793468,0.822558,1.36703
10,1748479798,2025-05-29 00:49 UTC,291102,365956,3.25923,6.8822,0.397173,0.520177,0.000209375,0.000621274,0.000141396,0.0192165,0.0795751,0.836892,1.39178
11,1748480098,2025-05-29 00:54 UTC,291085,365949,3.2534,6.89203,0.400424,0.524944,0.000345997,0.00155049,0.000401157,0.0190925,0.0798009,0.850076,1.41877
12,1748480398,2025-05-29 00:59 UTC,291069,365943,3.24838,6.90192,0.403676,0.529884,0.00111071,0.0138122,0.00277968,0.018977,0.0800253,0.862979,1.44274
13,1748480697,2025-05-29 01:04 UTC,291053,365937,3.2442,6.91183,0.401468,0.527881,0.000520878,0.0116811,0.00383186,0.0188627,0.0802616,0.85579,1.43751
14,1748480997,2025-05-29 01:09 UTC,291037,365932,3.24082,6.92182,0.399215,0.525825,0.000483323,0.0328825,0.0038322,0.0187606,0.0804893,0.844905,1.42136
15,1748481297,2025-05-29 01:14 UTC,291022,365927,3.23825,6.93186,0.396963,0.523769,0.000281149,0.0567551,0.0038324,0.0186652,0.0807261,0.8357,1.41183
16,1748481597,2025-05-29 01:19 UTC,291006,365923,3.2365,6.94195,0.394712,0.521714,0.000268436,0.0287631,0.00383264,0.0185764,0.0809621,0.826057,1.40383
17,1748481897,2025-05-29 01:24 UTC,290991,365920,3.23555,6.9521,0.392461,0.519659,0.000252039,0.0102809,0.00383274,0.018492,0.0811958,0.817519,1.39502
18,1748482197,2025-05-29 01:29 UTC,290976,365917,3.23542,6.96229,0.39021,0.517604,0.00024732,0.00759812,0.00383278,0.0184169,0.081435,0.807094,1.37699
19,1748482497,2025-05-29 01:34 UTC,290961,365915,3.23609,6.97254,0.387959,0.515551,0.000175005,0.00599242,0.00383293,0.0183449,0.0816749,0.79848,1.36842
20,1748482796,2025-05-29 01:39 UTC,290946,365913,3.23757,6.9828,0.385717,0.513504,0.000159678,0.00503341,0.00383312,0.0182793,0.0819161,0.789149,1.35782
21,1748483096,2025-05-29 01:44 UTC,290932,365912,3.23987,6.99314,0.383467,0.511452,0.000117131,0.0043856,0.00383312,0.0182193,0.0821587,0.779564,1.34798
22,1748483396,2025-05-29 01:49 UTC,290918,365912,3.24298,7.00354,0.381218,0.5094,0.000180936,0.00388958,0.00383307,0.0181637,0.0824041,0.76989,1.33424
23,1748483696,2025-05-29 01:54 UTC,290904,365912,3.24691,7.03109,0.378969,0.507348,0.000101363,0.00335998,0.00383303,0.0181102,0.0830529,0.761665,1.32729
24,1748483996,2025-05-29 01:59 UTC,290891,365912,3.25166,7.27678,0.376721,0.505297,0.000104718,0.00310381,0.00383307,0.0180628,0.0889585,0.752364,1.31485
25,1748484296,2025-05-29 02:04 UTC,290877,365913,3.25722,7.53308,0.369187,0.496165,7.543e-05,0.00270715,0.00383303,0.0180182,0.0953355,0.722447,1.26827
26,1748484595,2025-05-29 02:09 UTC,290865,365915,3.26358,7.79293,0.361609,0.486968,9.14458e-05,0.00250492,0.00383307,0.0179773,0.102026,0.692773,1.22118
27,1748484895,2025-05-29 02:14 UTC,290852,365917,3.27077,8.05762,0.354008,0.477742,7.1304e-05,0.00215696,0.00383312,0.0179384,0.109074,0.664147,1.17556
28,1748485195,2025-05-29 02:19 UTC,290840,365920,3.27878,8.32592,0.346408,0.468517,7.26038e-05,0.00190601,0.00383322,0.0179024,0.116459,0.635833,1.13124
29,1748485495,2025-05-29 02:24 UTC,290828,365924,3.2876,8.5975,0.338811,0.459294,6.40636e-05,0.00179653,0.00383327,0.0178683,0.12418,0.608122,1.08664
30,1748485795,2025-05-29 02:29 UTC,290817,365927,3.29725,8.87204,0.331215,0.450073,4.46791e-05,0.00165798,0.00383322,0.0178364,0.132238,0.580842,1.04337
31,1748486095,2025-05-29 02:34 UTC,290805,365932,3.30774,9.14929,0.323622,0.440853,0.000100617,0.00142759,0.00383317,0.0178045,0.140632,0.55473,1.00178
32,1748486395,2025-05-29 02:39 UTC,290795,365937,3.31907,9.429,0.316032,0.431635,5.26086e-05,0.0013062,0.00383647,0.0177749,0.149362,0.528699,0.960055
33,1748486694,2025-05-29 02:44 UTC,290784,365942,3.33125,9.71001,0.308469,0.422449,5.52018e-05,0.00124061,0.00383628,0.0177452,0.158398,0.503608,0.919577
34,1748486994,2025-05-29 02:49 UTC,290774,365949,3.34439,9.99403,0.300884,0.413235,5.38462e-05,0.00111892,0.00383623,0.0177156,0.167799,0.479003,0.879904
35,1748487294,2025-05-29 02:54 UTC,290764,365955,3.35855,10.2799,0.293302,0.404023,4.06391e-05,0.00103203,0.00383618,0.0176857,0.177537,0.454986,0.840457
36,1748487594,2025-05-29 02:59 UTC,290755,365962,3.37377,10.5676,0.285723,0.394813,3.9278e-05,0.000951916,0.00383632,0.0176547,0.187612,0.431645,0.802938
37,1748487894,2025-05-29 03:04 UTC,290757,365966,3.32018,10.4181,0.273813,0.380121,2.36003e-05,0.00090192,0.00383783,0.0170243,0.182343,0.39631,0.744223
38,1748488194,2025-05-29 03:09 UTC,290762,365969,3.2662,10.3128,0.261817,0.365433,4.6388e-05,0.000741049,0.00383778,0.0164019,0.178676,0.362417,0.688135
39,1748488494,2025-05-29 03:14 UTC,290769,365972,3.2133,10.247,0.249824,0.350765,3.01517e-05,0.000687846,0.00383788,0.0158005,0.1764,0.329897,0.633719
40,1748488793,2025-05-29 03:19 UTC,290776,365976,3.16169,10.1814,0.237874,0.336149,2.78408e-05,0.00061384,0.00383758,0.0152213,0.174152,0.299069,0.582135
41,1748489093,2025-05-29 03:24 UTC,290784,365980,3.1111,10.1159,0.225887,0.321488,3.6624e-05,0.000531757,0.00383754,0.0146601,0.171916,0.269689,0.532375
42,1748489393,2025-05-29 03:29 UTC,290793,365985,3.06179,10.0505,0.213906,0.306833,2.7149e-05,0.000454503,0.00383763,0.0141189,0.1697,0.241802,0.484919
43,1748489693,2025-05-29 03:34 UTC,290804,365990,3.01384,9.98521,0.20193,0.292184,3.62699e-05,0.000424127,0.00383754,0.0135968,0.167503,0.215489,0.439816
44,1748489993,2025-05-29 03:39 UTC,290815,365995,2.96736,9.92014,0.18996,0.277541,3.09666e-05,0.000348248,0.00383749,0.0130937,0.165327,0.190677,0.396835
45,1748490293,2025-05-29 03:44 UTC,290827,366001,2.92243,9.85942,0.177997,0.262906,3.69765e-05,0.000320575,0.00383744,0.012609,0.16331,0.167374,0.355983
46,1748490593,2025-05-29 03:49 UTC,290830,366008,2.87918,9.804,0.166045,0.248281,3.51704e-05,0.00028103,0.00383744,0.0121417,0.161479,0.14568,0.317593
47,1748490892,2025-05-29 03:54 UTC,290844,366015,2.83782,9.74893,0.154144,0.233762,1.64003e-05,0.000240466,0.00383749,0.011693,0.15967,0.125503,0.281506
48,1748491192,2025-05-29 03:59 UTC,290859,366022,2.79817,9.69384,0.142218,0.219279,2.90272e-05,0.000179637,0.00383744,0.0112584,0.15787,0.106861,0.247745
49,1748491492,2025-05-29 04:04 UTC,290874,366030,2.76043,9.63892,0.128071,0.20204,2.16214e-05,0.00015609,0.00383749,0.0108391,0.156087,0.0867776,0.210334
50,1748491792,2025-05-29 04:09 UTC,290891,366038,2.72468,9.58417,0.113882,0.18476,6.98703e-05,0.000275497,0.00383758,0.0104338,0.154319,0.0687779,0.176248
51,1748492092,2025-05-29 04:14 UTC,290909,366046,2.69098,9.52959,0.0997183,0.167528,3.66976e-05,0.00013092,0.00383763,0.0100415,0.152566,0.0529216,0.14463
52,1748492392,2025-05-29 04:19 UTC,290927,366055,2.65943,9.47519,0.0855928,0.15036,4.34765e-05,0.000154771,0.00383773,0.00966101,0.150829,0.039224,0.11654
53,1748492691,2025-05-29 04:24 UTC,290947,366064,2.63021,9.42115,0.0715755,0.133338,4.59985e-05,0.000181656,0.00383778,0.00929249,0.149114,0.0277323,0.0916465
54,1748492991,2025-05-29 04:29 UTC,290967,366074,2.60318,9.36711,0.0576205,0.116387,4.01952e-05,0.000131183,0.00383778,0.00893253,0.147408,0.0183328,0.0697675
55,1748493291,2025-05-29 04:34 UTC,290988,366084,2.57851,9.32066,0.0439094,0.0996733,3.28595e-05,0.000111758,0.00383783,0.00858097,0.145949,0.0110992,0.0511792
56,1748493591,2025-05-29 04:39 UTC,291010,366095,2.55628,9.2979,0.0312058,0.0833638,3.16737e-05,0.000125834,0.00383788,0.00823688,0.145237,0.00595961,0.0358071
57,1748493891,2025-05-29 04:44 UTC,291032,366106,2.53653,9.2753,0.0222988,0.0676542,3.49413e-05,0.000101734,0.00383788,0.00789891,0.144533,0.00256825,0.0235812
58,1748494191,2025-05-29 04:49 UTC,291056,366117,2.51926,9.25288,0.0190175,0.0535681,3.09072e-05,8.81323e-05,0.00383788,0.00756603,0.143834,0.00108453,0.0147611
59,1748494491,2025-05-29 04:54 UTC,291080,366129,2.50453,9.23062,0.0236615,0.0635039,2.65499e-05,8.1352e-05,0.00383788,0.00723721,0.143143,0.00302512,0.0207819
60,1748494790,2025-05-29 04:59 UTC,291106,366141,2.49246,9.2493,0.034213,0.0813196,2.81527e-05,8.19819e-05,0.00383788,0.0069121,0.143723,0.00678721,0.0340192
61,1748495090,2025-05-29 05:04 UTC,291132,366154,2.48307,9.30838,0.0460542,0.0971606,2.62937e-05,8.38911e-05,0.00383792,0.00658763,0.145565,0.0120653,0.048608
62,1748495390,2025-05-29 05:09 UTC,291158,366167,2.47643,9.3676,0.0586252,0.112952,2.40247e-05,7.59199e-05,0.00383797,0.00626368,0.147423,0.0191779,0.0657073
63,1748495690,2025-05-29 05:14 UTC,291186,366180,2.47253,9.42696,0.0715284,0.128759,2.32264e-05,7.26109e-05,0.00383802,0.00593896,0.149297,0.0281542,0.0853575
64,1748495990,2025-05-29 05:19 UTC,291214,366194,2.47138,9.58309,0.0845974,0.144575,1.98127e-05,0.000114009,0.00383802,0.00561261,0.154284,0.0390232,0.107616
65,1748496290,2025-05-29 05:24 UTC,291243,366209,2.47295,9.78475,0.097759,0.160398,2.19855e-05,0.000134103,0.00383807,0.00528344,0.160846,0.0517735,0.132441
66,1748496590,2025-05-29 05:29 UTC,291273,366223,2.4771,9.98777,0.110977,0.176226,3.00147e-05,0.000191548,0.00383807,0.00495054,0.167589,0.0664099,0.159951
67,1748496889,2025-05-29 05:34 UTC,291304,366238,2.48369,10.1914,0.124188,0.192173,2.55431e-05,0.000254936,0.00383812,0.00461419,0.174492,0.0828867,0.190154
68,1748497189,2025-05-29 05:39 UTC,291335,366254,2.49264,10.3969,0.137469,0.208204,2.4664e-05,0.000312331,0.00383807,0.00427133,0.1816,0.101306,0.223204
69,1748497489,2025-05-29 05:44 UTC,291367,366269,2.50388,10.6035,0.150767,0.224243,3.01379e-05,0.000380802,0.00383812,0.00392238,0.188889,0.121607,0.258794
70,1748497789,2025-05-29 05:49 UTC,291400,366286,2.51734,10.8112,0.16408,0.240307,4.00379e-05,0.000445299,0.00384796,0.00356688,0.196361,0.143814,0.297408
71,1748498089,2025-05-29 05:54 UTC,291434,366302,2.53296,11.0199,0.177402,0.256372,4.3098e-05,0.000532676,0.00385237,0.00320417,0.204014,0.167879,0.338219
72,1748498389,2025-05-29 05:59 UTC,291468,366319,2.55069,11.2295,0.190733,0.272438,3.27411e-05,0.00055973,0.00385242,0.00283428,0.21185,0.193876,0.382049
73,1748498689,2025-05-29 06:04 UTC,291554,366340,2.51248,11.1374,0.200483,0.282796,2.50997e-05,0.000636515,0.00385237,0.00265256,0.20839,0.214064,0.411797
74,1748498988,2025-05-29 06:09 UTC,291655,366361,2.4733,11.0344,0.21007,0.292903,4.11602e-05,0.00109764,0.00386144,0.00248968,0.204553,0.234855,0.440934
75,1748499288,2025-05-29 06:14 UTC,291760,366383,2.43511,10.9313,0.219692,0.303044,4.24204e-05,0.000760046,0.00386867,0.00233797,0.200748,0.256748,0.472773
76,1748499588,2025-05-29 06:19 UTC,291868,366406,2.39815,10.8284,0.229318,0.313185,4.36724e-05,0.00078033,0.00387153,0.00219855,0.196986,0.279644,0.505115
77,1748499888,2025-05-29 06:24 UTC,291980,366429,2.36247,10.7257,0.238946,0.323327,3.54379e-05,0.000896482,0.00387153,0.00207191,0.193269,0.303506,0.5382
78,1748500188,2025-05-29 06:29 UTC,292095,366452,2.32817,10.6233,0.248577,0.333468,9.94628e-05,0.000986364,0.00388932,0.0019584,0.189596,0.328311,0.572392
79,1748500488,2025-05-29 06:34 UTC,292214,366476,2.29533,10.5233,0.258211,0.34361,7.61398e-05,0.000914137,0.00390043,0.00185891,0.186042,0.354257,0.608357
80,1748500787,2025-05-29 06:39 UTC,292336,366500,2.26419,10.4395,0.267814,0.353717,5.65706e-05,0.00104387,0.00390266,0.00177371,0.183092,0.381028,0.643978
81,1748501087,2025-05-29 06:44 UTC,292461,366525,2.23467,10.3559,0.277451,0.363859,7.33493e-05,0.00102676,0.00391396,0.00170243,0.180172,0.408829,0.681205
82,1748501387,2025-05-29 06:49 UTC,292589,366551,2.20703,10.2729,0.28709,0.374001,4.00724e-05,0.0010701,0.0039142,0.00164559,0.177294,0.437757,0.720384
83,1748501687,2025-05-29 06:54 UTC,292720,366576,2.18133,10.1903,0.29673,0.384143,5.83923e-05,0.00112771,0.00391575,0.00160284,0.174455,0.46752,0.759797
84,1748501987,2025-05-29 06:59 UTC,292854,366602,2.15767,10.1083,0.306372,0.394285,4.98097e-05,0.00509204,0.00392414,0.00157362,0.171657,0.498396,0.800485
85,1748502287,2025-05-29 07:04 UTC,292992,366629,2.13613,10.0267,0.310916,0.398124,0.000102849,0.00127103,0.00395978,0.00155744,0.168899,0.513257,0.816177
86,1748502587,2025-05-29 07:09 UTC,293132,366656,2.11681,9.94575,0.31523,0.401715,4.45621e-05,0.00116176,0.00395973,0.00155327,0.166182,0.52771,0.831213
87,1748502886,2025-05-29 07:14 UTC,293275,366683,2.09988,9.8905,0.319531,0.406081,3.28383e-05,0.00112738,0.00395968,0.00156009,0.164341,0.542211,0.848999
88,1748503186,2025-05-29 07:19 UTC,293421,366711,2.08533,9.84285,0.323846,0.411883,3.97188e-05,0.00111995,0.00395949,0.00157686,0.162761,0.556934,0.873586
89,1748503486,2025-05-29 07:24 UTC,293570,366739,2.07336,9.79586,0.328161,0.417686,5.61335e-05,0.00108897,0.0039686,0.00160236,0.161211,0.571931,0.898388
90,1748503786,2025-05-29 07:29 UTC,293721,366768,2.06401,9.75403,0.332477,0.423488,6.16266e-05,0.00106878,0.00397054,0.00163591,0.159837,0.587045,0.923616
91,1748504086,2025-05-29 07:34 UTC,293876,366797,2.05737,9.71943,0.336793,0.42929,3.50291e-05,0.00107543,0.00397045,0.0016765,0.158705,0.602443,0.94883
92,1748504386,2025-05-29 07:39 UTC,294033,366827,2.05348,9.68528,0.34111,0.435093,3.66325e-05,0.00106267,0.00397035,0.00172357,0.157592,0.617974,0.974814
93,1748504686,2025-05-29 07:44 UTC,294193,366857,2.05236,9.65716,0.345427,0.4409,4.26561e-05,0.00107447,0.00397627,0.00177647,0.156678,0.63381,1.00102
94,1748504985,2025-05-29 07:49 UTC,294355,366887,2.05402,9.64306,0.34973,0.446804,2.74244e-05,0.00109135,0.00397631,0.00183484,0.156221,0.649689,1.02806
95,1748505285,2025-05-29 07:54 UTC,294519,366918,2.05848,9.62898,0.354048,0.45273,2.1268e-05,0.00106716,0.00397622,0.00189872,0.155765,0.665861,1.05547
96,1748505585,2025-05-29 07:59 UTC,294687,366949,2.06578,9.61497,0.358367,0.458656,7.69514e-05,0.00105706,0.0039865,0.00196791,0.155312,0.682219,1.08335
97,1748505885,2025-05-29 08:04 UTC,294856,366981,2.07593,9.60102,0.356984,0.456803,3.25374e-05,0.00102897,0.0039865,0.00204259,0.154862,0.676996,1.07462
98,1748506185,2025-05-29 08:09 UTC,295028,367013,2.08889,9.58715,0.355304,0.45454,2.4788e-05,0.000962778,0.0039865,0.00212292,0.154415,0.670574,1.06398
99,1748506485,2025-05-29 08:14 UTC,295203,367045,2.10458,9.57335,0.353628,0.452277,2.2674e-05,0.00091042,0.00398655,0.00220925,0.15397,0.664232,1.05347
100,1748506785,2025-05-29 08:19 UTC,295380,367078,2.12285,9.55962,0.351954,0.450015,1.93428e-05,0.000895299,0.00398645,0.00230181,0.153529,0.657933,1.04314
101,1748507084,2025-05-29 08:24 UTC,295559,367112,2.1434,9.546,0.350289,0.447759,1.76719e-05,0.000872865,0.0039865,0.00240076,0.153092,0.651675,1.03262
102,1748507384,2025-05-29 08:29 UTC,295740,367145,2.16623,9.53241,0.348622,0.445496,1.44784e-05,0.00084894,0.0039865,0.00250695,0.152656,0.645416,1.02212
103,1748507684,2025-05-29 08:34 UTC,295924,367179,2.19114,9.51889,0.346958,0.443234,1.29867e-05,0.000813348,0.00398645,0.00262043,0.152224,0.639207,1.01173
104,1748507984,2025-05-29 08:39 UTC,296110,367214,2.21801,9.50545,0.345297,0.440971,1.23687e-05,0.00079072,0.00398645,0.00274144,0.151794,0.633037,1.00144
105,1748508284,2025-05-29 08:44 UTC,296298,367249,2.24676,9.49207,0.343639,0.438708,1.04194e-05,0.000753895,0.00398655,0.00287026,0.151367,0.626916,0.991215
106,1748508584,2025-05-29 08:49 UTC,296488,367284,2.27725,9.47877,0.341985,0.436445,7.47052e-06,0.00073776,0.0039865,0.00300712,0.150943,0.620821,0.980992
107,1748508884,2025-05-29 08:54 UTC,296680,367320,2.30941,9.46554,0.340334,0.434182,1.23191e-05,0.000714047,0.0039865,0.00315219,0.150522,0.614802,0.97092
108,1748509183,2025-05-29 08:59 UTC,296875,367356,2.34301,9.45242,0.338693,0.431927,7.75302e-06,0.000705432,0.00398645,0.0033052,0.150105,0.608799,0.960814
109,1748509483,2025-05-29 09:04 UTC,296984,367330,2.3003,9.2794,0.331594,0.422934,2.95421e-05,0.000654429,0.00398635,0.0032317,0.14466,0.583494,0.921439
110,1748509783,2025-05-29 09:09 UTC,297066,367289,2.25342,9.09683,0.324173,0.413537,2.81115e-05,0.000614087,0.00398635,0.00314692,0.139024,0.557517,0.880919
111,1748510083,2025-05-29 09:14 UTC,297142,367245,2.20705,8.91434,0.316757,0.40414,2.6404e-05,0.000579073,0.00398645,0.00306474,0.133502,0.532148,0.841329
112,1748510383,2025-05-29 09:19 UTC,297211,367199,2.16124,8.73191,0.309348,0.394743,2.78214e-05,0.000550383,0.00398645,0.00298512,0.128094,0.507396,0.802694
113,1748510683,2025-05-29 09:24 UTC,297274,367151,2.11604,8.54956,0.301945,0.385346,2.82359e-05,0.000511525,0.0039865,0.00290804,0.1228,0.483247,0.764943
114,1748510982,2025-05-29 09:29 UTC,297330,367100,2.07162,8.36791,0.294574,0.375981,2.52919e-05,0.000482014,0.00398655,0.00283375,0.117637,0.459768,0.728156
115,1748511282,2025-05-29 09:34 UTC,297380,367047,2.02773,8.18573,0.287186,0.366584,2.66293e-05,0.000452252,0.00398655,0.00276168,0.11257,0.436833,0.692233
116,1748511582,2025-05-29 09:39 UTC,297425,366992,1.98457,8.00364,0.279806,0.357187,2.85708e-05,0.000418658,0.00398659,0.00269209,0.107618,0.414491,0.657202
117,1748511882,2025-05-29 09:44 UTC,297463,366935,1.94218,7.82166,0.272435,0.34779,2.53079e-05,0.000403362,0.00398669,0.00262495,0.10278,0.392765,0.623091
118,1748512182,2025-05-29 09:49 UTC,297495,366876,1.90064,7.63979,0.265073,0.338393,2.50048e-05,0.000374493,0.00398659,0.00256023,0.0980555,0.371642,0.589859
119,1748512482,2025-05-29 09:54 UTC,297522,366815,1.86,7.45803,0.257723,0.329379,2.6287e-05,0.000356343,0.00398664,0.00249795,0.0934453,0.35113,0.558831
120,1748512782,2025-05-29 09:59 UTC,297543,366752,1.82039,7.27639,0.250383,0.320705,2.17034e-05,0.000340593,0.00398655,0.00243811,0.0889492,0.331207,0.529743
121,1748513081,2025-05-29 10:04 UTC,297559,366686,1.78206,7.0955,0.239217,0.306441,3.21086e-05,0.000295251,0.00398659,0.00238089,0.0845814,0.302208,0.483714
122,1748513381,2025-05-29 10:09 UTC,297569,366619,1.74493,6.91414,0.227773,0.29285,3.16241e-05,0.000268271,0.00398659,0.00232604,0.0803131,0.273845,0.441814
123,1748513681,2025-05-29 10:14 UTC,297575,366550,1.70935,6.73294,0.216338,0.27981,2.64202e-05,0.000245825,0.00398659,0.00227385,0.0761586,0.246892,0.403337
124,1748513981,2025-05-29 10:19 UTC,297575,366478,1.67564,6.55191,0.204914,0.266771,2.80463e-05,0.000216654,0.00398669,0.00222446,0.0721183,0.221374,0.366651
125,1748514281,2025-05-29 10:24 UTC,297570,366405,1.64412,6.37107,0.193504,0.253734,2.873e-05,0.00019747,0.00398664,0.00217809,0.068192,0.197274,0.331668
126,1748514581,2025-05-29 10:29 UTC,297560,366329,1.61505,6.19042,0.182109,0.240699,2.4553e-05,0.000177858,0.00398664,0.00213493,0.0643798,0.174583,0.298497
127,1748514881,2025-05-29 10:34 UTC,297545,366252,1.58837,6.00999,0.170733,0.227666,2.54873e-05,0.000157195,0.00398674,0.00209514,0.0606815,0.153322,0.26705
128,1748515180,2025-05-29 10:39 UTC,297525,366172,1.56404,5.8304,0.159419,0.21468,2.10938e-05,0.00013684,0.00398664,0.002059,0.0571091,0.133533,0.237439
129,1748515480,2025-05-29 10:44 UTC,297501,366091,1.54188,5.65047,0.148097,0.201669,1.99287e-05,0.000120352,0.00398659,0.00202635,0.0536386,0.1151,0.209529
130,1748515780,2025-05-29 10:49 UTC,297472,366008,1.52204,5.47082,0.136813,0.18867,1.83397e-05,0.000105025,0.00398664,0.00199741,0.0502822,0.0980849,0.183387
131,1748516080,2025-05-29 10:54 UTC,297438,365922,1.50465,5.29149,0.125579,0.175677,1.66266e-05,8.7533e-05,0.00398659,0.00197233,0.0470398,0.0824862,0.158996
132,1748516380,2025-05-29 10:59 UTC,297400,365835,1.4899,5.11251,0.114411,0.16269,1.55348e-05,7.8979e-05,0.00398655,0.00195122,0.0439114,0.0683036,0.136348
133,1748516680,2025-05-29 11:04 UTC,297357,365746,1.47795,5.07051,0.102424,0.148291,1.55044e-05,6.36349e-05,0.0039865,0.00193424,0.0431928,0.0546004,0.113292
134,1748516980,2025-05-29 11:09 UTC,297310,365655,1.46895,5.17527,0.0904801,0.133799,1.41419e-05,4.38107e-05,0.0039865,0.00192152,0.0449962,0.0424459,0.0922393
135,1748517279,2025-05-29 11:14 UTC,297258,365562,1.463,5.2797,0.0787355,0.119367,1.21835e-05,4.11489e-05,0.00398645,0.00191321,0.0468303,0.0319438,0.0734105
136,1748517579,2025-05-29 11:19 UTC,297202,365467,1.45996,5.38448,0.0672023,0.104903,1.03885e-05,3.29009e-05,0.00398635,0.00190935,0.0487075,0.0230164,0.0567039
137,1748517879,2025-05-29 11:24 UTC,297142,365370,1.45982,5.48926,0.0560775,0.0904627,1.04545e-05,3.5405e-05,0.00398635,0.00191001,0.0506218,0.0156884,0.0421644
138,1748518179,2025-05-29 11:29 UTC,297078,365271,1.46261,5.59405,0.0456331,0.0760608,7.04839e-06,2.62839e-05,0.00398635,0.00191516,0.052573,0.00993323,0.0298138
139,1748518479,2025-05-29 11:34 UTC,297010,365171,1.46832,5.69885,0.0363128,0.0617237,6.15545e-06,2.38358e-05,0.00398635,0.00192473,0.0545612,0.00574548,0.0196291
140,1748518779,2025-05-29 11:39 UTC,296937,365068,1.47693,5.80365,0.0288182,0.0529407,5.05143e-06,2.01582e-05,0.00398635,0.00193865,0.0565864,0.00331297,0.0144303
141,1748519078,2025-05-29 11:44 UTC,296861,364964,1.48837,5.90811,0.0244691,0.0605449,3.75827e-06,1.42981e-05,0.00398635,0.00195672,0.0586416,0.00316193,0.0188768
142,1748519378,2025-05-29 11:49 UTC,296780,364858,1.50265,6.01292,0.0250155,0.0710577,3.12609e-06,1.08928e-05,0.00398635,0.00197897,0.0607407,0.00468101,0.0260019
143,1748519678,2025-05-29 11:54 UTC,296695,364750,1.51965,6.11773,0.0318719,0.0833739,3.82123e-06,1.1381e-05,0.00398635,0.00200521,0.0628768,0.00733303,0.0357951
144,1748519978,2025-05-29 11:59 UTC,296607,364640,1.53923,6.22255,0.0421455,0.0968078,5.20157e-06,1.64679e-05,0.00398635,0.00203534,0.0650498,0.0114718,0.0482559
145,1748520278,2025-05-29 12:04 UTC,296474,364505,1.51241,6.15078,0.0515965,0.107233,5.90027e-06,1.80413e-05,0.00398635,0.00194402,0.0635579,0.0160746,0.0592148
146,1748520578,2025-05-29 12:09 UTC,296325,364361,1.48233,6.0652,0.0611909,0.117573,7.34944e-06,2.5374e-05,0.00398635,0.00184617,0.0618015,0.0217012,0.0711794
147,1748520878,2025-05-29 12:14 UTC,296168,364215,1.45282,5.9798,0.0709382,0.128062,8.43903e-06,5.65953e-05,0.0039863,0.00175162,0.0600734,0.0284263,0.084449
148,1748521177,2025-05-29 12:19 UTC,296004,364066,1.42403,5.89487,0.0807478,0.13863,9.79401e-06,7.39651e-05,0.00398625,0.00166066,0.0583791,0.0362207,0.0989574
149,1748521477,2025-05-29 12:24 UTC,295832,363913,1.39584,5.80986,0.0906547,0.149324,1.07449e-05,0.00011142,0.00398625,0.00157262,0.0567075,0.045136,0.114819
150,1748521777,2025-05-29 12:29 UTC,295653,363758,1.3684,5.72505,0.100608,0.16009,1.19121e-05,0.000144039,0.0039863,0.00148777,0.055064,0.0551469,0.131965
151,1748522077,2025-05-29 12:34 UTC,295467,363600,1.34177,5.64046,0.110595,0.170915,1.27611e-05,0.000186696,0.00398616,0.00140606,0.0534488,0.066253,0.15041
152,1748522377,2025-05-29 12:39 UTC,295273,363439,1.31603,5.55609,0.120609,0.181831,1.40636e-05,0.000234368,0.00398616,0.00132743,0.0518618,0.0784531,0.170242
153,1748522677,2025-05-29 12:44 UTC,295072,363274,1.29123,5.47196,0.130643,0.192792,1.50322e-05,0.000287471,0.00398611,0.00125182,0.0503031,0.0917476,0.191382
154,1748522977,2025-05-29 12:49 UTC,294863,363107,1.26746,5.38807,0.140694,0.203786,1.70879e-05,0.000340844,0.00398616,0.00117916,0.0487726,0.106135,0.213828
155,1748523276,2025-05-29 12:54 UTC,294648,362937,1.24488,5.30472,0.150725,0.214773,1.7702e-05,0.0004008,0.00398611,0.00110959,0.0472754,0.121564,0.237504
156,1748523576,2025-05-29 12:59 UTC,294425,362764,1.22344,5.22137,0.1608,0.225822,1.91491e-05,0.000462562,0.00398606,0.00104258,0.0458013,0.138135,0.262565
157,1748523876,2025-05-29 13:04 UTC,294195,362588,1.20329,5.13829,0.167281,0.232198,1.42879e-05,0.000508186,0.00398606,0.000978254,0.0443555,0.149303,0.277637
158,1748524176,2025-05-29 13:09 UTC,293958,362409,1.18453,5.05552,0.173453,0.238173,1.27269e-05,0.000546418,0.00398606,0.00091653,0.0429379,0.16034,0.292124
159,1748524476,2025-05-29 13:14 UTC,293714,362228,1.16722,4.97306,0.179627,0.244153,1.5368e-05,0.00058477,0.00398606,0.000857289,0.0415486,0.171781,0.306924
160,1748524776,2025-05-29 13:19 UTC,293463,362043,1.15145,4.89092,0.185804,0.250137,1.40326e-05,0.000631166,0.00398611,0.000800429,0.0401875,0.183642,0.322164
161,1748525076,2025-05-29 13:24 UTC,293205,361855,1.13732,4.80913,0.191982,0.256126,1.44622e-05,0.00067252,0.00398611,0.000745823,0.0388547,0.195913,0.337799
162,1748525375,2025-05-29 13:29 UTC,292940,361665,1.12503,4.72798,0.198143,0.2621,1.60989e-05,0.000714127,0.00398616,0.000693518,0.0375544,0.208549,0.35369
163,1748525675,2025-05-29 13:34 UTC,292668,361471,1.11467,4.64694,0.204326,0.268097,1.57745e-05,0.000751095,0.00398606,0.000643025,0.0362779,0.221644,0.370106
164,1748525975,2025-05-29 13:39 UTC,292390,361275,1.10631,4.56629,0.210511,0.274098,1.64149e-05,0.000790439,0.00398611,0.000594393,0.0350298,0.23515,0.38687
165,1748526275,2025-05-29 13:44 UTC,292104,361076,1.09992,4.48608,0.216697,0.280102,1.70223e-05,0.000825309,0.00398606,0.000547574,0.0338098,0.249067,0.404012
166,1748526575,2025-05-29 13:49 UTC,291822,360874,1.09543,4.40631,0.222885,0.28611,1.71233e-05,0.000866557,0.00398601,0.000502638,0.0326181,0.263398,0.421498
167,1748526875,2025-05-29 13:54 UTC,291522,360668,1.09279,4.32701,0.229074,0.292121,1.76632e-05,0.00090177,0.00398596,0.000459828,0.0314547,0.278139,0.439407
168,1748527174,2025-05-29 13:59 UTC,291216,360460,1.09193,4.24848,0.235244,0.298114,1.88112e-05,0.000939149,0.00398601,0.000419739,0.0303233,0.293241,0.457629
169,1748527474,2025-05-29 14:04 UTC,290903,360249,1.09278,4.17021,0.237335,0.299989,8.23527e-06,0.000934075,0.00398606,0.000382901,0.0292162,0.298436,0.463441
170,1748527774,2025-05-29 14:09 UTC,290583,360035,1.09529,4.10382,0.239039,0.301481,6.61769e-06,0.000922797,0.00398611,0.000350612,0.0282935,0.302673,0.468072
171,1748528074,2025-05-29 14:14 UTC,290256,359818,1.09938,4.13301,0.240745,0.302982,9.18002e-06,0.00092211,0.00398611,0.000324545,0.0286974,0.306936,0.472739
172,1748528374,2025-05-29 14:19 UTC,289922,359598,1.10501,4.16225,0.242453,0.305301,5.65342e-06,0.000911122,0.00398611,0.000306809,0.0291049,0.311249,0.479977
173,1748528674,2025-05-29 14:24 UTC,289582,359376,1.11211,4.19154,0.244163,0.307747,6.98701e-06,0.000902994,0.00398621,0.000299529,0.0295159,0.315586,0.487711
174,1748528974,2025-05-29 14:29 UTC,289234,359150,1.12061,4.22087,0.245875,0.310192,6.73175e-06,0.000902788,0.00398621,0.000304281,0.0299305,0.319961,0.495486
175,1748529273,2025-05-29 14:34 UTC,288880,358921,1.13039,4.25015,0.247584,0.31263,5.96799e-06,0.000894533,0.00398635,0.000321349,0.0303472,0.324361,0.50332
176,1748529573,2025-05-29 14:39 UTC,288519,358690,1.14144,4.27957,0.2493,0.315075,6.30234e-06,0.00088828,0.00398635,0.00034997,0.0307688,0.328805,0.511212
177,1748529873,2025-05-29 14:44 UTC,288151,358455,1.15367,4.30903,0.251018,0.317521,6.87889e-06,0.000886708,0.0039863,0.000388534,0.0311939,0.333288,0.519202
178,1748530173,2025-05-29 14:49 UTC,287776,358217,1.16702,4.33854,0.252738,0.319967,6.7688e-06,0.000878804,0.0039863,0.000435356,0.0316225,0.337806,0.527229
179,1748530473,2025-05-29 14:54 UTC,287394,357976,1.18147,4.36808,0.25446,0.322413,2.09753e-05,0.000873658,0.00398635,0.000489001,0.0320547,0.342349,0.535101
180,1748530773,2025-05-29 14:59 UTC,287005,357733,1.19704,4.3997,0.256184,0.324858,1.17521e-05,0.000871066,0.0039864,0.000548445,0.0325204,0.346953,0.543504
181,1748531073,2025-05-29 15:04 UTC,286698,357540,1.17876,4.32004,0.253965,0.322194,7.71512e-06,0.000831214,0.00398635,0.000560596,0.0313534,0.340944,0.534641
182,1748531372,2025-05-29 15:09 UTC,286409,357357,1.15764,4.23026,0.251367,0.319036,1.06262e-05,0.000793711,0.00398635,0.000570798,0.0300638,0.333968,0.524198
183,1748531672,2025-05-29 15:14 UTC,286118,357172,1.137,4.14109,0.248761,0.315866,6.75923e-06,0.000762962,0.0039864,0.000583662,0.0288096,0.327016,0.513806
184,1748531972,2025-05-29 15:19 UTC,285827,356987,1.11696,4.05193,0.246158,0.312697,8.85259e-06,0.000727079,0.00398635,0.000598715,0.0275824,0.320168,0.503593
185,1748532272,2025-05-29 15:24 UTC,285535,356801,1.09756,3.96278,0.243556,0.309528,8.88649e-06,0.000697953,0.00398635,0.000615494,0.0263821,0.313388,0.493472
186,1748532572,2025-05-29 15:29 UTC,285241,356614,1.07881,3.87366,0.240955,0.306359,6.07909e-06,0.000682495,0.0039864,0.000633612,0.0252088,0.306673,0.483374
187,1748532872,2025-05-29 15:34 UTC,284947,356426,1.06075,3.78456,0.238357,0.303195,1.05026e-05,0.000657146,0.00398645,0.000652793,0.0240624,0.300055,0.473457
188,1748533172,2025-05-29 15:39 UTC,284652,356237,1.04339,3.69548,0.235761,0.30004,7.03449e-06,0.000623833,0.00398645,0.000672743,0.022943,0.293491,0.463618
189,1748533471,2025-05-29 15:44 UTC,284355,356046,1.02684,3.60672,0.233175,0.296895,6.12702e-06,0.000605121,0.0039865,0.000693218,0.0218541,0.287031,0.453972
190,1748533771,2025-05-29 15:49 UTC,284057,355855,1.01102,3.51769,0.230583,0.29374,6.93328e-06,0.000582349,0.0039864,0.000714216,0.0207885,0.280633,0.444383
191,1748534071,2025-05-29 15:54 UTC,283759,355663,0.996051,3.42868,0.227993,0.290585,7.20488e-06,0.000563001,0.00398645,0.000735562,0.0197498,0.274309,0.434893
192,1748534371,2025-05-29 15:59 UTC,283459,355470,0.981972,3.3397,0.225405,0.28743,6.25995e-06,0.000538756,0.00398645,0.000757187,0.0187381,0.268055,0.425485
193,1748534671,2025-05-29 16:04 UTC,283158,355276,0.968847,3.25076,0.219874,0.280794,1.38276e-05,0.000507687,0.00398645,0.000779097,0.0177533,0.255093,0.406111
194,1748534971,2025-05-29 16:09 UTC,282855,355081,0.956741,3.19687,0.214029,0.273906,1.4959e-05,0.000472571,0.0039864,0.00080126,0.0171695,0.241737,0.386437
195,1748535271,2025-05-29 16:14 UTC,282542,354885,0.945728,3.16455,0.208185,0.267029,1.26786e-05,0.000447189,0.00398645,0.000823717,0.0168242,0.228738,0.367282
196,1748535570,2025-05-29 16:19 UTC,282237,354688,0.93593,3.13234,0.202363,0.260174,1.34895e-05,0.000418552,0.0039864,0.000846467,0.0164834,0.216154,0.348675
197,1748535870,2025-05-29 16:24 UTC,281931,354489,0.927411,3.10003,0.196523,0.253297,1.35635e-05,0.000387172,0.0039865,0.000869741,0.0161451,0.20389,0.330484
198,1748536170,2025-05-29 16:29 UTC,281624,354290,0.920405,3.06772,0.190684,0.24642,1.27686e-05,0.000363841,0.0039865,0.000893586,0.0158103,0.191989,0.312764
199,1748536470,2025-05-29 16:34 UTC,281315,354090,0.915023,3.03541,0.184849,0.239543,1.33622e-05,0.00034147,0.0039865,0.000918175,0.0154791,0.180457,0.295567
200,1748536770,2025-05-29 16:39 UTC,281005,353889,0.911358,3.00311,0.179015,0.232665,1.16822e-05,0.000316755,0.00398645,0.000943703,0.0151513,0.169286,0.278827
201,1748537070,2025-05-29 16:44 UTC,280694,353686,0.909518,2.9708,0.173184,0.225788,1.12753e-05,0.000293129,0.0039865,0.000970415,0.0148271,0.158483,0.262593
202,1748537369,2025-05-29 16:49 UTC,280381,353483,0.909423,2.93861,0.167376,0.218934,1.14564e-05,0.000273339,0.0039865,0.000998453,0.0145075,0.14808,0.246892
203,1748537669,2025-05-29 16:54 UTC,280067,353278,0.910823,2.90631,0.161551,0.212073,1.10482e-05,0.000252506,0.00398645,0.00102822,0.0141903,0.138006,0.231661
204,1748537969,2025-05-29 16:59 UTC,279752,353073,0.913573,2.87401,0.15573,0.205562,9.69716e-06,0.000235193,0.00398645,0.0010598,0.0138767,0.128294,0.21764
205,1748538269,2025-05-29 17:04 UTC,279435,352867,0.917587,2.88265,0.149022,0.197759,1.11341e-05,0.000212374,0.00398659,0.00109337,0.0139603,0.117553,0.201447
206,1748538569,2025-05-29 17:09 UTC,279116,352659,0.922841,2.90974,0.142217,0.189816,1.14427e-05,0.000192296,0.00398655,0.00112904,0.0142239,0.10714,0.185593
207,1748538869,2025-05-29 17:14 UTC,278797,352450,0.929287,2.93978,0.13542,0.182026,1.00209e-05,0.000178244,0.00398655,0.00116693,0.0145191,0.0972214,0.170674
208,1748539169,2025-05-29 17:19 UTC,278475,352241,0.936841,2.97267,0.128632,0.174869,1.00183e-05,0.000157305,0.00398655,0.00120715,0.0148458,0.0878037,0.157518
209,1748539468,2025-05-29 17:24 UTC,278153,352030,0.945414,3.00821,0.121878,0.167738,1.00875e-05,0.000137605,0.00398659,0.00124963,0.0152029,0.0789136,0.144935
210,1748539768,2025-05-29 17:29 UTC,277829,351819,0.955019,3.04653,0.115115,0.160583,9.2389e-06,0.000124668,0.00398659,0.00129473,0.0155927,0.0704896,0.132828
211,1748540068,2025-05-29 17:34 UTC,277503,351606,0.965597,3.08742,0.108368,0.15343,8.45354e-06,0.000106762,0.00398655,0.00134238,0.016014,0.0625645,0.121261
212,1748540368,2025-05-29 17:39 UTC,277176,351392,0.977119,3.13078,0.10164,0.146277,8.02383e-06,9.46972e-05,0.00398655,0.00139264,0.016467,0.0551376,0.110222
213,1748540668,2025-05-29 17:44 UTC,276847,351177,0.98956,3.1765,0.0949369,0.139126,7.54128e-06,8.33693e-05,0.00398655,0.00144555,0.0169515,0.0482086,0.0997029
214,1748540968,2025-05-29 17:49 UTC,276517,350961,1.00289,3.22449,0.0882643,0.131977,7.0489e-06,7.12494e-05,0.00398659,0.00150116,0.0174676,0.0417775,0.0897211
215,1748541268,2025-05-29 17:54 UTC,276185,350744,1.01708,3.27465,0.081631,0.124829,7.2746e-06,5.96069e-05,0.00398659,0.0015595,0.0180152,0.0358444,0.0802653
216,1748541567,2025-05-29 17:59 UTC,275852,350526,1.03205,3.3267,0.0750713,0.117707,5.80413e-06,5.03845e-05,0.00398659,0.00162038,0.0185925,0.0304245,0.0713695
217,1748541867,2025-05-29 18:04 UTC,275647,350354,1.02629,3.33391,0.0697582,0.111529,5.44662e-06,4.25223e-05,0.00398659,0.00160994,0.0186731,0.0263368,0.0640743
218,1748542167,2025-05-29 18:09 UTC,275474,350193,1.01829,3.33547,0.0646214,0.105482,3.59667e-05,0.0004329,0.00398659,0.00159084,0.0186906,0.0226615,0.057264
219,1748542467,2025-05-29 18:14 UTC,275306,350031,1.01072,3.3371,0.0595165,0.0994385,2.56987e-05,0.000200196,0.00398878,0.00157217,0.0187089,0.0192911,0.0509033
220,1748542767,2025-05-29 18:19 UTC,275143,349870,1.00358,3.33878,0.0544533,0.0933975,1.71963e-05,5.95521e-05,0.00398878,0.00155395,0.0187277,0.0162167,0.044918
221,1748543067,2025-05-29 18:24 UTC,274984,349709,0.996901,3.34053,0.0494456,0.0873601,1.34747e-05,4.93044e-05,0.00398878,0.00153616,0.0187473,0.0134394,0.0392912
222,1748543367,2025-05-29 18:29 UTC,274830,349548,0.990693,3.34233,0.0445143,0.081327,1.16648e-05,4.15455e-05,0.00398878,0.00151886,0.0187676,0.0109622,0.0340748
223,1748543666,2025-05-29 18:34 UTC,274680,349387,0.985009,3.34419,0.0397067,0.0753467,1.19592e-05,7.1406e-05,0.00398878,0.0015021,0.0187885,0.00878768,0.0292473
224,1748543966,2025-05-29 18:39 UTC,274535,349226,0.979854,3.34612,0.0350396,0.0699385,9.98092e-06,4.00804e-05,0.00398878,0.00148581,0.0188102,0.00690228,0.0251959
225,1748544266,2025-05-29 18:44 UTC,274394,349065,0.975328,3.34811,0.0306079,0.0645472,8.44281e-06,2.27822e-05,0.00398878,0.00147006,0.0188325,0.0053088,0.0214684
226,1748544566,2025-05-29 18:49 UTC,274258,348905,0.971481,3.35015,0.0265365,0.0592264,7.10766e-06,2.42049e-05,0.00398878,0.00145492,0.0188555,0.00400353,0.0180637
227,1748544866,2025-05-29 18:54 UTC,274126,348745,0.968313,3.35226,0.0230189,0.0542585,6.63842e-06,2.17327e-05,0.00398882,0.00144042,0.0188793,0.00297827,0.0151652
228,1748545166,2025-05-29 18:59 UTC,273998,348585,0.96585,3.35443,0.0203315,0.0494898,6.86669e-06,2.4237e-05,0.00398882,0.00142663,0.0189037,0.00222142,0.0126189
229,1748545465,2025-05-29 19:04 UTC,273874,348425,0.964123,3.35665,0.0191976,0.0472306,5.59509e-06,1.89559e-05,0.00398882,0.00141364,0.0189287,0.00192708,0.0114911
230,1748545765,2025-05-29 19:09 UTC,273754,348265,0.963063,3.35893,0.0183929,0.0452819,5.28355e-06,2.05823e-05,0.00398882,0.00140145,0.0189545,0.00171274,0.0105651
231,1748546065,2025-05-29 19:14 UTC,273638,348105,0.962617,3.36128,0.0178582,0.0433473,5.00672e-06,1.6652e-05,0.00398882,0.00139014,0.018981,0.00154199,0.00967753
232,1748546365,2025-05-29 19:19 UTC,273526,347946,0.962737,3.36368,0.0176262,0.041429,5.01211e-06,2.03528e-05,0.00398887,0.00137975,0.0190081,0.00141691,0.00883952
233,1748546665,2025-05-29 19:24 UTC,273418,347786,0.963384,3.36615,0.0176945,0.0395291,4.47494e-06,1.59115e-05,0.00398887,0.00137031,0.019036,0.0013418,0.00804991
234,1748546965,2025-05-29 19:29 UTC,273313,347627,0.964523,3.36867,0.0180239,0.0376506,4.2455e-06,1.50201e-05,0.00398887,0.00136185,0.0190645,0.0013238,0.00730116
235,1748547265,2025-05-29 19:34 UTC,273212,347468,0.966127,3.37125,0.0185755,0.03672,3.9245e-06,1.21308e-05,0.00398887,0.00135438,0.0190938,0.00137013,0.00694398
236,1748547564,2025-05-29 19:39 UTC,273115,347309,0.968166,3.37388,0.0193115,0.0381154,3.64387e-06,1.28871e-05,0.00398887,0.00134795,0.0191236,0.00148319,0.00748195
237,1748547864,2025-05-29 19:44 UTC,273022,347150,0.970638,3.37658,0.0202078,0.0395944,3.22455e-06,1.00203e-05,0.00398887,0.00134253,0.0191542,0.00166293,0.0080737
238,1748548164,2025-05-29 19:49 UTC,272932,346991,0.973523,3.37934,0.0212395,0.0411439,2.63319e-06,8.36811e-06,0.00398887,0.00133815,0.0191855,0.00190401,0.00871794
239,1748548464,2025-05-29 19:54 UTC,272846,346832,0.976809,3.38216,0.0223891,0.0427561,2.99409e-06,8.9263e-06,0.00398887,0.00133484,0.0192175,0.00220097,0.00941471
240,1748548764,2025-05-29 19:59 UTC,272763,346673,0.980483,3.38503,0.0236428,0.0444244,2.4744e-06,8.91889e-06,0.00398887,0.00133261,0.0192502,0.00255006,0.0101637
241,1748549064,2025-05-29 20:04 UTC,272683,346515,0.984538,3.38796,0.0227871,0.0419768,2.48394e-06,7.90416e-06,0.00398887,0.00133148,0.0192835,0.00232426,0.00907461
242,1748549364,2025-05-29 20:09 UTC,272607,346356,0.988964,3.39095,0.0217059,0.0389841,2.21669e-06,7.87382e-06,0.00398887,0.00133146,0.0193176,0.0020512,0.00782676
243,1748549663,2025-05-29 20:14 UTC,272534,346198,0.99373,3.39399,0.0207107,0.0360275,2.12824e-06,6.4071e-06,0.00398887,0.00133257,0.0193522,0.00181747,0.00668454
244,1748549963,2025-05-29 20:19 UTC,272464,346040,0.998853,3.3971,0.0198066,0.0330944,2.01054e-06,6.41851e-06,0.00398887,0.00133483,0.0193877,0.00162408,0.00564047
245,1748550263,2025-05-29 20:24 UTC,272398,345882,1.0043,3.40026,0.0190114,0.0347642,1.68592e-06,4.70521e-06,0.00398887,0.00133825,0.0194238,0.00147489,0.00622342
246,1748550563,2025-05-29 20:29 UTC,272335,345723,1.01005,3.40348,0.0183427,0.0364825,2.26647e-06,1.09473e-05,0.00398887,0.00134283,0.0194606,0.0013721,0.00685327
247,1748550863,2025-05-29 20:34 UTC,272275,345565,1.01611,3.45399,0.0178206,0.0382252,1.67879e-06,5.17212e-06,0.00398887,0.0013486,0.0200424,0.0013173,0.0075258
248,1748551163,2025-05-29 20:39 UTC,272217,345408,1.02244,3.50575,0.0174661,0.0399891,2.99004e-06,1.9134e-05,0.00398887,0.00135554,0.0206476,0.00130963,0.00823502
249,1748551463,2025-05-29 20:44 UTC,272163,345250,1.02905,3.55759,0.0173002,0.0418071,2.01181e-06,6.42513e-06,0.00398887,0.00136366,0.0212628,0.00134629,0.00900128
250,1748551762,2025-05-29 20:49 UTC,272112,345092,1.03589,3.60933,0.0173409,0.0436856,1.57368e-06,5.16556e-06,0.00398882,0.00137294,0.0218859,0.00142378,0.0098293
251,1748552062,2025-05-29 20:54 UTC,272064,344934,1.043,3.66133,0.0175958,0.0456146,1.65745e-06,5.74473e-06,0.00398882,0.00138344,0.0225209,0.00153909,0.0107148
252,1748552362,2025-05-29 20:59 UTC,272018,344777,1.05036,3.71339,0.0180584,0.0475556,1.36722e-06,5.7054e-06,0.00398882,0.00139511,0.023166,0.00169048,0.0116461
253,1748552662,2025-05-29 21:04 UTC,272081,344832,1.0544,3.70598,0.0198745,0.0528296,1.83488e-06,6.46397e-06,0.00398882,0.00140652,0.0230736,0.00227312,0.0143718
254,1748552962,2025-05-29 21:09 UTC,272170,344931,1.05847,3.68998,0.0231254,0.0586444,1.85108e-06,6.62419e-06,0.00398878,0.00141883,0.0228748,0.0031998,0.0177103
255,1748553262,2025-05-29 21:14 UTC,272265,345031,1.06313,3.67402,0.0273158,0.0645052,2.35721e-06,7.15732e-06,0.00398878,0.00143227,0.0226773,0.00444458,0.0214247
256,1748553562,2025-05-29 21:19 UTC,272366,345132,1.06836,3.6581,0.0320724,0.0704006,2.58737e-06,1.03575e-05,0.00398878,0.00144686,0.0224812,0.00602461,0.025519
257,1748553861,2025-05-29 21:24 UTC,272474,345234,1.07414,3.64227,0.0371408,0.0763028,2.75405e-06,1.23924e-05,0.00398878,0.00146257,0.0222871,0.0079418,0.0299768
258,1748554161,2025-05-29 21:29 UTC,272587,345338,1.08051,3.62643,0.0424234,0.0822455,3.45727e-06,1.18298e-05,0.00398878,0.00147952,0.0220937,0.0102132,0.0348307
259,1748554461,2025-05-29 21:34 UTC,272707,345442,1.08745,3.61063,0.0478302,0.0882511,3.77784e-06,2.41971e-05,0.00398878,0.00149768,0.0219016,0.0128352,0.0401011
260,1748554761,2025-05-29 21:39 UTC,272831,345548,1.09496,3.60162,0.0533194,0.0943318,4.05759e-06,2.07774e-05,0.00398878,0.00151704,0.0217924,0.0158089,0.0458161
261,1748555061,2025-05-29 21:44 UTC,272962,345655,1.10303,3.66754,0.0588655,0.100745,4.24433e-06,2.69439e-05,0.00398878,0.00153761,0.0225974,0.0191349,0.0522584
262,1748555361,2025-05-29 21:49 UTC,273098,345763,1.11166,3.74455,0.0644527,0.107548,4.78935e-06,3.26234e-05,0.00398878,0.0015594,0.0235564,0.0228132,0.059553
263,1748555660,2025-05-29 21:54 UTC,273239,345873,1.1208,3.82557,0.0700514,0.11435,5.18447e-06,4.23753e-05,0.00398882,0.00158233,0.0245868,0.0268303,0.0673237
264,1748555960,2025-05-29 21:59 UTC,273386,345984,1.13052,3.90714,0.0756921,0.121179,5.49743e-06,5.19532e-05,0.00398882,0.00160653,0.0256464,0.0312133,0.0756053
265,1748556260,2025-05-29 22:04 UTC,273538,346095,1.14076,3.98895,0.0835043,0.130451,7.96764e-06,5.92031e-05,0.00398878,0.00163193,0.0267317,0.037859,0.0876121
266,1748556560,2025-05-29 22:09 UTC,273695,346209,1.1515,4.07101,0.0917289,0.140251,9.26114e-06,7.83464e-05,0.00398873,0.00165854,0.0278429,0.0455502,0.101272
267,1748556860,2025-05-29 22:14 UTC,273857,346323,1.16274,4.15329,0.100016,0.150174,1.00562e-05,9.2207e-05,0.00398878,0.00168635,0.0289797,0.0540214,0.11611
268,1748557160,2025-05-29 22:19 UTC,274024,346439,1.17443,4.23579,0.108351,0.160146,1.07569e-05,0.000109479,0.00398873,0.00171536,0.0301424,0.0632737,0.132038
269,1748557460,2025-05-29 22:24 UTC,274196,346555,1.18657,4.31848,0.11672,0.170152,1.21957e-05,0.000123897,0.00398868,0.00174556,0.0313308,0.0733062,0.14906
270,1748557759,2025-05-29 22:29 UTC,274372,346672,1.19906,4.40109,0.125089,0.180128,1.25093e-05,0.000146121,0.00398868,0.00177689,0.0325408,0.0840844,0.167044
271,1748558059,2025-05-29 22:34 UTC,274553,346791,1.21198,4.48414,0.133508,0.190139,1.39309e-05,0.000168176,0.00398868,0.00180954,0.0337807,0.0956782,0.18613
272,1748558359,2025-05-29 22:39 UTC,274738,346911,1.22524,4.56737,0.141944,0.200185,1.39895e-05,0.000185519,0.00398868,0.00184347,0.0350463,0.108056,0.206323
273,1748558659,2025-05-29 22:44 UTC,274928,347032,1.23883,4.65076,0.150395,0.210251,1.49104e-05,0.000209381,0.00398868,0.00187868,0.0363377,0.121214,0.227586
274,1748558959,2025-05-29 22:49 UTC,275123,347154,1.25273,4.7343,0.158857,0.220319,1.62307e-05,0.000228312,0.00398868,0.00191524,0.0376548,0.135155,0.249906
275,1748559259,2025-05-29 22:54 UTC,275322,347277,1.2669,4.81798,0.167329,0.230387,1.70705e-05,0.000256121,0.00398863,0.00195317,0.0389977,0.149879,0.273271
276,1748559559,2025-05-29 22:59 UTC,275525,347401,1.28134,4.9018,0.17581,0.240474,1.76443e-05,0.000273236,0.00398858,0.00199254,0.0403664,0.165386,0.297731
277,1748559858,2025-05-29 23:04 UTC,275732,347526,1.29598,4.98546,0.184485,0.250715,1.92235e-05,0.00030743,0.00398858,0.00203324,0.0417561,0.182021,0.323614
278,1748560158,2025-05-29 23:09 UTC,275943,347653,1.31091,5.06953,0.193242,0.261129,2.03925e-05,0.000337652,0.00398868,0.00207562,0.0431763,0.199621,0.351085
279,1748560458,2025-05-29 23:14 UTC,276158,347780,1.32606,5.15372,0.202016,0.271657,2.12429e-05,0.000355563,0.00398878,0.00211958,0.0446221,0.218068,0.379923
280,1748560758,2025-05-29 23:19 UTC,276378,347909,1.34142,5.23801,0.210805,0.282283,2.17778e-05,0.000386653,0.00398892,0.00216519,0.0460938,0.237366,0.410243
281,1748561058,2025-05-29 23:24 UTC,276610,348038,1.35699,5.32241,0.219606,0.29291,2.31583e-05,0.000412062,0.00398887,0.00221248,0.0475912,0.257512,0.44171
282,1748561358,2025-05-29 23:29 UTC,276837,348169,1.37275,5.40692,0.228419,0.303537,2.408e-05,0.000443425,0.00398873,0.00226151,0.0491144,0.278509,0.474323
283,1748561658,2025-05-29 23:34 UTC,277068,348301,1.38871,5.49151,0.237242,0.314164,2.68098e-05,0.000492388,0.00398878,0.00231232,0.0506633,0.300354,0.508185
284,1748561957,2025-05-29 23:39 UTC,277302,348433,1.40478,5.57592,0.246044,0.324906,2.69284e-05,0.000511101,0.00398887,0.00236479,0.0522326,0.322977,0.543547
285,1748562257,2025-05-29 23:44 UTC,277541,348567,1.42109,5.6633,0.254883,0.335795,2.87701e-05,0.000540224,0.00398892,0.00241931,0.0538827,0.346512,0.580561
286,1748562557,2025-05-29 23:49 UTC,277782,348702,1.43756,5.75501,0.263728,0.346686,2.96862e-05,0.000560196,0.00398907,0.00247575,0.0556418,0.370907,0.618855
287,1748562857,2025-05-29 23:54 UTC,278028,348838,1.45418,5.86258,0.27258,0.357583,3.10905e-05,0.000598775,0.00398912,0.00253414,0.0577414,0.396147,0.658286
288,1748563157,2025-05-29 23:59 UTC,278277,348975,1.47095,6.00841,0.281438,0.368486,3.36757e-05,0.000639472,0.00398902,0.00259452,0.0606497,0.422238,0.699031
289,1748563457,2025-05-30 00:04 UTC,278524,349039,1.47248,6.01744,0.288015,0.376953,2.64228e-05,0.000638259,0.00398892,0.00262137,0.0608321,0.442125,0.731574
290,1748563756,2025-05-30 00:09 UTC,278775,349091,1.47168,6.00363,0.294192,0.384986,2.30736e-05,0.000652686,0.00398887,0.00264374,0.0605532,0.461186,0.763185
291,1748564056,2025-05-30 00:14 UTC,279028,349142,1.47115,5.98977,0.300392,0.393047,2.48307e-05,0.000662074,0.00398892,0.00266767,0.060274,0.480709,0.795503
292,1748564356,2025-05-30 00:19 UTC,279285,349195,1.4709,5.97591,0.306594,0.401107,2.49627e-05,0.00069408,0.00398897,0.00269305,0.0599953,0.50065,0.828438
293,1748564656,2025-05-30 00:24 UTC,279546,349248,1.47094,5.96206,0.312797,0.409167,2.79478e-05,0.000718606,0.00398897,0.00271984,0.0597177,0.521005,0.862011
294,1748564956,2025-05-30 00:29 UTC,279809,349302,1.47129,5.94821,0.319002,0.417228,2.79464e-05,0.000723134,0.00398912,0.00274803,0.0594406,0.541759,0.89625
295,1748565256,2025-05-30 00:34 UTC,280076,349356,1.47195,5.93435,0.325209,0.425288,2.62708e-05,0.000748163,0.00398926,0.00277761,0.0591637,0.562943,0.931254
296,1748565556,2025-05-30 00:39 UTC,280346,349411,1.47293,5.9205,0.331417,0.433348,2.93011e-05,0.000763378,0.00398945,0.00280852,0.0588879,0.584519,0.966936
297,1748565855,2025-05-30 00:44 UTC,280619,349467,1.47423,5.90669,0.337606,0.441382,2.84922e-05,0.000781431,0.0039895,0.00284068,0.0586138,0.606448,1.00309
298,1748566155,2025-05-30 00:49 UTC,280895,349523,1.47587,5.89779,0.343818,0.449443,3.00515e-05,0.00080775,0.00398941,0.00287428,0.058437,0.628865,1.04004
299,1748566455,2025-05-30 00:54 UTC,281174,349580,1.47783,5.89326,0.35003,0.457506,2.90061e-05,0.000785002,0.0039895,0.00290918,0.0583472,0.651687,1.07773
300,1748566755,2025-05-30 00:59 UTC,281456,349637,1.48014,5.88873,0.356244,0.465642,0.000187332,0.000885344,0.00402054,0.00294536,0.0582575,0.674886,1.11641
301,1748567055,2025-05-30 01:04 UTC,281742,349695,1.48281,5.88422,0.358532,0.469316,5.4046e-05,0.000753489,0.00402063,0.00298305,0.0581685,0.683644,1.13425
302,1748567355,2025-05-30 01:09 UTC,282029,349754,1.48583,5.87971,0.360128,0.472203,3.49441e-05,0.000785606,0.00402059,0.00302185,0.0580793,0.689583,1.14821
303,1748567655,2025-05-30 01:14 UTC,282320,349813,1.48923,5.87522,0.361724,0.475089,2.85688e-05,0.000791056,0.00402068,0.00306204,0.0579905,0.695603,1.16219
304,1748567954,2025-05-30 01:19 UTC,282614,349872,1.49301,5.87075,0.363315,0.477967,2.03899e-05,0.000805053,0.00402063,0.00310343,0.0579023,0.701679,1.17638
305,1748568254,2025-05-30 01:24 UTC,282910,349933,1.4972,5.86627,0.364911,0.480854,3.37584e-05,0.000822318,0.00402277,0.0031462,0.057814,0.707682,1.19068
306,1748568554,2025-05-30 01:29 UTC,283209,349994,1.5018,5.8618,0.366508,0.483741,1.60517e-05,0.00078293,0.00402282,0.00319045,0.0577261,0.71389,1.20501
307,1748568854,2025-05-30 01:34 UTC,283511,350055,1.50683,5.85734,0.368104,0.486628,2.34879e-05,0.000803961,0.00402277,0.00323598,0.0576382,0.720017,1.21947
308,1748569154,2025-05-30 01:39 UTC,283815,350117,1.51227,5.85289,0.369701,0.489515,1.4777e-05,0.00077324,0.00402286,0.00328289,0.0575506,0.726197,1.234
309,1748569454,2025-05-30 01:44 UTC,284122,350180,1.51814,5.84845,0.371298,0.492403,1.23065e-05,0.000766038,0.00402286,0.00333121,0.0574634,0.732431,1.2486
310,1748569754,2025-05-30 01:49 UTC,284370,350230,1.52442,5.84403,0.372894,0.49529,1.4132e-05,0.000765007,0.00402495,0.00338092,0.0573764,0.738699,1.26324
311,1748570053,2025-05-30 01:54 UTC,284682,350294,1.53109,5.83962,0.374486,0.498169,1.24167e-05,0.000774002,0.004025,0.00343184,0.05729,0.744938,1.27802
312,1748570353,2025-05-30 01:59 UTC,284996,350358,1.53821,5.83521,0.376083,0.501056,1.05107e-05,0.000762553,0.00402495,0.00348435,0.0572035,0.751258,1.2928
313,1748570653,2025-05-30 02:04 UTC,285313,350423,1.54575,5.84448,0.373364,0.498348,1.44405e-05,0.000734591,0.004025,0.00353833,0.0573853,0.740439,1.27919
314,1748570953,2025-05-30 02:09 UTC,285632,350488,1.55371,5.86048,0.369843,0.4946,1.59355e-05,0.000712299,0.004025,0.00359369,0.0576999,0.726463,1.25993
315,1748571253,2025-05-30 02:14 UTC,285953,350554,1.56208,5.87648,0.366324,0.490854,1.43313e-05,0.000699077,0.00402509,0.0036505,0.0580154,0.712613,1.24093
316,1748571553,2025-05-30 02:19 UTC,286277,350620,1.57085,5.89248,0.362804,0.487108,1.3421e-05,0.000652195,0.00402509,0.00370872,0.0583318,0.698903,1.22207
317,1748571852,2025-05-30 02:24 UTC,286603,350687,1.57998,5.90843,0.359297,0.483375,1.47803e-05,0.000640409,0.00402509,0.00376822,0.0586481,0.685385,1.20341
318,1748572152,2025-05-30 02:29 UTC,286932,350755,1.58953,5.92444,0.355779,0.47963,1.27758e-05,0.000625231,0.00402509,0.00382933,0.0589663,0.671947,1.18485
319,1748572452,2025-05-30 02:34 UTC,287262,350823,1.59944,5.94045,0.352261,0.475887,1.40016e-05,0.000608561,0.004025,0.00389191,0.0592854,0.658656,1.16644
320,1748572752,2025-05-30 02:39 UTC,287595,350892,1.60973,5.95646,0.348744,0.472144,1.53435e-05,0.000579659,0.00402505,0.00395592,0.0596054,0.645505,1.14816
321,1748573052,2025-05-30 02:44 UTC,287931,350961,1.62037,5.97303,0.345227,0.468402,1.42719e-05,0.000564533,0.00402509,0.00402138,0.0599376,0.632481,1.13004
322,1748573352,2025-05-30 02:49 UTC,288268,351030,1.63134,5.99032,0.341711,0.46466,1.50389e-05,0.000545157,0.00402514,0.00408828,0.060285,0.619601,1.11204
323,1748573652,2025-05-30 02:54 UTC,288608,351101,1.64264,6.0076,0.338196,0.46092,1.46252e-05,0.000533541,0.00402514,0.00415664,0.0606334,0.606854,1.09423
324,1748573951,2025-05-30 02:59 UTC,288950,351172,1.6542,6.02483,0.334693,0.457193,1.32293e-05,0.000512915,0.00402529,0.0042262,0.0609817,0.594283,1.07658
325,1748574251,2025-05-30 03:04 UTC,289273,351235,1.65907,5.99343,0.327184,0.448117,2.85689e-05,0.000476481,0.00402539,0.00422493,0.0603476,0.567903,1.03444
326,1748574551,2025-05-30 03:09 UTC,289584,351295,1.66294,5.95252,0.318897,0.438001,3.1883e-05,0.000454397,0.00402514,0.00421276,0.0595266,0.539435,0.988231
327,1748574851,2025-05-30 03:14 UTC,289894,351355,1.66718,5.9118,0.310611,0.427888,2.98187e-05,0.000427712,0.004025,0.00420405,0.058715,0.51169,0.943142
328,1748575151,2025-05-30 03:19 UTC,290203,351416,1.6718,5.87794,0.302329,0.417776,2.82157e-05,0.000391225,0.00402495,0.00419883,0.0580444,0.484683,0.899059
329,1748575451,2025-05-30 03:24 UTC,290511,351477,1.67683,5.84895,0.294048,0.407666,2.84761e-05,0.000362978,0.00402495,0.00419708,0.0574731,0.458419,0.856071
330,1748575751,2025-05-30 03:29 UTC,290818,351538,1.68227,5.81995,0.285771,0.397559,2.6751e-05,0.000344161,0.00402476,0.00419881,0.0569047,0.432888,0.814177
331,1748576050,2025-05-30 03:34 UTC,291124,351599,1.68811,5.81006,0.277524,0.387488,2.78257e-05,0.000326251,0.00402485,0.00420402,0.0567114,0.408184,0.773445
332,1748576350,2025-05-30 03:39 UTC,291429,351661,1.6944,5.82233,0.269252,0.377395,2.67069e-05,0.000301097,0.004025,0.00421272,0.0569512,0.384127,0.733675
333,1748576650,2025-05-30 03:44 UTC,291734,351723,1.70111,5.83467,0.260985,0.367408,2.6372e-05,0.000279728,0.00402495,0.0042249,0.0571927,0.36081,0.695358
334,1748576950,2025-05-30 03:49 UTC,292038,351785,1.70827,5.85663,0.252721,0.357423,2.6255e-05,0.000261766,0.0040249,0.00424056,0.0576241,0.338231,0.658088
335,1748577250,2025-05-30 03:54 UTC,292341,351848,1.71588,5.88973,0.244461,0.347442,2.60409e-05,0.000275186,0.0040249,0.0042597,0.0582775,0.316389,0.621837
336,1748577550,2025-05-30 03:59 UTC,292643,351911,1.72394,5.92291,0.236207,0.337464,2.32671e-05,0.000248542,0.00402495,0.00428228,0.0589359,0.295279,0.586633
337,1748577850,2025-05-30 04:04 UTC,292945,351974,1.73242,5.95609,0.224866,0.323614,3.07033e-05,0.000218388,0.00402476,0.00430836,0.059598,0.267637,0.539535
338,1748578149,2025-05-30 04:09 UTC,293246,352038,1.7413,5.98917,0.212951,0.309043,3.17363e-05,0.000199976,0.0040249,0.00433775,0.0602619,0.240064,0.492026
339,1748578449,2025-05-30 04:14 UTC,293547,352102,1.75062,6.02238,0.201,0.294429,2.89171e-05,0.000173357,0.0040249,0.00437064,0.0609319,0.213911,0.446584
340,1748578749,2025-05-30 04:19 UTC,293847,352166,1.76036,6.05559,0.189053,0.279822,2.60495e-05,0.000156532,0.0040248,0.00440695,0.0616058,0.189281,0.403377
341,1748579049,2025-05-30 04:24 UTC,294137,352230,1.77051,6.0888,0.177113,0.265223,2.51299e-05,0.000142485,0.00402476,0.00444665,0.0622836,0.166178,0.362395
342,1748579349,2025-05-30 04:29 UTC,294436,352295,1.78106,6.12203,0.165179,0.250634,2.28002e-05,0.000120479,0.00402471,0.00448972,0.0629653,0.144595,0.323605
343,1748579649,2025-05-30 04:34 UTC,294735,352360,1.79202,6.15527,0.153254,0.236057,2.27982e-05,9.50696e-05,0.00402466,0.00453616,0.0636506,0.12454,0.287076
344,1748579949,2025-05-30 04:39 UTC,295033,352426,1.80337,6.18851,0.14134,0.221493,2.11529e-05,8.23017e-05,0.00402471,0.00458592,0.06434,0.106004,0.252733
345,1748580248,2025-05-30 04:44 UTC,295332,352492,1.81508,6.22165,0.129479,0.206994,1.96345e-05,7.78057e-05,0.00402476,0.00463881,0.0650311,0.0890465,0.220729
346,1748580548,2025-05-30 04:49 UTC,295629,352558,1.82724,6.25491,0.117597,0.192467,1.89457e-05,5.90923e-05,0.0040248,0.00469514,0.0657281,0.073554,0.190844
347,1748580848,2025-05-30 04:54 UTC,295927,352624,1.83979,6.28817,0.105739,0.177965,1.76928e-05,4.83591e-05,0.00402485,0.00475471,0.0664291,0.0595842,0.163168
348,1748581148,2025-05-30 04:59 UTC,296224,352691,1.8527,6.32145,0.093916,0.163496,1.29036e-05,8.92574e-05,0.00402495,0.00481745,0.067134,0.0471345,0.137708
349,1748581448,2025-05-30 05:04 UTC,296521,352758,1.86598,6.35473,0.0808916,0.147427,1.43619e-05,4.22063e-05,0.004025,0.00488339,0.0678427,0.0352129,0.111974
350,1748581748,2025-05-30 05:09 UTC,296818,352825,1.87959,6.38802,0.0676701,0.131237,1.17891e-05,3.3314e-05,0.004025,0.00495244,0.0685553,0.0249566,0.0887308
351,1748582047,2025-05-30 05:14 UTC,297115,352893,1.89349,6.4212,0.0546065,0.115292,8.71729e-06,2.99819e-05,0.00402505,0.00502432,0.0692695,0.0166388,0.0684792
352,1748582347,2025-05-30 05:19 UTC,297412,352961,1.90774,6.4545,0.0417533,0.0994926,6.97744e-06,2.43387e-05,0.004025,0.00509949,0.0699899,0.0102002,0.0509973
353,1748582647,2025-05-30 05:24 UTC,297708,353029,1.9223,6.48781,0.0298909,0.0840176,5.58785e-06,2.17135e-05,0.00402495,0.00517769,0.0707141,0.00561634,0.0363693
354,1748582947,2025-05-30 05:29 UTC,298004,353098,1.93714,6.52113,0.0216641,0.0692292,3.47164e-06,1.38101e-05,0.00402495,0.00525886,0.0714422,0.00257255,0.0246881
355,1748583247,2025-05-30 05:34 UTC,298300,353167,1.95226,6.55445,0.0189259,0.0555602,4.02011e-06,4.7127e-05,0.00402495,0.00534301,0.0721742,0.00117877,0.015903
356,1748583547,2025-05-30 05:39 UTC,298596,353236,1.96765,6.58778,0.023207,0.0601547,3.69567e-06,1.02282e-05,0.00402495,0.00543008,0.0729101,0.00277986,0.0186323
357,1748583847,2025-05-30 05:44 UTC,298892,353305,1.98329,6.62112,0.0328786,0.0768463,5.24139e-06,2.64004e-05,0.00402495,0.00552006,0.0736499,0.00613795,0.0304106
358,1748584146,2025-05-30 05:49 UTC,299188,353375,1.99913,6.65435,0.0445755,0.093582,7.60621e-06,2.91809e-05,0.00402495,0.0056126,0.0743911,0.0112171,0.0450847
359,1748584446,2025-05-30 05:54 UTC,299484,353445,2.01525,6.6877,0.0571445,0.110428,8.65777e-06,3.22791e-05,0.00402495,0.00570829,0.0751386,0.0181651,0.062784
360,1748584746,2025-05-30 05:59 UTC,299780,353516,2.03161,6.72106,0.0700821,0.127307,1.01367e-05,5.83478e-05,0.004025,0.0058068,0.0758899,0.0270031,0.0834448
361,1748585046,2025-05-30 06:04 UTC,300052,353562,2.02605,6.72318,0.0819559,0.141622,1.18547e-05,8.2754e-05,0.00402505,0.00577732,0.0759378,0.0365937,0.103266
362,1748585346,2025-05-30 06:09 UTC,300309,353595,2.01571,6.71846,0.0936483,0.155372,1.33176e-05,0.00011371,0.00402509,0.00571993,0.0758313,0.0474671,0.124294
363,1748585646,2025-05-30 06:14 UTC,300561,353627,2.00546,6.71377,0.105398,0.169124,1.41305e-05,0.000154559,0.00402509,0.00566315,0.0757254,0.0598416,0.147275
364,1748585946,2025-05-30 06:19 UTC,300810,353658,1.99528,6.70909,0.117185,0.182877,1.66051e-05,0.000197158,0.00402524,0.00560699,0.0756201,0.0737156,0.172191
365,1748586245,2025-05-30 06:24 UTC,301055,353689,1.98522,6.70446,0.12896,0.196584,1.84523e-05,0.00024602,0.00402524,0.00555162,0.0755157,0.0890381,0.198982
366,1748586545,2025-05-30 06:29 UTC,301296,353718,1.97521,6.69984,0.140794,0.210507,2.05448e-05,0.000294584,0.00402524,0.00549667,0.0754115,0.105911,0.228173
367,1748586845,2025-05-30 06:34 UTC,301534,353746,1.96528,6.69523,0.152642,0.224509,2.27986e-05,0.000363217,0.00402524,0.00544234,0.0753079,0.124286,0.259537
368,1748587145,2025-05-30 06:39 UTC,301768,353774,1.95544,6.69065,0.164501,0.238537,3.69675e-05,0.000345538,0.00402534,0.00538866,0.0752049,0.144153,0.292872
369,1748587445,2025-05-30 06:44 UTC,301999,353801,1.94568,6.6861,0.176369,0.252578,2.70599e-05,0.000387415,0.00402539,0.00533551,0.0751024,0.165546,0.328445
370,1748587745,2025-05-30 06:49 UTC,302227,353827,1.936,6.68156,0.188243,0.26662,3.1702e-05,0.000444947,0.00402534,0.00528305,0.0750007,0.188423,0.365939
371,1748588045,2025-05-30 06:54 UTC,302451,353852,1.92641,6.67705,0.200124,0.280661,2.88995e-05,0.000500988,0.00402548,0.00523115,0.0748996,0.212818,0.405552
372,1748588344,2025-05-30 06:59 UTC,302672,353877,1.91694,6.67258,0.211969,0.294657,3.04659e-05,0.000529631,0.00402543,0.00518006,0.0747992,0.238619,0.447043
373,1748588644,2025-05-30 07:04 UTC,302891,353965,1.90753,6.66812,0.220649,0.303777,2.53772e-05,0.000573807,0.00402553,0.00512939,0.0746992,0.258481,0.475071
374,1748588944,2025-05-30 07:09 UTC,303106,354197,1.8982,6.66368,0.228596,0.311767,2.28928e-05,0.000613151,0.00402548,0.00507934,0.0745996,0.277365,0.500457
375,1748589244,2025-05-30 07:14 UTC,303318,354426,1.88896,6.65926,0.236545,0.319758,2.20562e-05,0.000648704,0.00402548,0.00502991,0.0745009,0.296928,0.526501
376,1748589544,2025-05-30 07:19 UTC,303528,354651,1.87982,6.65487,0.244497,0.327749,2.68814e-05,0.000696812,0.00402543,0.00498114,0.0744025,0.31716,0.55306
377,1748589844,2025-05-30 07:24 UTC,303735,354873,1.87076,6.65049,0.252451,0.33574,2.67394e-05,0.000709234,0.00402539,0.00493295,0.0743049,0.338088,0.580469
378,1748590143,2025-05-30 07:29 UTC,303939,355091,1.86183,6.64616,0.260381,0.343705,2.80238e-05,0.000752932,0.00402519,0.00488555,0.0742081,0.359623,0.608293
379,1748590443,2025-05-30 07:34 UTC,304140,355306,1.85296,6.64184,0.268339,0.351696,2.9214e-05,0.000806716,0.00402509,0.00483859,0.0741115,0.381912,0.636906
380,1748590743,2025-05-30 07:39 UTC,304339,355517,1.84419,6.63754,0.276299,0.359688,2.92865e-05,0.00081848,0.00402514,0.00479225,0.0740156,0.404886,0.666171
381,1748591043,2025-05-30 07:44 UTC,304535,355726,1.83552,6.63326,0.28426,0.36768,2.86973e-05,0.000861463,0.00402509,0.0047465,0.0739202,0.428548,0.696116
382,1748591343,2025-05-30 07:49 UTC,304729,355931,1.82694,6.62901,0.292223,0.375672,3.11225e-05,0.000886134,0.00402524,0.00470139,0.0738255,0.452881,0.726681
383,1748591643,2025-05-30 07:54 UTC,304920,356133,1.81846,6.62478,0.300187,0.383664,3.09316e-05,0.000911575,0.00402529,0.00465687,0.0737312,0.477906,0.757969
384,1748591943,2025-05-30 07:59 UTC,305109,356332,1.81009,6.62057,0.308153,0.391657,3.52214e-05,0.000950213,0.00402519,0.00461298,0.0736378,0.503605,0.789889
385,1748592242,2025-05-30 08:04 UTC,305296,356528,1.80184,6.6164,0.311943,0.395046,1.65206e-05,0.000927167,0.00402519,0.00456972,0.0735448,0.516154,0.803646
386,1748592542,2025-05-30 08:09 UTC,305480,356721,1.79367,6.61224,0.314766,0.398863,1.56839e-05,0.000942796,0.00402519,0.00452702,0.0734524,0.525556,0.819143
387,1748592842,2025-05-30 08:14 UTC,305662,356911,1.7856,6.60811,0.317589,0.40268,1.32104e-05,0.000925375,0.00402514,0.00448491,0.0733607,0.53506,0.834995
388,1748593142,2025-05-30 08:19 UTC,305841,357098,1.77764,6.604,0.320413,0.406497,2.64165e-05,0.000925061,0.00402509,0.00444341,0.073269,0.544635,0.850965
389,1748593442,2025-05-30 08:24 UTC,306019,357299,1.76979,6.59991,0.323237,0.410315,2.23999e-05,0.000928838,0.00402781,0.0044025,0.0731786,0.55431,0.866932
390,1748593742,2025-05-30 08:29 UTC,306194,357502,1.76205,6.59585,0.326061,0.414132,1.48362e-05,0.000903965,0.00402771,0.00436219,0.0730888,0.564075,0.883242
391,1748594042,2025-05-30 08:34 UTC,306368,357702,1.75442,6.59181,0.328886,0.418032,2.12983e-05,0.00089683,0.00403033,0.0043225,0.0729992,0.573899,0.899859
392,1748594341,2025-05-30 08:39 UTC,306539,357898,1.74693,6.58781,0.331702,0.421939,1.69647e-05,0.000900328,0.00403038,0.00428349,0.0729106,0.583805,0.916735
393,1748594641,2025-05-30 08:44 UTC,306708,358092,1.73952,6.58381,0.334528,0.425859,1.66067e-05,0.000888775,0.00403043,0.00424494,0.0728224,0.593827,0.933906
394,1748594941,2025-05-30 08:49 UTC,306875,358283,1.73223,6.57985,0.337354,0.42978,1.61887e-05,0.000881566,0.00403033,0.00420698,0.0727346,0.603935,0.951107
395,1748595241,2025-05-30 08:54 UTC,307040,358471,1.72505,6.57591,0.34018,0.4337,5.90838e-05,0.000854081,0.00403033,0.0041696,0.0726477,0.614136,0.968514
396,1748595541,2025-05-30 08:59 UTC,307204,358657,1.71798,6.57199,0.343007,0.437621,2.40673e-05,0.000848803,0.00403019,0.00413276,0.0725609,0.624434,0.98622
397,1748595841,2025-05-30 09:04 UTC,307325,358824,1.71314,6.49692,0.341367,0.435427,2.38792e-05,0.000851229,0.00403019,0.00411654,0.0709127,0.61854,0.976532
398,1748596141,2025-05-30 09:09 UTC,307419,358977,1.70897,6.40446,0.338638,0.431737,2.03791e-05,0.000811342,0.00403028,0.00410712,0.0689088,0.608621,0.959958
399,1748596440,2025-05-30 09:14 UTC,307505,359122,1.70497,6.31235,0.335921,0.428059,1.83981e-05,0.000766206,0.00403028,0.00409954,0.0669408,0.598834,0.943627
400,1748596740,2025-05-30 09:19 UTC,307582,359261,1.70112,6.21996,0.333199,0.424369,1.27123e-05,0.000722852,0.00403023,0.00409372,0.0649957,0.589084,0.92751
401,1748597040,2025-05-30 09:24 UTC,307650,359392,1.69745,6.12762,0.33048,0.420679,1.42347e-05,0.000704733,0.00403023,0.00408959,0.0630803,0.579449,0.911471
402,1748597340,2025-05-30 09:29 UTC,307711,359517,1.69394,6.03532,0.327766,0.416988,1.30947e-05,0.00070424,0.00403028,0.0040871,0.0611942,0.569909,0.895568
403,1748597640,2025-05-30 09:34 UTC,307763,359635,1.6906,5.94307,0.325055,0.413298,1.33447e-05,0.00067192,0.00403023,0.00408622,0.0593377,0.560463,0.879723
404,1748597940,2025-05-30 09:39 UTC,307808,359746,1.68743,5.85087,0.322348,0.409608,1.20253e-05,0.000639037,0.00403023,0.00408692,0.0575109,0.551097,0.864179
405,1748598239,2025-05-30 09:43 UTC,307845,359851,1.68443,5.75902,0.319654,0.40593,1.43582e-05,0.000639373,0.00403019,0.0040891,0.0557193,0.541861,0.848739
406,1748598539,2025-05-30 09:48 UTC,307874,359949,1.6816,5.66691,0.316955,0.40224,9.84663e-06,0.00060877,0.00403023,0.00409279,0.0539513,0.532658,0.833315
407,1748598839,2025-05-30 09:53 UTC,307895,360041,1.67894,5.57486,0.314261,0.39855,1.1655e-05,0.000580597,0.00403014,0.00409784,0.0522129,0.52357,0.818097
408,1748599139,2025-05-30 09:58 UTC,307909,360127,1.67644,5.4847,0.31157,0.394859,1.08332e-05,0.000548043,0.00403023,0.00410427,0.0505376,0.514563,0.803041
409,1748599439,2025-05-30 10:03 UTC,307915,360207,1.67412,5.39704,0.304756,0.386187,2.40792e-05,0.000509517,0.00403043,0.00411192,0.0489351,0.492211,0.768234
410,1748599739,2025-05-30 10:08 UTC,307914,360281,1.67198,5.30944,0.296892,0.376244,2.86782e-05,0.000481745,0.00403048,0.0041209,0.0473594,0.466997,0.729231
411,1748600039,2025-05-30 10:13 UTC,307905,360349,1.67002,5.22191,0.289035,0.3663,2.56016e-05,0.000453962,0.00403048,0.00413115,0.0458107,0.442441,0.691145
412,1748600338,2025-05-30 10:18 UTC,307890,360411,1.66824,5.13474,0.28121,0.356399,2.37502e-05,0.000430897,0.00403053,0.00414252,0.0442942,0.418644,0.654256
413,1748600638,2025-05-30 10:23 UTC,307867,360467,1.66665,5.04736,0.273366,0.346904,2.46977e-05,0.000396539,0.00403048,0.00415506,0.0427995,0.395454,0.619854
414,1748600938,2025-05-30 10:28 UTC,307837,360517,1.66525,4.96006,0.26553,0.337431,2.16416e-05,0.000368403,0.00403043,0.00416872,0.0413317,0.372931,0.586468
415,1748601238,2025-05-30 10:33 UTC,307800,360562,1.66405,4.87403,0.257702,0.327983,2.37706e-05,0.000349104,0.00403019,0.00418342,0.0399104,0.3511,0.554107
416,1748601538,2025-05-30 10:38 UTC,307756,360601,1.66305,4.79828,0.249883,0.318562,2.34571e-05,0.000323677,0.00403028,0.00419917,0.0386795,0.329941,0.522714
417,1748601838,2025-05-30 10:43 UTC,307706,360634,1.66225,4.72264,0.242074,0.30917,2.24534e-05,0.000303539,0.00403028,0.00421592,0.0374696,0.309457,0.492353
418,1748602138,2025-05-30 10:48 UTC,307648,360662,1.66167,4.64712,0.234277,0.29981,2.27278e-05,0.000278124,0.00403028,0.00423364,0.0362808,0.289656,0.463003
419,1748602437,2025-05-30 10:53 UTC,307583,360684,1.66129,4.57197,0.226517,0.290516,2.21217e-05,0.00026197,0.00403028,0.00425224,0.0351169,0.270593,0.434734
420,1748602737,2025-05-30 10:58 UTC,307512,360701,1.66112,4.4967,0.218745,0.28123,2.01778e-05,0.000235896,0.00403038,0.00427184,0.0339702,0.252139,0.407376
421,1748603037,2025-05-30 11:03 UTC,307434,360713,1.66117,4.42157,0.208292,0.267937,2.65897e-05,0.000221851,0.00403043,0.00429228,0.0328444,0.228474,0.369813
422,1748603337,2025-05-30 11:08 UTC,307349,360719,1.66144,4.34658,0.197132,0.254235,2.59402e-05,0.000192435,0.00403038,0.00431364,0.0317398,0.204502,0.333002
423,1748603637,2025-05-30 11:13 UTC,307258,360720,1.66194,4.27174,0.185985,0.241463,2.44034e-05,0.000177715,0.00403048,0.00433587,0.0306562,0.181882,0.300379
424,1748603937,2025-05-30 11:18 UTC,307160,360716,1.66267,4.19706,0.174853,0.228694,2.20629e-05,0.000158353,0.00403048,0.00435895,0.0295937,0.160612,0.269447
425,1748604237,2025-05-30 11:23 UTC,307056,360706,1.66363,4.12255,0.163738,0.215926,2.04829e-05,0.000135377,0.00403038,0.00438286,0.0285522,0.140697,0.24019
426,1748604536,2025-05-30 11:28 UTC,306945,360691,1.66483,4.04846,0.152683,0.203204,1.90597e-05,0.000115139,0.00403043,0.0044075,0.0275352,0.122195,0.212721
427,1748604836,2025-05-30 11:33 UTC,306828,360671,1.66628,3.97431,0.141618,0.190463,1.83056e-05,0.00010676,0.00403038,0.00443303,0.0265358,0.104982,0.186888
428,1748605136,2025-05-30 11:38 UTC,306704,360646,1.66799,3.90036,0.13059,0.177729,1.75519e-05,8.76561e-05,0.00403033,0.00445936,0.0255575,0.0891197,0.162732
429,1748605436,2025-05-30 11:43 UTC,306573,360616,1.66996,3.82661,0.119609,0.164999,1.58916e-05,7.62846e-05,0.00403028,0.0044865,0.0246002,0.0746067,0.140258
430,1748605736,2025-05-30 11:48 UTC,306437,360581,1.67222,3.75309,0.108691,0.152276,1.47359e-05,6.41408e-05,0.00403028,0.00451443,0.0236639,0.0614441,0.119462
431,1748606036,2025-05-30 11:53 UTC,306294,360541,1.67476,3.6798,0.0978598,0.13956,1.42793e-05,4.71466e-05,0.00403019,0.00454315,0.0227488,0.0496295,0.100343
432,1748606336,2025-05-30 11:58 UTC,306144,360495,1.67759,3.60676,0.0871525,0.126853,1.15581e-05,3.71723e-05,0.00403014,0.00457268,0.0218547,0.0391571,0.0829028
433,1748606635,2025-05-30 12:03 UTC,305996,360454,1.68443,3.5537,0.0763703,0.113543,1.10257e-05,0.000101611,0.00403014,0.00462439,0.0212164,0.0298484,0.0664255
434,1748606935,2025-05-30 12:08 UTC,305848,360415,1.69248,3.50582,0.0657066,0.100024,9.70709e-06,3.34403e-05,0.00403014,0.00468297,0.0206485,0.0218319,0.0515465
435,1748607235,2025-05-30 12:13 UTC,305694,360373,1.7007,3.45794,0.0554046,0.086527,7.69173e-06,5.6024e-05,0.00403014,0.00474236,0.0200884,0.0151945,0.0385728
436,1748607535,2025-05-30 12:18 UTC,305534,360328,1.70908,3.41007,0.0456822,0.0730642,5.6785e-06,1.87615e-05,0.00403014,0.00480258,0.019536,0.00992341,0.0275036
437,1748607835,2025-05-30 12:23 UTC,305370,360279,1.71762,3.3622,0.0368857,0.0596591,4.7199e-06,1.92945e-05,0.00403014,0.00486362,0.0189914,0.00602318,0.0183366
438,1748608135,2025-05-30 12:28 UTC,305201,360228,1.72631,3.31435,0.0295504,0.0517452,3.82561e-06,1.4313e-05,0.00403014,0.0049255,0.0184546,0.00362777,0.01379
439,1748608434,2025-05-30 12:33 UTC,305026,360174,1.73513,3.26665,0.0246357,0.0575407,3.1885e-06,1.30693e-05,0.00403004,0.00498803,0.0179273,0.00309002,0.0170511
440,1748608734,2025-05-30 12:38 UTC,304846,360117,1.74413,3.21881,0.0237826,0.0661565,3.397e-06,1.0521e-05,0.00402999,0.00505161,0.017406,0.00407361,0.0225369
441,1748609034,2025-05-30 12:43 UTC,304661,360057,1.75327,3.17097,0.0288779,0.0766384,3.95825e-06,2.92338e-05,0.00402999,0.00511606,0.0168925,0.00606571,0.0302448
442,1748609334,2025-05-30 12:48 UTC,304471,359993,1.76257,3.12315,0.0377244,0.0883244,5.25459e-06,3.1857e-05,0.00402999,0.00518137,0.0163868,0.00929877,0.0401697
443,1748609634,2025-05-30 12:53 UTC,304276,359927,1.77201,3.07533,0.0478459,0.100797,6.18972e-06,1.66949e-05,0.00402999,0.00524758,0.0158888,0.0139219,0.0523168
444,1748609934,2025-05-30 12:58 UTC,304076,359858,1.78159,3.02752,0.0584912,0.113797,6.94124e-06,3.23036e-05,0.00402994,0.00531467,0.0153986,0.0199575,0.0666766
445,1748610234,2025-05-30 13:03 UTC,303870,359786,1.79131,3.0284,0.0676448,0.123846,7.82238e-06,2.80534e-05,0.00402999,0.00538267,0.0154076,0.0260167,0.0789785
446,1748610533,2025-05-30 13:08 UTC,303660,359711,1.80115,3.03784,0.0763726,0.133036,7.73715e-06,2.69133e-05,0.00402994,0.00545135,0.0155038,0.0325948,0.0911312
447,1748610833,2025-05-30 13:13 UTC,303444,359633,1.81115,3.0476,0.0851906,0.142323,8.05549e-06,4.45436e-05,0.00402985,0.00552117,0.0156036,0.0400666,0.104303
448,1748611133,2025-05-30 13:18 UTC,303223,359552,1.82129,3.05764,0.0940526,0.151665,9.8761e-06,5.01676e-05,0.00402985,0.0055919,0.0157065,0.0484103,0.11844
449,1748611433,2025-05-30 13:23 UTC,302997,359468,1.83156,3.06795,0.102948,0.161051,1.09808e-05,6.07846e-05,0.00402985,0.00566357,0.0158126,0.0576281,0.133563
450,1748611733,2025-05-30 13:28 UTC,302765,359380,1.84196,3.07853,0.111868,0.170475,1.18011e-05,8.13064e-05,0.00402985,0.00573618,0.0159219,0.0677176,0.149631
451,1748612033,2025-05-30 13:33 UTC,302529,359290,1.8525,3.08938,0.120808,0.179945,1.27054e-05,9.71362e-05,0.00402985,0.00580974,0.0160343,0.0786794,0.166738
452,1748612333,2025-05-30 13:38 UTC,302287,359196,1.86317,3.1005,0.129765,0.18947,1.34592e-05,0.000101335,0.0040299,0.00588426,0.0161499,0.0905135,0.184847
453,1748612632,2025-05-30 13:43 UTC,302040,359100,1.87394,3.11184,0.138705,0.198986,1.55466e-05,0.000127458,0.0040299,0.00595947,0.0162683,0.103174,0.20389
454,1748612932,2025-05-30 13:48 UTC,301787,359000,1.88487,3.12348,0.147685,0.208555,1.62761e-05,0.000142607,0.0040299,0.00603593,0.0163902,0.116748,0.223947
455,1748613232,2025-05-30 13:53 UTC,301530,358898,1.89594,3.13538,0.156675,0.218142,1.64988e-05,0.000164297,0.00402985,0.00611336,0.0165153,0.131195,0.245029
456,1748613532,2025-05-30 13:58 UTC,301267,358792,1.90713,3.14865,0.165672,0.227744,1.79845e-05,0.000184841,0.00402985,0.00619178,0.0166554,0.146512,0.267077
457,1748613832,2025-05-30 14:03 UTC,300999,358683,1.91844,3.17886,0.17179,0.233807,1.14923e-05,0.000191411,0.0040298,0.00627125,0.0169766,0.157384,0.281506
458,1748614132,2025-05-30 14:08 UTC,300726,358571,1.92987,3.20942,0.177065,0.238834,1.18367e-05,0.000211353,0.00402985,0.00635168,0.0173047,0.167049,0.293737
459,1748614432,2025-05-30 14:13 UTC,300447,358456,1.94141,3.24088,0.182343,0.243868,1.08025e-05,0.000226839,0.0040299,0.00643313,0.0176455,0.177018,0.306254
460,1748614731,2025-05-30 14:18 UTC,300163,358338,1.95303,3.27277,0.187605,0.248889,1.38312e-05,0.000243828,0.0040299,0.0065153,0.0179945,0.187247,0.318987
461,1748615031,2025-05-30 14:23 UTC,299874,358216,1.96479,3.30565,0.192887,0.253933,1.41038e-05,0.000258382,0.0040298,0.00659879,0.0183579,0.197818,0.332046
462,1748615331,2025-05-30 14:28 UTC,299579,358092,1.97667,3.33902,0.198171,0.258982,1.43474e-05,0.00028101,0.0040298,0.00668332,0.0187304,0.208692,0.345345
463,1748615631,2025-05-30 14:33 UTC,299278,357964,1.98865,3.37243,0.203457,0.264035,1.43482e-05,0.000300625,0.0040298,0.00676889,0.0191071,0.219868,0.358988
464,1748615931,2025-05-30 14:38 UTC,298973,357834,2.00073,3.40588,0.208745,0.269092,1.4222e-05,0.000304519,0.0040297,0.00685551,0.019488,0.231347,0.372849
465,1748616231,2025-05-30 14:43 UTC,298672,357700,2.01291,3.43937,0.214034,0.274153,1.43998e-05,0.000321309,0.00402975,0.0069432,0.0198731,0.243128,0.38703
466,1748616530,2025-05-30 14:48 UTC,298356,357563,2.02515,3.47279,0.219307,0.279201,1.62785e-05,0.000333185,0.0040298,0.00703164,0.0202612,0.255169,0.401408
467,1748616830,2025-05-30 14:53 UTC,298034,357423,2.03753,3.50636,0.224599,0.28427,1.47599e-05,0.00035549,0.00402975,0.00712146,0.0206547,0.267555,0.416128
468,1748617130,2025-05-30 14:58 UTC,297707,357279,2.05,3.53996,0.229892,0.290883,1.56071e-05,0.000369348,0.00402975,0.00721235,0.0210526,0.28024,0.435688
469,1748617430,2025-05-30 15:03 UTC,297450,357146,2.06368,3.54082,0.232035,0.293855,5.45758e-06,0.000372378,0.0040298,0.00731347,0.0210628,0.285452,0.444691
470,1748617730,2025-05-30 15:08 UTC,297230,357018,2.0778,3.53172,0.23322,0.295599,4.72936e-06,0.000378372,0.00402985,0.00741881,0.0209547,0.288318,0.449972
471,1748618030,2025-05-30 15:13 UTC,297011,356889,2.09202,3.52266,0.234408,0.297345,3.29241e-06,0.000368925,0.00402985,0.00752574,0.0208473,0.291206,0.455318
472,1748618330,2025-05-30 15:18 UTC,296792,356760,2.10635,3.51362,0.235598,0.299091,6.27678e-06,0.000374507,0.0040299,0.00763423,0.0207405,0.294102,0.460654
473,1748618629,2025-05-30 15:23 UTC,296574,356629,2.12073,3.50465,0.236787,0.300831,6.47206e-06,0.000373455,0.00402994,0.00774396,0.0206347,0.297015,0.466024
474,1748618929,2025-05-30 15:28 UTC,296356,356498,2.13527,3.49568,0.237982,0.302577,5.7359e-06,0.000373781,0.00402999,0.00785567,0.0205292,0.299961,0.471464
475,1748619229,2025-05-30 15:33 UTC,296138,356365,2.14991,3.49002,0.23918,0.304323,5.84935e-06,0.00037859,0.00402999,0.00796897,0.0204627,0.302925,0.476928
476,1748619529,2025-05-30 15:38 UTC,295921,356232,2.16465,3.51017,0.24038,0.306069,5.12995e-06,0.00037565,0.00402999,0.00808388,0.0206997,0.305911,0.482412
477,1748619829,2025-05-30 15:43 UTC,295705,356098,2.1795,3.53603,0.241582,0.307815,3.96409e-06,0.000374585,0.00402999,0.00820041,0.0210059,0.308918,0.48793
478,1748620129,2025-05-30 15:48 UTC,295488,355962,2.19445,3.56454,0.242787,0.309561,6.47134e-06,0.000375758,0.0040328,0.00831852,0.021346,0.311939,0.493498
479,1748620429,2025-05-30 15:53 UTC,295272,355826,2.2095,3.59306,0.243994,0.311307,4.52514e-06,0.000379972,0.00403276,0.00843826,0.0216889,0.314985,0.499073
480,1748620728,2025-05-30 15:58 UTC,295057,355688,2.2246,3.62432,0.245199,0.313048,4.688e-06,0.000381758,0.0040328,0.00855919,0.022068,0.318038,0.504668
481,1748621028,2025-05-30 16:03 UTC,294841,355549,2.23985,3.65857,0.243479,0.311053,5.86764e-06,0.000364501,0.00403276,0.00868222,0.0224871,0.31358,0.498321
482,1748621328,2025-05-30 16:08 UTC,294626,355410,2.2552,3.69293,0.240836,0.307877,6.94339e-06,0.000355993,0.0040328,0.0088068,0.0229114,0.306778,0.488181
483,1748621628,2025-05-30 16:13 UTC,294411,355268,2.27063,3.72739,0.238194,0.304701,7.18703e-06,0.000348917,0.0040328,0.00893298,0.023341,0.300052,0.478171
484,1748621928,2025-05-30 16:18 UTC,294196,355126,2.28617,3.76195,0.235553,0.301525,5.21833e-06,0.000336577,0.00403285,0.00906076,0.0237759,0.293397,0.468245
485,1748622228,2025-05-30 16:23 UTC,293981,354983,2.30179,3.79661,0.232914,0.298355,4.99462e-06,0.000325389,0.0040328,0.00919018,0.024216,0.286824,0.458443
486,1748622528,2025-05-30 16:28 UTC,293766,354838,2.3175,3.83137,0.230275,0.295193,5.2425e-06,0.000321227,0.0040329,0.00932122,0.0246614,0.280331,0.448783
487,1748622827,2025-05-30 16:33 UTC,293552,354692,2.33324,3.8661,0.227648,0.292041,6.58447e-06,0.00030748,0.0040329,0.00945344,0.0251106,0.273939,0.43926
488,1748623127,2025-05-30 16:38 UTC,293337,354544,2.34913,3.90104,0.225012,0.288879,6.26235e-06,0.000300035,0.0040329,0.00958771,0.0255665,0.267598,0.429795
489,1748623427,2025-05-30 16:43 UTC,293122,354396,2.3651,3.93608,0.222379,0.285717,7.83298e-06,0.000282022,0.00403489,0.00972361,0.0260278,0.261335,0.420401
490,1748623727,2025-05-30 16:48 UTC,292908,354246,2.38116,3.97119,0.219747,0.282555,6.71654e-06,0.000283892,0.00403494,0.00986114,0.0264943,0.255151,0.411185
491,1748624027,2025-05-30 16:53 UTC,292693,354095,2.39731,4.0064,0.217117,0.279393,6.62481e-06,0.000273673,0.00403494,0.0100003,0.0269661,0.249044,0.402044
492,1748624327,2025-05-30 16:58 UTC,292479,353942,2.41355,4.04168,0.214488,0.276334,5.98484e-06,0.000268211,0.00403494,0.0101411,0.0274432,0.243013,0.393283
493,1748624627,2025-05-30 17:03 UTC,292264,353788,2.42988,4.07705,0.209807,0.270862,1.2287e-05,0.000250959,0.00403494,0.0102835,0.0279256,0.232562,0.3779
494,1748624926,2025-05-30 17:08 UTC,292050,353633,2.44625,4.11237,0.204483,0.264631,1.2006e-05,0.000239397,0.00403489,0.0104271,0.0284116,0.220961,0.360695
495,1748625226,2025-05-30 17:13 UTC,291824,353494,2.46276,4.14789,0.199144,0.25838,1.17024e-05,0.000227194,0.00403489,0.0105728,0.0289045,0.209626,0.343867
496,1748625526,2025-05-30 17:18 UTC,291610,353370,2.47937,4.18348,0.193807,0.252129,1.03026e-05,0.00021541,0.00403484,0.0107201,0.0294026,0.198596,0.327426
497,1748625826,2025-05-30 17:23 UTC,291395,353246,2.49609,4.21914,0.188472,0.245878,1.033e-05,0.000205208,0.00403484,0.0108691,0.0299061,0.187873,0.311385
498,1748626126,2025-05-30 17:28 UTC,291179,353119,2.51291,4.25488,0.18314,0.239627,9.91686e-06,0.000192795,0.00403489,0.0110197,0.0304148,0.177458,0.295755
499,1748626426,2025-05-30 17:33 UTC,290964,352991,2.52982,4.29068,0.177811,0.233376,1.04282e-05,0.000181193,0.00403494,0.011172,0.0309288,0.167349,0.280529
500,1748626725,2025-05-30 17:38 UTC,290749,352862,2.54676,4.32643,0.172502,0.227145,1.02865e-05,0.00016798,0.00403494,0.0113255,0.0314464,0.157577,0.265751
501,1748627025,2025-05-30 17:43 UTC,290533,352730,2.56383,4.36237,0.167179,0.220894,1.02231e-05,0.000162958,0.00403499,0.0114811,0.0319709,0.148077,0.251326
502,1748627325,2025-05-30 17:48 UTC,290317,352597,2.58096,4.39837,0.16186,0.214727,9.9527e-06,0.000148164,0.00403503,0.0116383,0.0325008,0.138883,0.237515
503,1748627625,2025-05-30 17:53 UTC,290101,352462,2.59816,4.43443,0.156545,0.20883,1.01367e-05,0.00014104,0.00403503,0.0117972,0.0330359,0.129996,0.224628
504,1748627925,2025-05-30 17:58 UTC,289884,352326,2.61541,4.47055,0.151234,0.202932,8.56574e-06,0.000135674,0.00403503,0.0119578,0.0335763,0.121412,0.212114
505,1748628225,2025-05-30 18:03 UTC,289733,352211,2.62025,4.46215,0.145528,0.196283,1.02662e-05,0.000121996,0.00403503,0.0120033,0.0334503,0.112508,0.198458
506,1748628525,2025-05-30 18:08 UTC,289617,352108,2.621,4.43897,0.139695,0.189416,9.65924e-06,0.0001158,0.00403508,0.0120109,0.0331037,0.10375,0.184806
507,1748628824,2025-05-30 18:13 UTC,289504,352018,2.62183,4.41596,0.133889,0.183046,8.5685e-06,0.000112343,0.00403513,0.0120196,0.0327612,0.0953857,0.172594
508,1748629124,2025-05-30 18:18 UTC,289395,351980,2.62274,4.39295,0.128072,0.176848,8.58075e-06,0.00010395,0.00403503,0.0120293,0.0324208,0.0873625,0.161097
509,1748629424,2025-05-30 18:23 UTC,289289,351945,2.62374,4.37003,0.122265,0.170651,7.54344e-06,9.70093e-05,0.00403508,0.01204,0.0320834,0.0797052,0.150003
510,1748629724,2025-05-30 18:28 UTC,289186,351911,2.62481,4.3472,0.116469,0.164454,8.11866e-06,8.36413e-05,0.00403513,0.0120517,0.031749,0.0724179,0.13931
511,1748630024,2025-05-30 18:33 UTC,289087,351880,2.62596,4.32446,0.110686,0.158259,7.52259e-06,8.16076e-05,0.00403508,0.0120645,0.0314178,0.0654964,0.129012
512,1748630324,2025-05-30 18:38 UTC,288991,351850,2.62719,4.30182,0.104919,0.152065,7.12836e-06,7.43955e-05,0.00403513,0.0120783,0.0310895,0.0589426,0.119108
513,1748630624,2025-05-30 18:43 UTC,288898,351822,2.6285,4.27926,0.0991711,0.145872,7.101e-06,6.67595e-05,0.00403513,0.0120931,0.0307644,0.0527565,0.109606
514,1748630923,2025-05-30 18:48 UTC,288809,351795,2.62989,4.25688,0.0934649,0.139701,6.53946e-06,5.64222e-05,0.00403508,0.0121089,0.0304433,0.0469559,0.10053
515,1748631223,2025-05-30 18:53 UTC,288722,351771,2.63136,4.23451,0.0877674,0.13351,6.85763e-06,5.61888e-05,0.00403513,0.0121258,0.0301242,0.0415027,0.0918137
516,1748631523,2025-05-30 18:58 UTC,288639,351748,2.63292,4.21225,0.0821042,0.127322,5.55741e-06,5.18909e-05,0.00403508,0.0121437,0.0298083,0.0364155,0.0835006
517,1748631823,2025-05-30 19:03 UTC,288559,351727,2.63457,4.19008,0.0775667,0.122025,4.3577e-06,4.70213e-05,0.00403513,0.0121627,0.0294954,0.0325584,0.0766973
518,1748632123,2025-05-30 19:08 UTC,288482,351707,2.6363,4.16801,0.0734169,0.117057,3.75885e-06,4.60888e-05,0.00403513,0.0121828,0.0291855,0.0292137,0.0705792
519,1748632423,2025-05-30 19:13 UTC,288407,351689,2.63811,4.14605,0.0692778,0.112098,3.54296e-06,4.45719e-05,0.00403518,0.0122038,0.0288788,0.0260608,0.0647239
520,1748632723,2025-05-30 19:18 UTC,288336,351673,2.64001,4.12419,0.0651515,0.10714,3.91919e-06,4.32418e-05,0.00403518,0.012226,0.0285751,0.0230998,0.0591263
521,1748633022,2025-05-30 19:23 UTC,288267,351658,2.64199,4.10251,0.0610545,0.102201,3.40244e-06,3.85094e-05,0.00403523,0.0122491,0.0282754,0.0203385,0.0538024
522,1748633322,2025-05-30 19:28 UTC,288202,351644,2.64405,4.08086,0.0569628,0.0972486,3.21279e-06,3.4663e-05,0.00403523,0.0122733,0.0279778,0.0177591,0.0487133
523,1748633622,2025-05-30 19:33 UTC,288139,351633,2.6462,4.05933,0.0528949,0.092299,3.14639e-06,3.49283e-05,0.00403518,0.0122986,0.0276833,0.0153714,0.0438815
524,1748633922,2025-05-30 19:38 UTC,288078,351622,2.64843,4.04956,0.0488572,0.087353,2.82783e-06,3.24366e-05,0.00403518,0.012325,0.0275502,0.0131748,0.0393034
525,1748634222,2025-05-30 19:43 UTC,288021,351614,2.65074,4.05507,0.0448586,0.0824112,2.65295e-06,2.8569e-05,0.00403518,0.0123524,0.0276252,0.0111696,0.0349832
526,1748634522,2025-05-30 19:48 UTC,287966,351606,2.65312,4.06059,0.0409114,0.0778582,2.68594e-06,3.14716e-05,0.00403518,0.0123809,0.0277005,0.00935532,0.0312248
527,1748634821,2025-05-30 19:53 UTC,287914,351600,2.65558,4.0661,0.0370466,0.0734412,2.16765e-06,2.72959e-05,0.00403518,0.0124103,0.0277757,0.00773653,0.0277805
528,1748635121,2025-05-30 19:58 UTC,287864,351596,2.65813,4.07164,0.0332653,0.0690217,2.2896e-06,3.03674e-05,0.00403518,0.0124409,0.0278515,0.00630267,0.0245383
529,1748635421,2025-05-30 20:03 UTC,287817,351593,2.66075,4.07719,0.0313351,0.0668263,1.10781e-06,2.70525e-05,0.00403518,0.0124725,0.0279275,0.0056349,0.0229982
530,1748635721,2025-05-30 20:08 UTC,287773,351591,2.66345,4.08276,0.0300464,0.0654318,1.18087e-06,2.53168e-05,0.00403518,0.0125052,0.0280037,0.00521712,0.0220493
531,1748636021,2025-05-30 20:13 UTC,287730,351590,2.66624,4.08833,0.0287685,0.0640826,1.18126e-06,2.83101e-05,0.00403518,0.012539,0.0280803,0.00482007,0.0211499
532,1748636321,2025-05-30 20:18 UTC,287691,351591,2.6691,4.09392,0.0275028,0.0627417,1.06654e-06,2.69905e-05,0.00403518,0.0125739,0.0281571,0.00444362,0.0202754
533,1748636621,2025-05-30 20:23 UTC,287653,351593,2.67204,4.09951,0.0262513,0.0614027,1.50477e-06,2.76523e-05,0.00403518,0.0126098,0.0282341,0.00408797,0.01942
534,1748636920,2025-05-30 20:28 UTC,287618,351597,2.67505,4.1051,0.0250204,0.0600702,9.48927e-07,3.09571e-05,0.00403518,0.0126466,0.0283111,0.00375354,0.0185853
535,1748637220,2025-05-30 20:33 UTC,287586,351601,2.67815,4.11072,0.0238045,0.0587355,6.27531e-07,2.88326e-05,0.00403518,0.0126846,0.0283887,0.00343844,0.0177678
536,1748637520,2025-05-30 20:38 UTC,287555,351607,2.68133,4.11635,0.022611,0.0574031,8.37659e-07,2.66398e-05,0.00403518,0.0127237,0.0284665,0.00314395,0.0169706
537,1748637820,2025-05-30 20:43 UTC,287527,351614,2.68459,4.12199,0.0214438,0.0560732,7.99918e-07,2.84629e-05,0.00403518,0.0127638,0.0285445,0.0028695,0.016194
538,1748638120,2025-05-30 20:48 UTC,287502,351623,2.68794,4.12764,0.020308,0.0547459,5.98089e-07,2.79663e-05,0.00403518,0.012805,0.0286228,0.00261496,0.0154356
539,1748638420,2025-05-30 20:53 UTC,287478,351632,2.69137,4.1333,0.0192099,0.0534216,5.22792e-07,2.69121e-05,0.00403518,0.0128472,0.0287013,0.00238008,0.0146977
540,1748638720,2025-05-30 20:58 UTC,287457,351643,2.69488,4.16043,0.0181585,0.0521004,5.11987e-07,2.85936e-05,0.00403518,0.0128905,0.0290794,0.00216458,0.01398
541,1748639019,2025-05-30 21:03 UTC,287485,351680,2.69782,4.17036,0.0188448,0.0533628,7.82888e-07,2.91783e-05,0.00403518,0.0129267,0.0292184,0.00233674,0.0146637
542,1748639319,2025-05-30 21:08 UTC,287541,351732,2.7007,4.17344,0.0202826,0.0555835,8.5114e-07,2.85241e-05,0.00403518,0.012961,0.0292615,0.00268375,0.0159095
543,1748639619,2025-05-30 21:13 UTC,287602,351787,2.70377,4.17652,0.0218407,0.0578143,5.2938e-07,2.772e-05,0.00403518,0.0129961,0.0293048,0.00307465,0.0172125
544,1748639919,2025-05-30 21:18 UTC,287668,351846,2.70703,4.17961,0.0234966,0.0600539,7.94308e-07,2.85241e-05,0.00403518,0.0130319,0.0293482,0.00351029,0.0185723
545,1748640219,2025-05-30 21:23 UTC,287738,351907,2.71045,4.18271,0.0252328,0.0623015,3.56771e-07,2.78238e-05,0.00403518,0.0130686,0.0293918,0.00399223,0.0199899
546,1748640519,2025-05-30 21:28 UTC,287813,351971,2.71404,4.18582,0.0270345,0.0645561,5.42593e-07,2.77646e-05,0.00403518,0.0131061,0.0294355,0.0045205,0.0214614
547,1748640819,2025-05-30 21:33 UTC,287892,352038,2.71778,4.18894,0.0288886,0.0668172,9.66436e-07,2.89562e-05,0.00403518,0.0131443,0.0294794,0.00509614,0.0229901
548,1748641118,2025-05-30 21:38 UTC,287976,352109,2.72166,4.19206,0.0307773,0.0690764,7.36199e-07,2.92781e-05,0.00403518,0.0131831,0.0295233,0.0057175,0.0245716
549,1748641418,2025-05-30 21:43 UTC,288064,352182,2.72569,4.1952,0.0327042,0.0713485,1.12446e-06,2.96191e-05,0.00403518,0.0132228,0.0295674,0.00638836,0.0262148
550,1748641718,2025-05-30 21:48 UTC,288156,352258,2.72987,4.19834,0.0346566,0.0736252,9.12405e-07,2.92441e-05,0.00403518,0.0132632,0.0296118,0.00710711,0.0279142
551,1748642018,2025-05-30 21:53 UTC,288253,352337,2.73418,4.20149,0.0366296,0.0759062,1.42442e-06,3.05511e-05,0.00403518,0.0133044,0.0296563,0.00787335,0.0296696
552,1748642318,2025-05-30 21:58 UTC,288353,352419,2.73862,4.20466,0.0386196,0.0781912,1.13125e-06,3.00447e-05,0.00403518,0.0133463,0.029701,0.00868764,0.0314841
553,1748642618,2025-05-30 22:03 UTC,288458,352503,2.74319,4.21599,0.0428514,0.0827729,3.12642e-06,3.26575e-05,0.00403518,0.0133888,0.0298613,0.01053,0.0352771
554,1748642917,2025-05-30 22:08 UTC,288567,352590,2.74787,4.23764,0.0479571,0.0883155,3.42102e-06,3.56527e-05,0.00403518,0.0134319,0.0301688,0.0130011,0.0401585
555,1748643217,2025-05-30 22:13 UTC,288679,352680,2.75269,4.25939,0.0531223,0.0939867,3.41996e-06,6.81094e-05,0.00403523,0.0134759,0.0304793,0.0157827,0.0454853
556,1748643517,2025-05-30 22:18 UTC,288796,352773,2.75763,4.28116,0.0583182,0.100232,3.72499e-06,3.70202e-05,0.00403523,0.0135205,0.0307916,0.0188667,0.0517289
557,1748643817,2025-05-30 22:23 UTC,288916,352868,2.76268,4.30296,0.0635369,0.106508,3.57333e-06,4.33365e-05,0.00403523,0.0135657,0.031106,0.0222536,0.0584083
558,1748644117,2025-05-30 22:28 UTC,289040,352965,2.76785,4.32479,0.0687731,0.112787,4.33786e-06,4.51003e-05,0.00403518,0.0136116,0.0314223,0.0259425,0.0654994
559,1748644417,2025-05-30 22:33 UTC,289168,353065,2.77314,4.34663,0.0740229,0.119069,4.79385e-06,4.66517e-05,0.00403513,0.0136582,0.0317406,0.0299341,0.0730019
560,1748644717,2025-05-30 22:38 UTC,289299,353168,2.77853,4.3685,0.0792837,0.125387,5.34745e-06,5.12279e-05,0.00403518,0.0137054,0.0320608,0.0342284,0.0809521
561,1748645016,2025-05-30 22:43 UTC,289434,353273,2.78401,4.39032,0.0845358,0.131738,5.66275e-06,5.65826e-05,0.00403513,0.013753,0.0323819,0.0388095,0.0893554
562,1748645316,2025-05-30 22:48 UTC,289572,353381,2.78961,4.41224,0.0898127,0.138202,5.96131e-06,6.31703e-05,0.00403513,0.0138015,0.032706,0.0437081,0.098343
563,1748645616,2025-05-30 22:53 UTC,289714,353490,2.79532,4.43418,0.0950957,0.144719,6.50867e-06,6.38933e-05,0.00403513,0.0138505,0.0330321,0.0489088,0.10784
564,1748645916,2025-05-30 22:58 UTC,289859,353603,2.80112,4.45614,0.100384,0.151255,6.60677e-06,7.3843e-05,0.00403508,0.0139002,0.0333601,0.0544125,0.117791
565,1748646216,2025-05-30 23:03 UTC,290008,353717,2.80703,4.47813,0.107057,0.159233,9.4516e-06,7.84239e-05,0.00403508,0.0139504,0.03369,0.0617769,0.130544
566,1748646516,2025-05-30 23:08 UTC,290160,353834,2.81303,4.50013,0.114297,0.167771,9.90582e-06,9.00829e-05,0.00403513,0.0140013,0.0340219,0.0703019,0.144916
567,1748646816,2025-05-30 23:13 UTC,290315,353953,2.81912,4.52216,0.121564,0.176311,1.05927e-05,9.32309e-05,0.00403518,0.0140528,0.0343558,0.0794173,0.160047
568,1748647115,2025-05-30 23:18 UTC,290474,354074,2.82528,4.54413,0.128828,0.184824,1.09297e-05,0.000104247,0.00403508,0.0141046,0.0346905,0.0890915,0.17588
569,1748647415,2025-05-30 23:23 UTC,290635,354198,2.83155,4.5662,0.136134,0.193401,1.09938e-05,0.000109297,0.00403518,0.0141573,0.0350283,0.0993889,0.19259
570,1748647715,2025-05-30 23:28 UTC,290800,354324,2.83791,4.58829,0.143454,0.201993,1.20504e-05,0.000115589,0.00403513,0.0142105,0.0353681,0.110276,0.210071
571,1748648015,2025-05-30 23:33 UTC,290968,354452,2.84435,4.6104,0.150787,0.210586,1.32082e-05,0.000134604,0.00403508,0.0142643,0.0357097,0.121756,0.22832
572,1748648315,2025-05-30 23:38 UTC,291139,354582,2.85088,4.63253,0.15813,0.219179,1.365e-05,0.000143731,0.00403503,0.0143187,0.0360532,0.133828,0.247335
573,1748648615,2025-05-30 23:43 UTC,291313,354714,2.85748,4.65468,0.165482,0.227778,1.42211e-05,0.000154401,0.00403503,0.0143736,0.0363989,0.146493,0.267128
574,1748648915,2025-05-30 23:48 UTC,291489,354848,2.86417,4.67685,0.172842,0.236421,1.49318e-05,0.000165288,0.00403499,0.0144291,0.0367464,0.159749,0.287772
575,1748649214,2025-05-30 23:53 UTC,291669,354984,2.87092,4.69896,0.180183,0.24505,1.55619e-05,0.000170715,0.00403503,0.014485,0.0370948,0.173551,0.309178
576,1748649514,2025-05-30 23:58 UTC,291852,355122,2.87776,4.72117,0.187554,0.253855,1.64632e-05,0.000182396,0.00403503,0.0145417,0.0374462,0.18799,0.331791
577,1748649814,2025-05-31 00:03 UTC,292046,355267,2.87058,4.67756,0.19473,0.262408,1.58938e-05,0.000194601,0.00403508,0.0144593,0.0367576,0.202586,0.354532
578,1748650114,2025-05-31 00:08 UTC,292247,355416,2.85787,4.60751,0.201835,0.270919,1.67295e-05,0.00020654,0.00403513,0.0143222,0.0356648,0.217567,0.3779
579,1748650414,2025-05-31 00:13 UTC,292462,355568,2.84531,4.53745,0.208952,0.279431,1.78103e-05,0.000221318,0.00403518,0.0141868,0.0345886,0.233107,0.402029
580,1748650714,2025-05-31 00:18 UTC,292671,355722,2.8329,4.46741,0.216078,0.287943,2.03045e-05,0.000257266,0.00403528,0.0140529,0.0335288,0.249206,0.426911
581,1748651014,2025-05-31 00:23 UTC,292883,355878,2.82065,4.39736,0.223214,0.296455,1.91118e-05,0.00022749,0.00403513,0.0139205,0.0324857,0.265869,0.452518
582,1748651313,2025-05-31 00:28 UTC,293098,356037,2.80859,4.34032,0.230333,0.304938,2.02535e-05,0.00024191,0.00403513,0.0137901,0.0316484,0.283029,0.47876
583,1748651613,2025-05-31 00:33 UTC,293316,356198,2.79666,4.31922,0.237484,0.313451,1.98657e-05,0.000255236,0.00403523,0.0136608,0.0313414,0.300812,0.505892
584,1748651913,2025-05-31 00:38 UTC,293538,356361,2.78488,4.29812,0.244641,0.32198,2.12882e-05,0.000286308,0.00403537,0.0135329,0.0310359,0.319148,0.533769
585,1748652213,2025-05-31 00:43 UTC,293763,356526,2.77327,4.27702,0.251803,0.330525,2.2417e-05,0.000274249,0.00403542,0.0134065,0.0307319,0.338048,0.56249
586,1748652513,2025-05-31 00:48 UTC,293991,356694,2.76183,4.25592,0.258971,0.33907,2.32888e-05,0.000321734,0.00403547,0.0132816,0.0304295,0.357506,0.591975
587,1748652813,2025-05-31 00:53 UTC,294222,356864,2.75056,4.23482,0.266144,0.347683,2.4898e-05,0.000303461,0.00403547,0.0131581,0.0301281,0.377523,0.622409
588,1748653112,2025-05-31 00:58 UTC,294457,357036,2.73948,4.21379,0.273298,0.356395,2.41901e-05,0.000353295,0.00403552,0.0130365,0.02983,0.398037,0.654003
589,1748653412,2025-05-31 01:03 UTC,294694,357210,2.72855,4.19588,0.27849,0.363096,1.31165e-05,0.000351306,0.00403547,0.0129159,0.0295769,0.413259,0.678884
590,1748653712,2025-05-31 01:08 UTC,294934,357386,2.71778,4.18129,0.282858,0.36895,1.72444e-05,0.000340665,0.00403537,0.0127966,0.0293715,0.426219,0.700945
591,1748654012,2025-05-31 01:13 UTC,295177,357564,2.70719,4.16674,0.287228,0.374803,1.49645e-05,0.000362075,0.00403533,0.0126787,0.0291674,0.439405,0.7234
592,1748654312,2025-05-31 01:18 UTC,295423,357744,2.69677,4.19004,0.291598,0.380657,1.63212e-05,0.000370224,0.00403533,0.012562,0.0294949,0.452783,0.746139
593,1748654612,2025-05-31 01:23 UTC,295672,357927,2.68653,4.23425,0.295969,0.386511,1.82281e-05,0.000366285,0.00403528,0.0124467,0.0301205,0.466365,0.769247
594,1748654912,2025-05-31 01:28 UTC,295923,358139,2.67647,4.27848,0.300341,0.392364,1.60822e-05,0.000381952,0.00403533,0.0123327,0.0307531,0.480164,0.792734
595,1748655211,2025-05-31 01:33 UTC,296178,358361,2.66662,4.32258,0.304699,0.398199,1.88629e-05,0.000402808,0.00403542,0.0122203,0.0313904,0.494106,0.816457
596,1748655511,2025-05-31 01:38 UTC,296435,358586,2.65692,4.36686,0.309073,0.404052,1.73245e-05,0.000393543,0.00403533,0.0121089,0.0320366,0.508315,0.840655
597,1748655811,2025-05-31 01:43 UTC,296695,358814,2.6474,4.41115,0.313447,0.409906,1.76379e-05,0.00041633,0.00403537,0.0119986,0.0326898,0.522719,0.865198
598,1748656111,2025-05-31 01:48 UTC,296957,359043,2.63806,4.45546,0.317823,0.41576,1.99064e-05,0.000403263,0.00403557,0.0118894,0.0333499,0.537323,0.89009
599,1748656411,2025-05-31 01:53 UTC,297222,359275,2.6289,4.49979,0.322198,0.421613,1.92613e-05,0.000370092,0.00403567,0.0117815,0.0340168,0.552148,0.915253
600,1748656711,2025-05-31 01:58 UTC,297489,359509,2.61993,4.54414,0.326575,0.427467,2.01506e-05,0.000432878,0.00403567,0.0116747,0.0346906,0.567163,0.940928
601,1748657011,2025-05-31 02:03 UTC,297759,359745,2.61114,4.5885,0.327956,0.429878,6.64701e-06,0.000418914,0.00403581,0.0115693,0.0353713,0.571966,0.951676
602,1748657310,2025-05-31 02:08 UTC,298032,359983,2.60256,4.63274,0.328072,0.430834,5.75977e-06,0.000428047,0.00403586,0.011465,0.0360566,0.572264,0.955895
603,1748657610,2025-05-31 02:13 UTC,298307,360223,2.59415,4.67714,0.328188,0.431793,4.65415e-06,0.000391956,0.00403586,0.0113616,0.036751,0.572611,0.960193
604,1748657910,2025-05-31 02:18 UTC,298584,360466,2.58592,4.72155,0.328305,0.432753,4.78621e-06,0.000397338,0.00403591,0.0112591,0.0374524,0.572938,0.964451
605,1748658210,2025-05-31 02:23 UTC,298864,360710,2.5779,4.76627,0.328422,0.433713,4.90642e-06,0.000387443,0.00403591,0.0111577,0.0381651,0.573271,0.968712
606,1748658510,2025-05-31 02:28 UTC,299146,360956,2.57006,4.82065,0.328539,0.434673,2.84833e-06,0.000398687,0.00403591,0.0110574,0.0390409,0.573632,0.973012
607,1748658810,2025-05-31 02:33 UTC,299431,361205,2.56243,4.87504,0.328656,0.435633,3.90261e-06,0.000400528,0.00403591,0.0109579,0.039927,0.573977,0.977328
608,1748659110,2025-05-31 02:38 UTC,299717,361455,2.555,4.92946,0.328773,0.436593,2.5215e-06,0.000387998,0.00403596,0.0108595,0.0408233,0.574342,0.98164
609,1748659409,2025-05-31 02:43 UTC,300006,361708,2.54779,4.98371,0.32889,0.437551,2.0119e-06,0.00039677,0.00403596,0.0107623,0.0417267,0.574707,0.985969
610,1748659709,2025-05-31 02:48 UTC,300298,361962,2.54076,5.03972,0.329008,0.438512,3.19296e-06,0.000397912,0.00403591,0.0106656,0.0426699,0.575067,0.990289
611,1748660009,2025-05-31 02:53 UTC,300591,362218,2.53393,5.09705,0.329125,0.439473,2.26267e-06,0.000390254,0.00403591,0.0105698,0.0436463,0.575445,0.994631
612,1748660309,2025-05-31 02:58 UTC,300887,362476,2.5273,5.15441,0.329243,0.440434,2.0024e-06,0.00038361,0.00403591,0.0104749,0.0446341,0.575827,0.999001
613,1748660609,2025-05-31 03:03 UTC,301161,362726,2.51876,5.16754,0.32625,0.437302,2.04138e-05,0.000365332,0.00403586,0.0103823,0.0448618,0.565421,0.985002
614,1748660909,2025-05-31 03:08 UTC,301423,362970,2.50945,5.16143,0.321904,0.432389,1.55939e-05,0.000358554,0.00403576,0.0102915,0.0447558,0.550367,0.962961
615,1748661208,2025-05-31 03:13 UTC,301685,363213,2.50031,5.15536,0.317572,0.427492,1.73338e-05,0.000334204,0.00403571,0.0102027,0.0446506,0.53559,0.941267
616,1748661508,2025-05-31 03:18 UTC,301946,363456,2.49129,5.1493,0.313227,0.42258,1.50455e-05,0.000327126,0.00403571,0.0101152,0.0445457,0.520956,0.919761
617,1748661808,2025-05-31 03:23 UTC,302207,363699,2.48241,5.14326,0.308883,0.417669,1.32491e-05,0.000316646,0.00403557,0.0100293,0.0444413,0.506531,0.898493
618,1748662108,2025-05-31 03:28 UTC,302467,363941,2.47367,5.13725,0.304539,0.41276,1.5402e-05,0.000300134,0.00403562,0.00994513,0.0443374,0.492325,0.877516
619,1748662408,2025-05-31 03:33 UTC,302726,364182,2.46508,5.13125,0.300196,0.407851,1.42473e-05,0.0002982,0.00403562,0.00986249,0.044234,0.478314,0.856752
620,1748662708,2025-05-31 03:38 UTC,302933,364375,2.45664,5.12528,0.295854,0.402943,1.48194e-05,0.000283931,0.00403547,0.0097815,0.0441311,0.464515,0.836264
621,1748663008,2025-05-31 03:43 UTC,303192,364616,2.44834,5.11934,0.291513,0.398036,1.59612e-05,0.000270309,0.00403557,0.00970213,0.0440288,0.450925,0.816047
622,1748663307,2025-05-31 03:48 UTC,303450,364857,2.44022,5.11344,0.287188,0.393147,1.44393e-05,0.000263266,0.00403552,0.00962461,0.0439274,0.437575,0.796107
623,1748663607,2025-05-31 03:53 UTC,303708,365097,2.43222,5.10754,0.282849,0.388242,1.44802e-05,0.000255712,0.00403557,0.00954846,0.0438261,0.424392,0.776365
624,1748663907,2025-05-31 03:58 UTC,303965,365337,2.42436,5.10166,0.278511,0.383339,1.49664e-05,0.0002526,0.00403557,0.00947395,0.0437253,0.411417,0.756881
625,1748664207,2025-05-31 04:03 UTC,304222,365577,2.41666,5.09581,0.271398,0.374712,2.97178e-05,0.000219375,0.00403567,0.00940118,0.0436251,0.390658,0.7233
626,1748664507,2025-05-31 04:08 UTC,304479,365816,2.4091,5.08999,0.26304,0.364415,2.52554e-05,0.000203801,0.00403562,0.00932986,0.0435254,0.366897,0.684078
627,1748664807,2025-05-31 04:13 UTC,304735,366056,2.4017,5.08418,0.254685,0.35412,2.6413e-05,0.000188648,0.00403567,0.00926021,0.0434262,0.343901,0.645971
628,1748665107,2025-05-31 04:18 UTC,304991,366295,2.39444,5.07841,0.246333,0.34383,2.36959e-05,0.000178071,0.00403571,0.00919216,0.0433275,0.321646,0.608966
629,1748665406,2025-05-31 04:23 UTC,305247,366534,2.38737,5.07267,0.238011,0.333667,2.13578e-05,0.000162668,0.00403552,0.00912594,0.0432297,0.300211,0.573472
630,1748665706,2025-05-31 04:28 UTC,305503,366773,2.38042,5.06694,0.229665,0.323484,2.31408e-05,0.000151449,0.00403552,0.00906117,0.0431321,0.279465,0.539045
631,1748666006,2025-05-31 04:33 UTC,305758,367012,2.37362,5.06124,0.221323,0.313303,2.11028e-05,0.000138789,0.00403562,0.00899799,0.043035,0.259459,0.50563
632,1748666306,2025-05-31 04:38 UTC,306013,367251,2.36698,5.05589,0.212986,0.303126,2.07921e-05,0.00012501,0.00403557,0.00893644,0.0429441,0.240207,0.473322
633,1748666606,2025-05-31 04:43 UTC,306268,367490,2.3605,5.05063,0.204653,0.292951,2.15103e-05,0.000109053,0.00403567,0.00887653,0.0428549,0.221707,0.442081
634,1748666906,2025-05-31 04:48 UTC,306523,367729,2.35417,5.04539,0.196326,0.282781,1.97693e-05,0.00011042,0.00403547,0.00881822,0.0427661,0.203951,0.41192
635,1748667206,2025-05-31 04:53 UTC,306778,367968,2.34799,5.04018,0.188006,0.272615,1.85391e-05,0.000100664,0.00403537,0.00876153,0.0426778,0.186946,0.38284
636,1748667505,2025-05-31 04:58 UTC,307022,368207,2.342,5.03501,0.17972,0.262488,1.89623e-05,8.55655e-05,0.00403537,0.00870667,0.0425902,0.170747,0.354923
637,1748667805,2025-05-31 05:03 UTC,307277,368446,2.33614,5.02984,0.169407,0.249837,2.4554e-05,7.39355e-05,0.00403542,0.00865328,0.0425027,0.151721,0.321573
638,1748668105,2025-05-31 05:08 UTC,307531,368685,2.33045,5.02469,0.158169,0.236038,2.05412e-05,6.70409e-05,0.00403547,0.00860144,0.0424158,0.132294,0.28701
639,1748668405,2025-05-31 05:13 UTC,307786,368924,2.32492,5.01956,0.146937,0.222247,2.12906e-05,6.91809e-05,0.00403552,0.00855126,0.0423293,0.114222,0.254453
640,1748668705,2025-05-31 05:18 UTC,308040,369163,2.31955,5.01446,0.135713,0.208467,1.80298e-05,4.77172e-05,0.00403552,0.00850266,0.0422432,0.0974915,0.223871
641,1748669005,2025-05-31 05:23 UTC,308295,369403,2.31434,5.00937,0.1245,0.194699,1.60123e-05,4.09851e-05,0.00403552,0.0084557,0.0421576,0.0821106,0.195278
642,1748669304,2025-05-31 05:28 UTC,308550,369642,2.30932,5.00433,0.113337,0.180993,1.58152e-05,4.29349e-05,0.00403562,0.00841052,0.0420728,0.0681253,0.168764
643,1748669604,2025-05-31 05:33 UTC,308804,369882,2.30445,4.99929,0.102155,0.167261,1.37547e-05,3.61999e-05,0.00403567,0.00836679,0.0419881,0.0554362,0.144121
644,1748669904,2025-05-31 05:38 UTC,309059,370121,2.29975,4.99427,0.0909966,0.153554,1.29098e-05,3.24475e-05,0.00403571,0.0083247,0.0419038,0.0440969,0.121464
645,1748670204,2025-05-31 05:43 UTC,309313,370361,2.29521,4.98928,0.0798733,0.139879,1.15271e-05,3.6325e-05,0.00403571,0.00828421,0.0418201,0.0341061,0.100797
646,1748670504,2025-05-31 05:48 UTC,309568,370601,2.29085,4.98431,0.0688028,0.126246,1.04703e-05,2.6769e-05,0.00403571,0.00824534,0.0417367,0.0254642,0.08211
647,1748670804,2025-05-31 05:53 UTC,309823,370841,2.28667,4.97935,0.0578181,0.112672,8.41279e-06,2.58615e-05,0.00403562,0.00820808,0.0416539,0.018171,0.0654001
648,1748671104,2025-05-31 05:58 UTC,310078,371082,2.28266,4.97443,0.0469908,0.0993957,7.76395e-06,2.40468e-05,0.00403562,0.00817244,0.0415715,0.0122263,0.0508961
649,1748671403,2025-05-31 06:03 UTC,310304,371313,2.27951,4.95349,0.0359852,0.0856292,5.4423e-06,1.75268e-05,0.00403562,0.00814907,0.0412223,0.00746107,0.0377745
650,1748671703,2025-05-31 06:08 UTC,310498,371531,2.27678,4.92504,0.0258006,0.0717457,4.22211e-06,1.31738e-05,0.00403562,0.00813145,0.0407501,0.0040175,0.0265151
651,1748672003,2025-05-31 06:13 UTC,310684,371746,2.27415,4.89679,0.0190594,0.0585768,3.58691e-06,1.95739e-05,0.00403562,0.00811447,0.040284,0.00175863,0.0176769
652,1748672303,2025-05-31 06:18 UTC,310864,371958,2.27162,4.86875,0.0174461,0.0467413,2.55965e-06,2.81478e-05,0.00403562,0.00809812,0.0398239,0.00101407,0.0112534
653,1748672603,2025-05-31 06:23 UTC,311038,372166,2.26918,4.84091,0.0222941,0.0560175,3.43867e-06,1.45372e-05,0.00403562,0.00808243,0.0393698,0.00257742,0.0161587
654,1748672903,2025-05-31 06:28 UTC,311205,372370,2.26684,4.81329,0.03122,0.0707191,3.96393e-06,1.34923e-05,0.00403562,0.00806736,0.0389218,0.00547487,0.0257528
655,1748673203,2025-05-31 06:33 UTC,311366,372571,2.26459,4.78588,0.0417976,0.0855574,6.10604e-06,1.6007e-05,0.00403562,0.00805292,0.0384798,0.00978032,0.0376878
656,1748673502,2025-05-31 06:38 UTC,311520,372769,2.26246,4.75878,0.0530144,0.100422,7.26483e-06,3.86538e-05,0.00403567,0.00803914,0.0380452,0.0155512,0.0519075
657,1748673802,2025-05-31 06:43 UTC,311669,372964,2.26042,4.73181,0.0645745,0.115383,8.69276e-06,2.6094e-05,0.00403571,0.00802592,0.0376152,0.0228485,0.0685478
658,1748674102,2025-05-31 06:48 UTC,311812,373156,2.25848,4.70507,0.0762914,0.130375,1.11588e-05,6.97899e-05,0.00403576,0.00801332,0.0371913,0.0316614,0.0875183
659,1748674402,2025-05-31 06:53 UTC,311949,373345,2.25665,4.67856,0.0880977,0.145387,1.22713e-05,3.2358e-05,0.00403576,0.00800131,0.0367733,0.0419943,0.108834
660,1748674702,2025-05-31 06:58 UTC,312080,373531,2.25492,4.65228,0.0999593,0.160415,1.4375e-05,4.65442e-05,0.00403586,0.0079899,0.0363614,0.0538472,0.132498
661,1748675002,2025-05-31 07:03 UTC,312206,373714,2.2533,4.62624,0.110538,0.172903,1.21146e-05,5.92409e-05,0.00403591,0.00797905,0.0359555,0.0656318,0.153934
662,1748675302,2025-05-31 07:08 UTC,312327,373894,2.25179,4.60044,0.120499,0.184155,1.47215e-05,7.5459e-05,0.00403586,0.00796882,0.0355556,0.0777819,0.174598
663,1748675601,2025-05-31 07:13 UTC,312442,374072,2.2504,4.57498,0.130442,0.195369,1.47072e-05,9.05607e-05,0.00403591,0.00795919,0.0351631,0.0909598,0.196536
664,1748675901,2025-05-31 07:18 UTC,312551,374247,2.24911,4.54968,0.14043,0.206621,1.68746e-05,0.000107366,0.00403591,0.00795011,0.0347753,0.105248,0.219822
665,1748676201,2025-05-31 07:23 UTC,312656,374420,2.24794,4.52463,0.150427,0.217873,1.8302e-05,0.000115078,0.00403596,0.0079416,0.0343935,0.120607,0.244428
666,1748676501,2025-05-31 07:28 UTC,312756,374590,2.24688,4.49985,0.160432,0.229414,1.86146e-05,0.000134973,0.0040361,0.00793365,0.0340177,0.137039,0.271003
667,1748676801,2025-05-31 07:33 UTC,312850,374757,2.24595,4.47532,0.170443,0.240975,2.11104e-05,0.000153137,0.0040361,0.00792627,0.0336479,0.154539,0.299008
668,1748677101,2025-05-31 07:38 UTC,312939,374922,2.24513,4.45107,0.180458,0.252562,2.15891e-05,0.000170205,0.00403615,0.00791943,0.0332842,0.173113,0.328393
669,1748677401,2025-05-31 07:43 UTC,313024,375085,2.24444,4.42709,0.190478,0.26415,2.30987e-05,0.000200139,0.0040362,0.00791315,0.0329265,0.192756,0.359255
670,1748677700,2025-05-31 07:48 UTC,313104,375246,2.24388,4.40346,0.200468,0.275699,2.61545e-05,0.000225129,0.0040362,0.00790745,0.032576,0.213396,0.39138
671,1748678000,2025-05-31 07:53 UTC,313179,375404,2.24345,4.38003,0.210495,0.287287,2.80153e-05,0.000221135,0.00403625,0.00790224,0.0322303,0.235179,0.424953
672,1748678300,2025-05-31 07:58 UTC,313249,375560,2.24315,4.35689,0.220524,0.298874,2.81453e-05,0.000256784,0.0040363,0.00789757,0.0318906,0.258033,0.459969
673,1748678600,2025-05-31 08:03 UTC,313315,375714,2.24299,4.33404,0.227973,0.306622,1.62733e-05,0.000267782,0.0040363,0.00789331,0.031557,0.27574,0.484148
674,1748678900,2025-05-31 08:08 UTC,313376,375866,2.24296,4.31149,0.234134,0.312449,1.96358e-05,0.000287222,0.0040362,0.0078897,0.0312294,0.290811,0.502709
675,1748679200,2025-05-31 08:13 UTC,313433,376016,2.24309,4.28923,0.240298,0.318277,2.2152e-05,0.000285684,0.00403615,0.00788654,0.0309078,0.306314,0.521624
676,1748679499,2025-05-31 08:18 UTC,313485,376164,2.24336,4.27223,0.246442,0.324085,2.16967e-05,0.000292972,0.0040361,0.00788395,0.0306636,0.322155,0.540857
677,1748679799,2025-05-31 08:23 UTC,313533,376310,2.24379,4.28038,0.252609,0.329914,2.34051e-05,0.000333543,0.00403605,0.00788183,0.0307805,0.338469,0.560475
678,1748680099,2025-05-31 08:28 UTC,313576,376454,2.24438,4.28853,0.258777,0.335742,2.05962e-05,0.000347873,0.004036,0.00788015,0.030898,0.355208,0.58046
679,1748680399,2025-05-31 08:33 UTC,313615,376595,2.24515,4.29673,0.264947,0.341571,2.42529e-05,0.000377302,0.00403605,0.00787898,0.0310161,0.372342,0.600751
680,1748680699,2025-05-31 08:38 UTC,313650,376735,2.24609,4.30557,0.271118,0.3474,2.51209e-05,0.000387392,0.00403596,0.00787825,0.0311438,0.389897,0.621346
681,1748680999,2025-05-31 08:43 UTC,313680,376874,2.24718,4.31441,0.277291,0.353229,2.48979e-05,0.000404663,0.00403591,0.00787795,0.031272,0.40787,0.642492
682,1748681299,2025-05-31 08:48 UTC,313706,377010,2.24844,4.32325,0.283465,0.361071,2.45426e-05,0.000415663,0.0040361,0.00787807,0.0314,0.426259,0.671268
683,1748681598,2025-05-31 08:53 UTC,313728,377144,2.24983,4.33206,0.289619,0.369598,2.44746e-05,0.000435737,0.004036,0.00787861,0.0315284,0.444995,0.703348
684,1748681898,2025-05-31 08:58 UTC,313746,377277,2.25139,4.3409,0.295795,0.378153,2.72407e-05,0.000437381,0.00403857,0.00787956,0.031657,0.464208,0.736281
685,1748682198,2025-05-31 09:03 UTC,313729,377388,2.24508,4.33174,0.298887,0.382371,1.05373e-05,0.000430866,0.00403853,0.00784257,0.0315235,0.474067,0.752944
686,1748682498,2025-05-31 09:08 UTC,313672,377471,2.23477,4.3133,0.300391,0.384354,8.40367e-06,0.000436994,0.00403848,0.00778662,0.0312556,0.478848,0.760778
687,1748682798,2025-05-31 09:13 UTC,313603,377545,2.22457,4.29487,0.301895,0.386339,7.19656e-06,0.000454235,0.00403853,0.00773104,0.0309891,0.483673,0.768655
688,1748683098,2025-05-31 09:18 UTC,313524,377610,2.21449,4.27665,0.303399,0.388394,8.50251e-06,0.000429995,0.00403853,0.00767586,0.0307267,0.488527,0.776841
689,1748683398,2025-05-31 09:23 UTC,313434,377666,2.20454,4.25931,0.304904,0.390452,1.06204e-05,0.000450376,0.00403848,0.00762111,0.0304781,0.493391,0.785028
690,1748683697,2025-05-31 09:28 UTC,313333,377714,2.19474,4.24233,0.306404,0.392503,7.63089e-05,0.000496308,0.00403848,0.00756672,0.0302347,0.498346,0.793316
691,1748683997,2025-05-31 09:33 UTC,313222,377753,2.18504,4.23034,0.30791,0.394561,3.6683e-05,0.000462333,0.00403848,0.0075127,0.0300648,0.503248,0.801916
692,1748684297,2025-05-31 09:38 UTC,313100,377784,2.17547,4.21839,0.309416,0.396619,3.74499e-05,0.000446886,0.00403853,0.00745902,0.0298955,0.508162,0.809928
693,1748684597,2025-05-31 09:43 UTC,312967,377807,2.16606,4.20645,0.310922,0.398677,2.6422e-05,0.000401953,0.00403838,0.00740546,0.0297264,0.513167,0.818492
694,1748684897,2025-05-31 09:48 UTC,312823,377821,2.15678,4.19455,0.312429,0.400735,2.44122e-05,0.000453863,0.00403824,0.00735223,0.0295583,0.518171,0.826818
695,1748685197,2025-05-31 09:53 UTC,312670,377827,2.14767,4.24976,0.313936,0.402793,2.38787e-05,0.000486254,0.00403824,0.00729924,0.0303416,0.523192,0.835526
696,1748685497,2025-05-31 09:58 UTC,312505,377826,2.13872,4.3203,0.315444,0.404851,1.84186e-05,0.000462417,0.00403814,0.00724637,0.0313572,0.528289,0.844213
697,1748685796,2025-05-31 10:03 UTC,312331,377817,2.12997,4.39108,0.313733,0.402535,2.44373e-05,0.000373151,0.00403814,0.00719371,0.0323931,0.522622,0.834509
698,1748686096,2025-05-31 10:08 UTC,312146,377800,2.12137,4.46256,0.310326,0.397909,1.81827e-05,0.000434166,0.00403819,0.00714125,0.0334564,0.511251,0.815569
699,1748686396,2025-05-31 10:13 UTC,311951,377775,2.11295,4.53448,0.306923,0.393283,1.6685e-05,0.000429387,0.00403838,0.00708883,0.0345434,0.500026,0.796517
700,1748686696,2025-05-31 10:18 UTC,311745,377743,2.10472,4.60682,0.303524,0.388657,1.52944e-05,0.00040991,0.00403843,0.00703655,0.0356543,0.488928,0.778046
701,1748686996,2025-05-31 10:23 UTC,311530,377703,2.09669,4.67955,0.300129,0.384031,1.41445e-05,0.000377993,0.00403838,0.00698421,0.036789,0.477995,0.759545
702,1748687296,2025-05-31 10:28 UTC,311303,377656,2.08885,4.75267,0.296739,0.379405,1.70729e-05,0.000349993,0.00403838,0.00693188,0.0379476,0.467202,0.741435
703,1748687595,2025-05-31 10:33 UTC,311067,377602,2.08125,4.8259,0.293364,0.374794,1.2796e-05,0.000388805,0.00403838,0.0068798,0.0391261,0.456545,0.723509
704,1748687895,2025-05-31 10:38 UTC,310821,377540,2.07384,4.89972,0.289983,0.370168,1.34109e-05,0.000345294,0.00403838,0.00682743,0.0403322,0.446008,0.705728
705,1748688195,2025-05-31 10:43 UTC,310564,377471,2.06665,4.97388,0.286606,0.365542,1.10272e-05,0.000343448,0.00403833,0.00677504,0.0415623,0.435596,0.688135
706,1748688495,2025-05-31 10:48 UTC,310297,377395,2.0597,5.04835,0.283235,0.360916,1.31985e-05,0.000317565,0.00403833,0.00672251,0.0428162,0.425338,0.670904
707,1748688795,2025-05-31 10:53 UTC,310021,377312,2.05299,5.12312,0.279868,0.35629,1.12444e-05,0.000319362,0.00403838,0.0066699,0.044094,0.415198,0.653791
708,1748689095,2025-05-31 10:58 UTC,309733,377222,2.04654,5.19819,0.276507,0.351664,1.02433e-05,0.000307092,0.00403843,0.00661716,0.0453956,0.405197,0.636929
709,1748689395,2025-05-31 11:03 UTC,309436,377125,2.04037,5.27353,0.270241,0.343709,3.10891e-05,0.000295073,0.00403843,0.0065641,0.046721,0.386986,0.608526
710,1748689694,2025-05-31 11:08 UTC,309128,377021,2.03453,5.34888,0.262439,0.334113,2.28814e-05,0.000266022,0.00403843,0.00651126,0.0480658,0.36481,0.575016
711,1748689994,2025-05-31 11:13 UTC,308811,376910,2.02898,5.42475,0.254617,0.324501,2.21291e-05,0.000256702,0.00403828,0.00645802,0.0494388,0.343248,0.542387
712,1748690294,2025-05-31 11:18 UTC,308483,376792,2.02377,5.50085,0.246801,0.314908,2.17888e-05,0.000242845,0.00403828,0.0064046,0.0508357,0.322358,0.510784
713,1748690594,2025-05-31 11:23 UTC,308144,376667,2.01892,5.57719,0.238991,0.305336,1.83828e-05,0.000228129,0.00403828,0.00635104,0.0522565,0.302132,0.480186
714,1748690894,2025-05-31 11:28 UTC,307795,376536,2.01441,5.65375,0.23119,0.295785,2.25568e-05,0.000203637,0.00403828,0.00629727,0.0537011,0.282594,0.450645
715,1748691194,2025-05-31 11:33 UTC,307436,376397,2.01026,5.73053,0.223397,0.286259,1.88803e-05,0.000196009,0.00403833,0.00624343,0.0551695,0.263708,0.42208
716,1748691494,2025-05-31 11:38 UTC,307067,376252,2.00646,5.80752,0.215614,0.276992,1.94879e-05,0.000171286,0.00403833,0.00618948,0.0566618,0.245502,0.39522
717,1748691793,2025-05-31 11:43 UTC,306687,376101,2.00299,5.88444,0.207868,0.268065,2.06424e-05,0.000168687,0.00403848,0.00613563,0.0581729,0.228025,0.370169
718,1748692093,2025-05-31 11:48 UTC,306296,375942,1.99981,5.96182,0.200107,0.259111,1.86077e-05,0.000152684,0.00403848,0.00608161,0.0597127,0.211151,0.345858
719,1748692393,2025-05-31 11:53 UTC,305895,375777,1.99693,6.03938,0.19236,0.250158,1.67269e-05,0.000141152,0.00403838,0.00602758,0.0612765,0.194946,0.322332
720,1748692693,2025-05-31 11:58 UTC,305483,375605,1.99433,6.11711,0.184628,0.241209,1.68486e-05,0.00013456,0.00403838,0.00597356,0.0628641,0.179416,0.29971
721,1748692993,2025-05-31 12:03 UTC,305129,375419,1.99705,6.17224,0.175163,0.230367,2.34971e-05,0.000107603,0.00403848,0.00597664,0.0640021,0.161366,0.273398
722,1748693293,2025-05-31 12:08 UTC,304837,375219,2.00301,6.21484,0.164743,0.218478,1.86115e-05,0.000102342,0.00403843,0.00601179,0.0648888,0.14261,0.245902
723,1748693593,2025-05-31 12:13 UTC,304541,375010,2.00944,6.25754,0.154337,0.206606,1.99384e-05,8.0575e-05,0.00403838,0.00604721,0.0657836,0.125046,0.219901
724,1748693892,2025-05-31 12:18 UTC,304242,374792,2.0163,6.3002,0.143984,0.194787,1.91567e-05,7.97729e-05,0.00403838,0.00608277,0.0666834,0.108714,0.195473
725,1748694192,2025-05-31 12:23 UTC,303940,374566,2.02364,6.34309,0.13362,0.182935,1.50862e-05,6.56589e-05,0.00403833,0.00611863,0.0675945,0.0935007,0.172392
726,1748694492,2025-05-31 12:28 UTC,303634,374332,2.0314,6.38608,0.123285,0.17109,1.62779e-05,5.24288e-05,0.00403828,0.00615453,0.0685138,0.0794767,0.150794
727,1748694792,2025-05-31 12:33 UTC,303324,374090,2.03958,6.42916,0.112988,0.159253,1.25386e-05,4.41393e-05,0.00403819,0.00619051,0.0694413,0.0666265,0.130651
728,1748695092,2025-05-31 12:38 UTC,303012,373840,2.04814,6.47233,0.102743,0.147427,1.28582e-05,4.86642e-05,0.00403819,0.00622646,0.0703769,0.0549604,0.111969
729,1748695392,2025-05-31 12:43 UTC,302695,373581,2.05707,6.51558,0.0925696,0.135615,1.16542e-05,4.82497e-05,0.00403819,0.0062624,0.0713207,0.0444707,0.094746
730,1748695692,2025-05-31 12:48 UTC,302376,373314,2.06634,6.55892,0.0824967,0.12382,1.03844e-05,3.56003e-05,0.00403819,0.00629831,0.0722727,0.0351571,0.0789889
731,1748695991,2025-05-31 12:53 UTC,302052,373039,2.0759,6.6022,0.0726051,0.112086,9.10191e-06,2.46457e-05,0.00403809,0.00633408,0.0732297,0.0270397,0.0647164
732,1748696291,2025-05-31 12:58 UTC,301725,372756,2.08581,6.64571,0.0629066,0.100345,8.60569e-06,3.37787e-05,0.00403804,0.00636995,0.074198,0.0200586,0.0518725
733,1748696591,2025-05-31 13:03 UTC,301395,372464,2.09603,6.6893,0.053572,0.0883575,7.26212e-06,4.12732e-05,0.00403804,0.00640584,0.0751745,0.0142499,0.040222
734,1748696891,2025-05-31 13:08 UTC,301060,372164,2.10653,6.73297,0.0447174,0.0762615,6.14447e-06,2.07611e-05,0.00403804,0.00644174,0.0761593,0.00956098,0.029961
735,1748697191,2025-05-31 13:13 UTC,300723,371855,2.11733,6.77672,0.0365861,0.0642522,5.10613e-06,1.46776e-05,0.00403804,0.00647767,0.0771521,0.00596693,0.0212687
736,1748697491,2025-05-31 13:18 UTC,300381,371538,2.12841,6.82054,0.0295756,0.0524863,3.91869e-06,1.64896e-05,0.00403804,0.00651367,0.0781532,0.00353099,0.0141906
737,1748697790,2025-05-31 13:23 UTC,300036,371213,2.13971,6.86429,0.0243557,0.0521599,3.22247e-06,1.742e-05,0.00403804,0.00654963,0.0791591,0.00255032,0.014011
738,1748698090,2025-05-31 13:28 UTC,299687,370880,2.15132,6.90826,0.0220691,0.0591057,2.67939e-06,1.26616e-05,0.00403799,0.00658583,0.0801765,0.00305472,0.0179925
739,1748698390,2025-05-31 13:33 UTC,299334,370538,2.16318,6.95231,0.0244466,0.0678242,2.87951e-06,1.19348e-05,0.00403799,0.00662215,0.0812021,0.00442006,0.0236861
740,1748698690,2025-05-31 13:38 UTC,298977,370188,2.17529,6.99642,0.031328,0.0777211,4.49321e-06,1.67283e-05,0.00403799,0.00665863,0.0822358,0.00664276,0.0311028
741,1748698990,2025-05-31 13:43 UTC,298617,369829,2.18764,7.0406,0.040023,0.0884014,6.90461e-06,2.69796e-05,0.00403799,0.00669527,0.0832778,0.00994177,0.0402413
742,1748699290,2025-05-31 13:48 UTC,298253,369462,2.20021,7.08486,0.0494073,0.0996135,6.27897e-06,1.87533e-05,0.00403799,0.00673215,0.0843279,0.0143791,0.0510986
743,1748699590,2025-05-31 13:53 UTC,297884,369086,2.21302,7.12917,0.0591109,0.111197,7.21283e-06,5.07825e-05,0.00403799,0.00676924,0.0853862,0.0199599,0.0636758
744,1748699889,2025-05-31 13:58 UTC,297512,368701,2.226,7.17341,0.0689602,0.123006,9.11844e-06,2.21835e-05,0.00403799,0.00680647,0.0864492,0.0266582,0.0779134
745,1748700189,2025-05-31 14:03 UTC,297136,368308,2.23925,7.21786,0.0774991,0.132415,1.69971e-05,0.000154599,0.00403799,0.00684422,0.0875238,0.0332469,0.0902922
746,1748700489,2025-05-31 14:08 UTC,296755,367906,2.2527,7.26237,0.085229,0.140336,7.58496e-05,0.000334403,0.0040378,0.00688186,0.0886068,0.0397844,0.101231
747,1748700789,2025-05-31 14:13 UTC,296371,367496,2.26636,7.30694,0.0929865,0.148285,0.000104106,0.000332751,0.0040378,0.00692064,0.0896978,0.0470847,0.113041
748,1748701089,2025-05-31 14:18 UTC,295983,367076,2.28022,7.35158,0.100765,0.156259,7.76491e-05,0.000238192,0.0040378,0.00695903,0.0907968,0.0549612,0.125759
749,1748701389,2025-05-31 14:23 UTC,295591,366649,2.29428,7.39627,0.108561,0.164254,6.59013e-05,0.000270189,0.0040377,0.0069979,0.0919044,0.0635184,0.138866
750,1748701689,2025-05-31 14:28 UTC,295194,366212,2.30854,7.44103,0.11637,0.172279,7.64282e-05,0.00021045,0.00403765,0.00703728,0.0930198,0.0727456,0.152789
751,1748701988,2025-05-31 14:33 UTC,294793,365766,2.32293,7.48569,0.124165,0.180318,8.73199e-05,0.000340098,0.00403765,0.00707695,0.0941397,0.0825933,0.167447
752,1748702288,2025-05-31 14:38 UTC,294389,365311,2.33755,7.53056,0.131994,0.188398,0.000101464,0.00039399,0.0040377,0.00711722,0.0952719,0.0931468,0.182847
753,1748702588,2025-05-31 14:43 UTC,293979,364848,2.35236,7.57548,0.139832,0.196491,0.000182353,0.00054637,0.0040377,0.00715841,0.0964116,0.104455,0.199343
754,1748702888,2025-05-31 14:48 UTC,293566,364375,2.36734,7.62046,0.147676,0.204595,0.000155576,0.000569029,0.00403775,0.00719868,0.0975599,0.116143,0.215442
755,1748703188,2025-05-31 14:53 UTC,293148,363893,2.38249,7.66549,0.155526,0.212709,0.000116897,0.000369577,0.0040378,0.00724146,0.0987163,0.128879,0.233265
756,1748703488,2025-05-31 14:58 UTC,292726,363401,2.39781,7.71067,0.163381,0.220832,9.34304e-05,0.000269539,0.0040378,0.0072834,0.0998835,0.14204,0.251158
757,1748703788,2025-05-31 15:03 UTC,292371,362970,2.41639,7.75701,0.169116,0.226519,0.000103494,0.000315194,0.0040378,0.00735355,0.101088,0.152179,0.264402
758,1748704087,2025-05-31 15:08 UTC,292085,362603,2.43705,7.80352,0.173575,0.230744,8.79627e-05,0.000271001,0.0040378,0.00743968,0.102303,0.160158,0.274223
759,1748704387,2025-05-31 15:13 UTC,291802,362237,2.45811,7.85019,0.178051,0.234989,8.60247e-05,0.00030859,0.0040378,0.00752669,0.103531,0.168447,0.284452
760,1748704687,2025-05-31 15:18 UTC,291522,361871,2.47949,7.89686,0.182529,0.239241,8.18924e-05,0.00039578,0.00404978,0.00761403,0.104766,0.176798,0.29465
761,1748704987,2025-05-31 15:23 UTC,291245,361506,2.50117,7.94355,0.187009,0.243499,6.2031e-05,0.000249124,0.00404973,0.0077024,0.106008,0.185538,0.305267
762,1748705287,2025-05-31 15:28 UTC,290971,361142,2.52315,7.99024,0.191491,0.247763,5.23101e-05,0.000166574,0.00404973,0.00779125,0.107258,0.194497,0.316145
763,1748705587,2025-05-31 15:33 UTC,290699,360779,2.5454,8.03694,0.195974,0.252032,7.61196e-05,0.000322534,0.00404968,0.00788017,0.108515,0.203548,0.326837
764,1748705886,2025-05-31 15:38 UTC,290430,360416,2.56783,8.0835,0.200445,0.256292,4.59566e-05,0.000158166,0.00404963,0.00796987,0.109776,0.212997,0.338136
765,1748706186,2025-05-31 15:43 UTC,290163,360053,2.59057,8.13021,0.204932,0.260571,4.75226e-05,0.000159874,0.00404963,0.00805964,0.111049,0.222515,0.349626
766,1748706486,2025-05-31 15:48 UTC,289910,359691,2.61352,8.17693,0.20942,0.264855,4.6068e-05,0.000191909,0.00404968,0.00814989,0.112328,0.232322,0.361177
767,1748706786,2025-05-31 15:53 UTC,289648,359328,2.63667,8.22366,0.21391,0.269143,3.95654e-05,0.000269034,0.00404973,0.00824065,0.113616,0.242379,0.373055
768,1748707086,2025-05-31 15:58 UTC,289389,358966,2.66,8.27039,0.218401,0.274589,4.56573e-05,0.000204955,0.00404963,0.00833145,0.114911,0.252598,0.388517
769,1748707386,2025-05-31 16:03 UTC,289133,358605,2.68349,8.31714,0.220646,0.277708,3.16819e-05,0.000175084,0.00404963,0.00842281,0.116214,0.25782,0.397309
770,1748707686,2025-05-31 16:08 UTC,288878,358253,2.70713,8.36388,0.221515,0.279007,3.67729e-05,0.000156304,0.00404963,0.0085143,0.117524,0.259811,0.400932
771,1748707985,2025-05-31 16:13 UTC,288626,357953,2.73084,8.41048,0.222385,0.280301,2.87637e-05,0.000224081,0.00404963,0.00860538,0.118837,0.261732,0.404514
772,1748708285,2025-05-31 16:18 UTC,288376,357654,2.75477,8.45724,0.22326,0.2816,2.79215e-05,0.000262495,0.00404963,0.00869767,0.120162,0.263824,0.408515
773,1748708585,2025-05-31 16:23 UTC,288129,357354,2.77882,8.50401,0.224137,0.282898,2.90008e-05,0.000191874,0.00404963,0.00878959,0.121495,0.265764,0.412033
774,1748708885,2025-05-31 16:28 UTC,287883,357054,2.803,8.55078,0.225018,0.284197,2.02457e-05,0.000209322,0.00404958,0.00888221,0.122835,0.267843,0.415957
775,1748709185,2025-05-31 16:33 UTC,287640,356754,2.82729,8.59756,0.225901,0.285496,2.40704e-05,0.000216752,0.00404953,0.00897487,0.124182,0.269862,0.419601
776,1748709485,2025-05-31 16:38 UTC,287398,356453,2.8517,8.64434,0.226787,0.286794,1.83235e-05,0.000260149,0.00404953,0.00906796,0.125537,0.271949,0.423623
777,1748709785,2025-05-31 16:43 UTC,287159,356151,2.87621,8.69113,0.227675,0.288093,1.60072e-05,0.000186795,0.00404953,0.00916139,0.1269,0.274059,0.427451
778,1748710084,2025-05-31 16:48 UTC,286922,355849,2.90073,8.73777,0.228564,0.289387,1.41889e-05,0.000212565,0.00404958,0.00925463,0.128266,0.276148,0.431325
779,1748710384,2025-05-31 16:53 UTC,286686,355547,2.92543,8.78458,0.229457,0.290686,1.71296e-05,0.000211912,0.00404958,0.00934836,0.129644,0.278225,0.435064
780,1748710684,2025-05-31 16:58 UTC,286453,355244,2.95022,8.83138,0.230354,0.291984,1.36507e-05,0.000239387,0.00404958,0.00944248,0.131029,0.280354,0.439033
781,1748710984,2025-05-31 17:03 UTC,286221,354940,2.9751,8.8782,0.22919,0.2907,1.68135e-05,0.000193947,0.00404958,0.00953692,0.132422,0.277513,0.4352
782,1748711284,2025-05-31 17:08 UTC,285992,354636,3.00006,8.92501,0.226728,0.287798,1.03523e-05,0.000211161,0.00404963,0.00963157,0.133822,0.271561,0.426595
783,1748711584,2025-05-31 17:13 UTC,285764,354331,3.02509,8.97184,0.224267,0.284897,9.78555e-06,0.00018946,0.00404963,0.00972647,0.13523,0.265674,0.418
784,1748711884,2025-05-31 17:18 UTC,285537,354026,3.0502,9.01866,0.221806,0.281997,1.08778e-05,0.000188571,0.00404958,0.00982171,0.136645,0.259862,0.409526
785,1748712183,2025-05-31 17:23 UTC,285313,353720,3.07529,9.06534,0.219355,0.279106,9.02548e-06,0.000188171,0.00404963,0.00991686,0.138063,0.254123,0.401183
786,1748712483,2025-05-31 17:28 UTC,285090,353413,3.10053,9.11218,0.216897,0.276205,1.07491e-05,0.000190763,0.00404963,0.0100126,0.139493,0.248434,0.392871
787,1748712783,2025-05-31 17:33 UTC,284869,353105,3.12584,9.15902,0.214439,0.273305,8.55377e-06,0.000176651,0.00404963,0.0101087,0.140931,0.242823,0.384742
788,1748713083,2025-05-31 17:38 UTC,284650,352797,3.15122,9.20587,0.211983,0.270464,9.62709e-06,0.000167498,0.00404968,0.0102051,0.142377,0.237273,0.376745
789,1748713383,2025-05-31 17:43 UTC,284432,352488,3.17665,9.25272,0.209528,0.267658,1.17676e-05,0.000186464,0.00404968,0.0103019,0.14383,0.231799,0.369016
790,1748713683,2025-05-31 17:48 UTC,284216,352178,3.20214,9.29958,0.207074,0.264853,8.47274e-06,0.000184822,0.00404968,0.0103988,0.14529,0.226369,0.361294
791,1748713982,2025-05-31 17:53 UTC,284001,351868,3.2276,9.34729,0.204629,0.262057,9.13009e-06,0.00016963,0.00404973,0.0104958,0.146785,0.221034,0.353643
792,1748714282,2025-05-31 17:58 UTC,283788,351556,3.25321,9.3956,0.202177,0.259252,5.76835e-06,0.000156997,0.00404973,0.0105935,0.148306,0.215747,0.346136
793,1748714582,2025-05-31 18:03 UTC,283570,351278,3.25842,9.41531,0.198382,0.254848,1.59829e-05,0.000135443,0.00404973,0.010593,0.148929,0.207776,0.33454
794,1748714882,2025-05-31 18:08 UTC,283337,351032,3.25059,9.41742,0.193716,0.249408,1.85655e-05,0.00011948,0.00404978,0.0105293,0.148995,0.198156,0.320407
795,1748715182,2025-05-31 18:13 UTC,283116,350787,3.24301,9.42105,0.189052,0.243969,1.63152e-05,0.000142523,0.00404982,0.0104667,0.14911,0.188794,0.306561
796,1748715482,2025-05-31 18:18 UTC,282895,350545,3.23568,9.42468,0.18439,0.238529,1.60369e-05,0.000179624,0.00404982,0.0104051,0.149225,0.179661,0.293069
797,1748715782,2025-05-31 18:23 UTC,282676,350305,3.22861,9.42832,0.179731,0.233089,1.32037e-05,0.00013978,0.00404982,0.0103442,0.149341,0.170751,0.27983
798,1748716081,2025-05-31 18:28 UTC,282457,350067,3.22182,9.43195,0.17509,0.227667,1.47904e-05,0.000119459,0.00404982,0.0102845,0.149455,0.162121,0.266984
799,1748716381,2025-05-31 18:33 UTC,282240,349830,3.21529,9.43559,0.170436,0.222227,1.31233e-05,0.000111793,0.00404987,0.0102253,0.149571,0.153683,0.254356
800,1748716681,2025-05-31 18:38 UTC,282023,349596,3.20903,9.43924,0.165785,0.216787,1.33847e-05,8.95086e-05,0.00404992,0.0101669,0.149687,0.14548,0.242094
801,1748716981,2025-05-31 18:43 UTC,281807,349363,3.20306,9.44289,0.161138,0.211671,1.27267e-05,9.41572e-05,0.00404992,0.0101091,0.149802,0.137517,0.230805
802,1748717281,2025-05-31 18:48 UTC,281593,349132,3.19736,9.44654,0.156495,0.206556,8.96536e-06,9.05126e-05,0.00404997,0.0100518,0.149918,0.129778,0.219753
803,1748717581,2025-05-31 18:53 UTC,281379,348902,3.19196,9.45019,0.151857,0.201442,1.04969e-05,0.000104856,0.00405002,0.00999502,0.150034,0.122284,0.209005
804,1748717881,2025-05-31 18:58 UTC,281166,348675,3.18683,9.45385,0.147222,0.196366,9.02447e-06,0.000114149,0.00405249,0.00993867,0.15015,0.115017,0.198613
805,1748718180,2025-05-31 19:03 UTC,280954,348449,3.18201,9.4575,0.142477,0.190889,9.87015e-06,7.2352e-05,0.00405254,0.00988288,0.150266,0.10779,0.187689
806,1748718480,2025-05-31 19:08 UTC,280743,348225,3.17744,9.46116,0.137631,0.185532,7.61812e-06,9.7196e-05,0.00405249,0.00982715,0.150383,0.100635,0.17729
807,1748718780,2025-05-31 19:13 UTC,280533,348002,3.17315,9.46483,0.132791,0.180335,8.98489e-06,5.80069e-05,0.00405254,0.00977166,0.150499,0.0937403,0.16752
808,1748719080,2025-05-31 19:18 UTC,280323,347781,3.16912,9.4685,0.127956,0.175138,9.44465e-06,7.59092e-05,0.00405259,0.00971629,0.150616,0.0870961,0.157997
809,1748719380,2025-05-31 19:23 UTC,280114,347562,3.16536,9.47217,0.123127,0.169942,9.05965e-06,5.99754e-05,0.00405249,0.00966096,0.150733,0.0807028,0.148758
810,1748719680,2025-05-31 19:28 UTC,279907,347344,3.16186,9.47585,0.118304,0.164745,8.45367e-06,5.84528e-05,0.00405249,0.00960563,0.15085,0.0745638,0.139817
811,1748719980,2025-05-31 19:33 UTC,279700,347128,3.15861,9.47952,0.113489,0.159549,8.02408e-06,5.41722e-05,0.00405254,0.00955022,0.150967,0.0686769,0.131118
812,1748720279,2025-05-31 19:37 UTC,279493,346913,3.15562,9.48319,0.108699,0.15437,5.97063e-06,7.30923e-05,0.00405254,0.00949484,0.151084,0.06306,0.12274
813,1748720579,2025-05-31 19:42 UTC,279288,346700,3.15286,9.48688,0.103902,0.149174,7.20788e-06,9.7417e-05,0.00405244,0.00943911,0.151202,0.0576796,0.114611
814,1748720879,2025-05-31 19:47 UTC,279083,346488,3.15034,9.49056,0.0991178,0.143978,5.70186e-06,4.89615e-05,0.00405249,0.00938309,0.151319,0.0525507,0.106777
815,1748721179,2025-05-31 19:52 UTC,278879,346277,3.14804,9.49425,0.0943469,0.138782,6.04029e-06,4.33219e-05,0.00405249,0.00932678,0.151437,0.0476766,0.0992047
816,1748721479,2025-05-31 19:57 UTC,278676,346068,3.14597,9.49795,0.0895919,0.133587,4.36459e-05,0.000256336,0.00407509,0.00927007,0.151554,0.0430548,0.0919577
817,1748721779,2025-05-31 20:02 UTC,278473,345860,3.14412,9.50164,0.0856906,0.129066,2.0161e-05,7.80648e-05,0.00407509,0.00921291,0.151673,0.0394184,0.085812
818,1748722079,2025-05-31 20:07 UTC,278271,345654,3.14248,9.50534,0.0823595,0.125008,1.25236e-05,7.35257e-05,0.00407509,0.00915535,0.151791,0.0364311,0.0804922
819,1748722378,2025-05-31 20:12 UTC,278070,345449,3.14105,9.50903,0.0790421,0.120977,1.33581e-05,5.03618e-05,0.00407509,0.00909741,0.151908,0.0335716,0.0753746
820,1748722678,2025-05-31 20:17 UTC,277869,345246,3.13982,9.51273,0.0757165,0.116932,1.13517e-05,5.24045e-05,0.00407509,0.00903877,0.152027,0.0308269,0.0704467
821,1748722978,2025-05-31 20:22 UTC,277669,345043,3.13878,9.51644,0.0723942,0.112887,9.3099e-06,3.63628e-05,0.00407509,0.00897947,0.152145,0.0281998,0.0656386
822,1748723278,2025-05-31 20:27 UTC,277470,344842,3.13793,9.52015,0.0690758,0.108843,7.97567e-06,3.07495e-05,0.00407509,0.00891955,0.152264,0.025695,0.0610205
823,1748723578,2025-05-31 20:32 UTC,277272,344642,3.13727,9.52386,0.0657618,0.104799,7.34492e-06,2.59283e-05,0.00407514,0.00885895,0.152383,0.0233109,0.0565619
824,1748723878,2025-05-31 20:37 UTC,277074,344444,3.13678,9.52758,0.0624529,0.100756,6.18707e-06,3.17929e-05,0.00407518,0.00879763,0.152502,0.0210471,0.0522858
825,1748724177,2025-05-31 20:42 UTC,276876,344246,3.13648,9.53128,0.0591612,0.096726,5.76904e-06,2.08864e-05,0.00407518,0.00873576,0.15262,0.0189116,0.0481925
826,1748724477,2025-05-31 20:47 UTC,276680,344050,3.13634,9.535,0.0558656,0.0926835,5.05197e-06,2.38758e-05,0.00407523,0.0086729,0.152739,0.0168889,0.0442459
827,1748724777,2025-05-31 20:52 UTC,276484,343855,3.13637,9.53873,0.0525786,0.0886416,6.56762e-06,2.25482e-05,0.00407756,0.00860926,0.152859,0.0149888,0.0404692
828,1748725077,2025-05-31 20:57 UTC,276288,343661,3.13656,9.54246,0.0493021,0.0847221,6.56351e-06,2.77719e-05,0.00407756,0.00854475,0.152978,0.0132083,0.0369727
829,1748725377,2025-05-31 21:02 UTC,276079,343484,3.1405,9.58371,0.0473769,0.0825639,6.83193e-06,2.78262e-05,0.00407756,0.00844435,0.154304,0.0122141,0.0351175
830,1748725677,2025-05-31 21:07 UTC,275857,343321,3.14766,9.65122,0.0463865,0.0814512,4.95277e-06,1.48993e-05,0.00407756,0.00832112,0.156485,0.0117202,0.0341691
831,1748725977,2025-05-31 21:12 UTC,275634,343160,3.15576,9.71894,0.0453988,0.0803388,5.33318e-06,2.0565e-05,0.00407756,0.00819929,0.158689,0.0112357,0.0332381
832,1748726276,2025-05-31 21:17 UTC,275411,343001,3.16486,9.78663,0.044417,0.0792303,5.24583e-06,2.38624e-05,0.00407756,0.00807855,0.160907,0.0107666,0.03233
833,1748726576,2025-05-31 21:22 UTC,275187,342845,3.17511,9.85475,0.0434349,0.0781184,4.22161e-06,1.47613e-05,0.00407756,0.00795712,0.163155,0.0103053,0.031431
834,1748726876,2025-05-31 21:27 UTC,274962,342691,3.18657,9.92307,0.042456,0.0770611,3.82212e-06,2.88746e-05,0.00407756,0.0078346,0.165425,0.00985708,0.0305876
835,1748727176,2025-05-31 21:32 UTC,274737,342539,3.19932,9.99158,0.0414807,0.0760197,3.71743e-06,2.53067e-05,0.00407756,0.00771004,0.167717,0.00941998,0.0297609
836,1748727476,2025-05-31 21:37 UTC,274511,342389,3.21336,10.0603,0.0405092,0.0749784,3.7158e-06,1.6317e-05,0.00407756,0.00758263,0.170032,0.00899447,0.0289523
837,1748727776,2025-05-31 21:42 UTC,274284,342242,3.22871,10.1292,0.0395418,0.0739663,3.41189e-06,2.59977e-05,0.00407761,0.0074517,0.172368,0.0085807,0.0281767
838,1748728076,2025-05-31 21:47 UTC,274057,342096,3.24528,10.1982,0.0385791,0.0729646,2.70404e-06,8.75858e-06,0.00407761,0.00731677,0.174726,0.00817777,0.0274222
839,1748728375,2025-05-31 21:52 UTC,273829,341952,3.26294,10.2672,0.0376245,0.0719663,2.79513e-06,9.47407e-06,0.00407761,0.00717816,0.177099,0.00778832,0.0266735
840,1748728675,2025-05-31 21:57 UTC,273601,341810,3.28167,10.3367,0.0366724,0.070965,2.41398e-06,1.76036e-05,0.00407761,0.00703494,0.179502,0.00740874,0.0259356
841,1748728975,2025-05-31 22:02 UTC,273372,341670,3.3013,10.4062,0.0372015,0.0717183,2.75431e-06,2.77018e-05,0.00407761,0.00688788,0.181927,0.0076368,0.0264836
842,1748729275,2025-05-31 22:07 UTC,273142,341533,3.32171,10.4762,0.0388047,0.0737265,3.41517e-06,2.63377e-05,0.00407761,0.00673755,0.184382,0.00832218,0.0279923
843,1748729575,2025-05-31 22:12 UTC,272912,341397,3.34281,10.5524,0.0404297,0.0757365,2.90253e-06,1.97973e-05,0.00407761,0.00658466,0.187072,0.00904217,0.0295406
844,1748729875,2025-05-31 22:17 UTC,272681,341263,3.36449,10.6287,0.0420745,0.0777481,2.39176e-06,1.68111e-05,0.00407761,0.00643022,0.189788,0.00979837,0.0311298
845,1748730175,2025-05-31 22:22 UTC,272450,341130,3.38669,10.7051,0.0437371,0.0797614,6.89751e-06,4.40378e-05,0.00408236,0.00627541,0.192528,0.0105899,0.032759
846,1748730474,2025-05-31 22:27 UTC,272218,341000,3.40926,10.7815,0.04541,0.0817693,3.35108e-06,1.53111e-05,0.00408231,0.00612217,0.195284,0.0114143,0.0344351
847,1748730774,2025-05-31 22:32 UTC,271986,340872,3.43231,10.8582,0.0471029,0.0838064,8.27802e-05,0.0016473,0.00412241,0.00597121,0.198074,0.012277,0.0361927
848,1748731074,2025-05-31 22:37 UTC,271753,340745,3.4557,10.9351,0.0488087,0.0858501,4.64683e-05,0.00015972,0.00412246,0.00582489,0.20089,0.0131763,0.0379204
849,1748731374,2025-05-31 22:42 UTC,271519,340620,3.47942,11.0122,0.0505261,0.0878947,2.93463e-05,0.000117767,0.00412484,0.00568568,0.20373,0.014112,0.0398215
850,1748731674,2025-05-31 22:47 UTC,271285,340497,3.50341,11.0893,0.0522539,0.0899401,2.46643e-05,8.31503e-05,0.00412484,0.00555588,0.206596,0.0150809,0.0416683
851,1748731974,2025-05-31 22:52 UTC,271051,340375,3.52766,11.1666,0.0539912,0.0919863,2.09418e-05,7.15998e-05,0.00412484,0.00543854,0.209486,0.0160874,0.0435972
852,1748732273,2025-05-31 22:57 UTC,270815,340256,3.55207,11.2438,0.0557311,0.0940969,1.78173e-05,7.17819e-05,0.00412484,0.00533712,0.212391,0.0171274,0.0456084
853,1748732573,2025-05-31 23:02 UTC,270580,340138,3.57676,11.3214,0.0589728,0.0980184,1.4846e-05,5.48544e-05,0.00412484,0.0052541,0.215332,0.0191056,0.0494746
854,1748732873,2025-05-31 23:07 UTC,270344,340021,3.60165,11.3991,0.0633153,0.103155,1.43301e-05,4.12176e-05,0.00412479,0.00519351,0.218297,0.0219173,0.0547728
855,1748733173,2025-05-31 23:12 UTC,270107,339907,3.62672,11.4769,0.0676648,0.108293,1.49948e-05,4.7204e-05,0.00412484,0.00515874,0.221287,0.0249352,0.060386
856,1748733473,2025-05-31 23:17 UTC,269870,339794,3.65196,11.5548,0.07202,0.11343,1.15851e-05,5.18783e-05,0.00412479,0.00515315,0.224303,0.0281625,0.0662668
857,1748733773,2025-05-31 23:22 UTC,269632,339683,3.67735,11.6329,0.0763799,0.118568,1.00312e-05,5.29503e-05,0.00412479,0.00517968,0.227343,0.0315948,0.0724013
858,1748734073,2025-05-31 23:27 UTC,269394,339573,3.70287,11.711,0.0807438,0.123761,1.02425e-05,3.45895e-05,0.00412474,0.00524074,0.230409,0.0352299,0.078878
859,1748734372,2025-05-31 23:32 UTC,269155,339465,3.72845,11.789,0.0850965,0.128967,1.28447e-05,4.94507e-05,0.00412474,0.00533775,0.233489,0.0390615,0.0856568
860,1748734672,2025-05-31 23:37 UTC,268916,339358,3.75423,11.8674,0.0894666,0.134254,9.78165e-06,3.83928e-05,0.00412474,0.00547241,0.236604,0.0431093,0.0928071
861,1748734972,2025-05-31 23:42 UTC,268676,339253,3.78012,11.9459,0.0938392,0.139583,2.32e-05,0.000137483,0.00412474,0.00564474,0.239745,0.047366,0.100241
862,1748735272,2025-05-31 23:47 UTC,268436,339150,3.80612,12.0245,0.098214,0.144929,1.83232e-05,0.000130496,0.00412474,0.00585428,0.24291,0.0518261,0.108149
863,1748735572,2025-05-31 23:52 UTC,268195,339048,3.83222,12.1032,0.102591,0.150289,4.15088e-05,0.000352389,0.00412474,0.0061001,0.2461,0.0565352,0.116854
864,1748735872,2025-05-31 23:57 UTC,267954,338947,3.85841,12.182,0.106969,0.155662,0.000235269,0.00149332,0.00417711,0.00638106,0.249317,0.0614187,0.12438
865,1748736172,2025-06-01 00:02 UTC,267702,338796,3.86193,12.208,0.112179,0.161786,0.000474608,0.00285616,0.00417711,0.00643499,0.250377,0.0672885,0.134189
866,1748736471,2025-06-01 00:07 UTC,267440,338595,3.84907,12.1946,0.118001,0.168445,0.000345988,0.00119008,0.00417706,0.00629982,0.249832,0.0743728,0.145301
867,1748736771,2025-06-01 00:12 UTC,267175,338391,3.83683,12.1812,0.123858,0.175126,0.000286625,0.000804778,0.00417711,0.00616634,0.249282,0.0820194,0.157948
868,1748737071,2025-06-01 00:17 UTC,266909,338183,3.82531,12.1678,0.129729,0.181836,0.000302505,0.000777695,0.00417721,0.00603319,0.248734,0.0897728,0.169172
869,1748737371,2025-06-01 00:22 UTC,266641,337971,3.81457,12.1544,0.13561,0.188559,0.000278269,0.000770693,0.00417716,0.00590128,0.248187,0.0984761,0.18389
870,1748737671,2025-06-01 00:27 UTC,266371,337757,3.80469,12.141,0.141501,0.195282,0.000216756,0.000673902,0.00417711,0.00577234,0.247641,0.106738,0.196637
871,1748737971,2025-06-01 00:32 UTC,266099,337539,3.79576,12.1276,0.1474,0.202005,0.000254557,0.000766219,0.00417711,0.00564422,0.247094,0.116264,0.211302
872,1748738271,2025-06-01 00:37 UTC,265826,337317,3.78789,12.1142,0.153307,0.208728,0.000155126,0.00049265,0.00417929,0.0055201,0.246549,0.125411,0.224752
873,1748738570,2025-06-01 00:42 UTC,265551,337092,3.78128,12.1009,0.159199,0.215456,0.000141206,0.00049814,0.00417929,0.00539901,0.246005,0.135053,0.238854
874,1748738870,2025-06-01 00:47 UTC,265274,336864,3.77608,12.0875,0.165117,0.222221,0.000117277,0.000335791,0.00417929,0.00528112,0.245461,0.145426,0.253916
875,1748739170,2025-06-01 00:52 UTC,264996,336633,3.7726,12.0741,0.171039,0.229042,0.000128371,0.000519619,0.00417924,0.00516742,0.244918,0.155795,0.26972
876,1748739470,2025-06-01 00:57 UTC,264716,336398,3.77141,12.0607,0.176966,0.235966,0.000110827,0.000396421,0.00417924,0.00505838,0.244374,0.166894,0.28631
877,1748739770,2025-06-01 01:02 UTC,264434,336161,3.77295,12.0473,0.182587,0.242543,0.000116946,0.000327852,0.0041792,0.00495506,0.243832,0.177535,0.302811
878,1748740070,2025-06-01 01:07 UTC,264150,335920,3.77735,12.0339,0.187977,0.248877,7.19471e-05,0.000252931,0.0041792,0.00485692,0.243291,0.188352,0.318588
879,1748740369,2025-06-01 01:12 UTC,263865,335676,3.78449,12.0206,0.193357,0.255189,7.91543e-05,0.000210195,0.0041792,0.00476565,0.242751,0.199214,0.335553
880,1748740669,2025-06-01 01:17 UTC,263588,335429,3.79394,12.0072,0.198762,0.261522,5.21114e-05,0.00019639,0.00418143,0.00468029,0.242211,0.210498,0.352093
881,1748740969,2025-06-01 01:22 UTC,263299,335179,3.80525,11.9938,0.204172,0.267855,5.22244e-05,0.000184013,0.00418138,0.0046005,0.241672,0.221954,0.369447
882,1748741269,2025-06-01 01:27 UTC,263009,334925,3.81815,11.9805,0.209589,0.274188,6.88413e-05,0.000210881,0.00418632,0.00452629,0.241133,0.233917,0.387052
883,1748741569,2025-06-01 01:32 UTC,262717,334669,3.83239,11.9671,0.21501,0.280521,7.27351e-05,0.000258125,0.00418632,0.004457,0.240595,0.246142,0.405516
884,1748741869,2025-06-01 01:37 UTC,262424,334410,3.8478,11.9537,0.220436,0.286854,7.38008e-05,0.000282215,0.0041888,0.00439201,0.240057,0.25864,0.423637
885,1748742169,2025-06-01 01:42 UTC,262129,334148,3.86425,11.9403,0.225866,0.293202,5.64686e-05,0.000216777,0.00419112,0.00433081,0.23952,0.271557,0.442561
886,1748742468,2025-06-01 01:47 UTC,261833,333883,3.88159,11.927,0.231282,0.299542,5.5363e-05,0.000242564,0.00419384,0.00427277,0.238986,0.284622,0.462108
887,1748742768,2025-06-01 01:52 UTC,261534,333615,3.89987,11.9136,0.23672,0.305903,4.07027e-05,0.000180053,0.00419394,0.00421708,0.23845,0.298157,0.481641
888,1748743068,2025-06-01 01:57 UTC,261235,333344,3.91897,11.9003,0.242161,0.312264,3.84341e-05,0.000218101,0.00419403,0.00416318,0.237916,0.312034,0.501968
889,1748743368,2025-06-01 02:02 UTC,260933,333070,3.93884,11.8869,0.246089,0.317222,4.66791e-05,0.000151878,0.00420654,0.00411042,0.237381,0.322164,0.518171
890,1748743668,2025-06-01 02:07 UTC,260630,332794,3.95943,11.8735,0.248827,0.321012,3.00214e-05,0.000286431,0.00420654,0.00405835,0.236847,0.329357,0.530736
891,1748743968,2025-06-01 02:12 UTC,260326,332514,3.98072,11.8602,0.251565,0.324801,2.60434e-05,0.000147284,0.0042065,0.00400626,0.236315,0.336554,0.543217
892,1748744268,2025-06-01 02:17 UTC,260020,332232,4.00267,11.8468,0.254304,0.328591,1.92968e-05,9.89829e-05,0.0042065,0.00395371,0.235783,0.343872,0.556062
893,1748744567,2025-06-01 02:22 UTC,259713,331946,4.02518,11.8335,0.257034,0.332368,1.96185e-05,0.000196325,0.00420936,0.00390048,0.235253,0.351238,0.568901
894,1748744867,2025-06-01 02:27 UTC,259404,331658,4.04837,11.8201,0.259773,0.336158,5.13864e-05,0.000367776,0.0042094,0.00384557,0.234722,0.358712,0.58222
895,1748745167,2025-06-01 02:32 UTC,259093,331368,4.07217,11.8068,0.262513,0.339948,7.34201e-05,0.000245978,0.00420936,0.00378928,0.234192,0.366258,0.594621
896,1748745467,2025-06-01 02:37 UTC,258781,331074,4.09654,11.7934,0.265253,0.343738,6.83836e-05,0.000248766,0.00420921,0.00373078,0.233662,0.373854,0.608263
897,1748745767,2025-06-01 02:42 UTC,258468,330778,4.12148,11.7801,0.267993,0.347528,5.23745e-05,0.000322591,0.00421193,0.00367032,0.233133,0.381589,0.621915
898,1748746067,2025-06-01 02:47 UTC,258153,330479,4.14696,11.7667,0.270733,0.351318,5.67861e-05,0.000225426,0.00421197,0.00360742,0.232605,0.389333,0.635328
899,1748746367,2025-06-01 02:52 UTC,257837,330176,4.17298,11.7534,0.273474,0.355108,4.77082e-05,0.000176862,0.00421692,0.00354222,0.232077,0.39723,0.649354
900,1748746666,2025-06-01 02:57 UTC,257519,329872,4.19942,11.7401,0.276206,0.358885,4.32455e-05,0.000321544,0.00421959,0.00347469,0.231552,0.405191,0.66311
901,1748746966,2025-06-01 03:02 UTC,257220,329576,4.19899,11.7385,0.2769,0.360306,4.9007e-05,0.000266404,0.00421959,0.00348114,0.23149,0.407189,0.668686
902,1748747266,2025-06-01 03:07 UTC,256937,329289,4.17681,11.7464,0.27594,0.359814,3.35886e-05,0.00018864,0.00422177,0.00354773,0.231804,0.404325,0.667086
903,1748747566,2025-06-01 03:12 UTC,256655,329001,4.15506,11.7544,0.274981,0.359323,3.46614e-05,0.000323685,0.00422177,0.00361368,0.23212,0.401438,0.664801
904,1748747866,2025-06-01 03:17 UTC,256372,328710,4.13374,11.7625,0.274022,0.358831,3.23033e-05,0.000170254,0.00422177,0.00367841,0.23244,0.398606,0.663247
905,1748748166,2025-06-01 03:22 UTC,256090,328419,4.11286,11.7707,0.273063,0.358341,2.42931e-05,0.000245095,0.00422177,0.00374224,0.232761,0.395756,0.661141
906,1748748466,2025-06-01 03:27 UTC,255807,328125,4.09244,11.7789,0.272104,0.35785,2.43703e-05,0.00025233,0.00422182,0.00380503,0.233086,0.392939,0.659508
907,1748748765,2025-06-01 03:32 UTC,255525,327830,4.07255,11.7871,0.271149,0.357362,2.09794e-05,0.000297074,0.00422182,0.00386649,0.233412,0.390153,0.657722
908,1748749065,2025-06-01 03:37 UTC,255242,327534,4.05305,11.7954,0.27019,0.356872,1.92386e-05,0.000240114,0.00422182,0.00392708,0.233742,0.387369,0.655907
909,1748749365,2025-06-01 03:42 UTC,254960,327236,4.03403,11.8038,0.269232,0.356383,1.69068e-05,0.000222186,0.00422182,0.00398665,0.234075,0.384587,0.654221
910,1748749665,2025-06-01 03:47 UTC,254677,326936,4.01546,11.8123,0.268274,0.355894,3.66659e-05,0.000137177,0.00423903,0.00404517,0.23441,0.381811,0.652317
911,1748749965,2025-06-01 03:52 UTC,254395,326635,3.99736,11.8208,0.267316,0.355405,1.89744e-05,0.000225947,0.00423898,0.00410283,0.234748,0.379093,0.650491
912,1748750265,2025-06-01 03:57 UTC,254112,326333,3.97972,11.8294,0.266359,0.354917,0.000150198,0.000628872,0.0044183,0.00415949,0.235088,0.376332,0.648812
913,1748750564,2025-06-01 04:02 UTC,253830,326028,3.96259,11.838,0.263392,0.351727,6.60052e-05,0.000226122,0.0044183,0.00421543,0.23543,0.367994,0.637342
914,1748750864,2025-06-01 04:07 UTC,253547,325723,3.94586,11.8467,0.258753,0.346294,5.11128e-05,0.000210812,0.00441835,0.00427064,0.235777,0.355116,0.61778
915,1748751164,2025-06-01 04:12 UTC,253264,325415,3.92959,11.8554,0.254115,0.340862,3.44392e-05,0.000201598,0.00441844,0.00432538,0.236126,0.342391,0.598444
916,1748751464,2025-06-01 04:17 UTC,252981,325106,3.91378,11.8642,0.249479,0.335431,3.76642e-05,0.000107132,0.0044184,0.00437966,0.236477,0.329981,0.579746
917,1748751764,2025-06-01 04:22 UTC,252698,324795,3.89845,11.8731,0.244843,0.33,3.16593e-05,0.000209537,0.0044184,0.00443357,0.236831,0.317771,0.560882
918,1748752064,2025-06-01 04:27 UTC,252415,324483,3.88362,11.8821,0.240209,0.324571,2.44103e-05,0.000193777,0.00441849,0.00448722,0.237188,0.305768,0.54254
919,1748752364,2025-06-01 04:32 UTC,252132,324170,3.86929,11.8911,0.235576,0.319143,2.55342e-05,8.51119e-05,0.00441849,0.00454086,0.237547,0.294032,0.52461
920,1748752663,2025-06-01 04:37 UTC,251849,323854,3.85554,11.9001,0.23096,0.313734,2.14615e-05,0.000134996,0.00441849,0.00459443,0.23791,0.282556,0.506984
921,1748752963,2025-06-01 04:42 UTC,251565,323537,3.8423,11.9105,0.22633,0.308307,1.93903e-05,0.00016159,0.00442063,0.00464833,0.238326,0.27127,0.489592
922,1748753263,2025-06-01 04:47 UTC,251282,323219,3.82966,11.921,0.221702,0.302883,2.04496e-05,0.000152968,0.00442058,0.00470266,0.238745,0.260242,0.472483
923,1748753563,2025-06-01 04:52 UTC,250998,322899,3.81764,11.9315,0.217075,0.297459,1.61261e-05,7.37059e-05,0.00442067,0.00475738,0.239166,0.249414,0.455712
924,1748753863,2025-06-01 04:57 UTC,250714,322577,3.80629,11.9421,0.21245,0.292037,1.67602e-05,0.000181962,0.00442067,0.00481287,0.239591,0.238843,0.439238
925,1748754163,2025-06-01 05:02 UTC,250430,322254,3.79567,11.9527,0.206072,0.284257,2.00578e-05,8.14015e-05,0.00442082,0.00486908,0.240018,0.224667,0.416197
926,1748754463,2025-06-01 05:07 UTC,250146,321929,3.7858,11.9634,0.198221,0.274569,2.1294e-05,0.000140825,0.00442082,0.00492629,0.240448,0.207822,0.388342
927,1748754762,2025-06-01 05:12 UTC,249862,321603,3.77675,11.9742,0.190399,0.264928,2.03356e-05,8.68671e-05,0.00442087,0.00498433,0.240879,0.191683,0.361522
928,1748755062,2025-06-01 05:17 UTC,249568,321275,3.7685,11.985,0.182555,0.255257,2.01838e-05,7.75707e-05,0.00442092,0.00504385,0.241315,0.176153,0.335583
929,1748755362,2025-06-01 05:22 UTC,249284,320946,3.7611,11.9959,0.174715,0.245588,1.69142e-05,0.000109718,0.00442097,0.00510472,0.241754,0.16128,0.31066
930,1748755662,2025-06-01 05:27 UTC,249056,320681,3.75456,12.0068,0.16688,0.235922,1.73495e-05,0.000113548,0.00442101,0.00516712,0.242195,0.147074,0.286717
931,1748755962,2025-06-01 05:32 UTC,248771,320349,3.74892,12.0178,0.15905,0.226258,1.57944e-05,9.70401e-05,0.00442101,0.00523111,0.242639,0.133527,0.263718
932,1748756262,2025-06-01 05:37 UTC,248486,320015,3.74417,12.0289,0.151227,0.216598,1.38624e-05,9.59189e-05,0.00442101,0.00529682,0.243086,0.12064,0.241666
933,1748756562,2025-06-01 05:42 UTC,248200,319679,3.74035,12.04,0.143412,0.206941,1.46313e-05,8.20264e-05,0.00442111,0.00536435,0.243536,0.10842,0.220594
934,1748756861,2025-06-01 05:47 UTC,247915,319342,3.73751,12.0512,0.135631,0.19732,1.7459e-05,6.62453e-05,0.0044278,0.00543353,0.243987,0.096899,0.20054
935,1748757161,2025-06-01 05:52 UTC,247629,319004,3.73565,12.0624,0.127835,0.187672,1.278e-05,4.43364e-05,0.00442771,0.00550489,0.244443,0.0859946,0.181419
936,1748757461,2025-06-01 05:57 UTC,247343,318663,3.73462,12.0737,0.120053,0.178029,1.21875e-05,3.26021e-05,0.00442771,0.00557825,0.244901,0.0757566,0.163268
937,1748757761,2025-06-01 06:02 UTC,247051,318339,3.70661,12.0697,0.111102,0.166963,1.46146e-05,4.21461e-05,0.00442771,0.00554113,0.244739,0.0648502,0.143607
938,1748758061,2025-06-01 06:07 UTC,246746,318047,3.65635,12.0525,0.101143,0.154668,1.35573e-05,3.42936e-05,0.00442771,0.00548686,0.244041,0.0537578,0.123242
939,1748758361,2025-06-01 06:12 UTC,246441,317756,3.60845,12.0353,0.0911984,0.142385,1.34885e-05,3.96621e-05,0.00442771,0.00553068,0.243343,0.0437291,0.104438
940,1748758660,2025-06-01 06:17 UTC,246134,317465,3.56329,12.0181,0.0813058,0.130155,1.03887e-05,3.96934e-05,0.00442775,0.00566195,0.24265,0.0347881,0.0872733
941,1748758960,2025-06-01 06:22 UTC,245826,317175,3.52063,12.0009,0.0714077,0.117902,1.13732e-05,4.83151e-05,0.00442775,0.00586897,0.241955,0.0268821,0.0716168
942,1748759260,2025-06-01 06:27 UTC,245517,317177,3.48089,11.9836,0.0615514,0.105673,9.04858e-06,2.44795e-05,0.00442775,0.00613846,0.241261,0.0200363,0.0575282
943,1748759560,2025-06-01 06:32 UTC,245207,317193,3.44445,11.9664,0.0517633,0.0934759,8.23129e-06,3.1781e-05,0.0044278,0.00645843,0.240568,0.0142535,0.0450179
944,1748759860,2025-06-01 06:37 UTC,244896,317207,3.4118,11.9492,0.0420985,0.0813267,6.64016e-06,2.14582e-05,0.00442785,0.00681893,0.239876,0.00953405,0.0340678
945,1748760160,2025-06-01 06:42 UTC,244583,317217,3.38348,11.932,0.0327008,0.0694593,5.30306e-06,2.26112e-05,0.00442785,0.00721241,0.239186,0.00586948,0.0248529
946,1748760460,2025-06-01 06:47 UTC,244270,317225,3.35972,11.9148,0.0240549,0.0579172,5.2188e-06,1.58118e-05,0.00442785,0.00763368,0.238497,0.00322204,0.0172812
947,1748760759,2025-06-01 06:52 UTC,243956,317231,3.34044,11.8976,0.0175058,0.0468798,3.86163e-06,1.45398e-05,0.00442785,0.00807787,0.237811,0.0014357,0.0113205
948,1748761059,2025-06-01 06:57 UTC,243640,317234,3.32591,11.8805,0.0147174,0.0401154,3.80115e-06,1.82099e-05,0.0044278,0.0085462,0.237124,0.000491762,0.00828764
949,1748761359,2025-06-01 07:02 UTC,243323,317234,3.31583,11.8633,0.0173698,0.0448186,5.0757e-06,2.05787e-05,0.00442785,0.00903678,0.236438,0.00141851,0.0103449
950,1748761659,2025-06-01 07:07 UTC,243006,317233,3.30912,11.8461,0.0241464,0.0566532,4.62108e-06,1.72477e-05,0.00442785,0.00954924,0.235753,0.00326422,0.016528
951,1748761959,2025-06-01 07:12 UTC,242687,317228,3.30504,11.8289,0.0327905,0.0688491,4.66095e-06,1.5978e-05,0.00442785,0.010083,0.23507,0.00607108,0.0244048
952,1748762259,2025-06-01 07:17 UTC,242367,317222,3.30327,11.8117,0.042192,0.0812039,2.00659e-05,8.53266e-05,0.00442785,0.0106376,0.234387,0.00993285,0.0339554
953,1748762559,2025-06-01 07:22 UTC,242046,317213,3.30365,11.7945,0.0519171,0.0936548,1.12074e-05,4.30063e-05,0.00442785,0.0112126,0.233706,0.0148752,0.0451681
954,1748762858,2025-06-01 07:27 UTC,241724,317201,3.30603,11.7774,0.0617683,0.106126,9.91845e-06,5.94359e-05,0.00442785,0.0118058,0.233028,0.0208814,0.0579957
955,1748763158,2025-06-01 07:32 UTC,241401,317188,3.31035,11.7602,0.0717409,0.118682,1.05559e-05,3.51294e-05,0.00442785,0.0124209,0.232349,0.0279926,0.0725203
956,1748763458,2025-06-01 07:37 UTC,241077,317172,3.31653,11.7431,0.0817675,0.131268,1.07686e-05,2.94677e-05,0.00442785,0.0130561,0.231671,0.0361931,0.0887345
957,1748763758,2025-06-01 07:42 UTC,240751,317154,3.32444,11.7259,0.0918293,0.143876,1.30901e-05,3.69814e-05,0.0044279,0.0137112,0.230994,0.0454815,0.106597
958,1748764058,2025-06-01 07:47 UTC,240425,317154,3.33394,11.7087,0.101915,0.156502,1.3143e-05,3.83953e-05,0.00442994,0.0143863,0.230319,0.0558617,0.126113
959,1748764358,2025-06-01 07:52 UTC,240098,317158,3.34491,11.6916,0.112019,0.16914,0.000206255,0.000891624,0.00443013,0.0150817,0.229644,0.0673746,0.147411
960,1748764658,2025-06-01 07:57 UTC,239770,317160,3.35726,11.6744,0.122135,0.181789,0.000109245,0.000354483,0.00443023,0.0157963,0.22897,0.0798259,0.170207
961,1748764957,2025-06-01 08:02 UTC,239440,317162,3.37084,11.6573,0.131106,0.192293,0.000127489,0.000368781,0.00443023,0.0165295,0.228301,0.0919005,0.190393
962,1748765257,2025-06-01 08:07 UTC,239110,317162,3.38569,11.6402,0.139097,0.200917,0.000118191,0.000558845,0.00443023,0.0172845,0.22763,0.103228,0.207487
963,1748765557,2025-06-01 08:12 UTC,238778,317162,3.40171,11.623,0.147093,0.209543,0.000104856,0.000386073,0.00443018,0.0180611,0.22696,0.115489,0.226216
964,1748765857,2025-06-01 08:17 UTC,238446,317160,3.41887,11.6059,0.155092,0.21817,6.7659e-05,0.000227383,0.00443168,0.0188574,0.226291,0.128231,0.245193
965,1748766157,2025-06-01 08:22 UTC,238112,317158,3.43713,11.5888,0.163095,0.226938,0.000125397,0.000564474,0.00448153,0.0196738,0.225624,0.141671,0.265033
966,1748766457,2025-06-01 08:27 UTC,237778,317154,3.45646,11.5716,0.171101,0.235899,9.68257e-05,0.000338922,0.00448153,0.0205114,0.224958,0.155841,0.286625
967,1748766757,2025-06-01 08:32 UTC,237442,317150,3.47684,11.5545,0.179109,0.244902,8.33123e-05,0.000291184,0.00448163,0.0213689,0.224291,0.170561,0.308867
968,1748767056,2025-06-01 08:37 UTC,237106,317145,3.4982,11.5375,0.187093,0.253874,6.98084e-05,0.000219805,0.00449069,0.0222454,0.22363,0.186067,0.331924
969,1748767356,2025-06-01 08:42 UTC,236769,317139,3.52066,11.5203,0.195106,0.262877,5.7779e-05,0.000190888,0.00449268,0.0231458,0.222967,0.202295,0.35581
970,1748767656,2025-06-01 08:47 UTC,236430,317132,3.54414,11.5032,0.20312,0.27188,6.65392e-05,0.000269962,0.00449268,0.0240673,0.222305,0.219144,0.380568
971,1748767956,2025-06-01 08:52 UTC,236091,317124,3.56862,11.4861,0.211135,0.280882,5.42313e-05,0.000187042,0.00449259,0.0250111,0.221644,0.236763,0.406247
972,1748768256,2025-06-01 08:57 UTC,235750,317115,3.5941,11.469,0.219152,0.289885,6.07356e-05,0.000319342,0.00449259,0.025976,0.220984,0.254967,0.432511
973,1748768556,2025-06-01 09:02 UTC,235411,317061,3.5933,11.4507,0.225332,0.296235,4.55603e-05,0.000322806,0.00449259,0.0266968,0.220281,0.269578,0.451788
974,1748768855,2025-06-01 09:07 UTC,235074,316916,3.56907,11.4396,0.229801,0.300125,4.22091e-05,0.00014146,0.00449467,0.0271684,0.219853,0.28038,0.463887
975,1748769155,2025-06-01 09:12 UTC,234736,316763,3.54663,11.4575,0.234287,0.304027,4.35798e-05,0.000134024,0.00449477,0.0276336,0.220541,0.291436,0.475897
976,1748769455,2025-06-01 09:17 UTC,234397,316602,3.52606,11.4754,0.238774,0.30793,3.33665e-05,0.000418585,0.00449472,0.028092,0.22123,0.302729,0.488286
977,1748769755,2025-06-01 09:22 UTC,234058,316433,3.50744,11.4933,0.243263,0.312444,3.47623e-05,0.000187647,0.00449928,0.0285446,0.22192,0.314267,0.50278
978,1748770055,2025-06-01 09:27 UTC,233718,316256,3.49086,11.5111,0.247753,0.318765,3.25097e-05,0.000145465,0.00449933,0.0289922,0.222611,0.325971,0.523166
979,1748770355,2025-06-01 09:32 UTC,233376,316071,3.47654,11.529,0.252244,0.325085,3.45004e-05,0.000355655,0.00449928,0.0294362,0.223303,0.337946,0.544203
980,1748770655,2025-06-01 09:37 UTC,233034,315878,3.4648,11.5469,0.256736,0.331406,3.88796e-05,0.000180519,0.00449928,0.0298774,0.223997,0.35007,0.565645
981,1748770954,2025-06-01 09:42 UTC,232691,315678,3.456,11.5647,0.261215,0.337705,3.54317e-05,0.000205532,0.00450316,0.0303159,0.224688,0.362427,0.587321
982,1748771254,2025-06-01 09:47 UTC,232347,315469,3.45036,11.5826,0.26571,0.344026,3.86332e-05,0.000419449,0.00450306,0.0307561,0.225384,0.375038,0.609537
983,1748771554,2025-06-01 09:52 UTC,232003,315253,3.44797,11.6005,0.270205,0.350347,3.6766e-05,0.000223561,0.00450466,0.0311981,0.226081,0.387875,0.631856
984,1748771854,2025-06-01 09:57 UTC,231657,315028,3.44868,11.6184,0.274702,0.356667,4.72813e-05,0.000213542,0.00451014,0.0316435,0.226778,0.400983,0.655089
985,1748772154,2025-06-01 10:02 UTC,231311,314796,3.45244,11.6363,0.277126,0.36004,3.27895e-05,0.000295376,0.00451382,0.0320933,0.227477,0.408112,0.667503
986,1748772454,2025-06-01 10:07 UTC,230963,314556,3.45942,11.6542,0.277585,0.360588,3.06493e-05,0.000239535,0.00451528,0.0325494,0.228177,0.409535,0.669652
987,1748772754,2025-06-01 10:12 UTC,230615,314308,3.47008,11.6721,0.278044,0.361135,2.43074e-05,0.000210622,0.00451528,0.0330129,0.228878,0.410855,0.671593
988,1748773053,2025-06-01 10:17 UTC,230266,314052,3.48432,11.6899,0.278502,0.361681,1.8802e-05,0.000220312,0.00451659,0.0334844,0.229577,0.412235,0.673689
989,1748773353,2025-06-01 10:22 UTC,229917,313789,3.50159,11.7078,0.278963,0.362229,1.82659e-05,0.000262703,0.00451659,0.0339685,0.230281,0.413635,0.675827
990,1748773653,2025-06-01 10:27 UTC,229566,313517,3.52143,11.7257,0.279423,0.362777,1.66807e-05,0.000278384,0.00451644,0.0344645,0.230985,0.414977,0.677687
991,1748773953,2025-06-01 10:32 UTC,229215,313238,3.54364,11.7435,0.279885,0.363324,8.003e-05,0.000620729,0.00454563,0.0349738,0.231689,0.416423,0.679617
992,1748774253,2025-06-01 10:37 UTC,228862,312951,3.56805,11.7614,0.280347,0.363872,4.11427e-05,0.000244043,0.00454961,0.0354971,0.232396,0.417764,0.681962
993,1748774553,2025-06-01 10:42 UTC,228509,312656,3.59457,11.7793,0.280809,0.36442,3.06725e-05,0.000278853,0.00455189,0.0360351,0.233104,0.419169,0.683947
994,1748774853,2025-06-01 10:47 UTC,228155,312353,3.6231,11.7972,0.281272,0.364968,2.84075e-05,0.000196815,0.00455378,0.0365886,0.233813,0.420561,0.685912
995,1748775152,2025-06-01 10:52 UTC,227801,312043,3.6534,11.815,0.281735,0.365514,4.03512e-05,0.00119825,0.00455378,0.0371559,0.23452,0.421884,0.687867
996,1748775452,2025-06-01 10:57 UTC,227445,311724,3.68556,11.8329,0.282199,0.366062,9.31553e-05,0.000334592,0.00458947,0.0377429,0.235232,0.42337,0.689627
997,1748775752,2025-06-01 11:02 UTC,227089,311397,3.71937,11.8508,0.280539,0.363769,4.67451e-05,0.000159457,0.00459335,0.0383466,0.235943,0.418404,0.681373
998,1748776052,2025-06-01 11:07 UTC,226732,311063,3.75475,11.8687,0.276814,0.358712,3.55127e-05,0.000249498,0.0045933,0.0389685,0.236656,0.407356,0.662759
999,1748776352,2025-06-01 11:12 UTC,226374,310720,3.79157,11.8866,0.273093,0.353654,3.01199e-05,0.000242239,0.00459325,0.0396085,0.23737,0.396411,0.644204
1000,1748776652,2025-06-01 11:17 UTC,226015,310370,3.82976,11.9045,0.269377,0.348596,2.33785e-05,0.000220213,0.0045932,0.040267,0.238085,0.385615,0.625843
1001,1748776951,2025-06-01 11:22 UTC,225656,310011,3.86912,11.9223,0.265677,0.343555,2.34283e-05,0.000224454,0.0045933,0.0409425,0.238799,0.375043,0.607969
1002,1748777251,2025-06-01 11:27 UTC,225295,309645,3.90984,11.9402,0.26197,0.338498,2.73299e-05,0.000176618,0.00460387,0.0416396,0.239516,0.364596,0.590203
1003,1748777551,2025-06-01 11:32 UTC,224934,309270,3.95175,11.9581,0.258268,0.33344,1.74288e-05,0.000244765,0.00460387,0.0423563,0.240234,0.354282,0.572676
1004,1748777851,2025-06-01 11:37 UTC,224573,308887,3.99478,11.976,0.254571,0.328383,1.66388e-05,0.000180613,0.00460392,0.0430931,0.240954,0.344147,0.55543
1005,1748778151,2025-06-01 11:42 UTC,224210,308496,4.0389,11.9939,0.250879,0.323326,1.5959e-05,0.00021179,0.00460397,0.0438501,0.241675,0.334174,0.538486
1006,1748778451,2025-06-01 11:47 UTC,223847,308097,4.08408,12.0118,0.247193,0.318268,1.53519e-05,0.000168295,0.00460387,0.0446276,0.242396,0.324353,0.52173
1007,1748778751,2025-06-01 11:52 UTC,223484,307689,4.13028,12.0297,0.243512,0.313211,1.11571e-05,0.000177193,0.00460392,0.0454257,0.243119,0.314678,0.505232
1008,1748779050,2025-06-01 11:57 UTC,223119,307272,4.17734,12.0475,0.23985,0.308171,1.22337e-05,0.000166891,0.00460392,0.0462421,0.243841,0.305215,0.489143
1009,1748779350,2025-06-01 12:02 UTC,222745,306896,4.1901,12.0106,0.234294,0.301074,1.79772e-05,0.000152487,0.00460397,0.0463782,0.24235,0.291171,0.466941
1010,1748779650,2025-06-01 12:07 UTC,222352,306603,4.16826,11.9192,0.226856,0.292565,2.43179e-05,0.000146515,0.00460401,0.0458216,0.238674,0.272894,0.440949
1011,1748779950,2025-06-01 12:12 UTC,221956,306307,4.14722,11.8281,0.219423,0.284058,1.81233e-05,0.000160697,0.00460629,0.0452733,0.235039,0.25519,0.41566
1012,1748780250,2025-06-01 12:17 UTC,221559,306008,4.127,11.7374,0.211996,0.275553,2.11729e-05,0.000118966,0.00460629,0.0447337,0.231446,0.238111,0.391133
1013,1748780550,2025-06-01 12:22 UTC,221159,305708,4.10764,11.647,0.204575,0.26705,2.12918e-05,0.000106256,0.00460629,0.0442029,0.227895,0.22163,0.367369
1014,1748780850,2025-06-01 12:27 UTC,220756,305404,4.08916,11.5569,0.197161,0.258551,1.56878e-05,0.000117966,0.00460629,0.0436809,0.224385,0.205737,0.344356
1015,1748781149,2025-06-01 12:32 UTC,220352,305098,4.07168,11.4675,0.18978,0.250083,1.93284e-05,0.000109489,0.0046062,0.0431698,0.220928,0.190519,0.322189
1016,1748781449,2025-06-01 12:37 UTC,219945,304789,4.0551,11.4012,0.182383,0.241589,1.54271e-05,0.00010167,0.00460615,0.0426661,0.218379,0.175837,0.300643
1017,1748781749,2025-06-01 12:42 UTC,219535,304478,4.0395,11.3705,0.174996,0.233132,1.6128e-05,8.51122e-05,0.00460857,0.042172,0.217205,0.161766,0.279984
1018,1748782049,2025-06-01 12:47 UTC,219124,304164,4.02486,11.3399,0.167621,0.224684,3.97279e-05,0.000168202,0.00460857,0.0416874,0.216038,0.148296,0.260052
1019,1748782349,2025-06-01 12:52 UTC,218710,303848,4.01114,11.3095,0.160259,0.21624,2.38475e-05,9.1895e-05,0.00461124,0.0412127,0.214879,0.13543,0.240843
1020,1748782649,2025-06-01 12:57 UTC,218294,303528,3.99828,11.2791,0.152913,0.207802,1.81123e-05,8.34119e-05,0.00461522,0.040748,0.213728,0.123166,0.222422
1021,1748782949,2025-06-01 13:02 UTC,217876,303207,3.98624,11.2489,0.14454,0.198239,2.06288e-05,8.11095e-05,0.00461517,0.0402934,0.212585,0.10995,0.202462
1022,1748783248,2025-06-01 13:07 UTC,217455,302882,3.97502,11.2244,0.135156,0.187574,2.01194e-05,7.53055e-05,0.00461779,0.0398506,0.211657,0.0960598,0.18127
1023,1748783548,2025-06-01 13:12 UTC,217033,302555,3.96452,11.2027,0.125757,0.176882,1.72804e-05,5.94472e-05,0.00462327,0.0394165,0.21084,0.0830825,0.161158
1024,1748783848,2025-06-01 13:17 UTC,216608,302225,3.95473,11.1833,0.116378,0.1662,1.72733e-05,4.47194e-05,0.00462331,0.038993,0.21011,0.0710755,0.142317
1025,1748784148,2025-06-01 13:22 UTC,216181,301893,3.94564,11.1639,0.107027,0.155531,1.56125e-05,4.90898e-05,0.00462331,0.0385801,0.209385,0.0600299,0.124626
1026,1748784448,2025-06-01 13:27 UTC,215753,301558,3.93721,11.1447,0.0977103,0.144888,1.33607e-05,4.23017e-05,0.00462346,0.0381779,0.208663,0.0499483,0.10813
1027,1748784748,2025-06-01 13:32 UTC,215322,301220,3.92943,11.1255,0.088442,0.134496,1.2823e-05,4.31958e-05,0.00462487,0.0377865,0.207946,0.0408336,0.0931855
1028,1748785047,2025-06-01 13:37 UTC,214889,300880,3.9223,11.1065,0.0792714,0.124263,1.09235e-05,3.94276e-05,0.00462477,0.0374072,0.207236,0.0327057,0.0795464
1029,1748785347,2025-06-01 13:42 UTC,214454,300536,3.91575,11.0875,0.0701677,0.114018,1.08996e-05,3.56849e-05,0.00462477,0.0370376,0.206527,0.0255095,0.0669635
1030,1748785647,2025-06-01 13:47 UTC,214017,300190,3.90978,11.0686,0.0612116,0.1038,8.6788e-06,2.80603e-05,0.00462685,0.036679,0.205822,0.0192693,0.0555071
1031,1748785947,2025-06-01 13:52 UTC,213578,299841,3.90435,11.0497,0.052489,0.0936192,1.00757e-05,4.57275e-05,0.00463093,0.0363315,0.205122,0.0139792,0.0451462
1032,1748786247,2025-06-01 13:57 UTC,213138,299490,3.89943,11.032,0.0441484,0.0834888,7.72624e-06,3.0468e-05,0.00463088,0.035995,0.204465,0.00962122,0.0359061
1033,1748786547,2025-06-01 14:02 UTC,212696,299136,3.895,11.0155,0.036552,0.0733639,5.94383e-06,2.39574e-05,0.00463088,0.0356698,0.203853,0.00622811,0.0277235
1034,1748786847,2025-06-01 14:07 UTC,212252,298779,3.89102,10.999,0.0298887,0.0632698,6.11828e-06,2.18751e-05,0.00463088,0.0353557,0.203244,0.00373292,0.0206223
1035,1748787146,2025-06-01 14:12 UTC,211806,298419,3.88748,10.9827,0.0244076,0.0533616,4.79001e-06,1.6473e-05,0.00463093,0.0350539,0.202641,0.00215554,0.0146647
1036,1748787446,2025-06-01 14:17 UTC,211359,298057,3.88435,10.9664,0.0207516,0.0490607,5.29692e-06,2.16096e-05,0.00463093,0.0347623,0.202039,0.00184535,0.0123946
1037,1748787746,2025-06-01 14:22 UTC,210911,297692,3.88161,10.9501,0.0202195,0.0560233,5.22734e-06,2.58138e-05,0.00463093,0.0344819,0.20144,0.00260317,0.0161641
1038,1748788046,2025-06-01 14:27 UTC,210460,297323,3.87924,10.9339,0.0238022,0.0641086,5.27501e-06,1.87059e-05,0.00463093,0.0342129,0.200845,0.0039251,0.0211626
1039,1748788346,2025-06-01 14:32 UTC,210009,296952,3.87723,10.9178,0.0303627,0.0729442,5.04719e-06,2.46669e-05,0.00463093,0.0339551,0.200254,0.00591994,0.0273969
1040,1748788646,2025-06-01 14:37 UTC,209556,296579,3.87557,10.9018,0.038115,0.0822888,5.84537e-06,2.26559e-05,0.00463088,0.0337086,0.199665,0.00873,0.0348701
1041,1748788946,2025-06-01 14:42 UTC,209102,296202,3.87424,10.8858,0.0463743,0.0919874,4.8317e-06,3.82249e-05,0.00463088,0.0334734,0.199081,0.0124023,0.0435758
1042,1748789245,2025-06-01 14:47 UTC,208647,295823,3.87324,10.8699,0.0548534,0.101906,6.03323e-06,1.65888e-05,0.00463083,0.0332502,0.198501,0.0169259,0.0534731
1043,1748789545,2025-06-01 14:52 UTC,208191,295440,3.87256,10.8541,0.0635016,0.112042,6.47037e-06,1.66479e-05,0.00463083,0.0330375,0.197923,0.0223327,0.0646421
1044,1748789845,2025-06-01 14:57 UTC,207735,295055,3.87219,10.8383,0.072239,0.122319,9.01105e-06,2.88106e-05,0.00463078,0.032836,0.197349,0.0286067,0.0770436
1045,1748790145,2025-06-01 15:02 UTC,207311,294663,3.8777,10.815,0.0799806,0.130869,8.33163e-06,5.0793e-05,0.00463078,0.0328225,0.196499,0.034803,0.0881945
1046,1748790445,2025-06-01 15:07 UTC,206949,294261,3.89003,10.7835,0.0866197,0.137494,7.69502e-06,2.85677e-05,0.00463345,0.0330087,0.195356,0.0405757,0.097347
1047,1748790745,2025-06-01 15:12 UTC,206589,293855,3.90338,10.752,0.0932739,0.144131,9.33091e-06,2.36569e-05,0.0046334,0.0332056,0.194218,0.0468295,0.10697
1048,1748791045,2025-06-01 15:17 UTC,206231,293446,3.9177,10.7206,0.0999401,0.150779,9.84e-06,6.06627e-05,0.0046333,0.0334135,0.193085,0.0535723,0.117057
1049,1748791344,2025-06-01 15:22 UTC,205876,293033,3.93286,10.6894,0.106594,0.157441,7.81157e-06,2.46581e-05,0.0046333,0.0336317,0.191961,0.0607756,0.12764
1050,1748791644,2025-06-01 15:27 UTC,205522,292617,3.94893,10.658,0.113278,0.164134,1.05243e-05,2.56182e-05,0.00463325,0.0338619,0.190838,0.0684832,0.138724
1051,1748791944,2025-06-01 15:32 UTC,205170,292198,3.9658,10.6268,0.119969,0.170835,9.5174e-06,3.37737e-05,0.00463325,0.0341034,0.18972,0.0766812,0.150283
1052,1748792244,2025-06-01 15:37 UTC,204820,291775,3.98343,10.6248,0.126665,0.177543,1.3256e-05,4.91896e-05,0.00463883,0.0343564,0.189648,0.085359,0.162307
1053,1748792544,2025-06-01 15:42 UTC,204473,291349,4.00176,10.6852,0.133367,0.184257,1.23607e-05,4.2619e-05,0.0046415,0.034621,0.19181,0.0945238,0.17484
1054,1748792844,2025-06-01 15:47 UTC,204127,290920,4.02076,10.7456,0.140072,0.190977,1.27149e-05,4.89948e-05,0.00464412,0.0348971,0.193987,0.104176,0.187801
1055,1748793144,2025-06-01 15:52 UTC,203782,290488,4.04041,10.8061,0.146781,0.197701,1.24177e-05,7.78655e-05,0.00464412,0.0351849,0.196177,0.11431,0.201277
1056,1748793443,2025-06-01 15:57 UTC,203440,290052,4.06059,10.8664,0.153471,0.204408,2.09327e-05,0.0001102,0.00464412,0.0354834,0.198374,0.124893,0.215194
1057,1748793743,2025-06-01 16:02 UTC,203100,289613,4.08141,10.927,0.158781,0.20966,1.21646e-05,5.93896e-05,0.00464421,0.0357946,0.200591,0.133627,0.226371
1058,1748794043,2025-06-01 16:07 UTC,202761,289170,4.10279,10.9876,0.16255,0.213293,1.4198e-05,6.75231e-05,0.00464601,0.0361176,0.202822,0.139993,0.234287
1059,1748794343,2025-06-01 16:12 UTC,202424,288724,4.1247,11.0482,0.166321,0.216935,1.20072e-05,4.86027e-05,0.00464848,0.0364526,0.205067,0.146501,0.242336
1060,1748794643,2025-06-01 16:17 UTC,202088,288274,4.14709,11.1089,0.170094,0.220584,9.23838e-06,6.61153e-05,0.00464848,0.0367993,0.207325,0.153174,0.250584
1061,1748794943,2025-06-01 16:22 UTC,201755,287821,4.16995,11.1696,0.17387,0.224241,9.36032e-06,7.88116e-05,0.00464838,0.037158,0.209596,0.159999,0.258905
1062,1748795242,2025-06-01 16:27 UTC,201423,287364,4.19318,11.2301,0.177634,0.227893,1.0728e-05,0.000105124,0.00464829,0.0375273,0.211874,0.166953,0.267461
1063,1748795542,2025-06-01 16:32 UTC,201092,286905,4.21689,11.2909,0.181413,0.231563,1.93932e-05,8.67206e-05,0.00465541,0.0379098,0.214173,0.174088,0.276131
1064,1748795842,2025-06-01 16:37 UTC,200764,286441,4.24099,11.3517,0.185194,0.23524,1.16536e-05,0.000100795,0.00465735,0.0383042,0.216486,0.181379,0.284967
1065,1748796142,2025-06-01 16:42 UTC,200436,285974,4.26545,11.4125,0.188977,0.238923,1.32024e-05,7.11057e-05,0.0046574,0.0387105,0.218812,0.188824,0.293933
1066,1748796442,2025-06-01 16:47 UTC,200111,285504,4.29026,11.4733,0.192761,0.242612,1.46071e-05,0.00010249,0.00465731,0.0391288,0.221151,0.196426,0.303101
1067,1748796742,2025-06-01 16:52 UTC,199786,285030,4.31538,11.5342,0.196546,0.246306,1.44081e-05,0.000135548,0.00465934,0.0395591,0.223505,0.20418,0.312403
1068,1748797042,2025-06-01 16:57 UTC,199464,284553,4.34081,11.5951,0.200333,0.250006,1.47835e-05,0.000151433,0.00465939,0.0400014,0.225872,0.212093,0.321862
1069,1748797341,2025-06-01 17:02 UTC,199142,284073,4.36644,11.6559,0.202635,0.252289,8.78515e-06,3.04729e-05,0.00465944,0.0404541,0.228244,0.216979,0.327766
1070,1748797641,2025-06-01 17:07 UTC,198823,283589,4.39244,11.7169,0.203291,0.25322,1.07267e-05,0.000163887,0.00466298,0.0409203,0.230638,0.218351,0.330238
1071,1748797941,2025-06-01 17:12 UTC,198504,283101,4.4187,11.7779,0.203949,0.254152,8.24484e-06,0.000110853,0.00466303,0.0413986,0.233046,0.219716,0.332656
1072,1748798241,2025-06-01 17:17 UTC,198187,282610,4.44522,11.8389,0.20461,0.255084,6.58567e-06,0.000123812,0.00466303,0.0418889,0.235467,0.221107,0.335067
1073,1748798541,2025-06-01 17:22 UTC,197872,282115,4.47199,11.8999,0.205274,0.256015,6.9251e-06,0.000122124,0.00466303,0.0423913,0.237902,0.222492,0.337524
1074,1748798841,2025-06-01 17:27 UTC,197558,281617,4.499,11.961,0.205941,0.256947,7.25802e-06,0.000113089,0.00466303,0.0429056,0.24035,0.223888,0.340016
1075,1748799141,2025-06-01 17:32 UTC,197245,281116,4.52624,12.0221,0.206611,0.257879,5.82701e-06,0.000125074,0.00466303,0.043432,0.242813,0.225302,0.342454
1076,1748799440,2025-06-01 17:37 UTC,196933,280611,4.55361,12.083,0.207282,0.258808,2.52928e-05,0.000115178,0.0046849,0.0439687,0.24528,0.226707,0.344983
1077,1748799740,2025-06-01 17:42 UTC,196623,280103,4.58129,12.1442,0.207957,0.259744,2.76922e-05,0.000235579,0.00469566,0.0445191,0.247769,0.228136,0.347402
1078,1748800040,2025-06-01 17:47 UTC,196314,279592,4.60919,12.2054,0.208636,0.260685,1.25703e-05,6.00171e-05,0.00469566,0.0450815,0.250272,0.229587,0.349976
1079,1748800340,2025-06-01 17:52 UTC,196007,279077,4.63729,12.2666,0.209317,0.261626,1.10173e-05,5.36812e-05,0.00469566,0.0456561,0.252788,0.231018,0.352505
1080,1748800640,2025-06-01 17:57 UTC,195701,278559,4.6656,12.3278,0.210001,0.262568,9.00464e-06,0.00010031,0.00469566,0.0462427,0.255318,0.232474,0.355008
1081,1748800940,2025-06-01 18:02 UTC,195396,278130,4.69826,12.3774,0.209337,0.261856,8.74846e-06,9.15405e-05,0.00469566,0.0468866,0.257374,0.230972,0.353138
1082,1748801240,2025-06-01 18:07 UTC,195092,277863,4.73593,12.4135,0.20713,0.259255,8.71073e-06,0.000100293,0.00469561,0.0475948,0.25888,0.226115,0.346191
1083,1748801539,2025-06-01 18:12 UTC,194790,277598,4.77375,12.4496,0.204932,0.256686,9.44647e-06,0.000115834,0.00469561,0.0483133,0.260386,0.221323,0.339344
1084,1748801839,2025-06-01 18:17 UTC,194489,277335,4.81196,12.4858,0.202727,0.254163,7.38554e-06,9.83047e-05,0.00469561,0.049047,0.261902,0.216558,0.332719
1085,1748802139,2025-06-01 18:22 UTC,194189,277074,4.85043,12.522,0.200523,0.25164,9.70476e-06,8.52714e-05,0.00469561,0.0497932,0.263423,0.21186,0.326151
1086,1748802439,2025-06-01 18:27 UTC,193890,276815,4.88914,12.5582,0.198319,0.249117,7.81341e-06,8.73268e-05,0.00470027,0.0505524,0.264949,0.207199,0.319597
1087,1748802739,2025-06-01 18:32 UTC,193592,276558,4.92809,12.5944,0.196116,0.246594,6.95891e-06,8.94669e-05,0.00470022,0.0513242,0.26648,0.202602,0.313195
1088,1748803039,2025-06-01 18:37 UTC,193296,276302,4.96727,12.6314,0.193913,0.244071,6.75615e-06,8.53501e-05,0.00470027,0.0521087,0.268048,0.198057,0.306809
1089,1748803338,2025-06-01 18:42 UTC,193000,276048,5.00654,12.6686,0.191718,0.241557,6.31482e-06,7.82622e-05,0.00470022,0.0529034,0.269629,0.193579,0.300514
1090,1748803638,2025-06-01 18:47 UTC,192706,275796,5.04617,12.706,0.189517,0.239034,5.92393e-06,8.75395e-05,0.00470022,0.0537134,0.271222,0.18914,0.294271
1091,1748803938,2025-06-01 18:52 UTC,192413,275546,5.08601,12.7433,0.187316,0.236512,7.60003e-06,6.7116e-05,0.00470429,0.0545362,0.272819,0.184754,0.288098
1092,1748804238,2025-06-01 18:57 UTC,192121,275298,5.12605,12.7807,0.185117,0.233989,5.26453e-06,8.64315e-05,0.00470424,0.0553717,0.274422,0.180421,0.281989
1093,1748804538,2025-06-01 19:02 UTC,191829,275051,5.1663,12.8181,0.182075,0.230481,6.71072e-06,6.51289e-05,0.00470429,0.0562199,0.276031,0.174556,0.273598
1094,1748804838,2025-06-01 19:07 UTC,191539,274807,5.20675,12.8555,0.178046,0.225816,9.95994e-06,6.95271e-05,0.00470424,0.0570808,0.277645,0.16697,0.262662
1095,1748805138,2025-06-01 19:12 UTC,191250,274564,5.24739,12.893,0.174019,0.221152,3.43151e-05,0.000178953,0.00473227,0.0579546,0.279264,0.159549,0.251942
1096,1748805437,2025-06-01 19:17 UTC,190962,274323,5.28809,12.9303,0.170009,0.216502,1.85583e-05,0.000121598,0.00473237,0.058838,0.280883,0.152334,0.241441
1097,1748805737,2025-06-01 19:22 UTC,190675,274083,5.3291,12.9677,0.165989,0.211889,1.4157e-05,5.14173e-05,0.00473237,0.059737,0.282513,0.145269,0.231273
1098,1748806037,2025-06-01 19:27 UTC,190389,273845,5.37029,13.0052,0.161972,0.207524,1.21924e-05,5.28156e-05,0.00473242,0.0606488,0.284148,0.138377,0.22181
1099,1748806337,2025-06-01 19:32 UTC,190104,273609,5.41167,13.0427,0.157959,0.203159,1.12693e-05,3.47745e-05,0.00473392,0.0615731,0.285789,0.131664,0.212603
1100,1748806637,2025-06-01 19:37 UTC,189820,273375,5.45321,13.0802,0.15395,0.198795,9.59106e-06,5.72858e-05,0.00473392,0.0625102,0.287435,0.125125,0.203546
1101,1748806937,2025-06-01 19:42 UTC,189537,273143,5.49493,13.1177,0.149946,0.194458,9.30813e-06,3.54944e-05,0.00473402,0.06346,0.289086,0.118763,0.194761
1102,1748807237,2025-06-01 19:47 UTC,189255,272912,5.53682,13.1553,0.145947,0.190138,7.57436e-06,5.40339e-05,0.00473406,0.0644223,0.290743,0.112574,0.186208
1103,1748807536,2025-06-01 19:52 UTC,188974,272683,5.57875,13.1927,0.141967,0.185833,8.69841e-06,2.75455e-05,0.00473406,0.065394,0.292399,0.106586,0.177871
1104,1748807836,2025-06-01 19:57 UTC,188693,272455,5.62097,13.2303,0.137979,0.181515,8.12905e-06,2.18675e-05,0.00473406,0.0663816,0.294067,0.10075,0.169708
1105,1748808136,2025-06-01 20:02 UTC,188414,272229,5.66336,13.2678,0.133957,0.177215,7.77645e-06,4.15864e-05,0.00473411,0.0673817,0.29574,0.0950132,0.161758
1106,1748808436,2025-06-01 20:07 UTC,188136,272005,5.70591,13.3054,0.129889,0.172849,7.57194e-06,2.98247e-05,0.00473411,0.0683944,0.297418,0.0893649,0.1539
1107,1748808736,2025-06-01 20:12 UTC,187858,271782,5.7486,13.343,0.125825,0.168483,6.89651e-06,1.8555e-05,0.00473411,0.0694197,0.299101,0.0838937,0.146206
1108,1748809036,2025-06-01 20:17 UTC,187582,271561,5.79143,13.3807,0.121765,0.164117,7.28042e-06,1.98276e-05,0.00473411,0.0704576,0.30079,0.078603,0.138734
1109,1748809336,2025-06-01 20:22 UTC,187306,271342,5.8344,13.4224,0.11771,0.159752,7.18925e-06,2.4985e-05,0.00473411,0.0715079,0.302669,0.0734902,0.131452
1110,1748809635,2025-06-01 20:27 UTC,187032,271124,5.87735,13.5782,0.113673,0.155402,7.02325e-06,2.04655e-05,0.00473634,0.0725673,0.309738,0.0685722,0.124403
1111,1748809935,2025-06-01 20:32 UTC,186758,270908,5.92058,13.7401,0.109628,0.151039,6.48319e-06,1.6931e-05,0.00473639,0.0736427,0.317166,0.0638156,0.117505
1112,1748810235,2025-06-01 20:37 UTC,186485,270694,5.96392,13.9021,0.105589,0.146676,7.33173e-06,6.82688e-05,0.00473794,0.0747307,0.32469,0.0592381,0.110812
1113,1748810535,2025-06-01 20:42 UTC,186213,270481,6.00739,14.0643,0.101558,0.142313,7.02241e-06,3.95746e-05,0.0047425,0.0758312,0.332311,0.0548395,0.104316
1114,1748810835,2025-06-01 20:47 UTC,185942,270269,6.05097,14.2267,0.0975346,0.137952,5.58092e-06,1.4374e-05,0.0047425,0.0769441,0.340028,0.0506188,0.0980189
1115,1748811135,2025-06-01 20:52 UTC,185672,270059,6.09466,14.3892,0.0935203,0.133592,6.24974e-06,2.47987e-05,0.00474255,0.0780696,0.347842,0.0465786,0.091925
1116,1748811434,2025-06-01 20:57 UTC,185402,269851,6.13831,14.5513,0.0895297,0.129247,5.67512e-06,1.80111e-05,0.0047427,0.0792037,0.355726,0.0427283,0.0860457
1117,1748811734,2025-06-01 21:02 UTC,185149,269760,6.17111,14.6261,0.0860611,0.125305,4.52222e-06,1.26284e-05,0.00474274,0.0799638,0.359393,0.0395062,0.0808725
1118,1748812034,2025-06-01 21:07 UTC,184924,269870,6.19037,14.5921,0.083246,0.121881,1.11264e-05,8.95806e-05,0.00474614,0.0802473,0.357722,0.0369695,0.0765122
1119,1748812334,2025-06-01 21:12 UTC,184703,269983,6.20988,14.5583,0.0804333,0.118474,5.06379e-06,1.78022e-05,0.00474614,0.0805356,0.356066,0.0345219,0.0722925
1120,1748812634,2025-06-01 21:17 UTC,184486,270100,6.22963,14.5247,0.0776231,0.115068,4.07425e-06,1.6086e-05,0.00474614,0.0808289,0.354426,0.0321594,0.0681908
1121,1748812934,2025-06-01 21:22 UTC,184271,270221,6.24964,14.4914,0.0748159,0.111663,2.54618e-06,1.00417e-05,0.00474619,0.0811273,0.3528,0.0298823,0.0642172
1122,1748813234,2025-06-01 21:27 UTC,184059,270345,6.26989,14.4583,0.0720119,0.108259,5.19121e-06,4.26516e-05,0.00475191,0.0814306,0.35119,0.0276944,0.0603543
1123,1748813533,2025-06-01 21:32 UTC,183851,270473,6.29033,14.4255,0.0692209,0.104867,3.25051e-06,1.09343e-05,0.00475191,0.0817381,0.3496,0.0255971,0.0566438
1124,1748813833,2025-06-01 21:37 UTC,183646,270604,6.31109,14.3929,0.0664246,0.101465,3.51104e-06,1.00932e-05,0.00475191,0.0820516,0.34802,0.0235799,0.0530239
1125,1748814133,2025-06-01 21:42 UTC,183443,270739,6.3321,14.3605,0.063633,0.0980654,2.93992e-06,8.99368e-06,0.00475196,0.0823703,0.346454,0.0216485,0.0495306
1126,1748814433,2025-06-01 21:47 UTC,183243,270929,6.35337,14.3283,0.0608467,0.094667,3.18216e-06,2.53565e-05,0.00475196,0.0826942,0.344904,0.0198033,0.0461567
1127,1748814733,2025-06-01 21:52 UTC,183046,271172,6.3749,14.2964,0.0580664,0.0912704,3.21911e-06,9.57073e-06,0.00475409,0.0830233,0.343369,0.018045,0.0429029
1128,1748815033,2025-06-01 21:57 UTC,182851,271416,6.39668,14.2647,0.0552931,0.0878954,2.9362e-06,8.42563e-06,0.00475409,0.0833576,0.341849,0.0163726,0.0397909
1129,1748815333,2025-06-01 22:02 UTC,182659,271662,6.41869,14.2333,0.0533347,0.0857383,2.50531e-06,7.05157e-06,0.00475414,0.0836973,0.340345,0.0152416,0.0378574
1130,1748815632,2025-06-01 22:07 UTC,182470,271910,6.44086,14.2022,0.0523959,0.0847383,1.86692e-06,7.68183e-06,0.00475414,0.0840411,0.33886,0.0147151,0.0369798
1131,1748815932,2025-06-01 22:12 UTC,182283,272159,6.46332,14.1713,0.0514554,0.0837354,2.63466e-06,1.16732e-05,0.00475414,0.0843913,0.337385,0.0141983,0.0361111
1132,1748816232,2025-06-01 22:17 UTC,182098,272410,6.48599,14.1406,0.0505165,0.0827883,2.25083e-06,7.13917e-06,0.00475414,0.0847469,0.335925,0.0136915,0.0352982
1133,1748816532,2025-06-01 22:22 UTC,181916,272662,6.50886,14.1101,0.0495793,0.0818456,1.90275e-06,5.55756e-06,0.00475414,0.0851079,0.334481,0.0131953,0.0344986
1134,1748816832,2025-06-01 22:27 UTC,181736,272916,6.53193,14.0799,0.0486439,0.0809032,5.89041e-05,0.00042034,0.0047569,0.0854744,0.333051,0.0127092,0.0337099
1135,1748817132,2025-06-01 22:32 UTC,181558,273171,6.5552,14.05,0.0477104,0.0799672,3.34276e-05,9.93316e-05,0.0047569,0.0858462,0.331637,0.0122336,0.0329642
1136,1748817432,2025-06-01 22:37 UTC,181382,273428,6.57865,14.0203,0.046779,0.0790588,2.53244e-05,8.60515e-05,0.0047569,0.0862234,0.330238,0.0117705,0.0322214
1137,1748817731,2025-06-01 22:42 UTC,181208,273686,6.6022,13.991,0.0458529,0.0781538,2.13621e-05,6.82377e-05,0.0047569,0.0866047,0.328858,0.0113197,0.0314848
1138,1748818031,2025-06-01 22:47 UTC,181037,273946,6.626,13.9619,0.0449261,0.0772459,1.80788e-05,4.92462e-05,0.0047569,0.086993,0.327489,0.0108745,0.0307403
1139,1748818331,2025-06-01 22:52 UTC,180868,274206,6.64996,13.933,0.044002,0.0763384,1.8281e-05,5.7568e-05,0.0047569,0.0873866,0.326135,0.0104389,0.0299893
1140,1748818631,2025-06-01 22:57 UTC,180700,274468,6.67408,13.9043,0.0430806,0.0754312,1.58864e-05,5.57496e-05,0.0047569,0.0877856,0.324796,0.0100189,0.0292971
1141,1748818931,2025-06-01 23:02 UTC,180535,274731,6.69835,13.876,0.0430615,0.0755999,1.52802e-05,4.6087e-05,0.0047569,0.0881903,0.323472,0.0100298,0.0294411
1142,1748819231,2025-06-01 23:07 UTC,180371,274995,6.72277,13.8479,0.0442158,0.0771578,1.23645e-05,3.9829e-05,0.0047569,0.0886005,0.322163,0.0106065,0.0306522
1143,1748819531,2025-06-01 23:12 UTC,180209,275261,6.74734,13.82,0.0453868,0.0787178,1.15409e-05,3.26349e-05,0.0047569,0.0890161,0.320869,0.011205,0.0319092
1144,1748819830,2025-06-01 23:17 UTC,180049,275527,6.77196,13.7926,0.0465697,0.0802744,1.32676e-05,5.91245e-05,0.00475952,0.0894359,0.319594,0.0118215,0.0331889
1145,1748820130,2025-06-01 23:22 UTC,179891,275795,6.79679,13.7653,0.0477715,0.0818381,1.02242e-05,3.34923e-05,0.00476175,0.0898625,0.318331,0.0124628,0.0344795
1146,1748820430,2025-06-01 23:27 UTC,179735,276064,6.82176,13.7382,0.0489876,0.0834034,9.67535e-06,3.74013e-05,0.00476175,0.0902947,0.317082,0.0131232,0.0358258
1147,1748820730,2025-06-01 23:32 UTC,179581,276334,6.84684,13.7115,0.0502171,0.0849704,8.90927e-06,2.5316e-05,0.00476175,0.0907325,0.315849,0.0138053,0.0371909
1148,1748821030,2025-06-01 23:37 UTC,179428,276606,6.87205,13.685,0.0514592,0.0865389,8.55698e-06,2.63194e-05,0.0047617,0.0911758,0.31463,0.014508,0.0385672
1149,1748821330,2025-06-01 23:42 UTC,179277,276878,6.89736,13.6588,0.0527132,0.0881088,7.33161e-06,2.44739e-05,0.0047617,0.0916246,0.313427,0.0152326,0.0399746
1150,1748821629,2025-06-01 23:47 UTC,179127,277152,6.92271,13.633,0.0539741,0.0896938,7.31479e-06,2.83071e-05,0.0047617,0.0920774,0.312243,0.0159762,0.0414336
1151,1748821929,2025-06-01 23:52 UTC,178980,277427,6.94825,13.6074,0.0552497,0.0912871,6.61427e-05,0.00113669,0.00479953,0.0925373,0.311069,0.0167427,0.0431857
1152,1748822229,2025-06-01 23:57 UTC,178833,277703,6.97389,13.582,0.056535,0.0929444,3.41866e-05,0.000121307,0.00479953,0.0930028,0.309912,0.017529,0.0444892
1153,1748822529,2025-06-02 00:02 UTC,178706,277934,6.9832,13.5654,0.0587179,0.0956706,2.1004e-05,8.87015e-05,0.00479953,0.093095,0.309152,0.0188724,0.047148
1154,1748822829,2025-06-02 00:07 UTC,178614,278091,6.97083,13.56,0.0620853,0.0996563,1.56215e-05,5.58371e-05,0.00479953,0.0926894,0.308906,0.0210227,0.0511
1155,1748823129,2025-06-02 00:12 UTC,178529,278248,6.95858,13.5546,0.0654584,0.103644,1.30631e-05,3.84017e-05,0.00479953,0.0922879,0.308661,0.0232979,0.0553026
1156,1748823429,2025-06-02 00:17 UTC,178450,278406,6.94644,13.5492,0.0688362,0.107632,1.21586e-05,4.08796e-05,0.00479953,0.0918903,0.308415,0.0256962,0.0596304
1157,1748823728,2025-06-02 00:22 UTC,178379,278565,6.93446,13.5438,0.0722069,0.111611,1.07212e-05,3.23529e-05,0.00479948,0.0914979,0.308171,0.0282154,0.0641386
1158,1748824028,2025-06-02 00:27 UTC,178313,278725,6.92255,13.5384,0.0755925,0.115647,8.29012e-06,2.66276e-05,0.00479948,0.0911082,0.307925,0.0308682,0.0688825
1159,1748824328,2025-06-02 00:32 UTC,178254,278885,6.91077,13.533,0.0789812,0.119714,8.5312e-06,2.88258e-05,0.00480161,0.0907225,0.30768,0.033645,0.0737922
1160,1748824628,2025-06-02 00:37 UTC,178201,279046,6.8991,13.5276,0.0823728,0.123824,1.78162e-05,5.66437e-05,0.00481611,0.0903407,0.307435,0.0365499,0.0789593
1161,1748824928,2025-06-02 00:42 UTC,178154,279208,6.88755,13.5222,0.0857668,0.127962,1.07015e-05,3.54347e-05,0.00481596,0.0899631,0.30719,0.0395755,0.0843166
1162,1748825228,2025-06-02 00:47 UTC,178113,279371,6.87612,13.5168,0.0891631,0.132119,7.76269e-06,2.67928e-05,0.00481587,0.0895893,0.306945,0.0427334,0.0898865
1163,1748825528,2025-06-02 00:52 UTC,178077,279534,6.86481,13.5115,0.0925614,0.136278,7.61172e-06,2.3996e-05,0.00481592,0.0892197,0.3067,0.0460112,0.095616
1164,1748825827,2025-06-02 00:57 UTC,178046,279699,6.85366,13.5061,0.09595,0.14044,7.33186e-06,2.46256e-05,0.00481596,0.0888553,0.306456,0.049404,0.101562
1165,1748826127,2025-06-02 01:02 UTC,178020,279864,6.8426,13.5007,0.0997953,0.144971,1.28692e-05,8.55634e-05,0.00482125,0.0884937,0.306211,0.0533997,0.108218
1166,1748826427,2025-06-02 01:07 UTC,178000,280029,6.83168,13.4953,0.10426,0.149979,8.73488e-06,4.30997e-05,0.00482125,0.0881361,0.305967,0.0582289,0.115807
1167,1748826727,2025-06-02 01:12 UTC,177984,280196,6.82089,13.4899,0.108743,0.154987,8.95141e-06,2.74796e-05,0.00482125,0.0877827,0.305722,0.0632903,0.123681
1168,1748827027,2025-06-02 01:17 UTC,177973,280363,6.81023,13.4845,0.113241,0.160009,8.58073e-06,4.55717e-05,0.00482125,0.0874333,0.305478,0.0685879,0.13184
1169,1748827327,2025-06-02 01:22 UTC,177967,280531,6.79971,13.4791,0.117752,0.165052,8.12267e-06,2.53693e-05,0.00482125,0.087088,0.305234,0.0741166,0.140271
1170,1748827627,2025-06-02 01:27 UTC,177965,280700,6.78931,13.4737,0.122276,0.170096,8.77852e-06,3.97074e-05,0.00482125,0.0867468,0.304989,0.0798795,0.148977
1171,1748827926,2025-06-02 01:32 UTC,177968,280870,6.77908,13.4684,0.126793,0.175123,8.57764e-06,2.72934e-05,0.00482125,0.0864109,0.304746,0.0858548,0.157906
1172,1748828226,2025-06-02 01:37 UTC,177975,281040,6.76893,13.463,0.131335,0.180168,8.87485e-06,3.4359e-05,0.00482125,0.086078,0.304502,0.0920837,0.167136
1173,1748828526,2025-06-02 01:42 UTC,177986,281211,6.7589,13.4576,0.135884,0.18522,9.04886e-06,4.11009e-05,0.00482348,0.0857492,0.304258,0.0985459,0.176646
1174,1748828826,2025-06-02 01:47 UTC,178001,281382,6.74898,13.4522,0.140441,0.190299,3.45473e-05,0.00016032,0.00485306,0.0854245,0.304014,0.105244,0.186454
1175,1748829126,2025-06-02 01:52 UTC,178020,281555,6.73917,13.4468,0.145003,0.195379,1.75287e-05,7.93941e-05,0.00485301,0.0851041,0.303771,0.11217,0.19654
1176,1748829426,2025-06-02 01:57 UTC,178043,281728,6.72948,13.4414,0.14957,0.200533,1.23846e-05,9.04492e-05,0.00485636,0.0847877,0.303527,0.119339,0.207102
1177,1748829725,2025-06-02 02:02 UTC,178069,281902,6.71992,13.436,0.153842,0.205415,1.05904e-05,3.58494e-05,0.00485636,0.0844765,0.303285,0.126237,0.217282
1178,1748830025,2025-06-02 02:07 UTC,178099,282077,6.71044,13.4306,0.157736,0.209893,1.04625e-05,7.12195e-05,0.00485636,0.0841685,0.303041,0.132678,0.226857
1179,1748830325,2025-06-02 02:12 UTC,178133,282252,6.70107,13.4252,0.161636,0.21442,4.74747e-05,0.000369024,0.00489345,0.0838647,0.302798,0.139291,0.236477
1180,1748830625,2025-06-02 02:17 UTC,178170,282428,6.6918,13.4198,0.165542,0.218946,2.88995e-05,9.72891e-05,0.00489335,0.083565,0.302555,0.146079,0.24679
1181,1748830925,2025-06-02 02:22 UTC,178210,282605,6.68264,13.4144,0.169453,0.223473,0.000102148,0.00124451,0.00492948,0.0832696,0.302312,0.15302,0.256632
1182,1748831225,2025-06-02 02:27 UTC,178254,282783,6.67358,13.409,0.173368,0.228,4.35555e-05,0.000310319,0.00492943,0.0829782,0.302069,0.160159,0.267586
1183,1748831525,2025-06-02 02:32 UTC,178302,282961,6.66463,13.4037,0.177288,0.232527,0.000129831,0.000681596,0.0050877,0.0826911,0.301825,0.167459,0.278562
1184,1748831824,2025-06-02 02:37 UTC,178352,283140,6.6558,13.3983,0.181199,0.237039,5.28618e-05,0.00018121,0.00508765,0.082409,0.301584,0.174912,0.289314
1185,1748832124,2025-06-02 02:42 UTC,178405,283320,6.64706,13.3929,0.185127,0.241565,3.47851e-05,0.000138152,0.0050877,0.0821303,0.30134,0.182546,0.300539
1186,1748832424,2025-06-02 02:47 UTC,178461,283500,6.63841,13.3875,0.189059,0.246092,2.65981e-05,9.08063e-05,0.0050877,0.0818557,0.301098,0.190368,0.311875
1187,1748832724,2025-06-02 02:52 UTC,178521,283681,6.62987,13.3821,0.192993,0.250636,2.21548e-05,0.000115054,0.0050877,0.0815854,0.300856,0.198348,0.323482
1188,1748833024,2025-06-02 02:57 UTC,178583,283863,6.62144,13.3767,0.196931,0.255187,2.27661e-05,0.00013476,0.00509027,0.0813192,0.300613,0.206503,0.335352
1189,1748833324,2025-06-02 03:02 UTC,178566,283989,6.60002,13.3525,0.199889,0.258789,1.88213e-05,0.000126345,0.00509042,0.0807052,0.299524,0.212731,0.344858
1190,1748833624,2025-06-02 03:07 UTC,178411,284019,6.5602,13.3015,0.201454,0.261044,1.69408e-05,0.000112169,0.00509037,0.079603,0.297241,0.216035,0.350915
1191,1748833923,2025-06-02 03:12 UTC,178246,284044,6.52071,13.2507,0.203014,0.263379,1.47047e-05,0.000126364,0.00509245,0.0785186,0.294977,0.219359,0.357224
1192,1748834223,2025-06-02 03:17 UTC,178073,284065,6.4813,13.1999,0.204579,0.265766,1.1908e-05,7.27424e-05,0.0050925,0.0774449,0.292717,0.22272,0.363703
1193,1748834523,2025-06-02 03:22 UTC,177892,284080,6.44211,13.1491,0.206144,0.268152,1.04533e-05,0.000108342,0.00509527,0.0763853,0.290469,0.226107,0.370289
1194,1748834823,2025-06-02 03:27 UTC,177702,284090,6.40313,13.0983,0.20771,0.270539,9.81357e-06,0.00012503,0.00509522,0.0753401,0.288232,0.229517,0.376884
1195,1748835123,2025-06-02 03:32 UTC,177504,284095,6.36438,13.0477,0.209275,0.272926,1.10226e-05,5.33475e-05,0.00509784,0.074309,0.286007,0.232957,0.383547
1196,1748835423,2025-06-02 03:37 UTC,177298,284095,6.32586,12.9971,0.210841,0.275313,1.07049e-05,7.12862e-05,0.00509788,0.0732922,0.283793,0.236426,0.390333
1197,1748835723,2025-06-02 03:42 UTC,177085,284091,6.28756,12.9466,0.212406,0.2777,9.68936e-06,8.7473e-05,0.00509793,0.0722896,0.281591,0.239925,0.397156
1198,1748836022,2025-06-02 03:47 UTC,176864,284082,6.24963,12.8963,0.213967,0.280078,1.13217e-05,0.00010211,0.00509788,0.0713046,0.279408,0.243433,0.403968
1199,1748836322,2025-06-02 03:52 UTC,176635,284068,6.21181,12.8459,0.215532,0.282465,9.81054e-06,0.000119608,0.00509978,0.0703304,0.277229,0.246989,0.410905
1200,1748836622,2025-06-02 03:57 UTC,176399,284049,6.17424,12.7956,0.217098,0.284852,9.04564e-06,6.72056e-05,0.00509982,0.0693705,0.275062,0.250572,0.4179
1201,1748836922,2025-06-02 04:02 UTC,176156,284026,6.13691,12.7454,0.217437,0.285775,8.50131e-06,0.000100671,0.00509982,0.0684249,0.272906,0.251331,0.420561
1202,1748837222,2025-06-02 04:07 UTC,175906,283999,6.09984,12.6952,0.215986,0.284562,8.59141e-06,0.000114899,0.00509982,0.0674933,0.270762,0.247971,0.417047
1203,1748837522,2025-06-02 04:12 UTC,175649,283967,6.06303,12.6451,0.214536,0.283349,8.42451e-06,5.82789e-05,0.00509987,0.0665762,0.26863,0.244621,0.41348
1204,1748837822,2025-06-02 04:17 UTC,175385,283930,6.02648,12.5951,0.213085,0.282136,8.45717e-06,0.000108475,0.00509982,0.0656733,0.266509,0.241293,0.409958
1205,1748838121,2025-06-02 04:22 UTC,175115,283889,5.99033,12.5453,0.21164,0.280928,3.75525e-05,0.000522279,0.00509987,0.0647876,0.264407,0.238015,0.406469
1206,1748838421,2025-06-02 04:27 UTC,174839,283844,5.95433,12.4955,0.21019,0.279716,2.16379e-05,0.000124288,0.00509992,0.0639132,0.262309,0.23473,0.402921
1207,1748838721,2025-06-02 04:32 UTC,174556,283794,5.91861,12.4457,0.20874,0.278505,1.53898e-05,0.000107361,0.00509992,0.0630529,0.260223,0.231494,0.399471
1208,1748839021,2025-06-02 04:37 UTC,174268,283740,5.88318,12.396,0.207291,0.277294,1.35081e-05,5.601e-05,0.00509987,0.0622069,0.258148,0.228274,0.395994
1209,1748839321,2025-06-02 04:42 UTC,173973,283682,5.84804,12.3463,0.205842,0.276084,1.29597e-05,9.64984e-05,0.0051101,0.0613752,0.256086,0.225077,0.392535
1210,1748839621,2025-06-02 04:47 UTC,173673,283620,5.81321,12.2968,0.204393,0.274874,1.09913e-05,0.000120034,0.00511015,0.0605575,0.254034,0.221925,0.38915
1211,1748839920,2025-06-02 04:52 UTC,173367,283554,5.77879,12.2475,0.202949,0.273668,9.55903e-06,7.61403e-05,0.00511015,0.0597569,0.252001,0.218791,0.385754
1212,1748840220,2025-06-02 04:57 UTC,173056,283484,5.74458,12.1981,0.201501,0.272459,9.64376e-06,6.16523e-05,0.0051102,0.0589677,0.249973,0.215682,0.382352
1213,1748840520,2025-06-02 05:02 UTC,172740,283409,5.71068,12.1488,0.198899,0.269651,2.41712e-05,0.000114504,0.0051103,0.0581927,0.247956,0.210139,0.37443
1214,1748840820,2025-06-02 05:07 UTC,172419,283330,5.67711,12.0996,0.194566,0.264443,1.57022e-05,7.4957e-05,0.0051103,0.0574319,0.245951,0.201041,0.360149
1215,1748841120,2025-06-02 05:12 UTC,172093,283258,5.64388,12.0504,0.190235,0.259237,1.35882e-05,0.000101929,0.0051103,0.0566854,0.243958,0.192146,0.346117
1216,1748841420,2025-06-02 05:17 UTC,171763,283203,5.61099,12.0014,0.185905,0.254032,1.18726e-05,5.44441e-05,0.00511035,0.055953,0.241976,0.183451,0.332346
1217,1748841720,2025-06-02 05:22 UTC,171428,283144,5.57845,11.9524,0.181577,0.248828,1.15692e-05,9.68817e-05,0.0051103,0.0552347,0.240006,0.174968,0.318935
1218,1748842019,2025-06-02 05:26 UTC,171090,283082,5.54637,11.9037,0.177265,0.243642,1.0044e-05,5.87878e-05,0.00511204,0.0545329,0.238054,0.166709,0.305726
1219,1748842319,2025-06-02 05:31 UTC,170749,283016,5.51455,11.8549,0.17294,0.238441,1.11879e-05,7.11099e-05,0.00511204,0.0538429,0.236106,0.158634,0.292818
1220,1748842619,2025-06-02 05:36 UTC,170404,282947,5.4831,11.8062,0.168618,0.23324,9.15989e-06,0.000202855,0.00511209,0.053167,0.234171,0.150755,0.280192
1221,1748842919,2025-06-02 05:41 UTC,170057,282895,5.45203,11.7576,0.164297,0.228042,8.61649e-06,5.4746e-05,0.00511209,0.0525052,0.232247,0.14308,0.267827
1222,1748843219,2025-06-02 05:46 UTC,169707,282901,5.42135,11.7091,0.15998,0.222844,9.6767e-06,3.80101e-05,0.00511199,0.0518575,0.230335,0.135614,0.255799
1223,1748843519,2025-06-02 05:51 UTC,169356,282904,5.39107,11.6607,0.155664,0.217649,9.4841e-06,4.26337e-05,0.00511195,0.0512239,0.228434,0.128349,0.243991
1224,1748843819,2025-06-02 05:56 UTC,169003,282905,5.36119,11.6188,0.151352,0.212477,8.02215e-06,4.85448e-05,0.00511393,0.0506043,0.226794,0.121284,0.232533
1225,1748844118,2025-06-02 06:01 UTC,168692,282846,5.3301,11.5353,0.146072,0.206053,1.04258e-05,4.77938e-05,0.00511393,0.049984,0.223547,0.112934,0.218709
1226,1748844418,2025-06-02 06:06 UTC,168446,282687,5.2965,11.4136,0.139261,0.197594,1.15704e-05,3.05739e-05,0.00511398,0.0493483,0.218852,0.10262,0.201118
1227,1748844718,2025-06-02 06:11 UTC,168202,282518,5.26305,11.2921,0.132453,0.189138,1.10828e-05,7.31222e-05,0.00511384,0.0487242,0.214219,0.0928024,0.184281
1228,1748845018,2025-06-02 06:16 UTC,167958,282337,5.22978,11.1709,0.125651,0.180684,1.04239e-05,2.50553e-05,0.00511384,0.0481116,0.209646,0.0834833,0.168168
1229,1748845318,2025-06-02 06:21 UTC,167716,282146,5.19668,11.0501,0.118854,0.172233,9.10462e-06,2.39169e-05,0.00511393,0.0475104,0.205135,0.0746628,0.1528
1230,1748845618,2025-06-02 06:26 UTC,167475,281944,5.16376,10.9295,0.112064,0.163786,2.41727e-05,8.49729e-05,0.00514099,0.0469208,0.200684,0.0663407,0.138201
1231,1748845918,2025-06-02 06:31 UTC,167235,281731,5.13101,10.8094,0.105282,0.155342,1.35222e-05,5.19034e-05,0.00514089,0.0463426,0.196295,0.0585204,0.124286
1232,1748846217,2025-06-02 06:36 UTC,166996,281507,5.09856,10.6907,0.0985333,0.146931,1.04807e-05,3.37631e-05,0.00514094,0.0457779,0.192009,0.0512205,0.111202
1233,1748846517,2025-06-02 06:41 UTC,166758,281272,5.06618,10.5725,0.0917739,0.138497,9.11643e-06,2.61653e-05,0.00514332,0.0452227,0.187786,0.0443944,0.0987908
1234,1748846817,2025-06-02 06:46 UTC,166521,281027,5.034,10.4546,0.0850299,0.13007,1.01526e-05,6.70815e-05,0.00514555,0.044679,0.183623,0.0380674,0.0871529
1235,1748847117,2025-06-02 06:51 UTC,166285,280771,5.00201,10.3372,0.0783055,0.121651,7.8852e-06,2.21222e-05,0.00514555,0.0441468,0.179521,0.0322378,0.0762265
1236,1748847417,2025-06-02 06:56 UTC,166050,280504,4.97022,10.2201,0.0716067,0.113241,7.23046e-06,2.17774e-05,0.00514555,0.0436262,0.175478,0.0269079,0.0660501
1237,1748847717,2025-06-02 07:01 UTC,165816,280226,4.93863,10.1035,0.0643017,0.104103,5.88247e-06,2.03043e-05,0.00514555,0.043117,0.171495,0.021678,0.0558249
1238,1748848016,2025-06-02 07:06 UTC,165582,279938,4.90737,9.98764,0.0560588,0.0938562,1.08712e-05,3.5915e-05,0.00515297,0.042621,0.167585,0.0165167,0.0453769
1239,1748848316,2025-06-02 07:11 UTC,165350,279639,4.87622,9.87185,0.0478369,0.0835977,6.76303e-06,2.10931e-05,0.00515297,0.0421349,0.163722,0.0120813,0.0359977
1240,1748848616,2025-06-02 07:16 UTC,165164,279392,4.84529,9.75651,0.0396958,0.0733712,6.00618e-06,2.41915e-05,0.0051553,0.0416603,0.159918,0.00839449,0.0277287
1241,1748848916,2025-06-02 07:21 UTC,164933,279073,4.81461,9.64165,0.0317066,0.063192,5.37209e-06,1.85189e-05,0.0051553,0.0411972,0.156175,0.0054543,0.0205707
1242,1748849216,2025-06-02 07:26 UTC,164703,278744,4.78418,9.52727,0.0240731,0.0532682,3.88493e-06,2.67822e-05,0.00515534,0.0407457,0.152492,0.00325005,0.0146175
1243,1748849516,2025-06-02 07:31 UTC,164474,278403,4.75401,9.4134,0.017526,0.0437371,1.00387e-05,5.62141e-05,0.0051569,0.0403057,0.148868,0.00172606,0.00985519
1244,1748849816,2025-06-02 07:36 UTC,164245,278052,4.72411,9.30006,0.0138199,0.034791,1.44268e-05,5.26265e-05,0.0051569,0.0398773,0.145305,0.000745615,0.00623327
1245,1748850115,2025-06-02 07:41 UTC,164017,277690,4.69461,9.18763,0.013842,0.0343975,1.07045e-05,4.0386e-05,0.00515694,0.0394618,0.141813,0.000660718,0.00609363
1246,1748850415,2025-06-02 07:46 UTC,163790,277317,4.66532,9.07539,0.0179547,0.0427549,9.40785e-06,3.04495e-05,0.00515694,0.0390565,0.138369,0.00162241,0.0094192
1247,1748850715,2025-06-02 07:51 UTC,163563,276934,4.63636,8.96374,0.0242995,0.0531784,8.33693e-06,2.99843e-05,0.00515694,0.0386627,0.134986,0.00323452,0.0145651
1248,1748851015,2025-06-02 07:56 UTC,163337,276538,4.60777,8.85269,0.0316539,0.0637357,1.10944e-05,0.000158546,0.0051569,0.0382804,0.131662,0.00554289,0.0209229
1249,1748851315,2025-06-02 08:01 UTC,163112,276132,4.57955,8.86715,0.0393685,0.0740795,1.35628e-05,8.36295e-05,0.00515874,0.0379097,0.132092,0.00853531,0.0282554
1250,1748851615,2025-06-02 08:06 UTC,162887,275715,4.55176,8.94311,0.0471579,0.0840166,1.42914e-05,5.36031e-05,0.00516286,0.0375505,0.134365,0.0121686,0.0363479
1251,1748851915,2025-06-02 08:11 UTC,162664,275287,4.52442,9.01918,0.0550732,0.0939997,9.98446e-06,3.16224e-05,0.00516291,0.0372028,0.136661,0.016502,0.0455065
1252,1748852214,2025-06-02 08:16 UTC,162440,274848,4.49767,9.09511,0.0630374,0.103982,9.64588e-06,3.2794e-05,0.00516291,0.0368676,0.138971,0.0215199,0.0556831
1253,1748852514,2025-06-02 08:21 UTC,162218,274397,4.47138,9.1714,0.0710766,0.114022,1.60763e-05,0.000164475,0.00516291,0.0365427,0.141313,0.0272563,0.0669475
1254,1748852814,2025-06-02 08:26 UTC,161996,273935,4.44569,9.2478,0.0791487,0.12408,1.13783e-05,3.64432e-05,0.00516296,0.036229,0.143677,0.0336974,0.0792998
1255,1748853114,2025-06-02 08:31 UTC,161774,273462,4.42068,9.32431,0.0872441,0.134153,1.16007e-05,4.52983e-05,0.00516529,0.0359264,0.146064,0.0408419,0.0926693
1256,1748853414,2025-06-02 08:36 UTC,161554,272978,4.39641,9.40092,0.0953566,0.144236,1.00143e-05,4.47669e-05,0.00516529,0.0356349,0.148474,0.0486939,0.107135
1257,1748853714,2025-06-02 08:41 UTC,161334,272482,4.37296,9.47763,0.103482,0.154329,1.16276e-05,4.73624e-05,0.00516529,0.0353541,0.150907,0.0572469,0.122635
1258,1748854014,2025-06-02 08:46 UTC,161114,271975,4.35042,9.55443,0.111617,0.164429,1.10395e-05,4.64054e-05,0.00516529,0.0350837,0.153362,0.066508,0.139217
1259,1748854313,2025-06-02 08:51 UTC,160895,271456,4.32893,9.63108,0.119733,0.174501,2.78194e-05,0.000219828,0.00517513,0.0348243,0.155833,0.0764347,0.156788
1260,1748854613,2025-06-02 08:56 UTC,160677,270925,4.30844,9.70808,0.127883,0.184612,2.12206e-05,9.83264e-05,0.00517527,0.0345738,0.158335,0.0871051,0.175535
1261,1748854913,2025-06-02 09:01 UTC,160460,270439,4.29446,9.75516,0.135249,0.193236,1.76258e-05,0.000532792,0.00517663,0.0344036,0.159874,0.0973382,0.192323
1262,1748855213,2025-06-02 09:06 UTC,160248,270186,4.29041,9.75192,0.141315,0.199396,1.85676e-05,0.000552583,0.00517847,0.0343574,0.159768,0.106181,0.204775
1263,1748855513,2025-06-02 09:11 UTC,160037,269932,4.28727,9.74874,0.147384,0.205792,1.42972e-05,0.000580217,0.00518075,0.0343168,0.159664,0.115423,0.218102
1264,1748855813,2025-06-02 09:16 UTC,159826,269677,4.28498,9.74564,0.153456,0.212357,1.68991e-05,0.00060438,0.00518691,0.0342821,0.159562,0.12506,0.232243
1265,1748856112,2025-06-02 09:21 UTC,159615,269422,4.28346,9.74261,0.15951,0.21891,1.3553e-05,0.000625439,0.00518677,0.0342538,0.159463,0.135064,0.24677
1266,1748856412,2025-06-02 09:26 UTC,159405,269167,4.28268,9.73965,0.165587,0.225485,1.48638e-05,0.000666861,0.00518817,0.0342316,0.159366,0.145495,0.26182
1267,1748856712,2025-06-02 09:31 UTC,159195,268911,4.28259,9.73676,0.171666,0.23206,1.213e-05,0.000713071,0.00518803,0.0342161,0.159272,0.156333,0.27728
1268,1748857012,2025-06-02 09:36 UTC,158986,268654,4.28315,9.73394,0.177747,0.238635,1.88017e-05,8.92756e-05,0.00519549,0.0342072,0.159179,0.167559,0.293248
1269,1748857312,2025-06-02 09:41 UTC,158778,268397,4.28433,9.7312,0.183829,0.245211,2.01461e-05,0.000130376,0.00520723,0.0342052,0.159089,0.179184,0.30958
1270,1748857612,2025-06-02 09:46 UTC,158570,268139,4.28609,9.72852,0.189913,0.251786,1.95715e-05,0.000110073,0.00521169,0.0342103,0.159002,0.19122,0.326467
1271,1748857912,2025-06-02 09:51 UTC,158362,267881,4.28839,9.72591,0.195998,0.258361,3.56521e-05,0.000324586,0.00524413,0.0342223,0.158917,0.203623,0.343739
1272,1748858211,2025-06-02 09:56 UTC,158155,267622,4.29119,9.72339,0.202064,0.264915,4.92767e-05,0.000256233,0.00529902,0.0342414,0.158835,0.21638,0.361276
1273,1748858511,2025-06-02 10:01 UTC,157949,267363,4.29449,9.72093,0.207037,0.269931,4.7615e-05,0.000224674,0.00529907,0.0342683,0.158754,0.227199,0.375107
1274,1748858811,2025-06-02 10:06 UTC,157743,267103,4.29825,9.71854,0.210112,0.272292,3.06576e-05,0.000157382,0.00529917,0.0343022,0.158676,0.234038,0.381866
1275,1748859111,2025-06-02 10:11 UTC,157537,266842,4.30243,9.71622,0.213189,0.274653,2.75548e-05,9.42669e-05,0.00530494,0.0343436,0.1586,0.240956,0.388487
1276,1748859411,2025-06-02 10:16 UTC,157332,266581,4.30703,9.71397,0.216266,0.277015,2.8469e-05,0.00040472,0.00530654,0.0343923,0.158527,0.247989,0.395123
1277,1748859711,2025-06-02 10:21 UTC,157128,266319,4.31202,9.7118,0.219346,0.281193,2.36861e-05,0.00042902,0.00532244,0.0344487,0.158456,0.255143,0.407256
1278,1748860011,2025-06-02 10:26 UTC,156924,266057,4.31739,9.7097,0.222426,0.285565,2.27868e-05,0.000364051,0.00532254,0.0345125,0.158387,0.262379,0.419947
1279,1748860310,2025-06-02 10:31 UTC,156720,265794,4.32309,9.70767,0.225497,0.289922,2.0699e-05,0.000160336,0.00534412,0.0345838,0.158321,0.26972,0.432887
1280,1748860610,2025-06-02 10:36 UTC,156517,265530,4.32916,9.70572,0.22858,0.294294,3.66634e-05,0.00123061,0.0053606,0.0346627,0.158258,0.277157,0.445984
1281,1748860910,2025-06-02 10:41 UTC,156314,265266,4.33557,9.70383,0.231664,0.298666,3.02339e-05,0.000230851,0.00542291,0.0347496,0.158196,0.284745,0.459344
1282,1748861210,2025-06-02 10:46 UTC,156112,265001,4.3423,9.70201,0.234749,0.303038,9.88338e-05,0.000492964,0.00547795,0.0348436,0.158137,0.292338,0.472563
1283,1748861510,2025-06-02 10:51 UTC,155910,264736,4.34934,9.70027,0.237835,0.30741,3.9734e-05,0.000176483,0.00548076,0.0349462,0.15808,0.300186,0.486475
1284,1748861810,2025-06-02 10:56 UTC,155709,264470,4.35669,9.6986,0.240922,0.311782,2.73562e-05,0.000164706,0.00548265,0.0350561,0.158026,0.308067,0.500585
1285,1748862110,2025-06-02 11:01 UTC,155508,264203,4.36434,9.697,0.242788,0.31435,2.04646e-05,0.000108557,0.00548905,0.035174,0.157974,0.312909,0.508877
1286,1748862409,2025-06-02 11:06 UTC,155308,263936,4.37227,9.69548,0.242544,0.313804,2.00841e-05,0.000204254,0.00549361,0.0352991,0.157924,0.312284,0.507148
1287,1748862709,2025-06-02 11:11 UTC,155108,263668,4.38052,9.69403,0.242301,0.313256,1.83604e-05,0.000249907,0.00549361,0.0354326,0.157877,0.311684,0.505392
1288,1748863009,2025-06-02 11:16 UTC,154909,263400,4.38906,9.69265,0.242059,0.312708,1.39576e-05,0.000194505,0.00549361,0.0355739,0.157832,0.311074,0.503609
1289,1748863309,2025-06-02 11:21 UTC,154710,263131,4.3979,9.69134,0.241817,0.31216,1.1525e-05,0.000150277,0.00549705,0.0357231,0.157789,0.31046,0.501901
1290,1748863609,2025-06-02 11:26 UTC,154512,262861,4.40704,9.6901,0.241577,0.311612,1.09968e-05,0.000154055,0.00550156,0.0358801,0.157749,0.309846,0.500097
1291,1748863909,2025-06-02 11:31 UTC,154314,262591,4.41647,9.68894,0.241337,0.311066,9.68996e-06,0.000184673,0.00550151,0.0360452,0.157711,0.309247,0.498319
1292,1748864209,2025-06-02 11:36 UTC,154117,262319,4.4262,9.68785,0.241098,0.310544,9.19836e-06,0.000184813,0.00550151,0.0362182,0.157675,0.308652,0.496681
1293,1748864508,2025-06-02 11:41 UTC,153920,262048,4.43621,9.68683,0.240861,0.310027,8.00025e-06,0.000159861,0.00550151,0.0363985,0.157642,0.308052,0.495005
1294,1748864808,2025-06-02 11:46 UTC,153724,261775,4.44655,9.68589,0.240625,0.309508,6.56822e-06,0.000159634,0.00550151,0.0365874,0.157612,0.307452,0.493365
1295,1748865108,2025-06-02 11:51 UTC,153528,261503,4.45721,9.68501,0.240389,0.308989,5.57165e-06,0.000155245,0.00550151,0.0367843,0.157583,0.306867,0.491719
1296,1748865408,2025-06-02 11:56 UTC,153333,261229,4.4682,9.68421,0.240154,0.30847,5.14972e-06,0.0011044,0.00550704,0.0369891,0.157557,0.306274,0.490062
1297,1748865708,2025-06-02 12:01 UTC,153141,260975,4.47685,9.68062,0.238639,0.306264,8.20209e-06,0.00121894,0.00550699,0.0371292,0.15744,0.30243,0.483128
1298,1748866008,2025-06-02 12:06 UTC,152958,260803,4.481,9.672,0.23485,0.301057,1.02064e-05,0.000325527,0.00550699,0.037145,0.15716,0.292857,0.466823
1299,1748866307,2025-06-02 12:11 UTC,152777,260632,4.48537,9.6635,0.231079,0.295867,1.11525e-05,0.000244571,0.00550942,0.0371649,0.156884,0.283478,0.450865
1300,1748866607,2025-06-02 12:16 UTC,152597,260463,4.49,9.65503,0.227301,0.29066,9.47643e-06,0.000202988,0.00550942,0.037189,0.156609,0.274226,0.435142
1301,1748866907,2025-06-02 12:21 UTC,152419,260295,4.49485,9.64665,0.223528,0.285453,1.22349e-05,0.000175722,0.00550942,0.0372174,0.156337,0.265149,0.419693
1302,1748867207,2025-06-02 12:26 UTC,152242,260128,4.49991,9.63834,0.219761,0.280246,9.01965e-06,0.00015364,0.00550942,0.03725,0.156068,0.256222,0.404516
1303,1748867507,2025-06-02 12:31 UTC,152066,259963,4.50516,9.6301,0.216,0.275038,1.09885e-05,0.000140738,0.00550937,0.0372869,0.155801,0.247473,0.389622
1304,1748867807,2025-06-02 12:36 UTC,151891,259799,4.51058,9.62194,0.212245,0.270053,1.04294e-05,0.000129125,0.00550932,0.037328,0.155537,0.238883,0.375602
1305,1748868107,2025-06-02 12:41 UTC,151717,259636,4.51616,9.61386,0.208497,0.266202,1.0329e-05,0.000938699,0.00551727,0.0373734,0.155276,0.230455,0.364995
1306,1748868406,2025-06-02 12:46 UTC,151545,259475,4.52187,9.60588,0.204768,0.262389,9.85945e-06,0.000121015,0.00551722,0.037423,0.155019,0.222225,0.354583
1307,1748868706,2025-06-02 12:51 UTC,151373,259315,4.52774,9.59795,0.201034,0.258589,1.03804e-05,0.000119251,0.00551732,0.037477,0.154763,0.214133,0.344398
1308,1748869006,2025-06-02 12:56 UTC,151203,259156,4.53375,9.5901,0.197308,0.254815,8.91665e-06,0.000121766,0.00551727,0.0375352,0.15451,0.206201,0.334414
1309,1748869306,2025-06-02 13:01 UTC,151034,258999,4.5399,9.58233,0.192444,0.249277,1.32487e-05,0.000114493,0.00551727,0.0375979,0.154259,0.196096,0.320062
1310,1748869606,2025-06-02 13:06 UTC,150866,258842,4.54616,9.57463,0.185491,0.240476,1.55229e-05,9.57855e-05,0.00551722,0.0376649,0.154011,0.182094,0.297864
1311,1748869906,2025-06-02 13:11 UTC,150699,258687,4.55256,9.56701,0.178545,0.231692,1.49844e-05,8.64342e-05,0.00551722,0.0377361,0.153766,0.168617,0.276496
1312,1748870206,2025-06-02 13:16 UTC,150533,258534,4.55907,9.55947,0.171605,0.222927,1.37828e-05,8.54864e-05,0.00551727,0.0378117,0.153524,0.155669,0.255964
1313,1748870505,2025-06-02 13:21 UTC,150368,258382,4.56568,9.55203,0.164697,0.214213,1.36526e-05,8.39057e-05,0.00551722,0.0378913,0.153285,0.143294,0.236347
1314,1748870805,2025-06-02 13:26 UTC,150204,258230,4.57243,9.54464,0.157775,0.205494,1.27528e-05,8.11571e-05,0.00551878,0.0379756,0.153048,0.131405,0.217499
1315,1748871105,2025-06-02 13:31 UTC,150041,258080,4.57929,9.53733,0.150864,0.196803,1.24058e-05,7.25795e-05,0.00551878,0.0380641,0.152814,0.120047,0.199491
1316,1748871405,2025-06-02 13:36 UTC,149878,257932,4.58626,9.5301,0.143966,0.188685,1.24401e-05,6.90254e-05,0.00551882,0.0381571,0.152582,0.10922,0.183391
1317,1748871705,2025-06-02 13:41 UTC,149717,257784,4.59335,9.52295,0.137081,0.180811,1.13391e-05,5.97818e-05,0.00551882,0.0382543,0.152353,0.0989203,0.168391
1318,1748872005,2025-06-02 13:46 UTC,149557,257656,4.60055,9.51588,0.130214,0.17294,9.80562e-06,6.27294e-05,0.00551892,0.0383559,0.152127,0.0891508,0.154058
1319,1748872305,2025-06-02 13:51 UTC,149398,257588,4.60786,9.50888,0.123365,0.165091,1.14205e-05,5.51349e-05,0.00551897,0.0384619,0.151904,0.079915,0.14038
1320,1748872604,2025-06-02 13:56 UTC,149239,257521,4.61526,9.50199,0.116563,0.157331,8.96769e-06,5.17637e-05,0.00551897,0.0385718,0.151684,0.0712313,0.127492
1321,1748872904,2025-06-02 14:01 UTC,149082,257456,4.62279,9.49516,0.109185,0.149,1.0554e-05,4.47149e-05,0.00551902,0.0386866,0.151465,0.0623963,0.114359
1322,1748873204,2025-06-02 14:06 UTC,148925,257393,4.63043,9.48964,0.100742,0.139494,1.11053e-05,4.20013e-05,0.00551897,0.0388056,0.15129,0.0530293,0.100236
1323,1748873504,2025-06-02 14:11 UTC,148770,257332,4.63819,9.48454,0.092333,0.129992,8.65479e-06,4.29108e-05,0.00552096,0.038929,0.151127,0.0444511,0.0870364
1324,1748873804,2025-06-02 14:16 UTC,148615,257273,4.64605,9.47952,0.0839701,0.120495,8.3075e-06,4.99068e-05,0.00552319,0.0390568,0.150967,0.0366662,0.074795
1325,1748874104,2025-06-02 14:21 UTC,148461,257215,4.65403,9.47458,0.0756692,0.111003,7.8475e-06,2.75913e-05,0.00552547,0.039189,0.15081,0.029672,0.063475
1326,1748874403,2025-06-02 14:26 UTC,148308,257159,4.66209,9.46975,0.0674819,0.101551,6.15998e-06,3.43166e-05,0.00552547,0.0393251,0.150656,0.0234862,0.0531218
1327,1748874703,2025-06-02 14:31 UTC,148155,257105,4.6703,9.46498,0.0593918,0.0920777,6.49509e-06,4.03599e-05,0.00552537,0.039466,0.150504,0.018068,0.0436694
1328,1748875003,2025-06-02 14:36 UTC,148004,257053,4.67862,9.4603,0.0514882,0.0826173,6.02985e-06,5.64742e-05,0.00552537,0.0396114,0.150356,0.0134349,0.0351602
1329,1748875303,2025-06-02 14:41 UTC,147853,257002,4.68705,9.45571,0.0438738,0.0731756,4.3564e-06,3.4698e-05,0.00552542,0.0397611,0.15021,0.00958259,0.0275794
1330,1748875603,2025-06-02 14:46 UTC,147703,256953,4.69561,9.45121,0.0367184,0.0637606,4.67307e-06,2.56258e-05,0.00552542,0.0399152,0.150067,0.00650706,0.0209402
1331,1748875903,2025-06-02 14:51 UTC,147554,256906,4.70428,9.44679,0.0302887,0.0543864,6.78656e-06,4.43079e-05,0.00552547,0.0400737,0.149926,0.0042076,0.0152332
1332,1748876203,2025-06-02 14:56 UTC,147405,256860,4.71308,9.44245,0.0249702,0.0450784,8.85982e-06,7.33616e-05,0.00552547,0.0402366,0.149789,0.00273219,0.0104689
1333,1748876502,2025-06-02 15:01 UTC,147262,256810,4.70856,9.43385,0.021403,0.0452346,1.18291e-05,0.000269509,0.0055356,0.0401963,0.149516,0.00222596,0.0105392
1334,1748876802,2025-06-02 15:06 UTC,147137,256734,4.67813,9.4168,0.020454,0.0506035,7.48052e-06,2.99986e-05,0.0055356,0.0397601,0.148976,0.0025372,0.0131883
1335,1748877102,2025-06-02 15:11 UTC,147020,256659,4.6478,9.40088,0.0227416,0.0569877,1.14168e-05,6.48126e-05,0.00554069,0.0393298,0.148472,0.00338775,0.0167201
1336,1748877402,2025-06-02 15:16 UTC,146910,256586,4.61757,9.385,0.0276551,0.0640845,7.3242e-06,2.45596e-05,0.00554069,0.0389054,0.147971,0.00479721,0.0211524
1337,1748877702,2025-06-02 15:21 UTC,146806,256513,4.58745,9.36913,0.0339044,0.0716826,7.57573e-06,2.40832e-05,0.00554065,0.0384869,0.147471,0.00684096,0.0264594
1338,1748878002,2025-06-02 15:26 UTC,146709,256442,4.55745,9.35326,0.0407951,0.0796387,6.78477e-06,3.25633e-05,0.00554394,0.0380742,0.146972,0.00955463,0.0326656
1339,1748878302,2025-06-02 15:31 UTC,146617,256372,4.52756,9.3374,0.048022,0.0878554,7.25219e-06,2.37137e-05,0.00554394,0.0376674,0.146474,0.0129412,0.0397404
1340,1748878601,2025-06-02 15:36 UTC,146531,256303,4.4979,9.32161,0.0554221,0.0962379,8.23515e-06,2.54483e-05,0.00554894,0.0372679,0.145979,0.0169896,0.0476902
1341,1748878901,2025-06-02 15:41 UTC,146449,256234,4.46826,9.30576,0.062974,0.104796,6.69253e-06,2.07606e-05,0.00554889,0.0368728,0.145483,0.0217253,0.0565569
1342,1748879201,2025-06-02 15:46 UTC,146373,256167,4.43876,9.28992,0.0706124,0.113467,9.0047e-06,3.27292e-05,0.00555083,0.0364836,0.144989,0.0271334,0.0662944
1343,1748879501,2025-06-02 15:51 UTC,146301,256101,4.40941,9.27409,0.0783124,0.122229,7.65424e-06,2.35285e-05,0.00555073,0.0361002,0.144495,0.0332167,0.0769311
1344,1748879801,2025-06-02 15:56 UTC,146234,256036,4.3802,9.25827,0.0860579,0.131062,9.14158e-06,3.48127e-05,0.00555068,0.0357226,0.144002,0.0399715,0.0884463
1345,1748880101,2025-06-02 16:01 UTC,146171,255972,4.35114,9.24245,0.0931705,0.138859,7.87575e-06,2.66426e-05,0.00555238,0.0353508,0.143511,0.0467206,0.0992933
1346,1748880401,2025-06-02 16:06 UTC,146113,255909,4.32225,9.22664,0.0989854,0.144521,7.88277e-06,2.80824e-05,0.00555243,0.0349848,0.14302,0.0525974,0.107555
1347,1748880700,2025-06-02 16:11 UTC,146059,255847,4.29362,9.21089,0.10479,0.150169,7.40575e-06,2.78699e-05,0.00555243,0.0346258,0.142532,0.0588262,0.116121
1348,1748881000,2025-06-02 16:16 UTC,146008,255786,4.26508,9.19509,0.110622,0.155856,1.02062e-05,7.51541e-05,0.0055549,0.0342714,0.142044,0.0654438,0.125087
1349,1748881300,2025-06-02 16:21 UTC,145962,255726,4.23672,9.1793,0.116461,0.161554,9.33645e-06,2.88955e-05,0.00555495,0.0339226,0.141556,0.0724371,0.134392
1350,1748881600,2025-06-02 16:26 UTC,145920,255668,4.20856,9.16352,0.122306,0.167258,9.36168e-06,3.89739e-05,0.00555495,0.0335796,0.14107,0.0798018,0.144058
1351,1748881900,2025-06-02 16:31 UTC,145881,255610,4.18061,9.14775,0.128156,0.172966,1.07552e-05,4.19173e-05,0.00556125,0.0332423,0.140584,0.0875397,0.154058
1352,1748882200,2025-06-02 16:36 UTC,145846,255553,4.15288,9.13294,0.13401,0.178677,1.06364e-05,4.36593e-05,0.00556348,0.0329106,0.14013,0.0956467,0.164404
1353,1748882499,2025-06-02 16:41 UTC,145814,255496,4.12547,9.11973,0.139848,0.184373,1.07126e-05,4.69744e-05,0.00556353,0.0325857,0.139725,0.104099,0.175044
1354,1748882799,2025-06-02 16:46 UTC,145786,255441,4.09821,9.10648,0.145709,0.190091,1.18481e-05,6.10449e-05,0.00556344,0.0322652,0.139319,0.112949,0.186075
1355,1748883099,2025-06-02 16:51 UTC,145761,255387,4.0712,9.09323,0.151574,0.195812,1.15384e-05,5.60752e-05,0.00556591,0.0319503,0.138914,0.122174,0.197442
1356,1748883399,2025-06-02 16:56 UTC,145739,255334,4.04446,9.07998,0.15744,0.201536,1.5043e-05,0.000111682,0.00557168,0.031641,0.138509,0.131766,0.209133
1357,1748883699,2025-06-02 17:01 UTC,145720,255282,4.01799,9.06674,0.162474,0.206467,6.73028e-05,0.000286287,0.00562604,0.0313372,0.138107,0.140284,0.21958
1358,1748883999,2025-06-02 17:06 UTC,145705,255231,3.99182,9.0535,0.165815,0.209899,3.10381e-05,0.000114641,0.00562589,0.0310386,0.137703,0.146088,0.226874
1359,1748884299,2025-06-02 17:11 UTC,145692,255181,3.96595,9.04027,0.169158,0.214521,1.98318e-05,7.30325e-05,0.00562594,0.0307455,0.1373,0.152013,0.236926
1360,1748884598,2025-06-02 17:16 UTC,145682,255131,3.94047,9.02708,0.172492,0.21917,1.84542e-05,8.02509e-05,0.00562594,0.0304587,0.136899,0.158028,0.247348
1361,1748884898,2025-06-02 17:21 UTC,145675,255083,3.91524,9.01418,0.17584,0.223865,1.58881e-05,7.92488e-05,0.00562594,0.0301763,0.13651,0.164194,0.258046
1362,1748885198,2025-06-02 17:26 UTC,145670,255035,3.89035,9.00261,0.17919,0.228559,1.39362e-05,7.808e-05,0.00562594,0.029899,0.136159,0.170478,0.268975
1363,1748885498,2025-06-02 17:31 UTC,145668,254989,3.86582,9.00652,0.182542,0.233253,1.32787e-05,9.27409e-05,0.00562599,0.0296269,0.136277,0.176885,0.280165
1364,1748885798,2025-06-02 17:36 UTC,145669,254943,3.84165,9.01042,0.185897,0.237948,1.23107e-05,5.20351e-05,0.00562594,0.0293598,0.136395,0.18342,0.291587
1365,1748886098,2025-06-02 17:41 UTC,145672,254898,3.81787,9.01432,0.189253,0.242642,1.25262e-05,8.60675e-05,0.00562589,0.0290978,0.136514,0.190072,0.303158
1366,1748886398,2025-06-02 17:46 UTC,145678,254857,3.79448,9.01823,0.192611,0.247337,1.55387e-05,0.00011387,0.00564732,0.0288407,0.136632,0.196859,0.314992
1367,1748886697,2025-06-02 17:51 UTC,145686,254858,3.77158,9.02212,0.19596,0.252015,1.30664e-05,0.000117569,0.00565038,0.0285893,0.13675,0.203731,0.327087
1368,1748886997,2025-06-02 17:56 UTC,145696,254861,3.74904,9.02602,0.199321,0.25671,1.12777e-05,0.000117469,0.00565241,0.0283418,0.136868,0.210755,0.339345
1369,1748887297,2025-06-02 18:01 UTC,145708,254868,3.72833,9.01768,0.201817,0.260209,5.74719e-06,0.000116427,0.00565392,0.0280932,0.136615,0.21606,0.348712
1370,1748887597,2025-06-02 18:06 UTC,145720,254889,3.71079,8.98371,0.202501,0.261204,6.32313e-06,0.000112811,0.00565392,0.0278359,0.135588,0.217489,0.351381
1371,1748887897,2025-06-02 18:11 UTC,145743,254910,3.69342,8.94974,0.203188,0.2622,5.19732e-06,0.000130288,0.00565392,0.0275813,0.134564,0.218942,0.35403
1372,1748888197,2025-06-02 18:16 UTC,145777,254934,3.67621,8.91577,0.203878,0.263196,5.75094e-06,0.000116572,0.00565392,0.0273293,0.133545,0.220392,0.356715
1373,1748888497,2025-06-02 18:21 UTC,145822,254958,3.65915,8.8818,0.20457,0.264191,5.46465e-06,0.000662636,0.00565692,0.0270799,0.132529,0.221857,0.35944
1374,1748888796,2025-06-02 18:26 UTC,145878,254984,3.64232,8.84794,0.205263,0.265187,5.51828e-06,0.000103775,0.00565692,0.026834,0.13152,0.223327,0.362132
1375,1748889096,2025-06-02 18:31 UTC,145942,255011,3.62558,8.81397,0.20596,0.266191,4.28733e-06,0.000129216,0.00565692,0.02659,0.130512,0.224813,0.364905
1376,1748889396,2025-06-02 18:36 UTC,146015,255040,3.60901,8.78,0.206661,0.267194,4.25481e-06,0.000124658,0.00565688,0.0263487,0.129508,0.226302,0.367665
1377,1748889696,2025-06-02 18:41 UTC,146095,255070,3.59259,8.74602,0.207364,0.268198,4.28272e-06,0.000110971,0.00565683,0.0261101,0.128508,0.227803,0.370428
1378,1748889996,2025-06-02 18:46 UTC,146183,255101,3.57632,8.71205,0.208069,0.269202,3.33224e-06,0.000129261,0.00565683,0.0258743,0.127512,0.229316,0.373208
1379,1748890296,2025-06-02 18:51 UTC,146277,255133,3.56021,8.68485,0.208777,0.270206,3.59502e-06,0.000110963,0.00565688,0.0256412,0.126717,0.230833,0.376001
1380,1748890596,2025-06-02 18:56 UTC,146379,255167,3.54425,8.67122,0.209488,0.27121,4.03805e-06,0.000125633,0.00565683,0.0254109,0.126319,0.232359,0.378794
1381,1748890895,2025-06-02 19:01 UTC,146486,255202,3.52849,8.65763,0.209392,0.271248,5.95968e-06,9.62547e-05,0.00565683,0.0251841,0.125924,0.23214,0.378951
1382,1748891195,2025-06-02 19:06 UTC,146601,255238,3.51282,8.64399,0.20756,0.269215,5.08105e-06,0.0001114,0.00565683,0.0249594,0.125527,0.228116,0.373266
1383,1748891495,2025-06-02 19:11 UTC,146721,255275,3.4973,8.63036,0.205728,0.267182,5.24869e-06,0.00010207,0.00565683,0.0247374,0.125132,0.224132,0.367659
1384,1748891795,2025-06-02 19:16 UTC,146847,255313,3.48192,8.61672,0.203896,0.265149,4.61735e-06,0.000126153,0.00565683,0.0245183,0.124737,0.220182,0.362088
1385,1748892095,2025-06-02 19:21 UTC,146978,255353,3.46668,8.60309,0.202064,0.263144,4.02457e-06,0.000100024,0.00565688,0.024302,0.124342,0.216271,0.356623
1386,1748892395,2025-06-02 19:26 UTC,147115,255394,3.45158,8.58946,0.200233,0.261177,4.07517e-06,9.9839e-05,0.00565688,0.0240885,0.123948,0.212397,0.351315
1387,1748892694,2025-06-02 19:31 UTC,147257,255436,3.43667,8.57592,0.198408,0.259217,4.10832e-06,9.96692e-05,0.00565688,0.0238785,0.123558,0.208573,0.34606
1388,1748892994,2025-06-02 19:36 UTC,147404,255479,3.42185,8.56234,0.196578,0.257251,3.96319e-06,9.27532e-05,0.00565688,0.0236706,0.123167,0.204773,0.340831
1389,1748893294,2025-06-02 19:41 UTC,147556,255523,3.40716,8.54877,0.194748,0.255284,3.99274e-06,9.89669e-05,0.00565692,0.0234656,0.122777,0.20101,0.335638
1390,1748893594,2025-06-02 19:46 UTC,147712,255569,3.39262,8.53519,0.192918,0.253318,3.73441e-06,8.83473e-05,0.00565692,0.0232634,0.122387,0.197283,0.330489
1391,1748893894,2025-06-02 19:51 UTC,147873,255615,3.37821,8.52162,0.191088,0.251352,4.5156e-06,8.28675e-05,0.00565692,0.023064,0.121998,0.193596,0.325381
1392,1748894194,2025-06-02 19:56 UTC,148038,255663,3.36394,8.50804,0.189259,0.249386,5.83434e-06,0.000102861,0.00565697,0.0228675,0.12161,0.189941,0.320303
1393,1748894494,2025-06-02 20:01 UTC,148208,255712,3.34981,8.49446,0.186922,0.246789,3.8939e-05,0.00031188,0.00568442,0.0226737,0.121222,0.185349,0.313822
1394,1748894793,2025-06-02 20:06 UTC,148381,255762,3.33586,8.48093,0.183485,0.242825,1.88552e-05,7.18772e-05,0.00568437,0.0224835,0.120836,0.178691,0.303635
1395,1748895093,2025-06-02 20:11 UTC,148559,255813,3.32201,8.46736,0.18004,0.238848,1.20313e-05,3.97449e-05,0.00568437,0.0222954,0.12045,0.172146,0.293822
1396,1748895393,2025-06-02 20:16 UTC,148740,255865,3.3083,8.45379,0.176598,0.234871,1.02181e-05,9.33953e-05,0.00568442,0.0221102,0.120064,0.16573,0.284139
1397,1748895693,2025-06-02 20:21 UTC,148925,255919,3.29474,8.44021,0.17316,0.231125,9.39269e-06,4.41754e-05,0.00568447,0.0219277,0.119678,0.159444,0.275106
1398,1748895993,2025-06-02 20:26 UTC,149114,255973,3.28132,8.42664,0.169726,0.22742,8.5202e-06,3.45934e-05,0.00568437,0.0217481,0.119294,0.15329,0.266369
1399,1748896293,2025-06-02 20:31 UTC,149306,256039,3.26805,8.41307,0.166296,0.223715,8.04973e-06,8.48682e-05,0.00568442,0.0215713,0.11891,0.147263,0.257776
1400,1748896593,2025-06-02 20:36 UTC,149502,256107,3.25494,8.39949,0.16287,0.220011,8.22158e-06,7.81895e-05,0.00568437,0.0213972,0.118526,0.141371,0.249298
1401,1748896892,2025-06-02 20:41 UTC,149701,256175,3.24202,8.38597,0.159461,0.216332,6.96781e-06,7.40483e-05,0.00568432,0.0212265,0.118145,0.135622,0.241039
1402,1748897192,2025-06-02 20:46 UTC,149904,256245,3.22922,8.37239,0.156046,0.212668,6.44923e-06,5.31603e-05,0.00568437,0.0210581,0.117763,0.129987,0.232943
1403,1748897492,2025-06-02 20:51 UTC,150109,256316,3.21658,8.35882,0.152636,0.209279,7.93019e-06,6.71968e-05,0.00568442,0.0208924,0.117381,0.124484,0.225596
1404,1748897792,2025-06-02 20:56 UTC,150317,256387,3.20411,8.34525,0.149233,0.206072,6.14925e-06,3.89863e-05,0.00568442,0.0207294,0.117001,0.119106,0.218716
1405,1748898092,2025-06-02 21:01 UTC,150540,256483,3.18991,8.32981,0.145779,0.202639,7.62758e-06,4.39381e-05,0.00568442,0.0205496,0.116568,0.113756,0.211499
1406,1748898392,2025-06-02 21:06 UTC,150812,256664,3.17165,8.31074,0.142199,0.198677,6.3785e-06,4.69448e-05,0.00568437,0.0203283,0.116035,0.108294,0.203311
1407,1748898692,2025-06-02 21:11 UTC,151090,256847,3.15364,8.29249,0.138621,0.194716,6.364e-06,5.18494e-05,0.00568437,0.0201098,0.115526,0.102972,0.195289
1408,1748898991,2025-06-02 21:16 UTC,151375,257033,3.13595,8.27443,0.135058,0.190769,6.96466e-06,3.76737e-05,0.00568432,0.0198947,0.115023,0.0978075,0.187454
1409,1748899291,2025-06-02 21:21 UTC,151667,257220,3.11846,8.25644,0.131485,0.186809,5.99936e-06,4.88108e-05,0.00568437,0.0196817,0.114524,0.0927608,0.17973
1410,1748899591,2025-06-02 21:26 UTC,151965,257409,3.10122,8.23859,0.127915,0.182849,9.38384e-06,4.12427e-05,0.00568437,0.0194716,0.114029,0.087856,0.172199
1411,1748899891,2025-06-02 21:31 UTC,152270,257600,3.08424,8.22089,0.124348,0.178891,7.64036e-06,3.98999e-05,0.00568437,0.0192645,0.113539,0.0830857,0.164834
1412,1748900191,2025-06-02 21:36 UTC,152580,257793,3.06751,8.20331,0.120784,0.174933,5.43446e-06,2.11727e-05,0.00568437,0.0190603,0.113055,0.0784535,0.157607
1413,1748900491,2025-06-02 21:41 UTC,152897,257987,3.05103,8.18588,0.117223,0.170976,7.14595e-06,3.4128e-05,0.00568437,0.018859,0.112575,0.0739646,0.150571
1414,1748900790,2025-06-02 21:46 UTC,153218,258184,3.03485,8.16865,0.113678,0.16704,4.92989e-06,3.56627e-05,0.00568442,0.0186615,0.112101,0.0696225,0.143722
1415,1748901090,2025-06-02 21:51 UTC,153545,258382,3.01886,8.1515,0.110125,0.163095,5.5604e-06,1.56135e-05,0.00568447,0.0184663,0.111631,0.0654086,0.137004
1416,1748901390,2025-06-02 21:56 UTC,153878,258582,3.00312,8.13449,0.106577,0.159151,5.54071e-06,8.60215e-05,0.00568442,0.0182742,0.111166,0.0613317,0.130463
1417,1748901690,2025-06-02 22:01 UTC,154215,258784,2.98763,8.11788,0.10327,0.155377,5.10404e-06,2.62075e-05,0.00568437,0.0180852,0.110712,0.0576408,0.124351
1418,1748901990,2025-06-02 22:06 UTC,154557,258987,2.97238,8.1031,0.10052,0.151999,5.99192e-06,2.98494e-05,0.00568437,0.0178994,0.110309,0.0546334,0.118985
1419,1748902290,2025-06-02 22:11 UTC,154904,259192,2.95737,8.08845,0.0977709,0.148621,4.148e-06,6.44406e-05,0.00568437,0.0177167,0.109911,0.0517096,0.113756
1420,1748902590,2025-06-02 22:16 UTC,155256,259399,2.94258,8.07394,0.0950246,0.145245,5.20547e-06,2.60683e-05,0.00568447,0.0175372,0.109517,0.0488705,0.108643
1421,1748902889,2025-06-02 22:21 UTC,155612,259608,2.92805,8.05961,0.0922901,0.14188,9.66473e-06,3.88997e-05,0.00568447,0.0173615,0.109128,0.0461231,0.103679
1422,1748903189,2025-06-02 22:26 UTC,155972,259818,2.91364,8.04536,0.0895493,0.138506,7.15094e-06,2.32444e-05,0.00568447,0.0171885,0.108743,0.0434428,0.0987957
1423,1748903489,2025-06-02 22:31 UTC,156337,260030,2.89942,8.03125,0.0868116,0.135133,7.13562e-06,2.19013e-05,0.00568442,0.0170187,0.108362,0.0408512,0.0940544
1424,1748903789,2025-06-02 22:36 UTC,156705,260243,2.88538,8.01728,0.0840773,0.13176,6.4999e-06,2.20412e-05,0.00568447,0.0168522,0.107985,0.0383399,0.0894268
1425,1748904089,2025-06-02 22:41 UTC,157078,260457,2.8715,8.00344,0.0813467,0.128389,5.80147e-06,1.64469e-05,0.00568456,0.0166889,0.107613,0.0359113,0.0849082
1426,1748904389,2025-06-02 22:46 UTC,157454,260673,2.8578,7.98975,0.0786202,0.12502,5.9556e-06,1.84632e-05,0.00568456,0.016529,0.107245,0.0335667,0.0804981
1427,1748904689,2025-06-02 22:51 UTC,157834,260891,2.84426,7.97619,0.0758983,0.121652,5.60962e-06,2.91556e-05,0.00568456,0.0163723,0.106881,0.0313028,0.076229
1428,1748904988,2025-06-02 22:56 UTC,158218,261110,2.83094,7.96281,0.0731906,0.118297,5.27397e-06,1.74025e-05,0.00568451,0.0162195,0.106523,0.0291285,0.0720735
1429,1748905288,2025-06-02 23:01 UTC,158605,261331,2.81773,7.94954,0.0708514,0.115435,3.92641e-06,1.39052e-05,0.00568451,0.0160695,0.106168,0.0273146,0.0686239
1430,1748905588,2025-06-02 23:06 UTC,158996,261553,2.80468,7.9364,0.0694108,0.113783,3.69545e-06,1.39147e-05,0.00568451,0.0159227,0.105817,0.0262423,0.0666716
1431,1748905888,2025-06-02 23:11 UTC,159390,261777,2.79178,7.9234,0.0679709,0.112132,3.76777e-06,1.27867e-05,0.00568451,0.0157794,0.105471,0.0251914,0.0647571
1432,1748906188,2025-06-02 23:16 UTC,159788,262002,2.77905,7.91055,0.0665317,0.110481,2.82516e-06,9.43705e-06,0.00568447,0.0156394,0.105129,0.0241634,0.0628653
1433,1748906488,2025-06-02 23:21 UTC,160189,262228,2.76647,7.89783,0.0650932,0.108831,2.9418e-06,8.74326e-06,0.00568447,0.0155028,0.104791,0.0231587,0.0609965
1434,1748906788,2025-06-02 23:26 UTC,160593,262455,2.75406,7.88527,0.0636556,0.107182,2.18934e-06,7.29979e-06,0.00568447,0.0153695,0.104458,0.0221781,0.0591679
1435,1748907087,2025-06-02 23:31 UTC,161000,262685,2.74184,7.87288,0.0622236,0.10554,2.78309e-06,1.04426e-05,0.00568447,0.0152401,0.10413,0.0212246,0.057369
1436,1748907387,2025-06-02 23:36 UTC,161410,262915,2.72974,7.8606,0.0607878,0.103892,2.35768e-06,7.48949e-06,0.00568447,0.0151136,0.103806,0.0202896,0.0555879
1437,1748907687,2025-06-02 23:41 UTC,161823,263147,2.7178,7.84847,0.0593529,0.102245,2.20546e-06,5.96333e-06,0.00568447,0.0149905,0.103485,0.0193782,0.0538403
1438,1748907987,2025-06-02 23:46 UTC,162239,263380,2.70603,7.83648,0.0579192,0.1006,2.67101e-06,9.32885e-06,0.00568447,0.0148708,0.10317,0.0184912,0.0521218
1439,1748908287,2025-06-02 23:51 UTC,162658,263614,2.69442,7.82464,0.0564866,0.0989549,2.22965e-06,6.84763e-06,0.00568447,0.0147546,0.102858,0.0176264,0.0504286
1440,1748908587,2025-06-02 23:56 UTC,163080,263850,2.68298,7.81295,0.0550554,0.097311,1.95815e-06,6.71015e-06,0.00568447,0.0146417,0.102551,0.016785,0.048771
1441,1748908887,2025-06-03 00:01 UTC,163512,264085,2.66753,7.79964,0.0540984,0.0963043,2.31644e-06,7.56179e-06,0.00568447,0.0144863,0.102202,0.0162512,0.0477576
1442,1748909186,2025-06-03 00:06 UTC,163977,264317,2.64201,7.78219,0.0543073,0.0968534,1.58501e-06,4.57302e-06,0.00568447,0.0142232,0.101745,0.0164297,0.0483072
1443,1748909486,2025-06-03 00:11 UTC,164449,264549,2.61647,7.76475,0.0545305,0.0974043,1.65545e-06,8.34967e-06,0.00568447,0.0139635,0.101289,0.0166138,0.0488594
1444,1748909786,2025-06-03 00:16 UTC,164928,264784,2.59101,7.74738,0.0547674,0.0979553,1.65524e-06,6.73373e-06,0.00568447,0.0137082,0.100837,0.0168025,0.04941
1445,1748910086,2025-06-03 00:21 UTC,165413,265019,2.56561,7.7301,0.0550185,0.0985062,1.57741e-06,6.34011e-06,0.00568447,0.0134572,0.100387,0.0169978,0.0499673
1446,1748910386,2025-06-03 00:26 UTC,165904,265255,2.5403,7.71289,0.055284,0.0990572,1.23287e-06,3.5554e-06,0.00568447,0.0132106,0.099941,0.0171994,0.0505324
1447,1748910686,2025-06-03 00:31 UTC,166401,265492,2.51506,7.69576,0.055564,0.0996081,1.28871e-06,7.13466e-06,0.00568447,0.0129685,0.0994976,0.017406,0.0510939
1448,1748910985,2025-06-03 00:36 UTC,166904,265731,2.49,7.67877,0.0558578,0.100166,1.27356e-06,6.35405e-06,0.00568447,0.0127314,0.0990586,0.017618,0.0516705
1449,1748911285,2025-06-03 00:41 UTC,167412,265970,2.46493,7.6618,0.0561674,0.100734,1.20482e-06,7.22337e-06,0.00568447,0.012498,0.0986213,0.0178362,0.0522578
1450,1748911585,2025-06-03 00:46 UTC,167924,266211,2.43995,7.64491,0.0564919,0.101303,1.18178e-06,7.87222e-06,0.00568447,0.0122689,0.0981869,0.0180606,0.0528503
1451,1748911885,2025-06-03 00:51 UTC,168442,266453,2.41506,7.6281,0.0568313,0.101871,1.12345e-06,3.26126e-06,0.00568447,0.0120442,0.0977556,0.0182905,0.0534428
1452,1748912185,2025-06-03 00:56 UTC,168964,266696,2.39027,7.61137,0.0571854,0.102463,1.07778e-06,9.1841e-06,0.00568447,0.0118239,0.0973273,0.0185264,0.0540674
1453,1748912485,2025-06-03 01:01 UTC,169491,266940,2.36558,7.59472,0.0580476,0.10358,2.20514e-06,7.2662e-06,0.00568447,0.0116079,0.096902,0.0190642,0.0552472
1454,1748912785,2025-06-03 01:06 UTC,170021,267185,2.34099,7.57816,0.0601654,0.106001,1.99701e-06,1.05353e-05,0.00568447,0.0113964,0.0964798,0.02039,0.0578607
1455,1748913084,2025-06-03 01:11 UTC,170556,267430,2.3166,7.56173,0.0622792,0.10844,1.99049e-06,1.0987e-05,0.00568447,0.0111899,0.096062,0.0217622,0.0605541
1456,1748913384,2025-06-03 01:16 UTC,171094,267678,2.29224,7.54533,0.064403,0.110898,1.71962e-06,1.3168e-05,0.00568451,0.0109871,0.0956458,0.0231898,0.063331
1457,1748913684,2025-06-03 01:21 UTC,171636,267926,2.26801,7.52901,0.0665293,0.113356,1.92579e-06,1.33469e-05,0.00568456,0.0107886,0.0952326,0.0246682,0.0661689
1458,1748913984,2025-06-03 01:26 UTC,172182,268175,2.24393,7.51278,0.068658,0.115814,1.99612e-06,1.27538e-05,0.00568456,0.0105946,0.0948224,0.0261976,0.0690702
1459,1748914284,2025-06-03 01:31 UTC,172731,268425,2.22001,7.49664,0.0707888,0.118273,2.03025e-06,1.65451e-05,0.00568456,0.0104048,0.0944153,0.027778,0.0720371
1460,1748914584,2025-06-03 01:36 UTC,173284,268676,2.1963,7.48058,0.0729214,0.120749,2.16825e-06,1.74466e-05,0.00568456,0.0102194,0.0940112,0.0294093,0.0750825
1461,1748914884,2025-06-03 01:41 UTC,173839,268928,2.17282,7.4646,0.0750559,0.123226,2.13797e-06,1.46331e-05,0.00568451,0.0100384,0.0936101,0.0310917,0.0781943
1462,1748915183,2025-06-03 01:46 UTC,174398,269181,2.14968,7.44877,0.0771848,0.125694,2.43135e-06,1.7935e-05,0.00568447,0.0098622,0.0932134,0.0328187,0.0813568
1463,1748915483,2025-06-03 01:51 UTC,174960,269435,2.12669,7.43297,0.0793224,0.128178,2.36971e-06,7.77039e-06,0.00568447,0.00968968,0.0928183,0.0346029,0.0846046
1464,1748915783,2025-06-03 01:56 UTC,175524,269690,2.10394,7.41725,0.0814613,0.130679,2.43703e-06,4.63617e-05,0.00568442,0.0095214,0.0924263,0.0364379,0.0879395
1465,1748916083,2025-06-03 02:01 UTC,176092,269947,2.08141,7.40192,0.08386,0.133408,3.78716e-06,2.43302e-05,0.00568447,0.00935734,0.0920445,0.038553,0.0916447
1466,1748916383,2025-06-03 02:06 UTC,176663,270204,2.05912,7.38667,0.0869505,0.136733,3.29695e-06,2.29421e-05,0.00568447,0.00919746,0.0916657,0.0413686,0.0962743
1467,1748916683,2025-06-03 02:11 UTC,177235,270462,2.03708,7.37151,0.090063,0.140059,3.86962e-06,5.06599e-05,0.00568437,0.00904174,0.0912898,0.0443042,0.101015
1468,1748916983,2025-06-03 02:16 UTC,177811,270720,2.01529,7.35643,0.0931945,0.143386,3.11756e-06,2.26698e-05,0.00568437,0.00889015,0.0909166,0.0473628,0.105872
1469,1748917282,2025-06-03 02:21 UTC,178389,270980,1.99384,7.34148,0.0963322,0.146707,3.86736e-06,2.45185e-05,0.00568442,0.00874315,0.0905474,0.0505305,0.110834
1470,1748917582,2025-06-03 02:26 UTC,178969,271241,1.97258,7.32656,0.0994949,0.150063,3.86676e-06,3.01671e-05,0.00568447,0.00859972,0.0901798,0.0538312,0.115963
1471,1748917882,2025-06-03 02:31 UTC,179552,271502,1.95161,7.31172,0.102671,0.153419,3.9083e-06,2.53578e-05,0.00568447,0.00846032,0.0898149,0.0572539,0.121209
1472,1748918182,2025-06-03 02:36 UTC,180137,271765,1.93095,7.29745,0.105858,0.156777,4.5887e-06,3.15714e-05,0.00568451,0.00832492,0.0894646,0.0607981,0.12657
1473,1748918482,2025-06-03 02:41 UTC,180725,272028,1.91061,7.28368,0.109055,0.160179,4.00069e-06,3.23381e-05,0.00568447,0.00819345,0.0891274,0.0644655,0.132121
1474,1748918782,2025-06-03 02:46 UTC,181314,272292,1.89061,7.27001,0.112261,0.163641,4.54961e-06,2.68463e-05,0.00568442,0.00806588,0.0887931,0.0682542,0.137899
1475,1748919081,2025-06-03 02:51 UTC,181906,272558,1.87105,7.25647,0.115465,0.167092,4.54109e-06,3.30392e-05,0.00568442,0.00794256,0.0884627,0.0721523,0.14377
1476,1748919381,2025-06-03 02:56 UTC,182500,272824,1.85183,7.24298,0.118686,0.170555,4.81629e-06,3.77097e-05,0.00568442,0.00782258,0.088134,0.0761854,0.149796
1477,1748919681,2025-06-03 03:01 UTC,183082,273084,1.83256,7.22711,0.121778,0.17395,4.14075e-06,9.84815e-05,0.00568442,0.00770287,0.0877483,0.0801611,0.155815
1478,1748919981,2025-06-03 03:06 UTC,183617,273325,1.81224,7.21729,0.124509,0.177064,4.57309e-06,4.13873e-05,0.00568442,0.00757738,0.0875099,0.0837436,0.161443
1479,1748920281,2025-06-03 03:11 UTC,184151,273565,1.79207,7.2207,0.127245,0.180178,4.76414e-06,4.29565e-05,0.00568442,0.00745517,0.0875928,0.0874131,0.16717
1480,1748920581,2025-06-03 03:16 UTC,184682,273805,1.77204,7.2243,0.129987,0.183292,4.31541e-06,4.9025e-05,0.00568437,0.00733623,0.0876801,0.0911701,0.173002
1481,1748920881,2025-06-03 03:21 UTC,185212,274045,1.75217,7.22808,0.132732,0.186406,4.7861e-06,4.05035e-05,0.00568442,0.00722056,0.0877718,0.0950122,0.17893
1482,1748921180,2025-06-03 03:26 UTC,185741,274285,1.73254,7.23203,0.135473,0.18951,4.47908e-06,5.11497e-05,0.00568442,0.00710849,0.0878677,0.098929,0.184948
1483,1748921480,2025-06-03 03:31 UTC,186268,274525,1.71302,7.23617,0.138227,0.192625,4.59953e-06,5.46438e-05,0.00568442,0.00699929,0.0879684,0.102944,0.191069
1484,1748921780,2025-06-03 03:36 UTC,186794,274765,1.69368,7.24048,0.140985,0.195761,5.27563e-06,5.2076e-05,0.00568447,0.00689329,0.0880734,0.107046,0.197344
1485,1748922080,2025-06-03 03:41 UTC,187319,275005,1.67454,7.24498,0.143747,0.198899,5.34576e-06,4.72127e-05,0.00568447,0.0067905,0.0881828,0.111234,0.203718
1486,1748922380,2025-06-03 03:46 UTC,187842,275245,1.65562,7.24966,0.146512,0.202076,5.12626e-06,6.17335e-05,0.00568447,0.00669088,0.0882967,0.11551,0.210282
1487,1748922680,2025-06-03 03:51 UTC,188364,275485,1.63692,7.25451,0.149279,0.20536,5.65635e-06,5.26851e-05,0.00568447,0.00659442,0.088415,0.119871,0.217173
1488,1748922980,2025-06-03 03:56 UTC,188884,275724,1.61848,7.25955,0.15205,0.208644,5.40757e-06,4.44454e-05,0.00568447,0.0065011,0.0885378,0.12432,0.224164
1489,1748923279,2025-06-03 04:01 UTC,189404,275964,1.60037,7.26474,0.154326,0.211471,2.38665e-06,5.7156e-05,0.00568447,0.00641118,0.0886646,0.128037,0.2303
1490,1748923579,2025-06-03 04:06 UTC,189922,276204,1.5825,7.27013,0.155244,0.213062,3.32693e-06,6.57829e-05,0.00568447,0.00632405,0.0887961,0.129528,0.233778
1491,1748923879,2025-06-03 04:11 UTC,190439,276444,1.56497,7.2757,0.156162,0.214653,2.57728e-06,5.52354e-05,0.00568447,0.00623997,0.088932,0.131036,0.237286
1492,1748924179,2025-06-03 04:16 UTC,190956,276683,1.54782,7.28144,0.15708,0.216244,2.98098e-06,5.01091e-05,0.00568442,0.0061589,0.0890725,0.132552,0.240813
1493,1748924479,2025-06-03 04:21 UTC,191471,276923,1.5311,7.28736,0.157999,0.217836,3.15688e-06,6.07875e-05,0.00568447,0.0060808,0.0892174,0.134079,0.244375
1494,1748924779,2025-06-03 04:26 UTC,191985,277163,1.51487,7.29345,0.158918,0.219427,2.52923e-06,7.33097e-05,0.00568447,0.0060056,0.0893666,0.135619,0.247951
1495,1748925079,2025-06-03 04:31 UTC,192498,277403,1.4992,7.29972,0.159836,0.221018,2.94465e-06,6.13365e-05,0.00568451,0.00593324,0.0895204,0.137168,0.251568
1496,1748925378,2025-06-03 04:36 UTC,193010,277643,1.48421,7.30615,0.160752,0.222604,2.7566e-06,6.36845e-05,0.00568451,0.00586386,0.089678,0.138723,0.255184
1497,1748925678,2025-06-03 04:41 UTC,193521,277882,1.46989,7.31276,0.161671,0.224195,2.69353e-06,6.21788e-05,0.00568451,0.00579687,0.0898406,0.140295,0.258841
1498,1748925978,2025-06-03 04:46 UTC,194031,278122,1.45642,7.31956,0.162591,0.225787,3.0366e-06,5.46754e-05,0.00568451,0.00573237,0.0900076,0.141877,0.262532
1499,1748926278,2025-06-03 04:51 UTC,194541,278362,1.44394,7.32652,0.16351,0.227378,2.66382e-06,7.06833e-05,0.00568451,0.00567018,0.090179,0.143471,0.266254
1500,1748926578,2025-06-03 04:56 UTC,195049,278602,1.4326,7.33366,0.16443,0.228969,2.62103e-06,7.01096e-05,0.00568451,0.00561004,0.0903548,0.145075,0.269988
1501,1748926878,2025-06-03 05:01 UTC,195557,278842,1.42251,7.34098,0.164763,0.229831,5.32803e-06,7.35762e-05,0.00568451,0.00555165,0.0905351,0.145663,0.272054
1502,1748927177,2025-06-03 05:06 UTC,196064,279082,1.41372,7.34844,0.16343,0.228619,2.64012e-06,5.4758e-05,0.00568456,0.00549494,0.0907192,0.143303,0.26918
1503,1748927477,2025-06-03 05:11 UTC,196570,279322,1.40607,7.35609,0.162094,0.227403,3.77081e-06,5.52058e-05,0.00568456,0.00543924,0.0909084,0.140964,0.26634
1504,1748927777,2025-06-03 05:16 UTC,197076,279562,1.39944,7.36392,0.160758,0.226188,2.99358e-06,5.92276e-05,0.00568456,0.00538456,0.0911019,0.138644,0.263484
1505,1748928077,2025-06-03 05:21 UTC,197581,279803,1.39364,7.37191,0.159423,0.224974,2.68424e-06,6.4037e-05,0.00568456,0.00533078,0.0912997,0.136346,0.260662
1506,1748928377,2025-06-03 05:26 UTC,198085,280043,1.38857,7.38008,0.158087,0.22376,3.25465e-06,6.86131e-05,0.00568451,0.00527782,0.0915022,0.134072,0.257861
1507,1748928677,2025-06-03 05:31 UTC,198588,280283,1.38418,7.38842,0.156753,0.222546,2.88223e-06,5.30071e-05,0.00568451,0.00522564,0.091709,0.131818,0.255074
1508,1748928977,2025-06-03 05:36 UTC,199091,280524,1.38042,7.39692,0.155419,0.221333,3.15681e-06,5.77298e-05,0.00568451,0.00517418,0.0919203,0.129588,0.252297
1509,1748929276,2025-06-03 05:41 UTC,199593,280764,1.37727,7.40556,0.154089,0.220124,2.89297e-06,6.5176e-05,0.00568466,0.00512359,0.0921353,0.127385,0.249545
1510,1748929576,2025-06-03 05:46 UTC,200095,281005,1.37466,7.4144,0.152756,0.218912,3.02617e-06,5.54971e-05,0.00568461,0.00507351,0.0923553,0.125197,0.246807
1511,1748929876,2025-06-03 05:51 UTC,200596,281246,1.37258,7.42341,0.151423,0.2177,2.986e-06,4.44051e-05,0.00568461,0.00502409,0.0925798,0.123032,0.244079
1512,1748930176,2025-06-03 05:56 UTC,201096,281486,1.37103,7.43259,0.150091,0.216489,2.89596e-06,5.6626e-05,0.00568461,0.00497533,0.0928088,0.120887,0.241365
1513,1748930476,2025-06-03 06:01 UTC,201582,281719,1.36265,7.41938,0.14821,0.214488,9.05952e-06,4.74618e-05,0.00568461,0.00488785,0.0924793,0.117895,0.236959
1514,1748930776,2025-06-03 06:06 UTC,202017,281924,1.333,7.33983,0.14471,0.21016,5.81354e-06,5.04646e-05,0.00568461,0.00468791,0.0905068,0.112381,0.227486
1515,1748931076,2025-06-03 06:11 UTC,202445,282127,1.3036,7.26032,0.141212,0.205833,6.57674e-06,4.61913e-05,0.00568461,0.00449323,0.0885567,0.107008,0.218214
1516,1748931375,2025-06-03 06:16 UTC,202866,282327,1.27455,7.18112,0.137728,0.201522,5.73583e-06,4.38658e-05,0.00568461,0.00430446,0.0866351,0.101784,0.209171
1517,1748931675,2025-06-03 06:21 UTC,203281,282524,1.2457,7.1017,0.134234,0.197198,4.73065e-06,4.9562e-05,0.00568456,0.00412031,0.0847294,0.0966749,0.200284
1518,1748931975,2025-06-03 06:26 UTC,203689,282720,1.21714,7.02232,0.130742,0.192877,5.43119e-06,4.0069e-05,0.00568451,0.00394141,0.0828459,0.0917022,0.191601
1519,1748932275,2025-06-03 06:31 UTC,204091,282914,1.18892,6.943,0.127253,0.188575,5.13051e-06,4.04931e-05,0.00568456,0.00376777,0.0809847,0.0868618,0.183156
1520,1748932575,2025-06-03 06:36 UTC,204487,283105,1.16106,6.86372,0.123766,0.1843,5.24998e-06,3.40698e-05,0.00568456,0.00359937,0.0791458,0.0821558,0.17494
1521,1748932875,2025-06-03 06:41 UTC,204877,283294,1.13359,6.78449,0.120283,0.180027,5.00374e-06,4.00914e-05,0.00568456,0.0034362,0.0773292,0.0775831,0.16693
1522,1748933175,2025-06-03 06:46 UTC,205261,283481,1.10656,6.70531,0.116802,0.175758,5.21183e-06,3.79769e-05,0.00568456,0.00327825,0.0755349,0.0731445,0.159101
1523,1748933474,2025-06-03 06:51 UTC,205639,283666,1.08008,6.62646,0.113337,0.171506,5.30966e-06,2.44182e-05,0.00568456,0.00312598,0.0737687,0.0688537,0.151503
1524,1748933774,2025-06-03 06:56 UTC,206012,283849,1.05402,6.54739,0.109864,0.167241,5.07855e-06,2.69364e-05,0.00568461,0.00297838,0.0720189,0.0646814,0.144058
1525,1748934074,2025-06-03 07:01 UTC,206379,284030,1.02851,6.46839,0.105916,0.162357,8.19702e-06,2.65152e-05,0.00568461,0.00283593,0.0702913,0.0601144,0.135781
1526,1748934374,2025-06-03 07:06 UTC,206740,284209,1.00358,6.38945,0.10051,0.155576,6.25371e-06,2.23398e-05,0.00568461,0.00269862,0.0685861,0.054162,0.124673
1527,1748934674,2025-06-03 07:11 UTC,207097,284386,0.979278,6.31057,0.0951085,0.148799,6.67045e-06,1.68258e-05,0.00568456,0.0025664,0.066903,0.0485281,0.114042
1528,1748934974,2025-06-03 07:16 UTC,207448,284561,0.955688,6.23175,0.0897134,0.142027,5.1974e-06,1.58349e-05,0.00568461,0.00243924,0.0652423,0.043209,0.1039
1529,1748935274,2025-06-03 07:21 UTC,207794,284734,0.932885,6.15301,0.0843256,0.135261,5.27992e-06,1.42664e-05,0.00568461,0.00231713,0.0636039,0.0382075,0.0942344
1530,1748935573,2025-06-03 07:26 UTC,208135,284905,0.91102,6.07459,0.0789643,0.128523,4.48875e-06,1.77211e-05,0.00568471,0.00220039,0.0619931,0.0335364,0.085078
1531,1748935873,2025-06-03 07:31 UTC,208471,285075,0.890037,5.99599,0.0735956,0.121771,4.93938e-06,1.48423e-05,0.00568476,0.00208821,0.0603992,0.0291668,0.0763753
1532,1748936173,2025-06-03 07:36 UTC,208802,285243,0.870145,5.91747,0.06824,0.11503,4.5562e-06,1.36453e-05,0.00568476,0.00198095,0.0588275,0.0251129,0.0681527
1533,1748936473,2025-06-03 07:41 UTC,209129,285409,0.851493,5.83902,0.0629006,0.108301,4.42829e-06,2.3076e-05,0.00568476,0.00187856,0.0572782,0.0213757,0.0604146
1534,1748936773,2025-06-03 07:46 UTC,209450,285573,0.834203,5.76066,0.0575819,0.101586,4.35978e-06,1.52829e-05,0.00568466,0.00178097,0.0557511,0.017955,0.0531517
1535,1748937073,2025-06-03 07:51 UTC,209768,285736,0.81838,5.68238,0.0522902,0.0948864,3.5923e-06,1.10383e-05,0.00568466,0.00168812,0.0542463,0.0148509,0.0463777
1536,1748937372,2025-06-03 07:56 UTC,210081,285897,0.804159,5.60446,0.0470521,0.0882296,4.04354e-06,1.07773e-05,0.00568466,0.00160025,0.0527687,0.0120731,0.0400972
1537,1748937672,2025-06-03 08:01 UTC,210389,286056,0.791488,5.52636,0.0415585,0.0812475,3.27454e-06,1.68719e-05,0.00568466,0.00151672,0.0513084,0.00949394,0.0340001
1538,1748937972,2025-06-03 08:06 UTC,210693,286214,0.78049,5.44837,0.0352335,0.0732638,3.14444e-06,1.08373e-05,0.00568461,0.00143777,0.0498703,0.00698261,0.0276476
1539,1748938272,2025-06-03 08:11 UTC,210993,286370,0.771218,5.37048,0.029041,0.065335,2.67196e-06,1.03785e-05,0.00568461,0.00136337,0.0484546,0.00493682,0.0219853
1540,1748938572,2025-06-03 08:16 UTC,211288,286524,0.763703,5.29269,0.0230939,0.0574837,1.90347e-06,7.19757e-06,0.00568461,0.0012935,0.0470611,0.00335182,0.0170201
1541,1748938872,2025-06-03 08:21 UTC,211580,286677,0.757961,5.21502,0.0179096,0.0497467,1.72544e-06,1.44552e-05,0.00568461,0.00122816,0.0456899,0.00220849,0.0127454
1542,1748939172,2025-06-03 08:26 UTC,211867,286828,0.75401,5.13746,0.0152624,0.0425842,1.43707e-06,4.86988e-06,0.00568461,0.00116741,0.044341,0.00144183,0.00933947
1543,1748939471,2025-06-03 08:31 UTC,212151,286978,0.751865,5.06028,0.014952,0.0360704,1.27797e-06,4.06203e-06,0.00568461,0.00111153,0.0430188,0.00107259,0.00670059
1544,1748939771,2025-06-03 08:36 UTC,212430,287126,0.751522,4.98297,0.0166922,0.0314892,1.44358e-06,4.04156e-06,0.00568461,0.00106028,0.0417144,0.0012885,0.00510589
1545,1748940071,2025-06-03 08:41 UTC,212706,287273,0.752995,4.90579,0.020239,0.0402481,1.50628e-06,5.02331e-06,0.00568461,0.00101407,0.0404323,0.00207561,0.0083421
1546,1748940371,2025-06-03 08:46 UTC,212978,287418,0.756239,4.82876,0.0250166,0.0490364,2.25889e-06,6.16295e-06,0.00568456,0.000973206,0.0391724,0.0033278,0.0123822
1547,1748940671,2025-06-03 08:51 UTC,213246,287562,0.761192,4.75187,0.0305122,0.0578406,2.38511e-06,9.02988e-06,0.00568456,0.000938069,0.0379348,0.005029,0.0172281
1548,1748940971,2025-06-03 08:56 UTC,213510,287704,0.767766,4.67513,0.0364176,0.0666544,3.16156e-06,1.79514e-05,0.00568456,0.000909104,0.0367196,0.00718462,0.0228784
1549,1748941271,2025-06-03 09:01 UTC,213759,287835,0.773203,4.59258,0.0424821,0.0752229,2.39564e-06,7.44419e-06,0.00568451,0.000884797,0.0354341,0.00976038,0.0291383
1550,1748941570,2025-06-03 09:06 UTC,213920,287909,0.771287,4.49113,0.0484152,0.0829584,3.77111e-06,1.13157e-05,0.00568456,0.000860235,0.0338861,0.0126293,0.0354394
1551,1748941870,2025-06-03 09:11 UTC,214113,287998,0.770345,4.38939,0.0544584,0.090723,3.31873e-06,4.95171e-05,0.00568456,0.0008413,0.0323681,0.0159237,0.0423833
1552,1748942170,2025-06-03 09:16 UTC,214297,288081,0.770369,4.28768,0.0605627,0.09849,3.81872e-06,9.55871e-06,0.00568456,0.00082822,0.0308854,0.0196345,0.0499504
1553,1748942470,2025-06-03 09:21 UTC,214472,288159,0.771361,4.18601,0.0667101,0.106259,4.71524e-06,2.09769e-05,0.00568456,0.000821057,0.0294381,0.0237624,0.0581315
1554,1748942770,2025-06-03 09:26 UTC,214638,288233,0.773341,4.08438,0.0728888,0.114029,5.08573e-06,1.62642e-05,0.00568456,0.000819793,0.0280261,0.0283082,0.0669583
1555,1748943070,2025-06-03 09:31 UTC,214796,288302,0.776313,3.9828,0.079091,0.121801,5.95376e-06,1.74488e-05,0.00568451,0.000824325,0.0266493,0.0332718,0.0763947
1556,1748943370,2025-06-03 09:36 UTC,214944,288366,0.780235,3.88127,0.0853112,0.129574,5.90727e-06,2.19826e-05,0.00568456,0.000834468,0.025308,0.0386541,0.0864596
1557,1748943669,2025-06-03 09:41 UTC,215085,288425,0.785055,3.78013,0.0915247,0.137322,6.84528e-06,2.00236e-05,0.00568466,0.000849905,0.0240062,0.0444338,0.0971012
1558,1748943969,2025-06-03 09:46 UTC,215216,288480,0.790789,3.67871,0.0977701,0.145096,7.17422e-06,2.86421e-05,0.00568471,0.000870428,0.0227353,0.0506514,0.108404
1559,1748944269,2025-06-03 09:51 UTC,215340,288530,0.797411,3.57736,0.104025,0.152871,7.99984e-06,2.66439e-05,0.00568476,0.000895661,0.0214998,0.0572867,0.120335
1560,1748944569,2025-06-03 09:56 UTC,215455,288575,0.804895,3.47607,0.110287,0.160646,8.04132e-06,2.67578e-05,0.00568481,0.000925254,0.0202995,0.0643415,0.132889
1561,1748944869,2025-06-03 10:01 UTC,215562,288616,0.813201,3.37486,0.11613,0.16758,4.69046e-06,2.82467e-05,0.00568481,0.000958865,0.0191347,0.0712922,0.144625
1562,1748945169,2025-06-03 10:06 UTC,215661,288652,0.822291,3.27373,0.120553,0.172079,7.48789e-06,3.80978e-05,0.00568485,0.00099619,0.0180051,0.0767672,0.152477
1563,1748945468,2025-06-03 10:11 UTC,215753,288684,0.832109,3.17303,0.124968,0.176664,5.73662e-06,4.31236e-05,0.0056849,0.00103677,0.0169144,0.0824469,0.160724
1564,1748945768,2025-06-03 10:16 UTC,215836,288712,0.842699,3.07546,0.129402,0.181265,6.79262e-06,3.96001e-05,0.00568495,0.00108064,0.0158902,0.0883598,0.169206
1565,1748946068,2025-06-03 10:21 UTC,215912,288735,0.854009,2.97914,0.133841,0.185867,7.92335e-06,4.15171e-05,0.00568495,0.00112745,0.0149104,0.0944903,0.177895
1566,1748946368,2025-06-03 10:26 UTC,215980,288753,0.86603,2.88291,0.138284,0.19047,7.4485e-06,4.4133e-05,0.00568495,0.00117698,0.0139627,0.100842,0.18682
1567,1748946668,2025-06-03 10:31 UTC,216040,288767,0.87875,2.78848,0.14273,0.195074,8.15966e-06,4.15537e-05,0.005685,0.00122912,0.0130631,0.10741,0.195962
1568,1748946968,2025-06-03 10:36 UTC,216093,288778,0.892145,2.70136,0.14718,0.199679,8.01682e-06,5.09232e-05,0.0056851,0.00128372,0.0122595,0.114197,0.20532
1569,1748947268,2025-06-03 10:41 UTC,216138,288783,0.906184,2.61872,0.151632,0.204284,8.34219e-06,4.9664e-05,0.0056851,0.00134071,0.0115209,0.121202,0.214909
1570,1748947567,2025-06-03 10:46 UTC,216176,288785,0.920795,2.53703,0.156073,0.208875,8.7259e-06,6.65889e-05,0.0056851,0.00139982,0.0108134,0.1284,0.224672
1571,1748947867,2025-06-03 10:51 UTC,216207,288782,0.936068,2.45516,0.160531,0.213482,8.6978e-06,6.78302e-05,0.00568505,0.00146139,0.0101267,0.13584,0.234697
1572,1748948167,2025-06-03 10:56 UTC,216230,288775,0.951954,2.37339,0.164991,0.21809,9.25787e-06,7.34227e-05,0.00568519,0.00152523,0.00946337,0.143498,0.244929
1573,1748948467,2025-06-03 11:01 UTC,216246,288764,0.968456,2.29172,0.168906,0.221954,3.06863e-06,6.2878e-05,0.00568524,0.00159129,0.00882331,0.150416,0.253704
1574,1748948767,2025-06-03 11:06 UTC,216255,288749,0.985577,2.23569,0.170918,0.223232,5.75175e-06,7.06037e-05,0.00568524,0.00165969,0.00839723,0.154035,0.256629
1575,1748949067,2025-06-03 11:11 UTC,216257,288729,1.00331,2.23953,0.172932,0.22451,4.04135e-06,7.78531e-05,0.00568524,0.0017304,0.00842609,0.157713,0.259561
1576,1748949367,2025-06-03 11:16 UTC,216252,288706,1.02164,2.2434,0.174947,0.225789,4.3334e-06,6.59297e-05,0.00568529,0.0018035,0.00845524,0.161435,0.262535
1577,1748949666,2025-06-03 11:21 UTC,216240,288678,1.0405,2.2473,0.176957,0.227064,5.62684e-06,7.5213e-05,0.00568529,0.00187881,0.00848461,0.165189,0.265509
1578,1748949966,2025-06-03 11:26 UTC,216220,288647,1.06003,2.25124,0.178974,0.228343,5.35524e-06,7.87044e-05,0.00568534,0.00195692,0.0085144,0.169006,0.268516
1579,1748950266,2025-06-03 11:31 UTC,216194,288611,1.08014,2.25521,0.180994,0.229623,4.79986e-06,7.13476e-05,0.00568529,0.00203767,0.00854445,0.172871,0.271536
1580,1748950566,2025-06-03 11:36 UTC,216162,288572,1.10081,2.25921,0.183014,0.230903,5.45426e-06,8.1896e-05,0.00568524,0.00212115,0.00857484,0.17678,0.274572
1581,1748950866,2025-06-03 11:41 UTC,216122,288528,1.12198,2.26325,0.185036,0.232183,4.6139e-06,7.98065e-05,0.00568514,0.00220745,0.0086055,0.18074,0.277627
1582,1748951166,2025-06-03 11:46 UTC,216075,288480,1.14362,2.26732,0.187058,0.233961,4.86243e-06,8.53091e-05,0.0056851,0.00229664,0.00863648,0.184745,0.281879
1583,1748951466,2025-06-03 11:51 UTC,216022,288429,1.16569,2.28786,0.189083,0.236854,5.03126e-06,8.7333e-05,0.00568505,0.00238879,0.00879368,0.188798,0.288902
1584,1748951765,2025-06-03 11:56 UTC,215962,288374,1.18807,2.30857,0.191101,0.239737,4.77277e-06,8.43251e-05,0.005685,0.00248364,0.00895356,0.192884,0.295967
1585,1748952065,2025-06-03 12:01 UTC,215896,288313,1.21065,2.32556,0.192532,0.241723,6.26202e-06,8.0579e-05,0.00568495,0.00257939,0.00908577,0.195832,0.30094
1586,1748952365,2025-06-03 12:06 UTC,215817,288226,1.23275,2.3287,0.191814,0.240433,1.64721e-06,8.66944e-05,0.00568495,0.00266934,0.00911037,0.194357,0.297723
1587,1748952665,2025-06-03 12:11 UTC,215732,288132,1.2551,2.33193,0.191098,0.239143,2.89474e-06,8.25656e-05,0.005685,0.00276209,0.00913568,0.192906,0.294535
1588,1748952965,2025-06-03 12:16 UTC,215640,288034,1.27768,2.34197,0.190383,0.237853,2.75448e-06,8.3298e-05,0.005685,0.0028577,0.0092145,0.191462,0.291367
1589,1748953265,2025-06-03 12:21 UTC,215541,287930,1.30048,2.39236,0.18967,0.236563,1.3598e-06,7.88699e-05,0.00568505,0.00295617,0.00961527,0.190023,0.288205
1590,1748953564,2025-06-03 12:26 UTC,215434,287821,1.3234,2.44264,0.188961,0.235277,2.18311e-06,8.24238e-05,0.00568505,0.00305716,0.0100237,0.188606,0.285088
1591,1748953864,2025-06-03 12:31 UTC,215321,287707,1.34659,2.49314,0.188251,0.233987,1.97183e-06,7.98398e-05,0.00568505,0.00316138,0.0104424,0.18719,0.281972
1592,1748954164,2025-06-03 12:36 UTC,215201,287587,1.36995,2.54369,0.187543,0.233603,1.53452e-06,7.75996e-05,0.00568505,0.0032685,0.0108702,0.185784,0.281039
1593,1748954464,2025-06-03 12:41 UTC,215074,287462,1.39347,2.59429,0.186837,0.23325,2.27805e-06,8.04816e-05,0.00568505,0.0033785,0.011307,0.18439,0.280192
1594,1748954764,2025-06-03 12:46 UTC,214941,287332,1.41715,2.64494,0.186132,0.232906,2.06255e-06,7.66586e-05,0.00568505,0.00349142,0.0117528,0.183004,0.279368
1595,1748955064,2025-06-03 12:51 UTC,214800,287196,1.44097,2.69563,0.185429,0.23257,1.87368e-06,7.43661e-05,0.00568505,0.00360726,0.0122076,0.181628,0.27856
1596,1748955364,2025-06-03 12:56 UTC,214653,287055,1.46493,2.74636,0.184728,0.232242,2.41558e-06,7.71137e-05,0.00568505,0.00372601,0.0126714,0.180263,0.277777
1597,1748955663,2025-06-03 13:01 UTC,214499,286909,1.48895,2.79696,0.183378,0.231057,1.32185e-05,6.90745e-05,0.0056851,0.00384722,0.0131426,0.177653,0.274975
1598,1748955963,2025-06-03 13:06 UTC,214338,286757,1.51316,2.84776,0.179573,0.226629,7.04469e-06,6.66298e-05,0.00568519,0.00397185,0.0136244,0.170298,0.264519
1599,1748956263,2025-06-03 13:11 UTC,214171,286601,1.5375,2.8986,0.175776,0.222233,8.78855e-06,6.09694e-05,0.00568519,0.00409937,0.0141152,0.163125,0.254386
1600,1748956563,2025-06-03 13:16 UTC,213997,286439,1.56195,2.94948,0.171986,0.21787,8.19964e-06,6.40901e-05,0.00568524,0.00422984,0.014615,0.156117,0.244473
1601,1748956863,2025-06-03 13:21 UTC,213816,286272,1.58651,3.00038,0.168204,0.213586,6.52062e-06,5.72018e-05,0.00568524,0.00436325,0.0151238,0.149274,0.234953
1602,1748957163,2025-06-03 13:26 UTC,213629,286099,1.61117,3.05131,0.164431,0.209619,7.54061e-06,7.0901e-05,0.00568519,0.0044996,0.0156416,0.142605,0.22631
1603,1748957463,2025-06-03 13:31 UTC,213436,285922,1.63594,3.10227,0.160667,0.205683,7.03542e-06,5.22845e-05,0.00568514,0.00463889,0.0161685,0.136101,0.217889
1604,1748957762,2025-06-03 13:36 UTC,213235,285739,1.66072,3.15419,0.156925,0.201795,7.17977e-06,4.28803e-05,0.00568505,0.00478065,0.0167141,0.129787,0.209727
1605,1748958062,2025-06-03 13:41 UTC,213029,285551,1.68568,3.22985,0.153181,0.197929,7.22995e-06,4.31264e-05,0.0056851,0.00492582,0.0175256,0.12362,0.201775
1606,1748958362,2025-06-03 13:46 UTC,212816,285357,1.71073,3.30551,0.149448,0.194101,7.25941e-06,4.00402e-05,0.0056851,0.00507395,0.0183563,0.117622,0.194037
1607,1748958662,2025-06-03 13:51 UTC,212596,285158,1.73586,3.38117,0.145726,0.190313,6.74651e-06,3.99311e-05,0.0056851,0.00522504,0.0192063,0.111791,0.186537
1608,1748958962,2025-06-03 13:56 UTC,212370,284954,1.76109,3.45684,0.142017,0.186567,7.08739e-06,3.69032e-05,0.005685,0.00537907,0.0200756,0.106129,0.17927
1609,1748959262,2025-06-03 14:01 UTC,212138,284745,1.78639,3.53251,0.137728,0.181931,1.41306e-05,3.62241e-05,0.00568495,0.00553603,0.0209641,0.0997753,0.170475
1610,1748959562,2025-06-03 14:06 UTC,211899,284531,1.81178,3.60819,0.131177,0.173556,9.12211e-06,3.74756e-05,0.0056849,0.00569601,0.0218719,0.090415,0.155143
1611,1748959861,2025-06-03 14:11 UTC,211654,284311,1.83716,3.68361,0.124663,0.165275,1.05995e-05,3.86606e-05,0.0056849,0.00585836,0.0227959,0.0815724,0.140698
1612,1748960161,2025-06-03 14:16 UTC,211403,284086,1.8627,3.75929,0.118144,0.157007,9.01937e-06,4.30122e-05,0.00568485,0.00602423,0.0237422,0.0731753,0.126965
1613,1748960461,2025-06-03 14:21 UTC,211145,283855,1.88832,3.83592,0.111646,0.148787,8.28152e-06,2.47829e-05,0.00568481,0.00619305,0.0247199,0.0652594,0.114021
1614,1748960761,2025-06-03 14:26 UTC,210881,283619,1.914,3.91548,0.105171,0.140622,7.85149e-06,1.86205e-05,0.00568476,0.00636483,0.025756,0.0578239,0.101854
1615,1748961061,2025-06-03 14:31 UTC,210611,283378,1.93976,3.99505,0.0987254,0.132524,7.23167e-06,2.16932e-05,0.00568476,0.00653958,0.0268135,0.050868,0.0904564
1616,1748961361,2025-06-03 14:36 UTC,210334,283132,1.96558,4.07635,0.0923144,0.124506,7.51576e-06,4.48364e-05,0.00568471,0.00671727,0.0279159,0.0443929,0.0798403
1617,1748961661,2025-06-03 14:41 UTC,210051,282880,1.99146,4.1584,0.0859461,0.116582,6.76926e-06,1.79211e-05,0.00568461,0.00689794,0.029051,0.0383964,0.0700002
1618,1748961960,2025-06-03 14:46 UTC,209762,282622,2.01732,4.24018,0.0796515,0.108802,6.99327e-06,2.10716e-05,0.00568451,0.00708094,0.0302049,0.0328983,0.0609712
1619,1748962260,2025-06-03 14:51 UTC,209467,282359,2.04333,4.32225,0.0734017,0.101138,5.99623e-06,1.6002e-05,0.00568451,0.00726751,0.0313854,0.0278596,0.052686
1620,1748962560,2025-06-03 14:56 UTC,209165,282091,2.06939,4.40433,0.0672358,0.0936526,6.18927e-06,1.63854e-05,0.00568451,0.00745703,0.0325888,0.0233015,0.0451752
1621,1748962860,2025-06-03 15:01 UTC,208861,281822,2.10141,4.48056,0.0609201,0.0859643,6.59431e-06,1.59215e-05,0.00568451,0.00769136,0.0337267,0.0190621,0.0380599
1622,1748963160,2025-06-03 15:06 UTC,208620,281636,2.15746,4.53343,0.0537278,0.076831,5.06126e-06,1.35375e-05,0.00568451,0.00810301,0.0345273,0.0147704,0.0304026
1623,1748963460,2025-06-03 15:11 UTC,208377,281448,2.21415,4.58643,0.0467634,0.0680506,5.13083e-06,1.62224e-05,0.00568447,0.00852928,0.0353394,0.011149,0.0238495
1624,1748963759,2025-06-03 15:15 UTC,208130,281259,2.27121,4.63938,0.0401576,0.060147,3.79326e-06,1.32868e-05,0.00568447,0.00896881,0.03616,0.00820727,0.0186314
1625,1748964059,2025-06-03 15:20 UTC,207882,281068,2.32898,4.69262,0.0340438,0.0534101,3.18671e-06,9.19463e-06,0.00568447,0.00942461,0.0369948,0.00593105,0.0146914
1626,1748964359,2025-06-03 15:25 UTC,207631,280875,2.3872,4.74598,0.0287506,0.0484406,2.45807e-06,1.0382e-05,0.00568447,0.00989532,0.0378409,0.00433788,0.0120856
1627,1748964659,2025-06-03 15:30 UTC,207377,280681,2.44583,4.79946,0.0248553,0.0465861,2.68657e-06,3.34808e-05,0.00568451,0.010381,0.0386984,0.00343277,0.0111755
1628,1748964959,2025-06-03 15:35 UTC,207121,280485,2.50481,4.85304,0.0231929,0.0484203,3.68614e-06,3.57075e-05,0.00568451,0.0108816,0.0395673,0.00319696,0.0120732
1629,1748965259,2025-06-03 15:40 UTC,206862,280287,2.56413,4.90672,0.0242664,0.0524742,2.02445e-06,6.66823e-06,0.00568451,0.0113974,0.0404476,0.00360026,0.0141791
1630,1748965559,2025-06-03 15:45 UTC,206601,280087,2.62373,4.96051,0.0277273,0.0582865,4.05857e-06,1.27262e-05,0.00568456,0.0119282,0.0413392,0.00464684,0.0174945
1631,1748965858,2025-06-03 15:50 UTC,206337,279886,2.6834,5.01422,0.0327538,0.0653646,3.67698e-06,1.25301e-05,0.00568456,0.0124722,0.0422392,0.00635041,0.0220022
1632,1748966158,2025-06-03 15:55 UTC,206070,279683,2.7435,5.0682,0.0387701,0.0733828,1.41235e-05,5.70358e-05,0.00568456,0.0130332,0.0431535,0.00873117,0.0277305
1633,1748966458,2025-06-03 16:00 UTC,205800,279478,2.80383,5.12227,0.0452726,0.0816871,1.88108e-05,6.11759e-05,0.00568461,0.0136093,0.0440791,0.0117172,0.0343405
1634,1748966758,2025-06-03 16:05 UTC,205528,279271,2.86436,5.17643,0.0516636,0.0887907,1.41017e-05,5.44776e-05,0.00568461,0.0142005,0.0450164,0.0150433,0.040595
1635,1748967058,2025-06-03 16:10 UTC,205253,279062,2.92508,5.23068,0.0582372,0.0960389,1.38359e-05,4.7226e-05,0.00568466,0.014807,0.0459647,0.0189162,0.0475013
1636,1748967358,2025-06-03 16:15 UTC,204976,278852,2.98597,5.28501,0.0649359,0.103401,1.61089e-05,5.15254e-05,0.00568471,0.0154285,0.0469247,0.023326,0.0550584
1637,1748967658,2025-06-03 16:20 UTC,204695,278640,3.04703,5.33943,0.0717237,0.110855,1.37809e-05,3.97692e-05,0.00568471,0.0160654,0.047896,0.0282898,0.0632794
1638,1748967957,2025-06-03 16:25 UTC,204412,278426,3.10803,5.39374,0.0785541,0.118358,1.59113e-05,4.74488e-05,0.00568461,0.0167151,0.0488753,0.0337703,0.0721214
1639,1748968257,2025-06-03 16:30 UTC,204126,278210,3.16938,5.45937,0.0854571,0.125947,1.19298e-05,4.09655e-05,0.00568456,0.0173823,0.0500718,0.0398198,0.0816788
1640,1748968557,2025-06-03 16:35 UTC,203837,277992,3.23086,5.54922,0.0923987,0.133587,1.37353e-05,4.92109e-05,0.00568456,0.0180646,0.0517337,0.0464082,0.0918954
1641,1748968857,2025-06-03 16:40 UTC,203546,277773,3.29246,5.63908,0.0993708,0.141269,1.53625e-05,6.41669e-05,0.00568451,0.0187621,0.0534227,0.0535399,0.102728
1642,1748969157,2025-06-03 16:45 UTC,203252,277552,3.35418,5.72894,0.106368,0.148986,1.38571e-05,4.59623e-05,0.00568461,0.0194749,0.0551389,0.0612179,0.114311
1643,1748969457,2025-06-03 16:50 UTC,202954,277329,3.416,5.8188,0.113384,0.156735,1.32675e-05,5.87561e-05,0.00568456,0.0202029,0.0568822,0.0694433,0.126509
1644,1748969757,2025-06-03 16:55 UTC,202654,277104,3.47793,5.90866,0.120418,0.164509,1.3992e-05,7.57196e-05,0.00568456,0.0209462,0.0586526,0.0782088,0.139337
1645,1748970056,2025-06-03 17:00 UTC,202351,276877,3.53975,5.99822,0.127101,0.17177,9.32733e-06,8.30643e-05,0.00568451,0.0217022,0.0604442,0.087028,0.151938
1646,1748970356,2025-06-03 17:05 UTC,202046,276648,3.60186,6.08808,0.132335,0.176847,1.3011e-05,3.2867e-05,0.00568456,0.0224758,0.0622688,0.0942266,0.16109
1647,1748970656,2025-06-03 17:10 UTC,201737,276417,3.66406,6.17794,0.137574,0.18194,1.5541e-05,6.58556e-05,0.00568461,0.0232647,0.0641205,0.101725,0.170422
1648,1748970956,2025-06-03 17:15 UTC,201425,276185,3.72634,6.26781,0.142817,0.187038,1.47387e-05,8.71552e-05,0.00568461,0.0240688,0.0659995,0.109526,0.180153
1649,1748971256,2025-06-03 17:20 UTC,201111,275951,3.78869,6.35767,0.148063,0.192816,1.41905e-05,7.26259e-05,0.00568461,0.0248882,0.0679055,0.117626,0.191452
1650,1748971556,2025-06-03 17:25 UTC,200793,275714,3.85112,6.44753,0.153312,0.200104,1.39306e-05,3.59415e-05,0.00568451,0.0257228,0.0698386,0.126025,0.206181
1651,1748971855,2025-06-03 17:30 UTC,200473,275476,3.9134,6.53709,0.158547,0.207368,1.27471e-05,5.32861e-05,0.00568456,0.0265699,0.0717924,0.134695,0.221409
1652,1748972155,2025-06-03 17:35 UTC,200149,275236,3.97596,6.62695,0.163802,0.214657,1.31481e-05,7.17588e-05,0.00568466,0.0274349,0.0737797,0.143691,0.237263
1653,1748972455,2025-06-03 17:40 UTC,199823,274994,4.03858,6.71682,0.16906,0.221946,1.46825e-05,8.48209e-05,0.00568476,0.0283152,0.0757942,0.152984,0.253652
1654,1748972755,2025-06-03 17:45 UTC,199494,274750,4.10126,6.80668,0.174319,0.229235,1.22985e-05,8.47794e-05,0.00568476,0.0292108,0.0778359,0.162583,0.270561
1655,1748973055,2025-06-03 17:50 UTC,199162,274504,4.16399,6.89772,0.179581,0.236525,1.5985e-05,9.46337e-05,0.00568476,0.0301216,0.0799319,0.17247,0.28806
1656,1748973355,2025-06-03 17:55 UTC,198827,274256,4.22678,6.99098,0.184844,0.243814,1.36955e-05,9.10431e-05,0.00568466,0.0310477,0.0821079,0.182667,0.306085
1657,1748973655,2025-06-03 18:00 UTC,198494,274012,4.28992,7.07764,0.18969,0.250512,6.81749e-06,0.000112361,0.00568461,0.0319806,0.0841561,0.192327,0.323181
1658,1748973954,2025-06-03 18:05 UTC,198253,273864,4.35434,7.13477,0.192664,0.25456,3.68935e-05,0.000218955,0.00568456,0.0328892,0.0855203,0.198348,0.333767
1659,1748974254,2025-06-03 18:10 UTC,198014,273718,4.4192,7.19218,0.19565,0.258622,3.15454e-05,0.000118962,0.00568461,0.0338181,0.0869022,0.204489,0.344451
1660,1748974554,2025-06-03 18:15 UTC,197776,273572,4.48425,7.25551,0.198638,0.262684,2.92117e-05,0.000100944,0.00568461,0.0347641,0.088439,0.21072,0.355364
1661,1748974854,2025-06-03 18:20 UTC,197541,273427,4.54949,7.3218,0.20163,0.266746,3.0124e-05,0.000132168,0.00568451,0.0357271,0.0900625,0.217034,0.366453
1662,1748975154,2025-06-03 18:25 UTC,197315,273283,4.61491,7.3881,0.204623,0.270808,2.60014e-05,8.9837e-05,0.00568456,0.0367077,0.0917007,0.223478,0.377697
1663,1748975454,2025-06-03 18:30 UTC,197082,273139,4.6805,7.45442,0.207619,0.27487,2.1404e-05,0.000126662,0.00568456,0.0377054,0.0933547,0.230009,0.389062
1664,1748975754,2025-06-03 18:35 UTC,196851,272996,4.74625,7.52076,0.210617,0.278932,2.21538e-05,0.00019156,0.00568451,0.0387203,0.0950235,0.236633,0.400648
1665,1748976053,2025-06-03 18:40 UTC,196621,272854,4.81193,7.58689,0.213607,0.282981,1.92509e-05,0.00015177,0.00568456,0.0397491,0.0967024,0.243354,0.412292
1666,1748976353,2025-06-03 18:45 UTC,196393,272713,4.87797,7.65326,0.21661,0.287043,1.79576e-05,0.000108038,0.00568451,0.0407984,0.0984015,0.250177,0.424265
1667,1748976653,2025-06-03 18:50 UTC,196166,272572,4.94415,7.71965,0.219614,0.291105,1.69043e-05,0.000187172,0.00568456,0.0418651,0.100116,0.257106,0.436312
1668,1748976953,2025-06-03 18:55 UTC,195941,272432,5.01045,7.78605,0.22262,0.295167,2.07115e-05,0.00010505,0.00569688,0.042949,0.101846,0.264136,0.44861
1669,1748977253,2025-06-03 19:00 UTC,195717,272292,5.07688,7.85247,0.22518,0.298625,1.27545e-05,0.000122785,0.00569683,0.0440503,0.103591,0.270212,0.459287
1670,1748977553,2025-06-03 19:05 UTC,195494,272154,5.14342,7.91891,0.225656,0.299266,2.24606e-05,0.0002769,0.00569683,0.0451686,0.105351,0.271284,0.460971
1671,1748977853,2025-06-03 19:10 UTC,195272,272016,5.21007,7.98535,0.226134,0.299907,3.52377e-05,0.000142975,0.00569683,0.0463044,0.107125,0.272423,0.463153
1672,1748978152,2025-06-03 19:15 UTC,195052,271878,5.27661,8.0516,0.226613,0.300547,2.72576e-05,0.000183692,0.00569683,0.0474534,0.108911,0.273517,0.465
1673,1748978452,2025-06-03 19:20 UTC,194832,271742,5.34347,8.11807,0.227095,0.301188,2.49524e-05,0.000138156,0.00569683,0.0486236,0.110718,0.274646,0.467037
1674,1748978752,2025-06-03 19:25 UTC,194614,271605,5.41043,8.18457,0.22758,0.30183,2.37448e-05,8.68554e-05,0.00569683,0.049811,0.112538,0.275771,0.46909
1675,1748979052,2025-06-03 19:30 UTC,194397,271470,5.47749,8.25941,0.228067,0.302474,2.0962e-05,0.000188795,0.00569683,0.0510158,0.114606,0.276918,0.471286
1676,1748979352,2025-06-03 19:35 UTC,194181,271335,5.54464,8.33832,0.228557,0.303122,2.50994e-05,0.000281201,0.00569678,0.0522376,0.116806,0.278042,0.473119
1677,1748979652,2025-06-03 19:40 UTC,193966,271201,5.61187,8.41723,0.229048,0.30377,1.82821e-05,0.000228283,0.00569678,0.0534767,0.119028,0.279182,0.475177
1678,1748979952,2025-06-03 19:45 UTC,193752,271067,5.67919,8.49615,0.229542,0.304417,1.57234e-05,0.000108355,0.00569678,0.0547332,0.12127,0.280335,0.477263
1679,1748980251,2025-06-03 19:50 UTC,193539,270934,5.74636,8.57481,0.230036,0.305063,1.4069e-05,0.000116051,0.00569678,0.0560026,0.123526,0.281493,0.479287
1680,1748980551,2025-06-03 19:55 UTC,193327,270802,5.81383,8.65373,0.230534,0.305711,1.21627e-05,0.000128677,0.00569678,0.0572935,0.12581,0.282653,0.481257
1681,1748980851,2025-06-03 20:00 UTC,193116,270670,5.88139,8.73267,0.23061,0.305865,1.39882e-05,0.000173006,0.00569683,0.0586019,0.128116,0.28282,0.48182
1682,1748981151,2025-06-03 20:05 UTC,192906,270538,5.94901,8.81161,0.228612,0.303608,1.1234e-05,0.000172367,0.00569678,0.0599271,0.130442,0.277968,0.474705
1683,1748981451,2025-06-03 20:10 UTC,192697,270407,6.01671,8.89055,0.226614,0.301352,1.07408e-05,0.000121205,0.00569683,0.0612698,0.132791,0.27319,0.467676
1684,1748981751,2025-06-03 20:15 UTC,192488,270277,6.08447,8.9695,0.224617,0.299095,9.17409e-06,0.000174162,0.00569683,0.0626297,0.135159,0.268438,0.460682
1685,1748982050,2025-06-03 20:20 UTC,192281,270148,6.15208,9.04819,0.222627,0.296846,8.39904e-06,0.000152408,0.00569683,0.0640022,0.137541,0.263746,0.453806
1686,1748982350,2025-06-03 20:25 UTC,192074,270018,6.21997,9.12714,0.22063,0.29459,9.03707e-06,0.000137338,0.00569683,0.0653965,0.139952,0.259084,0.446929
1687,1748982650,2025-06-03 20:30 UTC,191868,269890,6.28793,9.2061,0.218634,0.292333,3.53496e-05,0.000208511,0.00569683,0.0668083,0.142383,0.254491,0.440228
1688,1748982950,2025-06-03 20:35 UTC,191663,269762,6.35595,9.28507,0.216638,0.290076,3.38886e-05,0.00015336,0.00569688,0.0682373,0.144838,0.24994,0.4334
1689,1748983250,2025-06-03 20:40 UTC,191458,269634,6.42402,9.36404,0.214642,0.28782,3.03009e-05,0.00013911,0.00569683,0.0696832,0.147312,0.245382,0.42675
1690,1748983550,2025-06-03 20:45 UTC,191254,269507,6.49215,9.44301,0.212646,0.285563,2.95848e-05,0.000115907,0.00569683,0.0711465,0.149807,0.240896,0.42011
1691,1748983850,2025-06-03 20:50 UTC,191051,269380,6.56034,9.52199,0.210651,0.283307,2.74791e-05,0.000123953,0.00569693,0.0726269,0.152323,0.23644,0.413483
1692,1748984149,2025-06-03 20:55 UTC,190848,269254,6.62836,9.60071,0.208663,0.281058,2.37535e-05,0.000136923,0.00570275,0.0741198,0.154853,0.232062,0.406767
1693,1748984449,2025-06-03 21:00 UTC,190657,269136,6.68383,9.66497,0.206398,0.278461,2.13018e-05,0.000126162,0.0057028,0.0753502,0.156931,0.227143,0.399403
1694,1748984749,2025-06-03 21:05 UTC,190653,269130,6.67369,9.65386,0.20275,0.274123,1.99083e-05,0.000140273,0.0057028,0.0751297,0.156572,0.219314,0.38703
1695,1748985049,2025-06-03 21:10 UTC,190656,269127,6.66361,9.64285,0.199105,0.269837,2.34826e-05,0.000115978,0.0057028,0.0749112,0.156215,0.211637,0.375018
1696,1748985349,2025-06-03 21:15 UTC,190668,269126,6.65359,9.63193,0.195463,0.265564,1.79705e-05,0.000111927,0.0057028,0.0746946,0.155862,0.204084,0.36318
1697,1748985649,2025-06-03 21:20 UTC,190688,269128,6.64363,9.62112,0.191825,0.261403,1.46268e-05,0.000132173,0.00570284,0.0744799,0.15551,0.196677,0.351934
1698,1748985949,2025-06-03 21:25 UTC,190715,269132,6.63374,9.6104,0.18819,0.257684,1.67134e-05,8.6495e-05,0.00570284,0.0742675,0.155165,0.189435,0.341999
1699,1748986248,2025-06-03 21:30 UTC,190751,269138,6.62395,9.59981,0.184571,0.254014,1.48577e-05,0.000106427,0.0057028,0.0740575,0.154823,0.182326,0.332344
1700,1748986548,2025-06-03 21:35 UTC,190794,269146,6.61418,9.58928,0.180943,0.25038,1.59979e-05,0.000118142,0.00570284,0.0738493,0.154484,0.175395,0.322878
1701,1748986848,2025-06-03 21:40 UTC,190844,269157,6.60449,9.57886,0.177321,0.24677,1.28142e-05,8.83462e-05,0.0057028,0.0736426,0.154148,0.168562,0.313567
1702,1748987148,2025-06-03 21:45 UTC,190902,269169,6.59485,9.56853,0.173703,0.24316,1.54468e-05,8.96466e-05,0.00570289,0.0734383,0.153816,0.161906,0.304554
1703,1748987448,2025-06-03 21:50 UTC,190967,269184,6.58529,9.55829,0.17009,0.239553,1.20488e-05,0.000128667,0.00570294,0.0732357,0.153486,0.155371,0.295636
1704,1748987748,2025-06-03 21:55 UTC,191031,269201,6.57579,9.54816,0.166482,0.235971,1.44346e-05,0.000114157,0.00570294,0.0730352,0.153161,0.148991,0.286767
1705,1748988048,2025-06-03 22:00 UTC,191111,269220,6.56636,9.54531,0.162823,0.232224,1.17455e-05,7.27282e-05,0.00570299,0.0728367,0.15307,0.14264,0.277794
1706,1748988347,2025-06-03 22:05 UTC,191196,269241,6.55702,9.55232,0.158876,0.227621,1.04019e-05,5.9988e-05,0.00570294,0.0726408,0.153295,0.135879,0.266878
1707,1748988647,2025-06-03 22:10 UTC,191288,269264,6.54773,9.55939,0.154917,0.223005,1.00725e-05,5.80543e-05,0.00570304,0.0724462,0.153522,0.129266,0.256142
1708,1748988947,2025-06-03 22:15 UTC,191387,269289,6.5385,9.5665,0.15096,0.218389,8.26951e-06,0.000121205,0.00570304,0.0722537,0.15375,0.122822,0.245635
1709,1748989247,2025-06-03 22:20 UTC,191492,269317,6.52934,9.57363,0.147004,0.213775,7.63213e-06,7.2878e-05,0.00570304,0.0720631,0.153979,0.116544,0.235368
1710,1748989547,2025-06-03 22:25 UTC,191603,269346,6.52025,9.5808,0.14305,0.209162,9.28619e-06,8.32832e-05,0.00570313,0.0718747,0.15421,0.110442,0.225332
1711,1748989847,2025-06-03 22:30 UTC,191721,269377,6.51123,9.588,0.139098,0.204551,8.60456e-06,7.93023e-05,0.00570309,0.0716881,0.154442,0.104502,0.21551
1712,1748990146,2025-06-03 22:35 UTC,191844,269410,6.50231,9.59521,0.135161,0.199956,7.7283e-06,4.92193e-05,0.00570309,0.0715041,0.154675,0.0987507,0.205953
1713,1748990446,2025-06-03 22:40 UTC,191973,269445,6.49343,9.60248,0.131213,0.195361,9.08864e-06,8.9969e-05,0.00570309,0.0713216,0.154909,0.0931509,0.196604
1714,1748990746,2025-06-03 22:45 UTC,192108,269482,6.48463,9.60978,0.127267,0.190771,7.65577e-06,4.82599e-05,0.00570304,0.0711409,0.155144,0.0877154,0.187446
1715,1748991046,2025-06-03 22:50 UTC,192249,269520,6.47589,9.61711,0.123324,0.186182,7.06462e-06,8.37683e-05,0.00570299,0.0709623,0.155381,0.0824467,0.178536
1716,1748991346,2025-06-03 22:55 UTC,192395,269561,6.46723,9.62447,0.119384,0.181596,1.01364e-05,5.88331e-05,0.00570309,0.0707856,0.155619,0.0773517,0.169849
1717,1748991646,2025-06-03 23:00 UTC,192546,269604,6.45864,9.63187,0.11553,0.177059,9.06881e-06,5.8743e-05,0.00570309,0.070611,0.155859,0.0725202,0.161475
1718,1748991946,2025-06-03 23:05 UTC,192703,269648,6.45012,9.6393,0.112135,0.172793,7.10125e-06,2.41485e-05,0.00570313,0.0704383,0.156099,0.0683586,0.153781
1719,1748992245,2025-06-03 23:10 UTC,192865,269694,6.44171,9.64673,0.108754,0.168542,7.01678e-06,6.14389e-05,0.00570309,0.0702682,0.15634,0.0643388,0.146301
1720,1748992545,2025-06-03 23:15 UTC,193032,269742,6.43334,9.65423,0.105365,0.16428,7.33581e-06,6.76314e-05,0.00570304,0.0700995,0.156583,0.0604297,0.13901
1721,1748992845,2025-06-03 23:20 UTC,193205,269792,6.42505,9.66175,0.101978,0.160019,5.94217e-06,6.31597e-05,0.00570309,0.0699327,0.156827,0.0566439,0.13189
1722,1748993145,2025-06-03 23:25 UTC,193382,269844,6.41683,9.6693,0.0985945,0.155761,5.09708e-06,4.94806e-05,0.00570309,0.0697679,0.157072,0.0529839,0.124972
1723,1748993445,2025-06-03 23:30 UTC,193564,269897,6.40869,9.67689,0.0952148,0.151506,6.16842e-06,4.98998e-05,0.00570309,0.0696051,0.157319,0.0494522,0.118233
1724,1748993745,2025-06-03 23:35 UTC,193751,269952,6.40062,9.68451,0.091839,0.147253,5.26951e-06,5.15539e-05,0.00570309,0.0694442,0.157567,0.046042,0.111689
1725,1748994045,2025-06-03 23:40 UTC,193942,270009,6.39264,9.69216,0.0884677,0.143003,6.15003e-06,6.11704e-05,0.00570313,0.0692854,0.157816,0.0427607,0.105334
1726,1748994344,2025-06-03 23:45 UTC,194138,270067,6.38475,9.69982,0.0851126,0.138771,4.66133e-06,4.12781e-05,0.00570318,0.0691289,0.158065,0.0396116,0.0991797
1727,1748994644,2025-06-03 23:50 UTC,194340,270128,6.37692,9.70753,0.0817519,0.134534,4.84905e-06,4.25336e-05,0.00570318,0.068974,0.158317,0.0365794,0.0932225
1728,1748994944,2025-06-03 23:55 UTC,194545,270190,6.36917,9.71528,0.0783975,0.1303,4.37723e-06,2.66888e-05,0.00570318,0.068821,0.158569,0.0336707,0.0874527
1729,1748995244,2025-06-04 00:00 UTC,194753,270254,6.36415,9.71816,0.0752049,0.126302,7.58854e-06,3.83463e-05,0.00570318,0.0687268,0.158663,0.0310192,0.0821485
1730,1748995544,2025-06-04 00:05 UTC,194943,270336,6.37464,9.69258,0.072916,0.123655,1.96247e-05,7.71559e-05,0.00570318,0.0689649,0.15783,0.0292142,0.0787416
1731,1748995844,2025-06-04 00:10 UTC,195137,270419,6.38517,9.66704,0.0706293,0.12101,1.60732e-05,5.48956e-05,0.00570318,0.0692048,0.156999,0.0274655,0.0754184
1732,1748996144,2025-06-04 00:15 UTC,195334,270504,6.39576,9.64153,0.068345,0.118367,1.39653e-05,4.25584e-05,0.00570318,0.0694465,0.156171,0.0257794,0.0721704
1733,1748996443,2025-06-04 00:20 UTC,195534,270591,6.40636,9.61613,0.0660709,0.115736,1.30035e-05,8.78192e-05,0.00570323,0.0696891,0.155349,0.0241545,0.0689872
1734,1748996743,2025-06-04 00:25 UTC,195737,270680,6.41704,9.59068,0.0637921,0.113098,1.18053e-05,3.17243e-05,0.00570309,0.0699343,0.154528,0.0225842,0.0659081
1735,1748997043,2025-06-04 00:30 UTC,195943,270771,6.42777,9.56526,0.0615166,0.110464,1.14995e-05,4.4232e-05,0.00570313,0.0701813,0.15371,0.0210749,0.0628291
1736,1748997343,2025-06-04 00:35 UTC,196153,270863,6.43855,9.53987,0.0592446,0.107832,1.12241e-05,5.74955e-05,0.00570309,0.0704299,0.152895,0.0196196,0.0599007
1737,1748997643,2025-06-04 00:40 UTC,196365,270957,6.44938,9.51787,0.0569767,0.105205,1.01731e-05,6.40494e-05,0.00570313,0.0706804,0.152191,0.0182238,0.0570197
1738,1748997943,2025-06-04 00:45 UTC,196580,271053,6.46025,9.5315,0.0547133,0.10258,7.51869e-06,3.09417e-05,0.00570313,0.0709325,0.152627,0.016884,0.0541972
1739,1748998242,2025-06-04 00:50 UTC,196798,271150,6.47113,9.5451,0.0524625,0.0999687,8.21519e-06,2.39245e-05,0.00570313,0.0711856,0.153063,0.0156095,0.0514525
1740,1748998542,2025-06-04 00:55 UTC,197018,271249,6.4821,9.55876,0.05021,0.0973527,7.78542e-06,2.28547e-05,0.00570313,0.0714414,0.153501,0.0143901,0.0488238
1741,1748998842,2025-06-04 01:00 UTC,197242,271350,6.49311,9.57243,0.0481899,0.0950292,7.89654e-06,2.61734e-05,0.00570313,0.0716987,0.153941,0.0133451,0.0465127
1742,1748999142,2025-06-04 01:05 UTC,197468,271452,6.50417,9.58611,0.0475709,0.0944763,7.14405e-06,2.28053e-05,0.00570313,0.0719579,0.154381,0.0130788,0.0459684
1743,1748999442,2025-06-04 01:10 UTC,197697,271556,6.51527,9.59981,0.0469744,0.0939238,6.0073e-06,4.07385e-05,0.00570313,0.0722189,0.154823,0.012821,0.0454328
1744,1748999742,2025-06-04 01:15 UTC,197929,271662,6.52642,9.61352,0.0464023,0.0933742,5.60128e-06,3.75435e-05,0.00570313,0.0724817,0.155265,0.0125742,0.0449022
1745,1749000042,2025-06-04 01:20 UTC,198164,271769,6.53762,9.62724,0.0458565,0.0928261,5.71061e-06,4.71993e-05,0.00570313,0.0727461,0.155709,0.0123353,0.0443775
1746,1749000341,2025-06-04 01:25 UTC,198401,271878,6.54883,9.64093,0.0453407,0.0922801,4.65933e-06,1.65254e-05,0.00570313,0.0730114,0.156152,0.0121071,0.0438507
1747,1749000641,2025-06-04 01:30 UTC,198640,271988,6.56012,9.65467,0.0448532,0.0917326,5.66916e-06,1.82334e-05,0.00570313,0.0732795,0.156597,0.0118898,0.0433377
1748,1749000941,2025-06-04 01:35 UTC,198882,272100,6.57145,9.66843,0.0443975,0.0911856,5.0559e-06,1.44931e-05,0.00570313,0.0735492,0.157044,0.0116806,0.0428182
1749,1749001241,2025-06-04 01:40 UTC,199127,272214,6.58284,9.6822,0.0439749,0.0906388,4.30482e-06,2.91652e-05,0.00570313,0.0738206,0.157492,0.01148,0.0423086
1750,1749001541,2025-06-04 01:45 UTC,199375,272329,6.59427,9.69598,0.0435861,0.0900925,4.42399e-06,1.49208e-05,0.00570313,0.0740939,0.15794,0.0112912,0.0418037
1751,1749001841,2025-06-04 01:50 UTC,199624,272445,6.60574,9.70977,0.0432317,0.0895465,4.21976e-06,1.19391e-05,0.00570313,0.0743688,0.15839,0.0111118,0.0412984
1752,1749002141,2025-06-04 01:55 UTC,199877,272563,6.61726,9.72358,0.0429116,0.089001,4.58895e-06,4.89003e-05,0.00570313,0.0746456,0.158841,0.0109411,0.0407927
1753,1749002440,2025-06-04 02:00 UTC,200131,272683,6.62879,9.73735,0.0428232,0.0886947,3.34203e-06,1.54111e-05,0.00570313,0.074923,0.159291,0.010873,0.0405097
1754,1749002740,2025-06-04 02:05 UTC,200388,272804,6.64041,9.75118,0.0440355,0.0899281,3.36836e-06,3.98645e-05,0.00570313,0.0752032,0.159744,0.0114344,0.0416445
1755,1749003040,2025-06-04 02:10 UTC,200647,272926,6.65207,9.76502,0.0452556,0.0911765,3.16809e-06,2.95529e-05,0.00570313,0.0754852,0.160197,0.0120162,0.0428095
1756,1749003340,2025-06-04 02:15 UTC,200909,273050,6.66378,9.77887,0.0464827,0.0924261,2.94142e-06,4.6752e-05,0.00570313,0.0757689,0.160652,0.0126171,0.0439908
1757,1749003640,2025-06-04 02:20 UTC,201173,273175,6.67554,9.79273,0.0477159,0.0936767,2.67182e-06,4.88732e-05,0.00570313,0.0760543,0.161108,0.0132379,0.0451917
1758,1749003940,2025-06-04 02:25 UTC,201439,273302,6.68736,9.80661,0.0489546,0.094928,3.08352e-06,3.97229e-05,0.00570313,0.0763414,0.161565,0.0138783,0.0464066
1759,1749004240,2025-06-04 02:30 UTC,201708,273430,6.69923,9.82049,0.0501982,0.0961803,2.63937e-06,4.20559e-05,0.00570313,0.0766303,0.162023,0.0145393,0.0476411
1760,1749004539,2025-06-04 02:35 UTC,201978,273560,6.71111,9.83435,0.0514421,0.0974291,2.78724e-06,3.35536e-05,0.00570313,0.07692,0.16248,0.0152174,0.0488846
1761,1749004839,2025-06-04 02:40 UTC,202251,273691,6.72308,9.84826,0.0526942,0.0986829,2.625e-06,3.74577e-05,0.00570313,0.0772123,0.16294,0.0159178,0.0501533
1762,1749005139,2025-06-04 02:45 UTC,202526,273823,6.7351,9.86218,0.05395,0.0999375,2.68844e-06,4.18678e-05,0.00570313,0.0775064,0.163401,0.0166378,0.051434
1763,1749005439,2025-06-04 02:50 UTC,202803,273957,6.74718,9.87611,0.0552092,0.101193,2.66183e-06,4.89076e-05,0.00570313,0.0778022,0.163863,0.0173783,0.0527347
1764,1749005739,2025-06-04 02:55 UTC,203083,274092,6.75931,9.89005,0.0564714,0.102451,2.50636e-06,3.30305e-05,0.00570313,0.0780997,0.164326,0.0181386,0.0540528
1765,1749006039,2025-06-04 03:00 UTC,203361,274226,6.76884,9.90345,0.0578516,0.103858,2.85691e-06,4.84223e-05,0.00570313,0.0783372,0.164772,0.0189914,0.0555444
1766,1749006339,2025-06-04 03:05 UTC,203597,274337,6.76058,9.91313,0.0600282,0.106163,2.74237e-06,4.27739e-05,0.00570313,0.0781626,0.165094,0.020386,0.0580358
1767,1749006638,2025-06-04 03:10 UTC,203833,274448,6.75237,9.92278,0.0622382,0.108461,2.80124e-06,0.000112469,0.00570313,0.0779894,0.165416,0.0218494,0.0605811
1768,1749006938,2025-06-04 03:15 UTC,204068,274560,6.74415,9.93247,0.0644915,0.11077,2.53362e-06,2.99152e-05,0.00570313,0.0778164,0.165739,0.0233918,0.0631865
1769,1749007238,2025-06-04 03:20 UTC,204303,274673,6.73594,9.94216,0.0667762,0.113084,2.31875e-06,3.4567e-05,0.00570304,0.0776441,0.166062,0.0250089,0.0658575
1770,1749007538,2025-06-04 03:25 UTC,204538,274786,6.72776,9.95185,0.0690886,0.115474,2.60031e-06,3.76682e-05,0.00570304,0.0774725,0.166386,0.0266995,0.0686673
1771,1749007838,2025-06-04 03:30 UTC,204773,274901,6.7196,9.96155,0.0714252,0.117872,2.76722e-06,4.75565e-05,0.00570309,0.0773016,0.16671,0.0284656,0.0715501
1772,1749008138,2025-06-04 03:35 UTC,205008,275016,6.71145,9.97124,0.0737833,0.120271,2.56475e-06,4.89462e-05,0.00570309,0.0771315,0.167035,0.0303073,0.0744918
1773,1749008437,2025-06-04 03:40 UTC,205242,275132,6.70335,9.98091,0.0761523,0.122678,3.04595e-06,2.9604e-05,0.00570318,0.0769627,0.167359,0.0322166,0.0774977
1774,1749008737,2025-06-04 03:45 UTC,205476,275248,6.69524,9.99062,0.078546,0.125098,3.00311e-06,4.20952e-05,0.00570318,0.0767941,0.167685,0.0342088,0.0805882
1775,1749009037,2025-06-04 03:50 UTC,205711,275366,6.68715,10.0003,0.0809546,0.127536,3.37493e-06,4.18949e-05,0.00570318,0.0766262,0.168011,0.0362756,0.08376
1776,1749009337,2025-06-04 03:55 UTC,205945,275484,6.67908,10.01,0.0833765,0.129978,3.09396e-06,3.88273e-05,0.00570318,0.0764591,0.168337,0.0384192,0.0869987
1777,1749009637,2025-06-04 04:00 UTC,206179,275603,6.67103,10.0197,0.0857823,0.132431,2.94651e-06,4.06352e-05,0.00570318,0.0762926,0.168664,0.0406111,0.0903146
1778,1749009937,2025-06-04 04:05 UTC,206413,275722,6.663,10.0295,0.0879979,0.134933,3.39072e-06,5.2483e-05,0.00570318,0.0761269,0.168991,0.0426731,0.0937636
1779,1749010237,2025-06-04 04:10 UTC,206647,275843,6.65499,10.0392,0.0902194,0.137517,2.82056e-06,2.0457e-05,0.00570318,0.075962,0.169319,0.0447947,0.0973849
1780,1749010536,2025-06-04 04:15 UTC,206880,275964,6.64703,10.0489,0.0924392,0.140147,3.1778e-06,4.12066e-05,0.00570318,0.0757983,0.169646,0.0469657,0.101144
1781,1749010836,2025-06-04 04:20 UTC,207114,276085,6.63906,10.0586,0.0946715,0.142786,3.12246e-06,3.27715e-05,0.00570318,0.0756348,0.169974,0.0492029,0.104994
1782,1749011136,2025-06-04 04:25 UTC,207348,276208,6.63111,10.0683,0.0969086,0.145426,3.08373e-06,4.89254e-05,0.00570318,0.0754721,0.170303,0.0514978,0.108909
1783,1749011436,2025-06-04 04:30 UTC,207582,276331,6.62318,10.078,0.0991502,0.148067,3.39272e-06,5.13083e-05,0.00570318,0.07531,0.170632,0.0538507,0.112905
1784,1749011736,2025-06-04 04:35 UTC,207817,276455,6.61527,10.0878,0.101396,0.150708,2.95771e-06,4.06294e-05,0.00570313,0.0751487,0.170962,0.0562626,0.116963
1785,1749012036,2025-06-04 04:40 UTC,208051,276580,6.60738,10.0975,0.103646,0.153363,3.48182e-06,4.34398e-05,0.00570313,0.0749881,0.171292,0.0587312,0.121126
1786,1749012336,2025-06-04 04:45 UTC,208285,276705,6.59951,10.1072,0.105899,0.156027,3.52242e-06,4.03107e-05,0.00570313,0.0748283,0.171623,0.0612589,0.125365
1787,1749012635,2025-06-04 04:50 UTC,208519,276831,6.59169,10.117,0.108148,0.158683,3.70173e-06,5.85431e-05,0.00570313,0.0746697,0.171953,0.0638354,0.129672
1788,1749012935,2025-06-04 04:55 UTC,208754,276958,6.58387,10.1267,0.110408,0.161349,3.33064e-06,5.17904e-05,0.00570313,0.0745113,0.172284,0.0664797,0.134064
1789,1749013235,2025-06-04 05:00 UTC,208989,277086,6.57606,10.1364,0.112515,0.163883,2.24588e-06,5.47828e-05,0.00570313,0.0743536,0.172616,0.0689939,0.138316
1790,1749013535,2025-06-04 05:05 UTC,209223,277214,6.56828,10.1462,0.113443,0.165418,2.11876e-06,5.33264e-05,0.00570318,0.0741966,0.172948,0.0701036,0.140918
1791,1749013835,2025-06-04 05:10 UTC,209458,277343,6.56052,10.1559,0.114372,0.166953,2.06613e-06,4.63109e-05,0.00570318,0.0740404,0.17328,0.071225,0.143544
1792,1749014135,2025-06-04 05:15 UTC,209694,277493,6.55278,10.1657,0.115302,0.168488,2.12916e-06,4.65354e-05,0.00570318,0.0738848,0.173613,0.0723573,0.146193
1793,1749014435,2025-06-04 05:20 UTC,209929,277644,6.54506,10.1754,0.116232,0.170022,2.12814e-06,5.41592e-05,0.00570318,0.07373,0.173947,0.0735007,0.148864
1794,1749014734,2025-06-04 05:25 UTC,210164,277795,6.53739,10.1852,0.11716,0.171567,2.31205e-06,5.32201e-05,0.00570318,0.0735764,0.174279,0.0746514,0.151583
1795,1749015034,2025-06-04 05:30 UTC,210400,277947,6.52971,10.1949,0.118091,0.173121,2.0015e-06,5.23684e-05,0.00570313,0.073423,0.174614,0.0758185,0.154352
1796,1749015334,2025-06-04 05:35 UTC,210636,278100,6.52206,10.2047,0.119023,0.174677,1.98932e-06,6.35885e-05,0.00570313,0.0732703,0.174948,0.0769957,0.157126
1797,1749015634,2025-06-04 05:40 UTC,210872,278253,6.51443,10.2145,0.119956,0.176232,1.9709e-06,4.97931e-05,0.00570313,0.0731184,0.175283,0.0781848,0.159945
1798,1749015934,2025-06-04 05:45 UTC,211108,278407,6.50683,10.2242,0.120889,0.177787,2.11103e-06,4.48537e-05,0.00570309,0.0729671,0.175619,0.0793847,0.162773
1799,1749016234,2025-06-04 05:50 UTC,211345,278562,6.49925,10.234,0.121823,0.179342,2.29427e-06,4.65272e-05,0.00570304,0.0728165,0.175955,0.0805957,0.165632
1800,1749016533,2025-06-04 05:55 UTC,211582,278718,6.49171,10.2437,0.122754,0.180892,2.00412e-06,5.14125e-05,0.00570304,0.0726672,0.17629,0.0818147,0.16852
1801,1749016833,2025-06-04 06:00 UTC,211815,278869,6.48402,10.2515,0.123505,0.182197,1.86376e-06,5.7272e-05,0.00570304,0.0725134,0.176557,0.0828064,0.170958
1802,1749017133,2025-06-04 06:05 UTC,211994,278965,6.47512,10.243,0.122777,0.181486,1.88815e-06,5.02815e-05,0.00570309,0.0723228,0.176265,0.0818193,0.169628
1803,1749017433,2025-06-04 06:10 UTC,212171,279058,6.46625,10.2346,0.122049,0.180775,1.77923e-06,5.22019e-05,0.00570309,0.0721334,0.175974,0.0808396,0.168307
1804,1749017733,2025-06-04 06:15 UTC,212343,279195,6.45739,10.2261,0.121322,0.180065,2.32653e-06,4.67277e-05,0.00570318,0.0719454,0.175682,0.0798681,0.166981
1805,1749018033,2025-06-04 06:20 UTC,212513,279366,6.44856,10.2176,0.120595,0.179354,1.73865e-06,5.2887e-05,0.00570323,0.0717585,0.175391,0.0789021,0.165668
1806,1749018333,2025-06-04 06:25 UTC,212679,279534,6.43974,10.2091,0.119869,0.178644,1.91466e-06,5.68655e-05,0.00570318,0.0715729,0.1751,0.0779452,0.164355
1807,1749018632,2025-06-04 06:30 UTC,212842,279699,6.43098,10.2007,0.119145,0.177936,1.9188e-06,5.05555e-05,0.00570318,0.0713891,0.174811,0.0769985,0.163059
1808,1749018932,2025-06-04 06:35 UTC,213001,279862,6.42221,10.1922,0.11842,0.177226,1.76937e-06,4.23641e-05,0.00570318,0.071206,0.174521,0.0760555,0.161761
1809,1749019232,2025-06-04 06:40 UTC,213158,280021,6.41346,10.1838,0.117695,0.176531,2.01607e-06,4.61596e-05,0.00570318,0.0710242,0.174231,0.075121,0.160496
1810,1749019532,2025-06-04 06:45 UTC,213311,280179,6.40474,10.1753,0.11697,0.175842,1.93918e-06,5.22121e-05,0.00570313,0.0708436,0.173941,0.0741933,0.159244
1811,1749019832,2025-06-04 06:50 UTC,213462,280333,6.39603,10.1668,0.116246,0.175154,1.83754e-06,5.52569e-05,0.00570313,0.0706642,0.173652,0.0732727,0.158
1812,1749020132,2025-06-04 06:55 UTC,213610,280486,6.38735,10.1584,0.115523,0.174465,2.01095e-06,4.18495e-05,0.00570313,0.0704861,0.173363,0.0723604,0.156762
1813,1749020432,2025-06-04 07:00 UTC,213754,280636,6.37869,10.1499,0.114615,0.173508,3.69687e-06,3.93495e-05,0.00570313,0.0703093,0.173075,0.0712284,0.155049
1814,1749020731,2025-06-04 07:05 UTC,213896,280783,6.37008,10.1415,0.112173,0.170305,4.15791e-06,4.59955e-05,0.00570313,0.0701343,0.17279,0.0682235,0.14938
1815,1749021031,2025-06-04 07:10 UTC,214035,280928,6.36147,10.1333,0.109725,0.167092,3.79939e-06,5.72359e-05,0.00570313,0.06996,0.172509,0.0652742,0.143797
1816,1749021331,2025-06-04 07:15 UTC,214172,281071,6.35288,10.1251,0.107279,0.163885,4.03021e-06,4.17983e-05,0.00570313,0.0697869,0.172228,0.0623925,0.138326
1817,1749021631,2025-06-04 07:20 UTC,214306,281211,6.34431,10.1168,0.104835,0.160683,3.75805e-06,3.89815e-05,0.00570313,0.0696151,0.171948,0.059577,0.132973
1818,1749021931,2025-06-04 07:25 UTC,214437,281350,6.33576,10.1086,0.102395,0.157498,3.67889e-06,5.00517e-05,0.00570313,0.0694445,0.171667,0.0568285,0.127755
1819,1749022231,2025-06-04 07:30 UTC,214566,281485,6.32724,10.1003,0.0999573,0.154314,3.70557e-06,3.50777e-05,0.00570313,0.0692751,0.171388,0.0541472,0.122648
1820,1749022531,2025-06-04 07:35 UTC,214692,281619,6.31873,10.0921,0.0975228,0.151132,3.55921e-06,3.82302e-05,0.00570318,0.069107,0.171108,0.0515322,0.117637
1821,1749022830,2025-06-04 07:40 UTC,214816,281751,6.31028,10.0839,0.0950998,0.147961,3.23988e-06,3.46274e-05,0.00570323,0.0689407,0.17083,0.0489927,0.112755
1822,1749023130,2025-06-04 07:45 UTC,214937,281880,6.30183,10.0756,0.0926724,0.144782,3.6724e-06,2.58247e-05,0.00570323,0.0687752,0.170551,0.0465119,0.10796
1823,1749023430,2025-06-04 07:50 UTC,215057,282008,6.2934,10.0674,0.0902489,0.141605,2.97607e-06,3.45504e-05,0.00570323,0.0686108,0.170272,0.0440969,0.103273
1824,1749023730,2025-06-04 07:55 UTC,215173,282133,6.28499,10.0592,0.0878297,0.13843,2.96102e-06,4.20589e-05,0.00570323,0.0684477,0.169994,0.0417495,0.0986962
1825,1749024030,2025-06-04 08:00 UTC,215288,282256,6.2766,10.0509,0.0852507,0.135053,4.61813e-06,3.0606e-05,0.00570323,0.0682859,0.169716,0.0393244,0.0939425
1826,1749024330,2025-06-04 08:05 UTC,215400,282377,6.26824,10.0427,0.0811973,0.12985,4.20375e-06,2.81892e-05,0.00570323,0.0681253,0.169438,0.0357114,0.0868401
1827,1749024629,2025-06-04 08:10 UTC,215510,282497,6.25993,10.0345,0.0771645,0.124668,4.47003e-06,3.78868e-05,0.00570323,0.0679665,0.169161,0.032291,0.0800491
1828,1749024929,2025-06-04 08:15 UTC,215617,282614,6.25162,10.0263,0.0731263,0.119472,4.15564e-06,2.92138e-05,0.00570313,0.0678085,0.168884,0.0290392,0.0735176
1829,1749025229,2025-06-04 08:20 UTC,215723,282729,6.24333,10.0181,0.0690977,0.11428,4.02996e-06,2.66173e-05,0.00570313,0.0676516,0.168607,0.0259684,0.067264
1830,1749025529,2025-06-04 08:25 UTC,215826,282843,6.23506,10.0098,0.0650804,0.109093,3.45108e-06,2.93376e-05,0.00570318,0.067496,0.168331,0.0230784,0.0612989
1831,1749025829,2025-06-04 08:30 UTC,215928,282954,6.22682,10.0016,0.0610764,0.103912,3.81826e-06,2.70364e-05,0.00570318,0.0673417,0.168054,0.0203701,0.0556147
1832,1749026129,2025-06-04 08:35 UTC,216027,283064,6.2186,9.9934,0.0570886,0.0987376,3.16613e-06,1.97897e-05,0.00570318,0.0671886,0.167778,0.0178421,0.0502124
1833,1749026429,2025-06-04 08:40 UTC,216124,283172,6.21041,9.98519,0.0531203,0.0935705,3.11254e-06,2.5814e-05,0.00570318,0.0670368,0.167503,0.0154956,0.0450959
1834,1749026728,2025-06-04 08:45 UTC,216220,283278,6.20227,9.977,0.0491892,0.0884295,2.84736e-06,2.53037e-05,0.00570318,0.0668867,0.167228,0.0133371,0.040277
1835,1749027028,2025-06-04 08:50 UTC,216313,283382,6.19412,9.96879,0.0452747,0.0832819,2.35445e-06,1.73129e-05,0.00570318,0.0667373,0.166953,0.0113523,0.0357238
1836,1749027328,2025-06-04 08:55 UTC,216404,283484,6.186,9.97482,0.0413982,0.078147,2.56361e-06,2.15648e-05,0.00570318,0.0665892,0.167155,0.00954927,0.0314532
1837,1749027628,2025-06-04 09:00 UTC,216491,283581,6.17722,9.99006,0.0374845,0.0729222,2.80166e-06,3.98195e-05,0.00570318,0.0664236,0.167666,0.00789718,0.02739
1838,1749027928,2025-06-04 09:05 UTC,216546,283636,6.16179,9.95934,0.0328427,0.0666979,2.48196e-06,3.10724e-05,0.00570318,0.0660769,0.166637,0.00618374,0.0229123
1839,1749028228,2025-06-04 09:10 UTC,216596,283687,6.1464,9.92863,0.0284145,0.0605065,2.66764e-06,3.41423e-05,0.00570323,0.065732,0.165611,0.00474984,0.0188569
1840,1749028528,2025-06-04 09:15 UTC,216643,283732,6.13105,9.89851,0.0243599,0.0543595,2.369e-06,2.34185e-05,0.00570318,0.0653889,0.164607,0.00359185,0.0152197
1841,1749028827,2025-06-04 09:20 UTC,216685,283773,6.11579,9.88093,0.0210337,0.0482938,1.85273e-06,2.76926e-05,0.00570318,0.0650487,0.164023,0.0027075,0.0120133
1842,1749029127,2025-06-04 09:25 UTC,216723,283809,6.10052,9.86332,0.0188461,0.0426309,1.64054e-06,2.27051e-05,0.00570323,0.0647091,0.163439,0.00208349,0.0093613
1843,1749029427,2025-06-04 09:30 UTC,216758,283840,6.08528,9.84571,0.0179315,0.0373701,2.20882e-06,2.33392e-05,0.00570328,0.0643714,0.162856,0.00172701,0.00719215
1844,1749029727,2025-06-04 09:35 UTC,216788,283866,6.07009,9.82828,0.0182306,0.032839,1.60907e-06,2.97406e-05,0.00570328,0.0640353,0.16228,0.0016768,0.00555416
1845,1749030027,2025-06-04 09:40 UTC,216815,283888,6.05495,9.8114,0.0196604,0.0327307,1.97766e-06,1.66829e-05,0.00570328,0.0637011,0.161723,0.0019617,0.00551697
1846,1749030327,2025-06-04 09:45 UTC,216837,283906,6.03984,9.79454,0.0220876,0.0398015,1.44041e-06,2.36266e-05,0.00570328,0.0633687,0.161168,0.00256137,0.00815847
1847,1749030627,2025-06-04 09:50 UTC,216856,283919,6.02477,9.77769,0.0253263,0.0469172,1.90671e-06,2.48468e-05,0.00570328,0.0630381,0.160614,0.00344905,0.0113355
1848,1749030926,2025-06-04 09:55 UTC,216872,283927,6.0098,9.76091,0.0291402,0.0540362,2.24875e-06,1.54674e-05,0.00570328,0.0627103,0.160063,0.00461139,0.0150356
1849,1749031226,2025-06-04 10:00 UTC,216883,283931,5.99481,9.74409,0.0333357,0.0610807,1.83345e-06,7.01593e-05,0.00570328,0.0623832,0.159512,0.00604439,0.019213
1850,1749031526,2025-06-04 10:05 UTC,216891,283931,5.97987,9.72729,0.0375016,0.0669192,2.66764e-06,5.28775e-05,0.00570328,0.062058,0.158962,0.00761273,0.0230601
1851,1749031826,2025-06-04 10:10 UTC,216896,283926,5.96497,9.71049,0.0418415,0.0727715,2.85496e-06,1.64702e-05,0.00570328,0.0617345,0.158413,0.00942844,0.0272669
1852,1749032126,2025-06-04 10:15 UTC,216897,283917,5.95011,9.69371,0.0463026,0.0786346,3.54413e-06,2.4571e-05,0.00570328,0.0614128,0.157866,0.0114923,0.0318409
1853,1749032426,2025-06-04 10:20 UTC,216894,283904,5.9353,9.67695,0.0508504,0.0845061,3.14038e-06,8.18435e-06,0.00570328,0.0610928,0.157321,0.0138059,0.0367748
1854,1749032726,2025-06-04 10:25 UTC,216888,283886,5.92053,9.6602,0.0554619,0.0903844,3.26847e-06,2.23734e-05,0.00570328,0.0607747,0.156777,0.0163692,0.042069
1855,1749033025,2025-06-04 10:30 UTC,216878,283864,5.90585,9.64351,0.0601059,0.0962487,4.26385e-06,1.23923e-05,0.00570328,0.0604594,0.156236,0.0191725,0.0477046
1856,1749033325,2025-06-04 10:35 UTC,216865,283838,5.89116,9.62679,0.0648023,0.102137,3.75617e-06,4.03259e-05,0.00570328,0.0601449,0.155694,0.0222363,0.0537203
1857,1749033625,2025-06-04 10:40 UTC,216849,283807,5.87652,9.61008,0.0695277,0.10803,3.95882e-06,1.48721e-05,0.00570333,0.0598321,0.155154,0.0255503,0.0600989
1858,1749033925,2025-06-04 10:45 UTC,216829,283773,5.86192,9.59339,0.0742763,0.113925,4.90285e-06,2.02158e-05,0.00570333,0.0595212,0.154616,0.029115,0.0668381
1859,1749034225,2025-06-04 10:50 UTC,216806,283734,5.84737,9.57671,0.0790436,0.119824,4.65644e-06,1.09514e-05,0.00570338,0.059212,0.154078,0.0329317,0.0739338
1860,1749034525,2025-06-04 10:55 UTC,216786,283700,5.83286,9.56004,0.0838263,0.125724,5.03304e-06,1.68907e-05,0.00570333,0.0589046,0.153543,0.0369991,0.081398
1861,1749034824,2025-06-04 11:00 UTC,216757,283654,5.81845,9.54345,0.0884785,0.13138,4.86088e-06,1.54368e-05,0.00570333,0.0586,0.15301,0.0411835,0.0888896
1862,1749035124,2025-06-04 11:05 UTC,216725,283604,5.80403,9.52681,0.091695,0.134518,3.40149e-06,1.09488e-05,0.00570333,0.0582962,0.152477,0.0441832,0.0931885
1863,1749035424,2025-06-04 11:10 UTC,216690,283550,5.78966,9.51019,0.0949223,0.13766,5.08085e-06,1.38626e-05,0.00570333,0.0579942,0.151946,0.0473044,0.0975891
1864,1749035724,2025-06-04 11:15 UTC,216651,283491,5.77533,9.49359,0.0981595,0.140806,4.20018e-06,2.53527e-05,0.00570328,0.0576939,0.151415,0.0505539,0.102098
1865,1749036024,2025-06-04 11:20 UTC,216610,283429,5.76104,9.477,0.101406,0.143956,4.09999e-06,1.22366e-05,0.00570328,0.0573955,0.150887,0.0539275,0.106717
1866,1749036324,2025-06-04 11:25 UTC,216565,283363,5.7468,9.46042,0.10466,0.14711,5.08151e-06,3.47017e-05,0.00570333,0.0570989,0.150359,0.0574248,0.111446
1867,1749036624,2025-06-04 11:30 UTC,216517,283292,5.7326,9.44386,0.107922,0.150268,4.35433e-06,1.29844e-05,0.00570333,0.056804,0.149833,0.0610491,0.116284
1868,1749036923,2025-06-04 11:35 UTC,216466,283218,5.7185,9.42737,0.11118,0.153419,5.42291e-06,1.5487e-05,0.00570338,0.0565119,0.149311,0.0647834,0.12121
1869,1749037223,2025-06-04 11:40 UTC,216413,283140,5.70439,9.41084,0.114456,0.156583,4.76551e-06,1.31914e-05,0.00570338,0.0562206,0.148787,0.0686571,0.126265
1870,1749037523,2025-06-04 11:45 UTC,216356,283058,5.69032,9.39433,0.117737,0.15975,5.14649e-06,3.17936e-05,0.00570333,0.0559311,0.148266,0.072654,0.131424
1871,1749037823,2025-06-04 11:50 UTC,216296,282972,5.6763,9.37783,0.121024,0.16292,6.25568e-06,4.41328e-05,0.00570328,0.0556434,0.147745,0.0767752,0.136683
1872,1749038123,2025-06-04 11:55 UTC,216233,282882,5.66232,9.36134,0.124316,0.166093,5.04926e-06,1.61783e-05,0.00570323,0.0553575,0.147226,0.0810236,0.142064
1873,1749038423,2025-06-04 12:00 UTC,216168,282788,5.65,9.34621,0.127458,0.169072,4.36254e-06,1.42577e-05,0.00570323,0.0551048,0.146751,0.0851906,0.147209
1874,1749038723,2025-06-04 12:05 UTC,216077,282676,5.65717,9.3471,0.128748,0.169694,2.61895e-06,1.80124e-05,0.00570323,0.0552322,0.146779,0.0869461,0.148301
1875,1749039022,2025-06-04 12:10 UTC,215978,282557,5.66434,9.34799,0.130036,0.170314,3.44153e-06,6.04191e-05,0.00570323,0.0553603,0.146807,0.0887099,0.149381
1876,1749039322,2025-06-04 12:15 UTC,215875,282434,5.67156,9.34888,0.131329,0.170936,2.64281e-06,1.46173e-05,0.00570323,0.0554898,0.146835,0.0905045,0.150477
1877,1749039622,2025-06-04 12:20 UTC,215767,282306,5.67881,9.34978,0.132624,0.171559,2.9478e-06,1.82929e-05,0.00570323,0.0556202,0.146863,0.0923183,0.151575
1878,1749039922,2025-06-04 12:25 UTC,215655,282173,5.68608,9.35067,0.133921,0.172183,2.44225e-06,1.32685e-05,0.00570318,0.0557517,0.146891,0.0941538,0.152679
1879,1749040222,2025-06-04 12:30 UTC,215538,282035,5.69337,9.35157,0.13522,0.172808,2.44146e-06,1.66028e-05,0.00570318,0.0558841,0.146919,0.0960098,0.153789
1880,1749040522,2025-06-04 12:35 UTC,215417,281892,5.70069,9.35246,0.136519,0.173686,2.52516e-06,1.60064e-05,0.00570318,0.0560175,0.146947,0.097886,0.155358
1881,1749040822,2025-06-04 12:40 UTC,215291,281745,5.70803,9.35336,0.137821,0.174565,2.67417e-06,2.05647e-05,0.00570318,0.0561519,0.146975,0.0997831,0.156933
1882,1749041121,2025-06-04 12:45 UTC,215161,281593,5.71537,9.35426,0.139119,0.175441,2.60556e-06,1.77489e-05,0.00570323,0.0562868,0.147004,0.101695,0.15851
1883,1749041421,2025-06-04 12:50 UTC,215027,281436,5.72276,9.35516,0.140424,0.176319,3.06155e-06,2.22719e-05,0.00570323,0.0564231,0.147032,0.103633,0.160104
1884,1749041721,2025-06-04 12:55 UTC,214888,281275,5.73017,9.35606,0.141729,0.177198,2.84177e-06,1.80428e-05,0.00570323,0.0565605,0.14706,0.105593,0.161702
1885,1749042021,2025-06-04 13:00 UTC,214746,281109,5.73761,9.35696,0.142871,0.177899,1.64964e-06,1.72082e-05,0.00570323,0.0566987,0.147089,0.107327,0.162988
1886,1749042321,2025-06-04 13:05 UTC,214598,280938,5.74507,9.35786,0.141825,0.176249,2.80455e-06,2.17822e-05,0.00570323,0.056838,0.147117,0.10576,0.159981
1887,1749042621,2025-06-04 13:10 UTC,214447,280762,5.75255,9.35877,0.140781,0.174716,2.15338e-06,1.31827e-05,0.00570323,0.0569783,0.147145,0.104204,0.157212
1888,1749042920,2025-06-04 13:15 UTC,214291,280582,5.76003,9.35967,0.139744,0.17414,2.92444e-06,2.11468e-05,0.00570323,0.0571191,0.147174,0.102674,0.156177
1889,1749043220,2025-06-04 13:20 UTC,214131,280397,5.76756,9.36057,0.138707,0.173577,2.74231e-06,1.57022e-05,0.00570323,0.0572613,0.147202,0.101154,0.155165
1890,1749043520,2025-06-04 13:25 UTC,213967,280207,5.7751,9.36148,0.137672,0.173027,2.46074e-06,1.83905e-05,0.00570318,0.0574046,0.147231,0.0996508,0.154188
1891,1749043820,2025-06-04 13:30 UTC,213799,280012,5.78268,9.36238,0.13664,0.172492,2.66095e-06,1.74108e-05,0.00570318,0.0575488,0.147259,0.0981658,0.153234
1892,1749044120,2025-06-04 13:35 UTC,213626,279813,5.79027,9.36329,0.135611,0.171972,2.11542e-06,1.42749e-05,0.00570318,0.0576941,0.147288,0.0966969,0.152309
1893,1749044420,2025-06-04 13:40 UTC,213450,279609,5.79789,9.3642,0.134586,0.171465,2.22131e-06,1.03717e-05,0.00570318,0.0578403,0.147316,0.0952463,0.151417
1894,1749044720,2025-06-04 13:45 UTC,213269,279401,5.80552,9.36511,0.133563,0.170974,2.27223e-06,1.45915e-05,0.00570318,0.0579875,0.147345,0.093813,0.150549
1895,1749045019,2025-06-04 13:50 UTC,213084,279187,5.81316,9.36602,0.132547,0.170499,1.67461e-06,5.74813e-06,0.00570318,0.0581352,0.147373,0.0924005,0.149711
1896,1749045319,2025-06-04 13:55 UTC,212896,278969,5.82084,9.36693,0.131531,0.170037,1.89861e-06,9.33042e-06,0.00570318,0.0582844,0.147402,0.0910026,0.148905
1897,1749045619,2025-06-04 14:00 UTC,212703,278746,5.82854,9.36784,0.130342,0.169385,3.90219e-06,1.07185e-05,0.00570318,0.0584346,0.147431,0.08938,0.147768
1898,1749045919,2025-06-04 14:05 UTC,212506,278519,5.83626,9.36875,0.12656,0.164978,6.10887e-06,3.5726e-05,0.00570323,0.0585857,0.14746,0.0842421,0.140179
1899,1749046219,2025-06-04 14:10 UTC,212305,278286,5.84401,9.36967,0.122789,0.160617,5.05752e-06,1.36231e-05,0.00570323,0.0587379,0.147488,0.0792678,0.132867
1900,1749046519,2025-06-04 14:15 UTC,212100,278049,5.85177,9.37058,0.119031,0.156307,5.92279e-06,1.45546e-05,0.00570328,0.058891,0.147517,0.0744637,0.125835
1901,1749046819,2025-06-04 14:20 UTC,211891,277807,5.85955,9.3715,0.115285,0.152051,5.96689e-06,1.75759e-05,0.00570333,0.0590452,0.147546,0.0698264,0.119072
1902,1749047118,2025-06-04 14:25 UTC,211678,277560,5.86733,9.37241,0.111566,0.147869,4.94577e-06,1.73173e-05,0.00570333,0.0591999,0.147575,0.0653705,0.112618
1903,1749047418,2025-06-04 14:30 UTC,211461,277308,5.87516,9.37333,0.107851,0.143737,5.5442e-06,1.49646e-05,0.00570338,0.059356,0.147604,0.0610695,0.106409
1904,1749047718,2025-06-04 14:35 UTC,211240,277052,5.883,9.37425,0.104152,0.139675,4.37197e-06,2.75375e-05,0.00570338,0.0595132,0.147633,0.0569344,0.100476
1905,1749048018,2025-06-04 14:40 UTC,211015,276791,5.89087,9.37517,0.100471,0.135689,4.45225e-06,8.82592e-05,0.00570343,0.0596713,0.147662,0.0529694,0.0948246
1906,1749048318,2025-06-04 14:45 UTC,210786,276525,5.89876,9.37609,0.0968106,0.13193,4.76408e-06,1.2321e-05,0.00570338,0.0598304,0.147691,0.0491729,0.0896437
1907,1749048618,2025-06-04 14:50 UTC,210554,276254,5.90666,9.37701,0.0931724,0.128382,4.52277e-06,3.34067e-05,0.00570333,0.0599906,0.14772,0.0455448,0.084891
1908,1749048918,2025-06-04 14:55 UTC,210317,275978,5.91459,9.37793,0.0895585,0.12491,4.23523e-06,1.3923e-05,0.00570333,0.0601517,0.147749,0.0420858,0.0803567
1909,1749049217,2025-06-04 15:00 UTC,210077,275698,5.92149,9.37747,0.085841,0.121277,4.99604e-06,1.75371e-05,0.00570333,0.0602924,0.147734,0.0386765,0.0757484
1910,1749049517,2025-06-04 15:05 UTC,209882,275490,5.91154,9.35406,0.0797779,0.113462,5.94978e-06,1.46452e-05,0.00570333,0.0600865,0.146997,0.0333738,0.0663056
1911,1749049817,2025-06-04 15:10 UTC,209691,275291,5.90159,9.33066,0.0737621,0.105765,5.19066e-06,1.21293e-05,0.00570328,0.0598813,0.146263,0.0285029,0.0576148
1912,1749050117,2025-06-04 15:15 UTC,209500,275091,5.89165,9.30727,0.0678058,0.0982146,5.48667e-06,2.50536e-05,0.00570333,0.0596767,0.14553,0.0240662,0.0496841
1913,1749050417,2025-06-04 15:20 UTC,209307,274889,5.88173,9.2839,0.0619252,0.0908461,4.75125e-06,1.71106e-05,0.00570338,0.0594727,0.1448,0.0200626,0.0425054
1914,1749050717,2025-06-04 15:25 UTC,209114,274686,5.87181,9.26053,0.0561433,0.0837079,3.7251e-06,1.03891e-05,0.00570333,0.0592694,0.144073,0.0164929,0.0360882
1915,1749051017,2025-06-04 15:30 UTC,208919,274482,5.8619,9.23719,0.050492,0.0768643,3.80617e-06,3.10248e-05,0.00570338,0.0590667,0.143347,0.0133585,0.0304294
1916,1749051316,2025-06-04 15:35 UTC,208724,274276,5.85204,9.21393,0.0450357,0.070422,3.13464e-06,1.52558e-05,0.00570338,0.0588653,0.142626,0.0106673,0.0255408
1917,1749051616,2025-06-04 15:40 UTC,208527,274069,5.84215,9.1906,0.0398064,0.0644522,2.2613e-06,1.23053e-05,0.00570338,0.0586638,0.141905,0.00840274,0.0213948
1918,1749051916,2025-06-04 15:45 UTC,208329,273861,5.83227,9.16729,0.0349292,0.0591272,1.98862e-06,1.51074e-05,0.00570338,0.058463,0.141186,0.00657576,0.0180058
1919,1749052216,2025-06-04 15:50 UTC,208130,273651,5.82241,9.144,0.0305793,0.0546359,2.36659e-06,2.39218e-05,0.00570333,0.0582628,0.140469,0.00518647,0.0153722
1920,1749052516,2025-06-04 15:55 UTC,207930,273440,5.81255,9.12072,0.0270593,0.0512884,1.33811e-06,1.58103e-05,0.00570333,0.0580632,0.139755,0.00423104,0.0135471
1921,1749052816,2025-06-04 16:00 UTC,207729,273227,5.80271,9.09745,0.0247745,0.0493806,2.31964e-06,2.51079e-05,0.00570333,0.0578642,0.139043,0.00369517,0.0125578
1922,1749053115,2025-06-04 16:05 UTC,207527,273013,5.7929,9.07427,0.0240009,0.0496345,1.41185e-06,1.78237e-05,0.00570328,0.0576665,0.138335,0.00351933,0.0126871
1923,1749053415,2025-06-04 16:10 UTC,207323,272841,5.78308,9.05103,0.0254031,0.0517241,2.13977e-06,1.78586e-05,0.00570328,0.0574688,0.137627,0.00387259,0.0137781
1924,1749053715,2025-06-04 16:15 UTC,207119,272712,5.77326,9.0278,0.0285669,0.0554443,2.75418e-06,1.30125e-05,0.00570328,0.0572717,0.136922,0.00478114,0.0158314
1925,1749054015,2025-06-04 16:20 UTC,206913,272582,5.76346,9.00458,0.0329851,0.060495,2.21301e-06,2.71891e-05,0.00570328,0.0570752,0.136219,0.00625707,0.0188463
1926,1749054315,2025-06-04 16:25 UTC,206706,272452,5.75367,8.98138,0.0382457,0.0665741,3.57926e-06,1.97487e-05,0.00570328,0.0568793,0.135518,0.00829851,0.0228247
1927,1749054615,2025-06-04 16:30 UTC,206498,272320,5.74389,8.9582,0.044056,0.0734265,3.04713e-06,2.9301e-05,0.00570328,0.0566841,0.134819,0.0109034,0.0277667
1928,1749054915,2025-06-04 16:35 UTC,206289,272189,5.73412,8.93503,0.0502291,0.080856,4.12929e-06,3.19186e-05,0.00570328,0.0564895,0.134122,0.0140674,0.0336669
1929,1749055214,2025-06-04 16:40 UTC,206078,272057,5.72439,8.91195,0.0566267,0.0886908,4.57252e-06,3.60938e-05,0.00570328,0.0562962,0.13343,0.0177771,0.040509
1930,1749055514,2025-06-04 16:45 UTC,205866,271924,5.71465,8.88881,0.0632179,0.0968785,4.03481e-06,5.02847e-05,0.00570328,0.0561029,0.132738,0.0220562,0.0483287
1931,1749055814,2025-06-04 16:50 UTC,205653,271791,5.70491,8.86568,0.0699335,0.105317,6.09423e-06,3.27808e-05,0.00570323,0.0559101,0.132048,0.0268905,0.0571151
1932,1749056114,2025-06-04 16:55 UTC,205439,271657,5.69519,8.84257,0.0767415,0.113951,5.84398e-06,2.54007e-05,0.00570318,0.055718,0.131361,0.032283,0.0668646
1933,1749056414,2025-06-04 17:00 UTC,205224,271522,5.68548,8.81947,0.0835836,0.122632,6.64221e-06,3.37069e-05,0.00570313,0.0555265,0.130675,0.0381963,0.0774406
1934,1749056714,2025-06-04 17:05 UTC,205007,271387,5.67578,8.79639,0.0897329,0.129188,6.86682e-06,2.61257e-05,0.00570313,0.0553357,0.129992,0.0438883,0.0859454
1935,1749057014,2025-06-04 17:10 UTC,204789,271251,5.6661,8.77332,0.0959056,0.135767,7.54453e-06,3.30807e-05,0.00570313,0.0551455,0.129312,0.0500052,0.0949219
1936,1749057313,2025-06-04 17:15 UTC,204570,271115,5.65646,8.75034,0.102077,0.142342,7.81923e-06,3.75199e-05,0.00570309,0.0549565,0.128635,0.0565252,0.104338
1937,1749057613,2025-06-04 17:20 UTC,204350,270978,5.6468,8.7273,0.108284,0.148955,7.89986e-06,4.22473e-05,0.00570304,0.0547676,0.127959,0.063492,0.114257
1938,1749057913,2025-06-04 17:25 UTC,204128,270841,5.63716,8.70428,0.114505,0.155583,8.85332e-06,4.72059e-05,0.00570313,0.0545792,0.127284,0.0708832,0.124645
1939,1749058213,2025-06-04 17:30 UTC,203905,270703,5.62752,8.68128,0.120736,0.162222,8.80072e-06,4.00045e-05,0.00570309,0.0543915,0.126612,0.0787009,0.1355
1940,1749058513,2025-06-04 17:35 UTC,203681,270564,5.61791,8.65829,0.126977,0.168873,9.49882e-06,6.65302e-05,0.00570313,0.0542044,0.125943,0.0869429,0.146857
1941,1749058813,2025-06-04 17:40 UTC,203456,270425,5.6083,8.63531,0.133226,0.175533,9.54813e-06,4.99377e-05,0.00570313,0.054018,0.125275,0.0956112,0.158656
1942,1749059113,2025-06-04 17:45 UTC,203229,270285,5.59871,8.61235,0.139483,0.182202,1.05189e-05,5.21244e-05,0.00570318,0.0538321,0.12461,0.104703,0.170946
1943,1749059412,2025-06-04 17:50 UTC,203001,270145,5.58917,8.58949,0.145724,0.190541,1.09099e-05,4.8512e-05,0.00570313,0.0536475,0.123949,0.114189,0.186932
1944,1749059712,2025-06-04 17:55 UTC,202772,270004,5.57961,8.56656,0.151992,0.198913,1.13268e-05,5.41883e-05,0.00570309,0.0534629,0.123288,0.124132,0.203735
1945,1749060012,2025-06-04 18:00 UTC,202541,269862,5.56949,8.544,0.158195,0.207202,1.16059e-05,6.3775e-05,0.00570309,0.0532687,0.12264,0.134382,0.221051
1946,1749060312,2025-06-04 18:05 UTC,202416,269785,5.54579,8.52966,0.162736,0.213496,8.4012e-06,7.0785e-05,0.00570299,0.0528293,0.122229,0.142127,0.234704
1947,1749060612,2025-06-04 18:10 UTC,202307,269716,5.52211,8.51533,0.167278,0.21979,9.75505e-06,9.16526e-05,0.00570304,0.0523921,0.121818,0.150087,0.24874
1948,1749060912,2025-06-04 18:15 UTC,202202,269649,5.49844,8.501,0.171822,0.226085,1.00075e-05,7.30546e-05,0.00570309,0.0519572,0.121409,0.158272,0.2632
1949,1749061211,2025-06-04 18:20 UTC,202100,269583,5.47487,8.48672,0.176353,0.232358,9.15773e-06,7.56777e-05,0.00570304,0.0515261,0.121001,0.166654,0.278004
1950,1749061511,2025-06-04 18:25 UTC,202003,269517,5.45123,8.47239,0.1809,0.238652,1.00421e-05,8.21895e-05,0.00570299,0.0510958,0.120593,0.175284,0.29328
1951,1749061811,2025-06-04 18:30 UTC,201908,269453,5.42761,8.45806,0.185448,0.244947,1.00379e-05,9.58592e-05,0.00570299,0.0506677,0.120185,0.184138,0.308948
1952,1749062111,2025-06-04 18:35 UTC,201818,269390,5.40401,8.44373,0.189998,0.251241,1.04629e-05,0.00010411,0.00570294,0.050242,0.119778,0.193215,0.325045
1953,1749062411,2025-06-04 18:40 UTC,201738,269328,5.38042,8.4294,0.194549,0.257536,1.10561e-05,0.000118189,0.00570289,0.0498185,0.119372,0.202515,0.341525
1954,1749062711,2025-06-04 18:45 UTC,201655,269267,5.35685,8.41507,0.1991,0.263831,1.11081e-05,0.000121359,0.00570289,0.0493974,0.118967,0.212039,0.358417
1955,1749063011,2025-06-04 18:50 UTC,201574,269207,5.3333,8.40074,0.203653,0.270125,1.11345e-05,0.000129413,0.00570289,0.0489785,0.118562,0.221787,0.375725
1956,1749063310,2025-06-04 18:55 UTC,201497,269148,5.30984,8.38646,0.208192,0.276399,1.19446e-05,0.000141685,0.00570284,0.0485633,0.118159,0.231722,0.393366
1957,1749063610,2025-06-04 19:00 UTC,201423,269090,5.28632,8.37213,0.212674,0.282588,1.14542e-05,0.000150898,0.00570289,0.048149,0.117756,0.241752,0.411219
1958,1749063910,2025-06-04 19:05 UTC,201352,269033,5.26282,8.35781,0.215064,0.285721,5.57008e-06,0.000154582,0.00570289,0.0477371,0.117353,0.247164,0.420398
1959,1749064210,2025-06-04 19:10 UTC,201284,268977,5.23935,8.34348,0.217455,0.288854,7.02894e-06,0.00016234,0.00570289,0.0473273,0.116951,0.252624,0.42966
1960,1749064510,2025-06-04 19:15 UTC,201220,268922,5.21589,8.32916,0.219849,0.291986,7.12647e-06,0.000168812,0.00570289,0.0469198,0.11655,0.25815,0.439038
1961,1749064810,2025-06-04 19:20 UTC,201158,268867,5.19245,8.31483,0.222246,0.295119,5.87814e-06,0.000176532,0.00570284,0.0465147,0.116149,0.263744,0.448514
1962,1749065110,2025-06-04 19:25 UTC,201100,268814,5.16903,8.30051,0.224644,0.298252,6.69614e-06,0.00018847,0.00570284,0.0461118,0.115749,0.269398,0.458099
1963,1749065409,2025-06-04 19:30 UTC,201044,268762,5.14571,8.28623,0.227037,0.301374,6.9743e-06,0.000190033,0.00570284,0.0457125,0.115352,0.275097,0.467729
1964,1749065709,2025-06-04 19:35 UTC,200991,268711,5.12233,8.27191,0.22944,0.304507,6.50041e-06,0.000195185,0.00570289,0.0453142,0.114953,0.280881,0.477489
1965,1749066009,2025-06-04 19:40 UTC,200942,268660,5.09898,8.25759,0.231845,0.30764,7.3891e-06,0.000202868,0.0057028,0.0449182,0.114555,0.286726,0.487361
1966,1749066309,2025-06-04 19:45 UTC,200895,268611,5.07565,8.24326,0.234251,0.310773,7.54117e-06,0.000215673,0.00570294,0.0445244,0.114158,0.292637,0.497329
1967,1749066609,2025-06-04 19:50 UTC,200850,268563,5.05234,8.22894,0.23666,0.313906,8.11489e-06,0.000215871,0.00570289,0.044133,0.113762,0.298611,0.507423
1968,1749066909,2025-06-04 19:55 UTC,200809,268515,5.02905,8.21462,0.23907,0.317038,8.67701e-06,0.000222558,0.00570289,0.0437438,0.113366,0.30465,0.517603
1969,1749067209,2025-06-04 20:00 UTC,200770,268468,5.00579,8.2003,0.241406,0.320071,8.20511e-06,0.000228543,0.00570289,0.0433569,0.112971,0.310559,0.527538
1970,1749067508,2025-06-04 20:05 UTC,200734,268423,4.98263,8.18603,0.241282,0.319875,4.5913e-06,0.000236322,0.00570294,0.0429737,0.112579,0.310213,0.526961
1971,1749067808,2025-06-04 20:10 UTC,200700,268378,4.95942,8.17171,0.241158,0.319677,3.15375e-06,0.000239347,0.00570289,0.0425913,0.112185,0.309844,0.526284
1972,1749068108,2025-06-04 20:15 UTC,200669,268334,4.93623,8.15739,0.241037,0.31948,2.76631e-06,0.000231979,0.00570289,0.0422113,0.111792,0.309485,0.525649
1973,1749068408,2025-06-04 20:20 UTC,200640,268290,4.91307,8.14307,0.240916,0.319283,2.67592e-06,0.000232196,0.00570299,0.0418335,0.1114,0.309125,0.524985
1974,1749068708,2025-06-04 20:25 UTC,200614,268248,4.88994,8.12875,0.240798,0.319086,2.1857e-06,0.000237968,0.00570294,0.041458,0.111009,0.308767,0.524352
1975,1749069008,2025-06-04 20:30 UTC,200591,268207,4.86684,8.11444,0.240681,0.318888,2.46074e-06,0.000236163,0.00570294,0.0410847,0.110618,0.308415,0.523707
1976,1749069307,2025-06-04 20:35 UTC,200569,268166,4.84384,8.10017,0.240567,0.318692,2.6244e-06,0.000244572,0.00570294,0.040715,0.110229,0.308065,0.523068
1977,1749069607,2025-06-04 20:40 UTC,200551,268126,4.8208,8.08585,0.240453,0.318495,2.58959e-06,0.000241738,0.00570289,0.0403463,0.10984,0.30772,0.522422
1978,1749069907,2025-06-04 20:45 UTC,200534,268088,4.79779,8.07153,0.240342,0.318298,2.30416e-06,0.000246254,0.00570289,0.0399799,0.109451,0.307372,0.521759
1979,1749070207,2025-06-04 20:50 UTC,200520,268050,4.77481,8.05722,0.240232,0.318101,0.000126211,0.000848262,0.00585234,0.0396158,0.109063,0.307046,0.521305
1980,1749070507,2025-06-04 20:55 UTC,200508,268012,4.75187,8.0429,0.240123,0.317904,7.32769e-05,0.000218254,0.00585239,0.0392539,0.108676,0.306689,0.520273
1981,1749070807,2025-06-04 21:00 UTC,200498,267976,4.72896,8.02846,0.239957,0.317644,4.34067e-05,0.000238341,0.00585234,0.0388939,0.108286,0.306213,0.519772
1982,1749071107,2025-06-04 21:05 UTC,200560,268035,4.70604,8.00862,0.237301,0.314534,4.20977e-05,0.000227248,0.00585239,0.0385199,0.107752,0.299551,0.509692
1983,1749071406,2025-06-04 21:10 UTC,200635,268106,4.68332,7.98885,0.234654,0.311435,3.70466e-05,0.000242691,0.00585248,0.0381507,0.107221,0.292925,0.499377
1984,1749071706,2025-06-04 21:15 UTC,200714,268180,4.66065,7.96903,0.231999,0.308326,3.5305e-05,0.000255153,0.00585258,0.0377847,0.106689,0.286407,0.489593
1985,1749072006,2025-06-04 21:20 UTC,200799,268256,4.6381,7.94921,0.229344,0.305217,2.82234e-05,0.000233262,0.00585263,0.0374229,0.106159,0.279967,0.479821
1986,1749072306,2025-06-04 21:25 UTC,200888,268335,4.61568,7.92941,0.22669,0.302107,2.25672e-05,0.000224225,0.00585263,0.0370649,0.105631,0.273572,0.47006
1987,1749072606,2025-06-04 21:30 UTC,200981,268415,4.5934,7.90961,0.224036,0.298998,3.08336e-05,0.000225897,0.00585258,0.0367113,0.105104,0.267285,0.460458
1988,1749072906,2025-06-04 21:35 UTC,201079,268497,4.57124,7.88983,0.221383,0.295889,2.17573e-05,0.000207427,0.00585253,0.0363616,0.104579,0.261036,0.450826
1989,1749073206,2025-06-04 21:40 UTC,201183,268583,4.54922,7.87006,0.21873,0.29278,1.94394e-05,0.0002065,0.00585253,0.036016,0.104056,0.254881,0.441488
1990,1749073505,2025-06-04 21:45 UTC,201290,268669,4.52741,7.85037,0.216087,0.289681,1.79065e-05,0.000214603,0.00585258,0.0356757,0.103535,0.248814,0.432173
1991,1749073805,2025-06-04 21:50 UTC,201401,268758,4.50567,7.83061,0.213435,0.286889,1.75992e-05,0.000202081,0.00585258,0.0353384,0.103015,0.242818,0.423896
1992,1749074105,2025-06-04 21:55 UTC,201517,268849,4.48406,7.81088,0.210785,0.284309,1.28638e-05,0.000195486,0.00585258,0.0350051,0.102496,0.236887,0.416286
1993,1749074405,2025-06-04 22:00 UTC,201637,268942,4.46261,7.79115,0.208107,0.281693,1.22459e-05,0.00019244,0.00585258,0.034676,0.101979,0.230977,0.408649
1994,1749074705,2025-06-04 22:05 UTC,201761,269036,4.44129,7.77143,0.203804,0.276927,1.74059e-05,0.000172701,0.00585258,0.0343511,0.101464,0.221651,0.39499
1995,1749075005,2025-06-04 22:10 UTC,201890,269133,4.42013,7.75172,0.199503,0.272161,1.23922e-05,0.000174196,0.00585253,0.0340302,0.10095,0.212498,0.38154
1996,1749075305,2025-06-04 22:15 UTC,202022,269232,4.39912,7.73203,0.195206,0.267395,1.21933e-05,0.000152893,0.00585248,0.0337133,0.100438,0.203555,0.368251
1997,1749075604,2025-06-04 22:20 UTC,202151,269333,4.37834,7.71241,0.190927,0.262647,1.24285e-05,0.000141861,0.00585253,0.0334017,0.0999285,0.194848,0.355318
1998,1749075904,2025-06-04 22:25 UTC,202291,269436,4.35764,7.69274,0.186637,0.257883,1.09563e-05,0.00012494,0.00585248,0.0330931,0.0994193,0.186301,0.342551
1999,1749076204,2025-06-04 22:30 UTC,202435,269540,4.33711,7.67307,0.182351,0.253119,1.19162e-05,0.000118296,0.00585253,0.0327885,0.0989118,0.177961,0.330019
2000,1749076504,2025-06-04 22:35 UTC,202583,269647,4.31674,7.65342,0.17807,0.248377,1.18092e-05,0.000109419,0.00585258,0.0324881,0.0984058,0.16982,0.317755
2001,1749076804,2025-06-04 22:40 UTC,202734,269755,4.29654,7.63379,0.173793,0.243671,1.05105e-05,9.36975e-05,0.00585263,0.0321918,0.0979015,0.161876,0.305812
2002,1749077104,2025-06-04 22:45 UTC,202889,269866,4.27651,7.61416,0.169522,0.238965,1.09822e-05,7.8507e-05,0.00585273,0.0318995,0.0973987,0.154137,0.294141
2003,1749077404,2025-06-04 22:50 UTC,203048,269978,4.25665,7.59454,0.165257,0.234275,9.43877e-06,6.85195e-05,0.00585277,0.0316113,0.0968976,0.146592,0.28269
2004,1749077703,2025-06-04 22:55 UTC,203210,270092,4.23705,7.57501,0.161011,0.229663,8.90504e-06,5.25629e-05,0.00585277,0.0313281,0.0963996,0.139275,0.271695
2005,1749078003,2025-06-04 23:00 UTC,203376,270208,4.21755,7.55541,0.156755,0.225056,9.50396e-06,4.81193e-05,0.00585277,0.0310481,0.0959016,0.132127,0.260879
2006,1749078303,2025-06-04 23:05 UTC,203546,270325,4.19825,7.53584,0.152092,0.219369,9.99622e-06,4.00282e-05,0.00585273,0.0307721,0.0954053,0.124441,0.247881
2007,1749078603,2025-06-04 23:10 UTC,203718,270445,4.17914,7.51627,0.147432,0.213685,1.0305e-05,2.65014e-05,0.00585273,0.0305002,0.0949105,0.116989,0.23519
2008,1749078903,2025-06-04 23:15 UTC,203894,270566,4.16022,7.49671,0.142773,0.208001,8.77581e-06,2.16943e-05,0.00585268,0.0302323,0.0944172,0.109766,0.222855
2009,1749079203,2025-06-04 23:20 UTC,204074,270689,4.1415,7.47717,0.138116,0.202331,9.17976e-06,3.04728e-05,0.00585273,0.0299684,0.0939256,0.102781,0.210871
2010,1749079502,2025-06-04 23:25 UTC,204257,270814,4.12304,7.45771,0.133476,0.196693,9.12288e-06,2.70645e-05,0.00585268,0.0297095,0.0934373,0.0960506,0.199289
2011,1749079802,2025-06-04 23:30 UTC,204442,270940,4.10472,7.43819,0.128824,0.191039,6.98639e-06,2.87573e-05,0.00585273,0.0294536,0.0929488,0.0895287,0.187991
2012,1749080102,2025-06-04 23:35 UTC,204631,271069,4.08662,7.41869,0.124174,0.185387,8.95243e-06,2.66339e-05,0.00585273,0.0292019,0.092462,0.0832459,0.177039
2013,1749080402,2025-06-04 23:40 UTC,204823,271198,4.06873,7.39919,0.119527,0.179738,7.2281e-06,2.56935e-05,0.00585273,0.0289541,0.0919767,0.0771915,0.166414
2014,1749080702,2025-06-04 23:45 UTC,205019,271330,4.05105,7.37971,0.114883,0.174092,7.66308e-06,2.02841e-05,0.00585273,0.0287103,0.0914931,0.0713741,0.15612
2015,1749081002,2025-06-04 23:50 UTC,205217,271463,4.0336,7.36025,0.110243,0.168449,7.21029e-06,2.09154e-05,0.00585273,0.0284705,0.0910111,0.0657892,0.14616
2016,1749081302,2025-06-04 23:55 UTC,205418,271598,4.01638,7.3408,0.105607,0.162809,6.89025e-06,2.10818e-05,0.00585277,0.0282347,0.0905306,0.060438,0.136542
2017,1749081601,2025-06-05 00:00 UTC,205622,271734,3.99944,7.32145,0.100992,0.157193,6.817e-06,1.95127e-05,0.00585282,0.0280037,0.0900542,0.0553392,0.127277
2018,1749081901,2025-06-05 00:05 UTC,205812,271860,3.98204,7.31151,0.096789,0.151833,6.21432e-06,2.0395e-05,0.00585282,0.0277842,0.0898098,0.0508654,0.118743
2019,1749082201,2025-06-05 00:10 UTC,206002,271985,3.96471,7.30167,0.0925895,0.146476,5.43024e-06,1.7367e-05,0.00585277,0.0275673,0.0895682,0.0465836,0.110518
2020,1749082501,2025-06-05 00:15 UTC,206193,272112,3.94746,7.29192,0.0883947,0.141123,5.88051e-06,1.81071e-05,0.00585277,0.0273529,0.0893292,0.0424953,0.102586
2021,1749082801,2025-06-05 00:20 UTC,206386,272240,3.9303,7.28228,0.084205,0.135787,4.73259e-06,1.62867e-05,0.00585277,0.027141,0.089093,0.0385981,0.0949766
2022,1749083101,2025-06-05 00:25 UTC,206581,272369,3.91323,7.27273,0.0800214,0.130456,4.86635e-06,1.66389e-05,0.00585277,0.0269317,0.0888595,0.0348944,0.0876603
2023,1749083401,2025-06-05 00:30 UTC,206778,272500,3.89625,7.26327,0.075845,0.125132,4.54098e-06,1.63129e-05,0.00585277,0.0267248,0.0886286,0.0313823,0.0806485
2024,1749083700,2025-06-05 00:35 UTC,206976,272633,3.87943,7.25395,0.0716907,0.119831,4.36869e-06,1.36187e-05,0.00585282,0.026521,0.0884013,0.0280737,0.0739658
2025,1749084000,2025-06-05 00:40 UTC,207176,272766,3.86266,7.2447,0.0675323,0.11452,4.38498e-06,1.54923e-05,0.00585277,0.0263191,0.0881758,0.0249459,0.0675538
2026,1749084300,2025-06-05 00:45 UTC,207378,272901,3.84601,7.23554,0.0633858,0.109218,4.11366e-06,1.88212e-05,0.00585277,0.0261197,0.0879531,0.0220104,0.0614406
2027,1749084600,2025-06-05 00:50 UTC,207581,273037,3.82947,7.22648,0.0592535,0.103925,4.27137e-06,1.41799e-05,0.00585282,0.0259227,0.0877331,0.0192675,0.0556344
2028,1749084900,2025-06-05 00:55 UTC,207786,273175,3.81306,7.21753,0.0551388,0.0986442,4.12101e-06,1.36335e-05,0.00585282,0.0257281,0.0875158,0.0167169,0.0501227
2029,1749085200,2025-06-05 01:00 UTC,207993,273314,3.79678,7.20867,0.051046,0.0933765,3.71716e-06,3.87972e-05,0.00585282,0.025536,0.0873012,0.0143582,0.0449109
2030,1749085500,2025-06-05 01:05 UTC,208201,273454,3.78064,7.19992,0.0479967,0.0896618,2.81842e-06,1.08821e-05,0.00585282,0.0253463,0.0870893,0.0127576,0.0414095
2031,1749085799,2025-06-05 01:09 UTC,208411,273595,3.7647,7.1913,0.0449745,0.0859692,2.86553e-06,2.28757e-05,0.00585287,0.0251596,0.0868808,0.01127,0.0380695
2032,1749086099,2025-06-05 01:14 UTC,208623,273738,3.74886,7.18274,0.0419629,0.0822734,2.50151e-06,7.91988e-06,0.00585287,0.0249746,0.0866743,0.00988524,0.0348642
2033,1749086399,2025-06-05 01:19 UTC,208836,273882,3.73318,7.1743,0.038977,0.0785879,2.27195e-06,8.42694e-06,0.00585287,0.024792,0.0864705,0.00860807,0.0318108
2034,1749086699,2025-06-05 01:24 UTC,209050,274027,3.71765,7.16595,0.036024,0.0749143,1.93986e-06,6.18612e-06,0.00585292,0.0246116,0.0862694,0.00743832,0.0289053
2035,1749086999,2025-06-05 01:29 UTC,209266,274173,3.70228,7.1577,0.0331138,0.0712544,2.39329e-06,8.8349e-06,0.00585292,0.0244336,0.086071,0.00637613,0.0261515
2036,1749087299,2025-06-05 01:34 UTC,209484,274321,3.68708,7.14956,0.0302611,0.0676105,2.07132e-06,7.67961e-06,0.00585292,0.0242578,0.0858753,0.00542043,0.0235464
2037,1749087598,2025-06-05 01:39 UTC,209703,274469,3.6721,7.14155,0.0274981,0.0639973,1.93061e-06,7.48623e-06,0.00585297,0.0240847,0.0856829,0.00457352,0.0210956
2038,1749087898,2025-06-05 01:44 UTC,209923,274619,3.65723,7.13362,0.0248462,0.0603941,1.82262e-06,4.03558e-05,0.00585302,0.0239133,0.0854926,0.00382857,0.0187861
2039,1749088198,2025-06-05 01:49 UTC,210145,274770,3.64254,7.12579,0.0223948,0.0568171,1.70242e-06,8.1879e-06,0.00585302,0.0237441,0.0853051,0.00318704,0.0166277
2040,1749088498,2025-06-05 01:54 UTC,210368,274923,3.62802,7.11806,0.0202648,0.0532716,1.64133e-06,5.91926e-06,0.00585302,0.0235769,0.0851202,0.00264505,0.0146166
2041,1749088798,2025-06-05 01:59 UTC,210593,275076,3.61368,7.11044,0.0185324,0.0497644,1.4294e-06,6.50303e-06,0.00585302,0.0234119,0.084938,0.00219743,0.0127551
2042,1749089098,2025-06-05 02:04 UTC,210819,275231,3.59951,7.10292,0.0182592,0.0483034,1.24684e-06,5.02341e-06,0.00585302,0.0232489,0.0847585,0.00207399,0.012017
2043,1749089398,2025-06-05 02:09 UTC,211047,275387,3.58552,7.09551,0.0181281,0.0468638,1.29588e-06,3.73115e-06,0.00585302,0.0230879,0.0845818,0.00197333,0.011311
2044,1749089697,2025-06-05 02:14 UTC,211276,275543,3.57177,7.08823,0.0181245,0.0454431,1.19745e-06,6.04195e-06,0.00585297,0.0229295,0.0844083,0.00189577,0.0106365
2045,1749089997,2025-06-05 02:19 UTC,211507,275707,3.55814,7.08103,0.0182389,0.04403,1.16892e-06,8.01263e-06,0.00585297,0.0227726,0.0842369,0.00184365,0.00998479
2046,1749090297,2025-06-05 02:24 UTC,211739,275939,3.54471,7.07394,0.0184482,0.0426276,1.18673e-06,4.5928e-06,0.00585297,0.0226175,0.0840682,0.00182115,0.00935911
2047,1749090597,2025-06-05 02:29 UTC,211972,276172,3.53146,7.06695,0.0187375,0.0412371,1.01223e-06,8.73872e-06,0.00585297,0.0224644,0.0839023,0.00183168,0.00875859
2048,1749090897,2025-06-05 02:34 UTC,212206,276407,3.51841,7.06008,0.0190969,0.0398597,9.75307e-07,4.05654e-06,0.00585297,0.0223132,0.083739,0.00187831,0.00818332
2049,1749091197,2025-06-05 02:39 UTC,212442,276643,3.50556,7.0533,0.0195203,0.0384968,8.64693e-07,2.83157e-06,0.00585297,0.0221639,0.0835785,0.00196285,0.00763289
2050,1749091497,2025-06-05 02:44 UTC,212679,276881,3.49292,7.04664,0.0200038,0.0385982,9.64299e-07,3.52877e-06,0.00585297,0.0220164,0.0834206,0.00208561,0.00767205
2051,1749091796,2025-06-05 02:49 UTC,212918,277120,3.48052,7.04307,0.020542,0.0415053,9.91489e-07,5.19318e-06,0.00585297,0.0218712,0.0833361,0.00224524,0.00887096
2052,1749092096,2025-06-05 02:54 UTC,213158,277361,3.46829,7.04604,0.0211362,0.0444237,9.17896e-07,3.39572e-06,0.00585297,0.0217273,0.0834064,0.00244113,0.0101636
2053,1749092396,2025-06-05 02:59 UTC,213399,277604,3.45626,7.0491,0.0217826,0.0473433,9.65497e-07,7.4607e-06,0.00585297,0.0215852,0.083479,0.00267111,0.0115433
2054,1749092696,2025-06-05 03:04 UTC,213604,277824,3.46491,7.05242,0.0216345,0.0461803,7.41952e-07,2.25379e-06,0.00585297,0.0216793,0.0835575,0.00263471,0.0109831
2055,1749092996,2025-06-05 03:09 UTC,213805,278042,3.47387,7.05575,0.0215075,0.0450143,6.69443e-07,3.88783e-06,0.00585297,0.0217775,0.0836364,0.0026058,0.0104352
2056,1749093296,2025-06-05 03:14 UTC,214005,278260,3.48287,7.05909,0.0214135,0.043905,8.28794e-07,8.83913e-06,0.00585297,0.0218765,0.0837156,0.00258827,0.00992726
2057,1749093596,2025-06-05 03:19 UTC,214204,278480,3.4919,7.06244,0.0213531,0.0428567,7.2659e-07,2.69204e-06,0.00585297,0.0219764,0.083795,0.00258201,0.00945926
2058,1749093895,2025-06-05 03:24 UTC,214402,278699,3.50094,7.06579,0.0213266,0.0418771,6.88691e-07,2.0727e-06,0.00585297,0.0220769,0.0838746,0.00258703,0.00903193
2059,1749094195,2025-06-05 03:29 UTC,214599,278919,3.51005,7.06961,0.0213342,0.0409645,6.30146e-07,2.39709e-06,0.00585297,0.0221785,0.0839653,0.00260308,0.00864228
2060,1749094495,2025-06-05 03:34 UTC,214795,279140,3.51919,7.07675,0.0213762,0.0405734,7.27904e-07,2.68755e-06,0.00585297,0.022281,0.0841351,0.00263023,0.00847828
2061,1749094795,2025-06-05 03:39 UTC,214990,279361,3.52837,7.08391,0.0214528,0.0405396,7.96319e-07,2.56183e-06,0.00585297,0.0223844,0.0843055,0.00266822,0.00846387
2062,1749095095,2025-06-05 03:44 UTC,215184,279582,3.53758,7.09109,0.021564,0.0406832,6.55589e-07,4.65438e-06,0.00585297,0.0224886,0.0844765,0.00271706,0.00852425
2063,1749095395,2025-06-05 03:49 UTC,215378,279804,3.54681,7.09829,0.0217098,0.0408743,6.77609e-07,1.8916e-06,0.00585297,0.0225938,0.084648,0.0027765,0.00860432
2064,1749095694,2025-06-05 03:54 UTC,215570,280027,3.55605,7.10548,0.0218893,0.0412995,6.4716e-07,5.39585e-06,0.00585297,0.0226994,0.0848196,0.00284621,0.00878405
2065,1749095994,2025-06-05 03:59 UTC,215763,280250,3.56535,7.11271,0.0221036,0.0418112,6.57906e-07,4.1698e-06,0.00585297,0.0228063,0.0849923,0.00292662,0.00900312
2066,1749096294,2025-06-05 04:04 UTC,215954,280473,3.57467,7.11996,0.0223484,0.0410258,7.98799e-07,2.46924e-06,0.00585297,0.022914,0.0851657,0.00298393,0.00866797
2067,1749096594,2025-06-05 04:09 UTC,216145,280697,3.58403,7.12723,0.0228348,0.04132,7.09065e-07,4.85606e-06,0.00585297,0.0230226,0.0853396,0.00311066,0.00879218
2068,1749096894,2025-06-05 04:14 UTC,216335,280921,3.59341,7.13451,0.0235587,0.0430595,9.57492e-07,3.13191e-06,0.00585297,0.0231321,0.0855141,0.003306,0.0095481
2069,1749097194,2025-06-05 04:19 UTC,216524,281154,3.60281,7.14181,0.0245049,0.0448194,8.93937e-07,3.14437e-06,0.00585297,0.0232424,0.0856892,0.00356832,0.0103446
2070,1749097494,2025-06-05 04:24 UTC,216713,281409,3.61225,7.14913,0.0256521,0.0466075,8.07085e-07,2.60056e-06,0.00585297,0.0233537,0.0858649,0.00389649,0.0111866
2071,1749097793,2025-06-05 04:29 UTC,216901,281665,3.62167,7.15644,0.0269714,0.0484259,9.719e-07,3.4778e-06,0.00585302,0.0234654,0.0860406,0.00428843,0.0120771
2072,1749098093,2025-06-05 04:34 UTC,217089,281920,3.63115,7.16379,0.0284478,0.0502648,8.11679e-07,1.99223e-05,0.00585302,0.0235784,0.0862175,0.00474643,0.0130107
2073,1749098393,2025-06-05 04:39 UTC,217276,282177,3.64066,7.17116,0.0300548,0.0521166,8.99283e-07,4.80362e-06,0.00585307,0.0236922,0.086395,0.00526925,0.0139874
2074,1749098693,2025-06-05 04:44 UTC,217462,282433,3.6502,7.17855,0.0317722,0.053995,8.59964e-07,2.91632e-06,0.00585307,0.023807,0.086573,0.00585708,0.0150141
2075,1749098993,2025-06-05 04:49 UTC,217649,282690,3.65975,7.18595,0.0335826,0.055889,1.01123e-06,7.9373e-06,0.00585307,0.0239226,0.0867517,0.00650998,0.0160856
2076,1749099293,2025-06-05 04:54 UTC,217834,282948,3.66934,7.19337,0.0354712,0.0577924,9.6457e-07,7.90187e-06,0.00585307,0.024039,0.0869309,0.00722834,0.0171997
2077,1749099593,2025-06-05 04:59 UTC,218019,283206,3.67894,7.20081,0.0374255,0.0598446,1.02935e-06,1.15651e-05,0.00585307,0.0241564,0.0871108,0.00801214,0.0184431
2078,1749099892,2025-06-05 05:04 UTC,218204,283464,3.68854,7.20824,0.0395836,0.0626004,1.24794e-06,2.03909e-05,0.00585307,0.0242742,0.0872906,0.00891136,0.0201804
2079,1749100192,2025-06-05 05:09 UTC,218388,283723,3.69819,7.21571,0.0417856,0.065386,1.348e-06,1.06205e-05,0.00585307,0.0243933,0.0874716,0.00987955,0.0220173
2080,1749100492,2025-06-05 05:14 UTC,218572,283982,3.70787,7.2232,0.0440153,0.0681831,1.39002e-06,1.03502e-05,0.00585307,0.0245132,0.0876532,0.0109127,0.0239405
2081,1749100792,2025-06-05 05:19 UTC,218756,284241,3.71757,7.2307,0.0462689,0.0709862,1.51967e-06,1.07784e-05,0.00585307,0.0246341,0.0878355,0.0120107,0.0259494
2082,1749101092,2025-06-05 05:24 UTC,218939,284501,3.72729,7.23822,0.048543,0.0737935,1.65803e-06,1.57704e-05,0.00585302,0.0247558,0.0880183,0.0131735,0.0280426
2083,1749101392,2025-06-05 05:29 UTC,219121,284761,3.73704,7.24576,0.0508349,0.0766045,1.70252e-06,1.35747e-05,0.00585297,0.0248784,0.0882016,0.0144014,0.0302193
2084,1749101692,2025-06-05 05:34 UTC,219304,285022,3.7468,7.25331,0.0531423,0.0794271,1.68446e-06,8.36526e-06,0.00585292,0.0250018,0.0883856,0.0156942,0.0324884
2085,1749101991,2025-06-05 05:39 UTC,219486,285283,3.75656,7.26085,0.0554556,0.0822613,1.85277e-06,8.40748e-06,0.00585292,0.0251258,0.0885696,0.017047,0.0348482
2086,1749102291,2025-06-05 05:44 UTC,219667,285544,3.76638,7.26844,0.0577887,0.0851123,1.72426e-06,1.21931e-05,0.00585292,0.025251,0.0887548,0.0184694,0.0373064
2087,1749102591,2025-06-05 05:49 UTC,219849,285806,3.77621,7.27604,0.0601323,0.0879682,2.06759e-06,6.87924e-06,0.00585292,0.025377,0.0889405,0.0199565,0.0398508
2088,1749102891,2025-06-05 05:54 UTC,220030,286068,3.78607,7.28366,0.0624855,0.0908695,1.99676e-06,1.53013e-05,0.00585292,0.025504,0.0891269,0.0215085,0.0425209
2089,1749103191,2025-06-05 05:59 UTC,220210,286331,3.79595,7.29129,0.064847,0.0937796,2.13184e-06,1.07138e-05,0.00585292,0.0256318,0.0893138,0.0231254,0.0452899
2090,1749103491,2025-06-05 06:04 UTC,220344,286551,3.7895,7.27476,0.0664391,0.0960293,1.18797e-06,6.06235e-06,0.00585292,0.0255429,0.0889092,0.0242352,0.047489
2091,1749103791,2025-06-05 06:09 UTC,220471,286764,3.78256,7.25748,0.0680095,0.0982591,1.57942e-06,1.33585e-05,0.00585292,0.025448,0.0884872,0.0253551,0.0497202
2092,1749104090,2025-06-05 06:14 UTC,220593,286973,3.77569,7.24025,0.0695768,0.100482,1.418e-06,9.70726e-06,0.00585292,0.0253541,0.0880677,0.0264999,0.0519972
2093,1749104390,2025-06-05 06:19 UTC,220711,287178,3.76882,7.22297,0.0711512,0.102713,1.46386e-06,5.07037e-06,0.00585292,0.0252606,0.0876477,0.0276764,0.0543314
2094,1749104690,2025-06-05 06:24 UTC,220826,287380,3.76198,7.20569,0.0727275,0.104945,1.51325e-06,1.31014e-05,0.00585292,0.0251677,0.0872288,0.0288811,0.0567178
2095,1749104990,2025-06-05 06:29 UTC,220938,287577,3.75518,7.1884,0.0743055,0.107177,1.31781e-06,1.07828e-05,0.00585292,0.0250756,0.0868109,0.0301142,0.0591558
2096,1749105290,2025-06-05 06:34 UTC,221045,287772,3.74841,7.17112,0.075885,0.10941,1.65988e-06,1.22871e-05,0.00585292,0.0249841,0.086394,0.0313754,0.0616461
2097,1749105590,2025-06-05 06:39 UTC,221150,287963,3.74166,7.15384,0.0774661,0.111643,1.36107e-06,1.54016e-05,0.00585287,0.0248934,0.085978,0.032665,0.064189
2098,1749105889,2025-06-05 06:44 UTC,221250,288150,3.73498,7.13661,0.0790434,0.11387,1.50888e-06,1.18025e-05,0.00585287,0.0248036,0.0855645,0.0339782,0.0667752
2099,1749106189,2025-06-05 06:49 UTC,221348,288334,3.7283,7.11933,0.0806273,0.116104,1.46924e-06,1.50053e-05,0.00585287,0.0247142,0.0851506,0.0353241,0.0694188
2100,1749106489,2025-06-05 06:54 UTC,221442,288515,3.72166,7.10205,0.0822124,0.118338,1.66538e-06,9.73919e-06,0.00585287,0.0246255,0.0847377,0.0366981,0.072119
2101,1749106789,2025-06-05 06:59 UTC,221533,288692,3.71504,7.08477,0.0837987,0.120573,1.57762e-06,1.38531e-05,0.00585287,0.0245376,0.0843258,0.0381006,0.0748676
2102,1749107089,2025-06-05 07:04 UTC,221621,288866,3.70846,7.06749,0.0841904,0.121028,9.65091e-07,3.59204e-06,0.00585287,0.0244503,0.0839149,0.0384278,0.0754356
2103,1749107389,2025-06-05 07:09 UTC,221705,289037,3.70191,7.0502,0.0845369,0.121415,1.00211e-06,1.77734e-05,0.00585287,0.0243637,0.083505,0.0387143,0.0759195
2104,1749107689,2025-06-05 07:14 UTC,221787,289205,3.6954,7.03292,0.0848839,0.121802,9.2763e-07,1.59882e-05,0.00585287,0.0242779,0.0830961,0.0390032,0.076403
2105,1749107988,2025-06-05 07:19 UTC,221865,289370,3.68893,7.0157,0.0852301,0.122188,9.06958e-07,1.0452e-05,0.00585287,0.024193,0.0826896,0.0392933,0.0768877
2106,1749108288,2025-06-05 07:24 UTC,221941,289532,3.68248,6.99842,0.0855779,0.122575,9.59851e-07,1.07441e-05,0.00585287,0.0241085,0.0822827,0.0395864,0.0773767
2107,1749108588,2025-06-05 07:29 UTC,222013,289691,3.67606,6.98113,0.0859261,0.122962,8.17887e-07,9.33774e-06,0.00585287,0.0240248,0.0818769,0.0398814,0.0778648
2108,1749108888,2025-06-05 07:34 UTC,222083,289847,3.66968,6.96385,0.0862748,0.123349,9.47084e-07,1.70329e-05,0.00585287,0.0239417,0.081472,0.0401788,0.078358
2109,1749109188,2025-06-05 07:39 UTC,222149,290000,3.66332,6.94657,0.0866238,0.123736,7.18988e-07,1.84404e-05,0.00585287,0.0238594,0.0810681,0.0404782,0.0788494
2110,1749109488,2025-06-05 07:44 UTC,222213,290151,3.657,6.92929,0.0869733,0.124123,8.35308e-07,1.10207e-05,0.00585287,0.0237777,0.0806653,0.0407794,0.0793424
2111,1749109788,2025-06-05 07:49 UTC,222274,290298,3.65071,6.91201,0.0873231,0.12451,6.28802e-07,3.36513e-06,0.00585287,0.0236968,0.0802634,0.0410835,0.0798385
2112,1749110087,2025-06-05 07:54 UTC,222332,290443,3.64448,6.89478,0.0876722,0.124896,7.13605e-07,7.80955e-06,0.00585287,0.0236168,0.0798639,0.041388,0.0803344
2113,1749110387,2025-06-05 07:59 UTC,222388,290586,3.63825,6.8775,0.0880229,0.125296,7.37015e-07,6.31509e-06,0.00585287,0.0235373,0.0794641,0.0416958,0.08085
2114,1749110687,2025-06-05 08:04 UTC,222441,290725,3.63205,6.86022,0.0868834,0.123566,1.50173e-06,6.34534e-06,0.00585287,0.0234585,0.0790653,0.0406037,0.0786354
2115,1749110987,2025-06-05 08:09 UTC,222491,290862,3.62589,6.84294,0.0856794,0.121739,1.2368e-06,1.32354e-05,0.00585287,0.0233804,0.0786674,0.0394638,0.076328
2116,1749111287,2025-06-05 08:14 UTC,222538,290996,3.61976,6.82566,0.0844786,0.119912,1.21711e-06,1.40831e-05,0.00585287,0.023303,0.0782706,0.0383421,0.0740545
2117,1749111587,2025-06-05 08:19 UTC,222583,291128,3.61366,6.80838,0.0832812,0.118085,1.50103e-06,1.23956e-05,0.00585287,0.0232263,0.0778748,0.0372389,0.0718148
2118,1749111887,2025-06-05 08:24 UTC,222625,291258,3.60759,6.7911,0.0820871,0.116259,1.67387e-06,9.46033e-06,0.00585287,0.0231504,0.07748,0.0361536,0.0696125
2119,1749112186,2025-06-05 08:29 UTC,222665,291384,3.60157,6.77388,0.0809007,0.114438,1.68428e-06,7.95864e-06,0.00585287,0.0230754,0.0770875,0.0350896,0.067448
2120,1749112486,2025-06-05 08:34 UTC,222702,291509,3.59556,6.7566,0.079714,0.112612,1.31446e-06,9.33022e-06,0.00585287,0.0230008,0.0766947,0.03404,0.0653113
2121,1749112786,2025-06-05 08:39 UTC,222737,291631,3.58958,6.73932,0.0785313,0.110785,1.37614e-06,3.89383e-06,0.00585292,0.022927,0.0763029,0.0330087,0.0632104
2122,1749113086,2025-06-05 08:44 UTC,222769,291750,3.58363,6.72204,0.0773527,0.108959,1.24071e-06,6.65598e-06,0.00585292,0.0228539,0.0759121,0.0319953,0.0611431
2123,1749113386,2025-06-05 08:49 UTC,222799,291867,3.57772,6.70475,0.0761785,0.107133,1.23016e-06,6.52616e-06,0.00585292,0.0227815,0.0755223,0.0310002,0.0591107
2124,1749113686,2025-06-05 08:54 UTC,222826,291982,3.57183,6.68747,0.0750087,0.105307,1.2004e-06,1.25171e-05,0.00585292,0.0227098,0.0751335,0.0300229,0.0571127
2125,1749113985,2025-06-05 08:59 UTC,222851,292095,3.56599,6.67025,0.0738475,0.103487,1.30614e-06,6.24156e-06,0.00585292,0.022639,0.074747,0.0290671,0.0551566
2126,1749114285,2025-06-05 09:04 UTC,222788,292161,3.56959,6.64469,0.0711187,0.0998312,2.41003e-06,5.97066e-06,0.00585292,0.0227002,0.0741753,0.0269568,0.0513317
2127,1749114585,2025-06-05 09:09 UTC,222709,292218,3.57385,6.6187,0.0683125,0.0960798,2.18401e-06,2.08455e-05,0.00585292,0.0227699,0.0735962,0.0248704,0.0475446
2128,1749114885,2025-06-05 09:14 UTC,222621,292268,3.5783,6.59272,0.0655122,0.092329,2.18454e-06,5.46009e-06,0.00585297,0.0228412,0.0730195,0.0228725,0.043905
2129,1749115185,2025-06-05 09:19 UTC,222524,292312,3.58293,6.56675,0.0627185,0.088579,2.29367e-06,6.84893e-06,0.00585297,0.0229143,0.0724452,0.020963,0.0404119
2130,1749115485,2025-06-05 09:24 UTC,222417,292349,3.58775,6.54078,0.0599323,0.0848298,2.31392e-06,1.07956e-05,0.00585297,0.022989,0.0718734,0.0191417,0.0370632
2131,1749115785,2025-06-05 09:29 UTC,222302,292380,3.59275,6.51481,0.0571547,0.0810815,2.2615e-06,6.56933e-06,0.00585302,0.0230654,0.0713039,0.0174088,0.0338597
2132,1749116084,2025-06-05 09:34 UTC,222178,292406,3.59791,6.48894,0.054396,0.0773468,1.61395e-06,9.1499e-06,0.00585307,0.0231433,0.0707387,0.0157691,0.0308126
2133,1749116384,2025-06-05 09:39 UTC,222045,292425,3.60329,6.46299,0.0516394,0.0736009,2.00835e-06,5.61051e-06,0.00585311,0.0232231,0.0701741,0.0142129,0.0278989
2134,1749116684,2025-06-05 09:44 UTC,221903,292438,3.60884,6.43705,0.0488958,0.0698565,1.58841e-06,8.22825e-06,0.00585311,0.0233047,0.0696119,0.0127447,0.0251331
2135,1749116984,2025-06-05 09:49 UTC,221753,292445,3.61458,6.41112,0.0461675,0.0661138,1.3934e-06,5.89239e-06,0.00585311,0.023388,0.069052,0.0113651,0.0225119
2136,1749117284,2025-06-05 09:54 UTC,221594,292446,3.62051,6.38519,0.0434572,0.0623731,1.28829e-06,4.0403e-06,0.00585311,0.023473,0.0684946,0.0100741,0.0200363
2137,1749117584,2025-06-05 09:59 UTC,221427,292441,3.62662,6.35926,0.0407684,0.0586348,1.30182e-06,4.34666e-06,0.00585307,0.0235598,0.0679396,0.00887172,0.0177078
2138,1749117884,2025-06-05 10:04 UTC,221251,292431,3.63291,6.33335,0.0371875,0.053767,1.54926e-06,1.0727e-05,0.00585307,0.0236484,0.067387,0.00740858,0.0148896
2139,1749118183,2025-06-05 10:09 UTC,221066,292415,3.63936,6.30753,0.0336759,0.0488585,1.88345e-06,1.20811e-05,0.00585307,0.0237384,0.0668386,0.00610121,0.0122961
2140,1749118483,2025-06-05 10:14 UTC,220874,292393,3.64602,6.28163,0.0303082,0.0440015,1.68462e-06,1.51124e-05,0.00585307,0.0238305,0.0662909,0.00496209,0.00997084
2141,1749118783,2025-06-05 10:19 UTC,220672,292365,3.65286,6.25573,0.0271633,0.0397553,1.51477e-06,6.13668e-06,0.00585307,0.0239244,0.0657455,0.00399599,0.00814057
2142,1749119083,2025-06-05 10:24 UTC,220463,292331,3.65988,6.22985,0.0243377,0.0361081,1.76833e-06,1.73095e-05,0.00585307,0.0240201,0.0652025,0.00320265,0.00671487
2143,1749119383,2025-06-05 10:29 UTC,220246,292292,3.66708,6.20397,0.0219526,0.0333276,1.24717e-06,8.97256e-06,0.00585307,0.0241176,0.0646619,0.00258164,0.00572143
2144,1749119683,2025-06-05 10:34 UTC,220020,292248,3.67447,6.1781,0.0201288,0.030799,1.23543e-06,4.22708e-06,0.00585307,0.0242169,0.0641238,0.00213469,0.00488569
2145,1749119983,2025-06-05 10:39 UTC,219787,292198,3.68203,6.15224,0.0189777,0.0285892,1.23372e-06,4.09872e-06,0.00585307,0.024318,0.063588,0.00186631,0.00420978
2146,1749120282,2025-06-05 10:44 UTC,219545,292142,3.68976,6.12647,0.0185636,0.0278759,1.09946e-06,9.17134e-06,0.00585307,0.0244206,0.0630565,0.00178339,0.00400183
2147,1749120582,2025-06-05 10:49 UTC,219295,292081,3.69769,6.10062,0.0189137,0.0325601,1.24738e-06,4.23456e-06,0.00585311,0.0245255,0.0625255,0.00188851,0.00545991
2148,1749120882,2025-06-05 10:54 UTC,219038,292015,3.7058,6.07478,0.0200504,0.0376219,1.00475e-06,5.47118e-06,0.00585311,0.0246321,0.061997,0.00217673,0.00728915
2149,1749121182,2025-06-05 10:59 UTC,218772,291943,3.71409,6.04895,0.0219136,0.042928,1.19948e-06,5.99761e-06,0.00585311,0.0247406,0.0614709,0.00264127,0.00949013
2150,1749121482,2025-06-05 11:04 UTC,218498,291865,3.72257,6.02313,0.0240984,0.0468582,1.15765e-06,4.09971e-06,0.00585311,0.024851,0.0609472,0.00318739,0.0113074
2151,1749121782,2025-06-05 11:09 UTC,218217,291782,3.73123,5.99732,0.0266931,0.0508179,1.16518e-06,6.09537e-06,0.00585311,0.0249633,0.0604259,0.00388445,0.0132993
2152,1749122082,2025-06-05 11:14 UTC,217927,291694,3.74006,5.97151,0.0295971,0.054878,1.58162e-06,8.52069e-06,0.00585311,0.0250775,0.059907,0.00473943,0.0155087
2153,1749122381,2025-06-05 11:19 UTC,217630,291601,3.74905,5.9458,0.0327152,0.0590038,1.67317e-06,9.48067e-06,0.00585316,0.0251932,0.0593923,0.00575074,0.0179271
2154,1749122681,2025-06-05 11:24 UTC,217325,291502,3.75825,5.92001,0.036008,0.0632334,1.79965e-06,5.72755e-06,0.00585316,0.0253111,0.0588782,0.00692612,0.0205914
2155,1749122981,2025-06-05 11:29 UTC,217013,291398,3.76763,5.89423,0.0394228,0.0675251,2.05914e-06,6.51525e-06,0.00585316,0.025431,0.0583665,0.00826326,0.0234807
2156,1749123281,2025-06-05 11:34 UTC,216692,291289,3.77718,5.86846,0.0429295,0.0718594,1.87451e-06,7.54035e-06,0.00585311,0.0255527,0.0578572,0.00976288,0.0265911
2157,1749123581,2025-06-05 11:39 UTC,216365,291174,3.78692,5.8427,0.0465067,0.076229,2.19387e-06,7.744e-06,0.00585307,0.0256764,0.0573504,0.0114248,0.029923
2158,1749123881,2025-06-05 11:44 UTC,216029,291054,3.79683,5.81695,0.0501387,0.0806282,2.43607e-06,8.03103e-06,0.00585311,0.0258021,0.056846,0.0132496,0.0334756
2159,1749124180,2025-06-05 11:49 UTC,215686,290929,3.80688,5.81326,0.0538017,0.0850377,2.11783e-06,5.99821e-06,0.00585307,0.0259292,0.0567741,0.0152308,0.0372399
2160,1749124480,2025-06-05 11:54 UTC,215335,290799,3.81714,5.8132,0.0575118,0.0894832,2.56601e-06,8.51209e-06,0.00585307,0.0260586,0.0567727,0.017381,0.0412367
2161,1749124780,2025-06-05 11:59 UTC,214977,290663,3.82757,5.81316,0.0612502,0.093994,3.10101e-06,8.7033e-06,0.00585311,0.02619,0.056772,0.0196941,0.0454974
2162,1749125080,2025-06-05 12:04 UTC,214722,290517,3.84664,5.81131,0.0637823,0.0963836,2.09303e-06,7.34248e-06,0.00585311,0.0264237,0.0567358,0.0213241,0.0478415
2163,1749125380,2025-06-05 12:09 UTC,214473,290364,3.86637,5.80934,0.0662467,0.0986056,1.7526e-06,8.09117e-06,0.00585311,0.0266668,0.0566973,0.0229795,0.0500742
2164,1749125680,2025-06-05 12:14 UTC,214223,290206,3.88614,5.80738,0.0687294,0.100838,2.53788e-06,1.14216e-05,0.00585316,0.0269122,0.0566592,0.0247173,0.0523634
2165,1749125980,2025-06-05 12:19 UTC,213973,290043,3.90596,5.80544,0.0712288,0.103081,1.85834e-06,6.21042e-06,0.00585316,0.0271597,0.0566213,0.0265392,0.0547197
2166,1749126279,2025-06-05 12:24 UTC,213720,289874,3.92576,5.81571,0.073735,0.105325,2.47216e-06,8.20581e-06,0.00585316,0.0274087,0.0568217,0.0284368,0.0571293
2167,1749126579,2025-06-05 12:29 UTC,213467,289700,3.94566,5.82931,0.0762634,0.107586,2.4193e-06,1.4483e-05,0.00585316,0.0276607,0.0570877,0.0304239,0.0596024
2168,1749126879,2025-06-05 12:34 UTC,213211,289520,3.96561,5.84291,0.0788046,0.109855,3.2406e-06,1.19032e-05,0.00585316,0.027915,0.0573547,0.0324933,0.0621478
2169,1749127179,2025-06-05 12:39 UTC,212955,289334,3.98559,5.85653,0.0813575,0.112132,3.05895e-06,8.75699e-06,0.00585316,0.0281715,0.0576223,0.0346455,0.0647493
2170,1749127479,2025-06-05 12:44 UTC,212749,289182,4.0056,5.87016,0.0839212,0.114416,3.0482e-06,2.30831e-05,0.00585311,0.0284302,0.0578907,0.0368804,0.0673968
2171,1749127779,2025-06-05 12:49 UTC,212489,288986,4.02566,5.8838,0.0864949,0.116707,2.88163e-06,1.22443e-05,0.00585311,0.0286912,0.0581601,0.0391979,0.0701448
2172,1749128079,2025-06-05 12:54 UTC,212229,288785,4.04574,5.89744,0.0890779,0.119004,2.75115e-06,1.01248e-05,0.00585311,0.0289544,0.0584302,0.0415978,0.0729274
2173,1749128378,2025-06-05 12:59 UTC,211967,288578,4.06579,5.91183,0.0916608,0.1213,3.25526e-06,1.39895e-05,0.00585311,0.029219,0.0587156,0.044071,0.0757723
2174,1749128678,2025-06-05 13:04 UTC,211703,288366,4.08594,5.92642,0.0926881,0.121797,1.51965e-06,5.31769e-06,0.00585311,0.0294866,0.0590057,0.0450863,0.0763974
2175,1749128978,2025-06-05 13:09 UTC,211437,288148,4.10612,5.94101,0.0935929,0.122174,2.21482e-06,8.7938e-06,0.00585311,0.0297566,0.0592966,0.0459899,0.0768712
2176,1749129278,2025-06-05 13:14 UTC,211171,287925,4.12632,5.9556,0.0944992,0.122698,2.28741e-06,8.49314e-06,0.00585311,0.0300288,0.0595883,0.0469038,0.077532
2177,1749129578,2025-06-05 13:19 UTC,210902,287696,4.14655,5.9702,0.0954071,0.123221,1.70536e-06,1.11209e-05,0.00585311,0.0303032,0.0598807,0.0478301,0.0781937
2178,1749129878,2025-06-05 13:24 UTC,210632,287462,4.16681,5.9848,0.0963165,0.123978,1.95623e-06,7.34334e-06,0.00585311,0.0305799,0.060174,0.0487657,0.0791591
2179,1749130178,2025-06-05 13:29 UTC,210360,287221,4.1871,5.9994,0.0972274,0.12534,1.8679e-06,9.68749e-06,0.00585311,0.0308589,0.060468,0.0497125,0.0809056
2180,1749130477,2025-06-05 13:34 UTC,210087,286976,4.20734,6.01396,0.0981366,0.126697,1.71097e-06,7.08013e-06,0.00585311,0.0311391,0.0607618,0.0506676,0.0826674
2181,1749130777,2025-06-05 13:39 UTC,209811,286724,4.22767,6.02857,0.0990502,0.128059,1.88986e-06,6.85941e-06,0.00585307,0.0314225,0.0610573,0.0516348,0.0844559
2182,1749131077,2025-06-05 13:44 UTC,209535,286467,4.24802,6.04318,0.0999652,0.129421,1.56427e-06,1.2011e-05,0.00585307,0.0317082,0.0613537,0.0526143,0.0862607
2183,1749131377,2025-06-05 13:49 UTC,209256,286204,4.2684,6.0578,0.100881,0.130794,1.59341e-06,6.58469e-06,0.00585307,0.0319962,0.0616508,0.053604,0.0880998
2184,1749131677,2025-06-05 13:54 UTC,208976,285936,4.2888,6.07241,0.101799,0.132173,1.92914e-06,1.29884e-05,0.00585307,0.0322864,0.0619487,0.0546039,0.0899687
2185,1749131977,2025-06-05 13:59 UTC,208693,285662,4.30922,6.08704,0.102718,0.133552,1.67126e-06,1.57098e-05,0.00585307,0.0325788,0.0622474,0.0556156,0.0918536
2186,1749132276,2025-06-05 14:04 UTC,208410,285382,4.32959,6.10161,0.101646,0.132096,2.36373e-06,9.43284e-06,0.00585307,0.0328725,0.0625458,0.0544629,0.0898661
2187,1749132576,2025-06-05 14:09 UTC,208124,285096,4.35005,6.11624,0.10041,0.130398,2.66325e-06,1.28828e-05,0.00585307,0.0331694,0.0628461,0.0531441,0.0875719
2188,1749132876,2025-06-05 14:14 UTC,207837,284805,4.37053,6.13087,0.0991785,0.1287,2.15049e-06,9.57804e-06,0.00585307,0.0334686,0.0631471,0.0518493,0.0853054
2189,1749133176,2025-06-05 14:19 UTC,207548,284508,4.39103,6.1455,0.0979528,0.127002,2.63941e-06,1.09619e-05,0.00585307,0.0337701,0.0634489,0.0505783,0.0830659
2190,1749133476,2025-06-05 14:24 UTC,207257,284205,4.41154,6.16014,0.0967327,0.125304,2.67105e-06,1.11847e-05,0.00585307,0.0340738,0.0637515,0.0493314,0.0808587
2191,1749133776,2025-06-05 14:29 UTC,206964,283897,4.43208,6.17478,0.0955181,0.123606,2.87856e-06,8.98577e-06,0.00585307,0.0343797,0.0640548,0.0481075,0.078684
2192,1749134076,2025-06-05 14:34 UTC,206669,283582,4.45263,6.18942,0.0943093,0.121908,2.57019e-06,8.60909e-06,0.00585307,0.0346879,0.064359,0.0469072,0.0765388
2193,1749134375,2025-06-05 14:39 UTC,206373,283262,4.47313,6.20401,0.0931103,0.1211,2.67988e-06,9.6992e-06,0.00585307,0.0349973,0.0646628,0.0457345,0.0755274
2194,1749134675,2025-06-05 14:44 UTC,206075,282936,4.49371,6.21866,0.0919132,0.120664,1.86367e-06,5.99988e-06,0.00585311,0.0353101,0.0649685,0.0445808,0.074982
2195,1749134975,2025-06-05 14:49 UTC,205774,282604,4.51432,6.23373,0.0907221,0.120271,2.14054e-06,6.31301e-06,0.00585311,0.035625,0.0652838,0.0434525,0.0744963
2196,1749135275,2025-06-05 14:54 UTC,205472,282266,4.53493,6.25006,0.089537,0.119906,2.34259e-06,6.32659e-06,0.00585311,0.0359423,0.0656264,0.0423477,0.074044
2197,1749135575,2025-06-05 14:59 UTC,205169,281922,4.55557,6.26641,0.0883582,0.11957,2.2948e-06,8.11309e-06,0.00585311,0.0362617,0.0659699,0.0412666,0.0736336
2198,1749135875,2025-06-05 15:04 UTC,204959,281645,4.54936,6.278,0.0847638,0.115461,3.91176e-06,1.38165e-05,0.00585307,0.0361486,0.0662144,0.0379737,0.0686626
2199,1749136175,2025-06-05 15:09 UTC,204788,281392,4.54075,6.29346,0.0809695,0.11108,3.80145e-06,1.38243e-05,0.00585307,0.0359976,0.0665407,0.0346439,0.0635514
2200,1749136474,2025-06-05 15:14 UTC,204620,281137,4.53221,6.30885,0.077211,0.106931,3.85928e-06,2.81689e-05,0.00585302,0.0358487,0.0668668,0.0314994,0.0588895
2201,1749136774,2025-06-05 15:19 UTC,204456,280881,4.52367,6.32431,0.0734664,0.102935,3.88757e-06,1.04689e-05,0.00585302,0.0357008,0.0671947,0.0285202,0.0545725
2202,1749137074,2025-06-05 15:24 UTC,204295,280624,4.51516,6.33976,0.0697521,0.0990235,3.9043e-06,2.18798e-05,0.00585307,0.0355545,0.0675234,0.0257164,0.0505023
2203,1749137374,2025-06-05 15:29 UTC,204138,280364,4.50669,6.35521,0.0660725,0.0952062,3.15667e-06,8.99969e-06,0.00585307,0.0354098,0.067853,0.0230879,0.0466827
2204,1749137674,2025-06-05 15:34 UTC,203984,280103,4.49826,6.37066,0.0624328,0.0914953,2.80136e-06,1.13859e-05,0.00585307,0.0352666,0.0681833,0.0206364,0.0431146
2205,1749137974,2025-06-05 15:39 UTC,203833,279841,4.48986,6.38611,0.0588395,0.0879041,2.84718e-06,7.70077e-06,0.00585307,0.035125,0.0685144,0.0183617,0.0397951
2206,1749138274,2025-06-05 15:44 UTC,203685,279577,4.48149,6.40156,0.0553001,0.084448,2.49402e-06,7.85999e-06,0.00585307,0.034985,0.0688464,0.0162644,0.0367278
2207,1749138573,2025-06-05 15:49 UTC,203541,279311,4.47319,6.41696,0.0518355,0.081155,2.63317e-06,8.53716e-06,0.00585302,0.0348471,0.069178,0.0143517,0.033918
2208,1749138873,2025-06-05 15:54 UTC,203399,279043,4.46489,6.43241,0.048434,0.0780223,1.92823e-06,7.61068e-06,0.00585302,0.0347102,0.0695116,0.0126109,0.0313495
2209,1749139173,2025-06-05 15:59 UTC,203261,278774,4.45662,6.44787,0.0451221,0.0750827,2.21868e-06,1.18859e-05,0.00585302,0.0345749,0.0698459,0.0110509,0.0290319
2210,1749139473,2025-06-05 16:04 UTC,203125,278503,4.44839,6.46332,0.039968,0.0687202,2.61158e-06,4.6261e-05,0.00585307,0.0344412,0.0701811,0.00876734,0.0243217
2211,1749139773,2025-06-05 16:09 UTC,202992,278231,4.44019,6.47877,0.034906,0.0624291,2.30426e-06,1.25803e-05,0.00585307,0.0343091,0.070517,0.00680572,0.0200715
2212,1749140073,2025-06-05 16:14 UTC,202863,277956,4.43202,6.49422,0.030292,0.0567214,2.26316e-06,1.85879e-05,0.00585307,0.0341786,0.0708538,0.00526669,0.0165686
2213,1749140372,2025-06-05 16:19 UTC,202736,277680,4.42391,6.50962,0.026417,0.0522288,1.68716e-06,5.68636e-06,0.00585307,0.03405,0.0711902,0.0041494,0.0140479
2214,1749140672,2025-06-05 16:24 UTC,202611,277403,4.41581,6.52507,0.023656,0.0491199,1.87137e-06,8.45214e-06,0.00585307,0.0339226,0.0715286,0.00343681,0.0124261
2215,1749140972,2025-06-05 16:29 UTC,202490,277123,4.40775,6.54052,0.022432,0.0475407,1.73494e-06,6.64112e-06,0.00585307,0.0337968,0.0718678,0.00311932,0.0116393
2216,1749141272,2025-06-05 16:34 UTC,202371,276842,4.39971,6.55597,0.023,0.0476624,1.56668e-06,6.67388e-06,0.00585311,0.0336726,0.0722078,0.00319212,0.0116998
2217,1749141572,2025-06-05 16:39 UTC,202255,276559,4.39171,6.57143,0.025163,0.0494476,1.93918e-06,1.16653e-05,0.00585311,0.0335499,0.0725485,0.00366961,0.0125916
2218,1749141872,2025-06-05 16:44 UTC,202141,276274,4.38375,6.58688,0.0285177,0.0527276,1.86389e-06,1.00907e-05,0.00585311,0.0334288,0.0728901,0.00457216,0.0143182
2219,1749142172,2025-06-05 16:49 UTC,202030,275987,4.37581,6.60233,0.0326857,0.0572461,2.39428e-06,2.12521e-05,0.00585311,0.0333093,0.0732325,0.00590719,0.0168766
2220,1749142471,2025-06-05 16:54 UTC,201921,275699,4.36794,6.61773,0.0373891,0.0627163,2.42725e-06,8.34155e-06,0.00585307,0.0331918,0.0735745,0.00766528,0.0202552
2221,1749142771,2025-06-05 16:59 UTC,201815,275408,4.36007,6.63318,0.0424859,0.0689439,2.87799e-06,1.49785e-05,0.00585297,0.0330754,0.0739185,0.00985413,0.0244781
2222,1749143071,2025-06-05 17:04 UTC,201711,275116,4.35224,6.64863,0.0483332,0.0755028,3.61668e-06,1.33194e-05,0.00585297,0.0329606,0.0742633,0.012692,0.0293552
2223,1749143371,2025-06-05 17:09 UTC,201610,274822,4.34444,6.66409,0.0544538,0.0824736,4.31631e-06,1.27882e-05,0.00585297,0.0328474,0.0746089,0.0160589,0.0350263
2224,1749143671,2025-06-05 17:14 UTC,201511,274526,4.33668,6.67954,0.0607336,0.0897797,4.46788e-06,1.60094e-05,0.00585297,0.0327358,0.0749552,0.0199332,0.041508
2225,1749143971,2025-06-05 17:19 UTC,201414,274229,4.32895,6.69499,0.0671297,0.0973455,5.21539e-06,1.51974e-05,0.00585297,0.0326257,0.0753024,0.0243135,0.0487982
2226,1749144271,2025-06-05 17:24 UTC,201319,273929,4.32125,6.71044,0.0736129,0.105115,5.71978e-06,1.71775e-05,0.00585297,0.0325172,0.0756504,0.0291996,0.056895
2227,1749144570,2025-06-05 17:29 UTC,201227,273628,4.31362,6.72584,0.0801409,0.11302,6.51745e-06,2.03563e-05,0.00585287,0.0324107,0.0759981,0.0345719,0.0657804
2228,1749144870,2025-06-05 17:34 UTC,201137,273324,4.306,6.74129,0.0867425,0.121081,7.09752e-06,2.25668e-05,0.00585287,0.0323054,0.0763477,0.0404666,0.0754954
2229,1749145170,2025-06-05 17:39 UTC,201049,273018,4.29841,6.75675,0.0933854,0.129247,7.50647e-06,1.89443e-05,0.00585297,0.0322016,0.076698,0.0468662,0.0860105
2230,1749145470,2025-06-05 17:44 UTC,200963,272711,4.29085,6.7722,0.100061,0.137501,8.03834e-06,2.21316e-05,0.00585297,0.0320994,0.0770493,0.0537706,0.0973558
2231,1749145770,2025-06-05 17:49 UTC,200879,272402,4.28334,6.78765,0.106764,0.145826,8.80918e-06,2.31915e-05,0.00585292,0.0319988,0.0774013,0.0611791,0.109504
2232,1749146070,2025-06-05 17:54 UTC,200797,272091,4.27586,6.8031,0.11349,0.154212,9.2233e-06,3.48629e-05,0.00585292,0.0318998,0.0777542,0.0690929,0.122455
2233,1749146370,2025-06-05 17:59 UTC,200717,271778,4.26841,6.81855,0.120234,0.162649,9.64411e-06,3.96342e-05,0.00585297,0.0318024,0.0781078,0.0775112,0.136225
2234,1749146669,2025-06-05 18:04 UTC,200670,271609,4.29272,6.85013,0.126152,0.16889,9.20024e-06,3.34182e-05,0.00585297,0.032162,0.0788327,0.0852614,0.146883
2235,1749146969,2025-06-05 18:09 UTC,200637,271493,4.32072,6.88362,0.132004,0.174908,9.81152e-06,3.94859e-05,0.00585297,0.0325776,0.0796055,0.0932853,0.157532
2236,1749147269,2025-06-05 18:14 UTC,200607,271381,4.34879,6.91713,0.137861,0.180928,1.02407e-05,2.98333e-05,0.00585292,0.0329971,0.0803824,0.101681,0.168564
2237,1749147569,2025-06-05 18:19 UTC,200581,271273,4.37692,6.95065,0.143721,0.186951,1.03963e-05,3.05995e-05,0.00585282,0.0334205,0.0811633,0.110447,0.179975
2238,1749147869,2025-06-05 18:24 UTC,200558,271185,4.40512,6.98417,0.149585,0.192975,1.12433e-05,4.83769e-05,0.00585287,0.0338478,0.0819482,0.119584,0.191765
2239,1749148169,2025-06-05 18:29 UTC,200538,271101,4.43337,7.01771,0.155452,0.199028,1.16618e-05,3.6235e-05,0.00585297,0.0342791,0.0827371,0.129093,0.203983
2240,1749148469,2025-06-05 18:34 UTC,200521,271019,4.46168,7.05126,0.161321,0.205831,1.23834e-05,4.91163e-05,0.00585297,0.0347143,0.0835301,0.138972,0.218149
2241,1749148768,2025-06-05 18:39 UTC,200508,270940,4.48995,7.08471,0.167173,0.213785,1.23942e-05,5.80848e-05,0.00585292,0.0351519,0.0843245,0.149189,0.235338
2242,1749149068,2025-06-05 18:44 UTC,200498,270863,4.51837,7.11828,0.173047,0.221766,1.3515e-05,4.4611e-05,0.00585287,0.035595,0.0851255,0.159808,0.25322
2243,1749149368,2025-06-05 18:49 UTC,200491,270789,4.54684,7.15186,0.178922,0.229747,1.32604e-05,0.000116977,0.00585292,0.036042,0.0859306,0.170802,0.271787
2244,1749149668,2025-06-05 18:54 UTC,200487,270718,4.57536,7.18545,0.1848,0.237727,1.41097e-05,0.000143504,0.00585277,0.0364929,0.0867396,0.182164,0.290994
2245,1749149968,2025-06-05 18:59 UTC,200486,270649,4.60394,7.21905,0.190679,0.245708,1.47721e-05,0.000159391,0.00585277,0.0369478,0.0875527,0.193897,0.310857
2246,1749150268,2025-06-05 19:04 UTC,200488,270582,4.63256,7.25266,0.194943,0.251583,1.113e-05,0.000173384,0.00585282,0.0374067,0.0883699,0.202626,0.325924
2247,1749150567,2025-06-05 19:09 UTC,200501,270518,4.66114,7.28617,0.199002,0.257186,1.13772e-05,0.000184944,0.00585282,0.0378679,0.0891883,0.211103,0.340595
2248,1749150867,2025-06-05 19:14 UTC,200509,270456,4.68986,7.3198,0.203075,0.262809,1.12975e-05,0.000202857,0.00585282,0.0383346,0.0900134,0.219787,0.355662
2249,1749151167,2025-06-05 19:19 UTC,200520,270397,4.71863,7.35344,0.207149,0.268432,0.000158911,0.00132458,0.00585282,0.0388067,0.0908434,0.228844,0.371214
2250,1749151467,2025-06-05 19:24 UTC,200534,270340,4.74745,7.38708,0.211224,0.274054,0.000160155,0.000517647,0.00585282,0.0392786,0.0916761,0.237503,0.385949
2251,1749151767,2025-06-05 19:29 UTC,200551,270286,4.7763,7.42074,0.2153,0.279677,0.00012912,0.000428105,0.00585287,0.0397592,0.0925132,0.247001,0.403074
2252,1749152067,2025-06-05 19:34 UTC,200570,270233,4.80521,7.4544,0.219376,0.285299,8.6164e-05,0.00028814,0.00585287,0.040241,0.0933545,0.256302,0.419251
2253,1749152367,2025-06-05 19:39 UTC,200592,270183,4.83415,7.48808,0.223453,0.290922,9.40334e-05,0.000326833,0.00585287,0.0407267,0.0941998,0.265759,0.435496
2254,1749152666,2025-06-05 19:44 UTC,200617,270136,4.86304,7.52165,0.227517,0.296526,6.94022e-05,0.000323467,0.00585282,0.0412163,0.0950462,0.275607,0.452717
2255,1749152966,2025-06-05 19:49 UTC,200645,270090,4.89207,7.55534,0.231596,0.302149,8.15045e-05,0.000318424,0.00585273,0.0417107,0.0958999,0.285549,0.470193
2256,1749153266,2025-06-05 19:54 UTC,200675,270047,4.92114,7.58904,0.235674,0.307771,6.47761e-05,0.000380982,0.00585268,0.0422084,0.0967571,0.295557,0.487279
2257,1749153566,2025-06-05 19:59 UTC,200708,270006,4.95025,7.62275,0.239754,0.313394,5.76782e-05,0.000375044,0.00585287,0.0427118,0.0976184,0.306014,0.505491
2258,1749153866,2025-06-05 20:04 UTC,200744,269968,4.97939,7.65646,0.241751,0.315959,6.28544e-05,0.000376609,0.00585282,0.0432174,0.098484,0.310978,0.514115
2259,1749154166,2025-06-05 20:09 UTC,200782,269931,5.00858,7.69019,0.243484,0.318133,4.86268e-05,0.000392186,0.00585277,0.043728,0.0993535,0.315464,0.521375
2260,1749154466,2025-06-05 20:14 UTC,200822,269897,5.0378,7.72392,0.245219,0.320307,4.14857e-05,0.000429241,0.00585277,0.044242,0.100227,0.319866,0.528169
2261,1749154765,2025-06-05 20:19 UTC,200866,269865,5.06696,7.75754,0.246951,0.322474,3.96902e-05,0.00042809,0.00585282,0.0447584,0.101102,0.324339,0.535629
2262,1749155065,2025-06-05 20:24 UTC,200911,269835,5.09626,7.79129,0.248691,0.324648,3.63655e-05,0.000480408,0.00585273,0.0452804,0.101983,0.328833,0.542642
2263,1749155365,2025-06-05 20:29 UTC,200959,269807,5.12559,7.84147,0.250433,0.326822,2.98795e-05,0.000465782,0.00585268,0.0458066,0.103301,0.333419,0.550016
2264,1749155665,2025-06-05 20:34 UTC,201010,269781,5.15495,7.89395,0.252177,0.328996,4.74455e-05,0.000506698,0.00585268,0.046336,0.104688,0.337911,0.556977
2265,1749155965,2025-06-05 20:39 UTC,201063,269757,5.18435,7.94644,0.253923,0.331171,2.75278e-05,0.000536527,0.00585273,0.0468708,0.106085,0.342665,0.564642
2266,1749156265,2025-06-05 20:44 UTC,201118,269736,5.21378,8.01252,0.255671,0.333345,3.62123e-05,0.000553788,0.00585268,0.0474085,0.107857,0.347292,0.57202
2267,1749156565,2025-06-05 20:49 UTC,201176,269716,5.24324,8.08922,0.257421,0.335519,5.88391e-05,0.0010194,0.00587804,0.0479503,0.109932,0.35196,0.579538
2268,1749156864,2025-06-05 20:54 UTC,201236,269698,5.27264,8.16567,0.259167,0.337686,4.24477e-05,0.00060064,0.00587794,0.0484945,0.112019,0.356701,0.587321
2269,1749157164,2025-06-05 20:59 UTC,201298,269683,5.30217,8.24238,0.260921,0.33986,3.46915e-05,0.000668613,0.00588536,0.0490441,0.114134,0.361444,0.594734
2270,1749157464,2025-06-05 21:04 UTC,201403,269713,5.3138,8.25339,0.260169,0.338857,2.05063e-05,0.000655179,0.00588546,0.0492432,0.114439,0.359365,0.591369
2271,1749157764,2025-06-05 21:09 UTC,201525,269760,5.32308,8.25544,0.259075,0.337421,2.26723e-05,0.000714351,0.00588541,0.0493957,0.114496,0.356313,0.586271
2272,1749158064,2025-06-05 21:14 UTC,201652,269810,5.33246,8.2575,0.257983,0.335984,2.20843e-05,0.00078533,0.0058855,0.0495499,0.114553,0.353244,0.581368
2273,1749158364,2025-06-05 21:19 UTC,201783,269863,5.34193,8.25956,0.256892,0.334548,1.96744e-05,0.000957153,0.0058855,0.0497064,0.11461,0.350244,0.576501
2274,1749158663,2025-06-05 21:24 UTC,201919,269918,5.35146,8.26163,0.255806,0.333116,1.37491e-05,0.00133894,0.0058855,0.0498639,0.114668,0.347204,0.571419
2275,1749158963,2025-06-05 21:29 UTC,202059,269976,5.36111,8.2637,0.254718,0.33168,1.26973e-05,0.0024584,0.00588555,0.0500243,0.114725,0.344214,0.566543
2276,1749159263,2025-06-05 21:34 UTC,202203,270037,5.37086,8.26579,0.253631,0.330243,1.60397e-05,0.00172268,0.0058855,0.0501866,0.114783,0.341245,0.56174
2277,1749159563,2025-06-05 21:39 UTC,202351,270100,5.3807,8.26788,0.252546,0.328807,1.02225e-05,0.00170094,0.00588546,0.0503507,0.114841,0.338267,0.55679
2278,1749159863,2025-06-05 21:44 UTC,202504,270166,5.39062,8.26997,0.251462,0.32737,9.51134e-06,0.000796867,0.0058855,0.0505168,0.114899,0.335308,0.551855
2279,1749160163,2025-06-05 21:49 UTC,202661,270235,5.40064,8.27208,0.250379,0.325934,1.04861e-05,0.000274461,0.00588546,0.050685,0.114958,0.332373,0.547087
2280,1749160463,2025-06-05 21:54 UTC,202821,270306,5.41074,8.2761,0.249297,0.324498,8.47726e-06,0.000246692,0.00588536,0.0508551,0.11507,0.329461,0.542308
2281,1749160762,2025-06-05 21:59 UTC,202986,270379,5.42089,8.28013,0.248221,0.323066,7.71213e-06,0.000227388,0.00588541,0.0510266,0.115182,0.326566,0.53753
2282,1749161062,2025-06-05 22:04 UTC,203154,270455,5.43116,8.28418,0.244711,0.318875,1.25187e-05,0.000198558,0.00588541,0.0512008,0.115294,0.317453,0.523778
2283,1749161362,2025-06-05 22:09 UTC,203326,270534,5.44152,8.28824,0.240849,0.314285,1.09118e-05,0.000200216,0.00588541,0.0513768,0.115408,0.307558,0.508723
2284,1749161662,2025-06-05 22:14 UTC,203502,270614,5.45196,8.29231,0.236987,0.309694,1.11143e-05,0.000187812,0.00588541,0.0515548,0.115521,0.297822,0.493936
2285,1749161962,2025-06-05 22:19 UTC,203681,270698,5.46248,8.29639,0.233126,0.305103,1.22265e-05,0.000171605,0.00588541,0.0517348,0.115635,0.28826,0.479438
2286,1749162262,2025-06-05 22:24 UTC,203864,270783,5.47308,8.30048,0.229266,0.30102,1.20941e-05,0.000164821,0.00588541,0.0519167,0.115749,0.278846,0.46666
2287,1749162562,2025-06-05 22:29 UTC,204051,270871,5.48376,8.30457,0.225406,0.296957,1.21435e-05,0.000152611,0.00588546,0.0521007,0.115863,0.269603,0.454171
2288,1749162861,2025-06-05 22:34 UTC,204241,270962,5.49448,8.30866,0.22156,0.292907,1.45714e-05,0.000137315,0.00588546,0.052286,0.115977,0.260553,0.441896
2289,1749163161,2025-06-05 22:39 UTC,204434,271055,5.50532,8.31278,0.217702,0.288845,7.31716e-06,0.000132426,0.0058855,0.0524737,0.116092,0.251603,0.429693
2290,1749163461,2025-06-05 22:44 UTC,204631,271150,5.51624,8.3169,0.213845,0.284783,1.15295e-05,0.000127988,0.00588536,0.0526636,0.116207,0.242845,0.417717
2291,1749163761,2025-06-05 22:49 UTC,204831,271247,5.52723,8.32103,0.209989,0.280722,8.65807e-06,0.00012004,0.00588541,0.0528554,0.116322,0.234228,0.405867
2292,1749164061,2025-06-05 22:54 UTC,205034,271346,5.5383,8.32516,0.206133,0.276661,1.17125e-05,0.000113788,0.00588541,0.0530492,0.116438,0.225788,0.39423
2293,1749164361,2025-06-05 22:59 UTC,205240,271448,5.54945,8.32931,0.202279,0.272601,9.7011e-06,0.000107934,0.00588546,0.053245,0.116554,0.217495,0.382757
2294,1749164661,2025-06-05 23:04 UTC,205450,271553,5.56067,8.33346,0.196943,0.266526,1.16936e-05,0.000102387,0.00588546,0.0534428,0.11667,0.206265,0.365899
2295,1749164960,2025-06-05 23:09 UTC,205663,271659,5.57193,8.33761,0.191406,0.260171,1.44025e-05,9.24022e-05,0.00588546,0.0536419,0.116787,0.194927,0.348668
2296,1749165260,2025-06-05 23:14 UTC,205879,271767,5.5833,8.34179,0.185853,0.253796,1.10363e-05,0.000111835,0.00588541,0.0538435,0.116904,0.183869,0.331786
2297,1749165560,2025-06-05 23:19 UTC,206098,271878,5.59474,8.34597,0.180304,0.247421,1.12373e-05,8.10162e-05,0.00588546,0.0540472,0.117021,0.173149,0.31534
2298,1749165860,2025-06-05 23:24 UTC,206311,271991,5.60626,8.35016,0.174758,0.241048,1.25018e-05,7.86927e-05,0.00588546,0.0542528,0.117138,0.162761,0.299286
2299,1749166160,2025-06-05 23:29 UTC,206536,272105,5.61784,8.35435,0.169217,0.234675,1.07641e-05,7.28674e-05,0.00588555,0.0544604,0.117256,0.152697,0.283636
2300,1749166460,2025-06-05 23:34 UTC,206764,272222,5.6295,8.35856,0.16368,0.228316,1.1872e-05,6.93305e-05,0.0058856,0.05467,0.117374,0.14297,0.268516
2301,1749166759,2025-06-05 23:39 UTC,206994,272341,5.64119,8.36276,0.158166,0.222021,9.97941e-06,6.34348e-05,0.00588565,0.0548808,0.117492,0.133598,0.253901
2302,1749167059,2025-06-05 23:44 UTC,207227,272475,5.65299,8.36698,0.152639,0.215706,9.8331e-06,5.94212e-05,0.00588565,0.0550944,0.117611,0.124528,0.239667
2303,1749167359,2025-06-05 23:49 UTC,207463,272625,5.66485,8.37121,0.147118,0.209393,1.08778e-05,5.46101e-05,0.00588575,0.0553099,0.11773,0.11579,0.225845
2304,1749167659,2025-06-05 23:54 UTC,207702,272929,5.67679,8.37545,0.141605,0.203101,1.05486e-05,5.52897e-05,0.0058857,0.0555274,0.117849,0.10738,0.212488
2305,1749167959,2025-06-05 23:59 UTC,207943,273255,5.68879,8.3797,0.136099,0.196888,9.45728e-06,4.89171e-05,0.00588565,0.0557468,0.117968,0.0992988,0.199679
2306,1749168259,2025-06-06 00:04 UTC,208208,273585,5.67964,8.38698,0.130289,0.189782,1.05085e-05,4.95509e-05,0.0058857,0.0555615,0.118174,0.0910549,0.185547
2307,1749168559,2025-06-06 00:09 UTC,208484,273917,5.66718,8.39475,0.124431,0.182535,8.80892e-06,4.3572e-05,0.0058857,0.0553134,0.118393,0.0830968,0.171637
2308,1749168858,2025-06-06 00:14 UTC,208764,274252,5.65479,8.40249,0.118597,0.175314,1.06421e-05,0.000102079,0.0058858,0.0550677,0.118611,0.0755362,0.158323
2309,1749169158,2025-06-06 00:19 UTC,209047,274591,5.6424,8.41026,0.112746,0.168072,9.05377e-06,3.63229e-05,0.0058858,0.0548226,0.11883,0.0683136,0.145507
2310,1749169458,2025-06-06 00:24 UTC,209334,274932,5.63005,8.42012,0.106898,0.160848,8.59038e-06,2.95697e-05,0.00588575,0.054579,0.119109,0.0614606,0.133264
2311,1749169758,2025-06-06 00:29 UTC,209625,275275,5.61774,8.43159,0.101056,0.153638,8.79765e-06,4.87785e-05,0.0058857,0.054337,0.119434,0.0549779,0.121586
2312,1749170058,2025-06-06 00:34 UTC,209919,275622,5.60547,8.44305,0.0952187,0.146432,7.68925e-06,3.19695e-05,0.0058857,0.0540965,0.119759,0.0488623,0.110461
2313,1749170358,2025-06-06 00:39 UTC,210216,275971,5.59324,8.45452,0.0893881,0.139231,7.20892e-06,2.90149e-05,0.00588575,0.0538575,0.120085,0.0431157,0.0998619
2314,1749170658,2025-06-06 00:44 UTC,210517,276322,5.58105,8.46599,0.0835652,0.132037,6.7366e-06,2.57445e-05,0.00588575,0.05362,0.120411,0.037738,0.089807
2315,1749170957,2025-06-06 00:49 UTC,210821,276677,5.56893,8.47742,0.0777711,0.124873,6.91692e-06,2.52819e-05,0.00588575,0.0533849,0.120736,0.0327457,0.0803248
2316,1749171257,2025-06-06 00:54 UTC,211129,277034,5.55682,8.48889,0.0719695,0.117693,7.70304e-06,2.15926e-05,0.00588575,0.0531505,0.121063,0.0281048,0.0713477
2317,1749171557,2025-06-06 00:59 UTC,211440,277393,5.54474,8.50036,0.0661827,0.110524,6.74538e-06,3.02912e-05,0.0058858,0.0529176,0.12139,0.0238319,0.0629222
2318,1749171857,2025-06-06 01:04 UTC,211753,277755,5.53271,8.51183,0.0609558,0.103886,5.88007e-06,2.99333e-05,0.00588575,0.0526862,0.121718,0.0202686,0.0555932
2319,1749172157,2025-06-06 01:09 UTC,212070,278119,5.52071,8.5233,0.0558363,0.0973458,5.10096e-06,2.64193e-05,0.00588575,0.0524563,0.122046,0.0170596,0.0488182
2320,1749172457,2025-06-06 01:14 UTC,212390,278486,5.50876,8.53477,0.0507377,0.0908316,4.37126e-06,2.21992e-05,0.00588575,0.052228,0.122375,0.0141423,0.0424958
2321,1749172757,2025-06-06 01:19 UTC,212713,278855,5.49684,8.54624,0.045667,0.0843347,4.07102e-06,1.43371e-05,0.00588575,0.0520011,0.122704,0.0115167,0.0366354
2322,1749173056,2025-06-06 01:24 UTC,213039,279227,5.485,8.55767,0.0406513,0.0778807,3.54219e-06,1.64121e-05,0.0058858,0.0517766,0.123033,0.00918968,0.0312426
2323,1749173356,2025-06-06 01:29 UTC,213368,279600,5.47317,8.56914,0.0356729,0.0714324,3.08777e-06,1.44148e-05,0.0058858,0.0515528,0.123363,0.00714662,0.0262876
2324,1749173656,2025-06-06 01:34 UTC,213699,279976,5.46137,8.58062,0.0307755,0.0650195,3.27997e-06,1.62376e-05,0.0058858,0.0513306,0.123693,0.00539509,0.0217748
2325,1749173956,2025-06-06 01:39 UTC,214034,280355,5.44962,8.59209,0.0260078,0.0586536,2.76166e-06,1.34678e-05,0.0058858,0.0511098,0.124024,0.00393463,0.0177221
2326,1749174256,2025-06-06 01:44 UTC,214371,280735,5.4379,8.60356,0.0214701,0.0523712,2.71471e-06,2.03812e-05,0.0058858,0.0508906,0.124356,0.00276376,0.014129
2327,1749174556,2025-06-06 01:49 UTC,214711,281118,5.42623,8.61503,0.0174215,0.0461961,2.7707e-06,1.42393e-05,0.00588575,0.0506729,0.124687,0.00187724,0.0109933
2328,1749174856,2025-06-06 01:54 UTC,215053,281503,5.4146,8.6265,0.0144169,0.0402036,2.14122e-06,1.41081e-05,0.00588575,0.0504568,0.12502,0.0012563,0.00832579
2329,1749175155,2025-06-06 01:59 UTC,215399,281890,5.40305,8.63793,0.013044,0.0344678,2.37325e-06,1.50404e-05,0.00588575,0.0502429,0.125351,0.000878128,0.00612008
2330,1749175455,2025-06-06 02:04 UTC,215746,282279,5.3915,8.6494,0.0134343,0.0304309,1.81209e-06,1.31502e-05,0.00588575,0.0500297,0.125685,0.00079626,0.00476923
2331,1749175755,2025-06-06 02:09 UTC,216097,282670,5.37999,8.66088,0.0147966,0.0282679,1.62834e-06,1.33179e-05,0.0058858,0.0498181,0.126018,0.000920205,0.0041152
2332,1749176055,2025-06-06 02:14 UTC,216450,283064,5.36853,8.67235,0.0167675,0.0300297,1.86602e-06,1.31206e-05,0.00588575,0.049608,0.126352,0.0012424,0.00464359
2333,1749176355,2025-06-06 02:19 UTC,216805,283459,5.35711,8.68382,0.0191772,0.035057,1.54496e-06,1.27582e-05,0.00588575,0.0493995,0.126687,0.00173691,0.00632911
2334,1749176655,2025-06-06 02:24 UTC,217163,283856,5.34573,8.69529,0.0219181,0.0401129,1.99385e-06,2.01473e-05,0.00588575,0.0491925,0.127022,0.0023858,0.00828587
2335,1749176954,2025-06-06 02:29 UTC,217523,284256,5.33444,8.70673,0.024895,0.045171,2.06339e-06,1.13663e-05,0.00588575,0.0489876,0.127356,0.00318117,0.0105069
2336,1749177254,2025-06-06 02:34 UTC,217886,284657,5.32315,8.7182,0.0280667,0.0503326,1.60798e-06,1.17797e-05,0.00588575,0.0487836,0.127692,0.00412805,0.0130462
2337,1749177554,2025-06-06 02:39 UTC,218251,285061,5.3119,8.72967,0.0313773,0.0555088,2.51717e-06,1.25637e-05,0.00588575,0.0485812,0.128028,0.00522445,0.0158663
2338,1749177854,2025-06-06 02:44 UTC,218618,285466,5.3007,8.74115,0.0347915,0.0606922,1.83899e-06,1.13072e-05,0.00588575,0.0483802,0.128365,0.00647263,0.0189698
2339,1749178154,2025-06-06 02:49 UTC,218988,285873,5.28955,8.75262,0.0382829,0.0658811,2.05949e-06,1.05375e-05,0.00588575,0.0481808,0.128702,0.00787249,0.0223464
2340,1749178454,2025-06-06 02:54 UTC,219359,286282,5.27844,8.76409,0.0418323,0.0710749,2.19636e-06,9.27427e-06,0.00588575,0.0479829,0.12904,0.0094251,0.0260149
2341,1749178754,2025-06-06 02:59 UTC,219733,286693,5.26737,8.77557,0.0454254,0.0762746,2.1142e-06,9.93663e-06,0.00588575,0.0477865,0.129378,0.0111305,0.0299592
2342,1749179053,2025-06-06 03:04 UTC,220089,287058,5.24211,8.7316,0.0472173,0.0789637,2.4343e-06,1.06587e-05,0.00588575,0.0473041,0.128085,0.0120443,0.0321086
2343,1749179353,2025-06-06 03:09 UTC,220440,287401,5.21434,8.67742,0.0486965,0.0812438,2.19294e-06,1.14775e-05,0.00588575,0.0467726,0.1265,0.0128287,0.0339912
2344,1749179653,2025-06-06 03:14 UTC,220791,287761,5.18676,8.62329,0.050187,0.0835612,2.55727e-06,1.62917e-05,0.00588575,0.0462466,0.124927,0.0136415,0.0359584
2345,1749179953,2025-06-06 03:19 UTC,221143,288117,5.15937,8.56921,0.0516878,0.0859128,2.20349e-06,1.88071e-05,0.00588575,0.045726,0.123365,0.014483,0.0380099
2346,1749180253,2025-06-06 03:24 UTC,221495,288466,5.13217,8.51518,0.0531981,0.0882959,2.07779e-06,1.99879e-05,0.00588575,0.0452109,0.121814,0.0153531,0.0401501
2347,1749180553,2025-06-06 03:29 UTC,221848,288808,5.10515,8.4612,0.0547169,0.090708,2.04761e-06,1.01072e-05,0.00588575,0.0447013,0.120274,0.0162521,0.0423709
2348,1749180853,2025-06-06 03:34 UTC,222201,289142,5.07833,8.40727,0.0562435,0.0931469,2.20144e-06,1.34111e-05,0.00588575,0.0441971,0.118746,0.0171797,0.0446798
2349,1749181152,2025-06-06 03:39 UTC,222554,289470,5.05177,8.35357,0.0577722,0.0956023,2.03926e-06,7.87888e-06,0.00588575,0.0437001,0.117234,0.0181331,0.0470637
2350,1749181452,2025-06-06 03:44 UTC,222908,289791,5.02531,8.29975,0.0593127,0.0980887,2.16101e-06,1.32638e-05,0.00588575,0.0432068,0.115728,0.0191183,0.0495498
2351,1749181752,2025-06-06 03:49 UTC,223263,290106,4.99904,8.24598,0.0608591,0.100596,2.18996e-06,2.59959e-05,0.00588575,0.0427191,0.114234,0.0201324,0.0521137
2352,1749182052,2025-06-06 03:54 UTC,223618,290414,4.97295,8.19227,0.0624112,0.103123,2.10855e-06,1.39413e-05,0.00588575,0.0422368,0.11275,0.0211754,0.0547658
2353,1749182352,2025-06-06 03:59 UTC,223974,290716,4.94705,8.13861,0.0639684,0.105669,2.17914e-06,8.60864e-06,0.0058858,0.04176,0.111278,0.0222472,0.0575009
2354,1749182652,2025-06-06 04:04 UTC,224330,291013,4.92133,8.08502,0.063272,0.10399,1.30184e-06,4.58445e-06,0.0058858,0.0412887,0.109817,0.0217338,0.0556915
2355,1749182952,2025-06-06 04:09 UTC,224686,291303,4.89579,8.03148,0.0621493,0.101514,1.36531e-06,5.50428e-06,0.0058858,0.0408229,0.108368,0.0209317,0.0530709
2356,1749183251,2025-06-06 04:14 UTC,225044,291588,4.87053,7.97818,0.0610344,0.0990549,1.29371e-06,5.56609e-06,0.0058858,0.0403641,0.106934,0.0201496,0.0505294
2357,1749183551,2025-06-06 04:19 UTC,225401,291867,4.84536,7.95866,0.05992,0.0965983,1.23135e-06,6.61164e-06,0.0058858,0.0399094,0.106412,0.0193835,0.048055
2358,1749183851,2025-06-06 04:24 UTC,225760,292141,4.82038,7.96098,0.0588101,0.0941538,1.28004e-06,4.86375e-06,0.00588575,0.0394601,0.106474,0.0186356,0.0456558
2359,1749184151,2025-06-06 04:29 UTC,226119,292410,4.79558,7.9633,0.0577052,0.0917229,1.15898e-06,5.15634e-06,0.0058857,0.0390163,0.106536,0.0179057,0.0433276
2360,1749184451,2025-06-06 04:34 UTC,226478,292674,4.77097,7.96562,0.0566054,0.0893051,1.15955e-06,5.09941e-06,0.0058857,0.0385781,0.106598,0.0171946,0.0410749
2361,1749184751,2025-06-06 04:39 UTC,226838,292933,4.74655,7.96794,0.0555112,0.0869014,1.14583e-06,6.17894e-06,0.0058857,0.0381454,0.10666,0.0165016,0.0388927
2362,1749185050,2025-06-06 04:44 UTC,227199,293187,4.72239,7.97025,0.0544266,0.084521,1.15007e-06,4.71696e-06,0.0058857,0.0377197,0.106722,0.0158287,0.036792
2363,1749185350,2025-06-06 04:49 UTC,227560,293436,4.69835,7.97258,0.0533448,0.082173,1.12163e-06,5.97521e-06,0.0058857,0.0372982,0.106784,0.0151718,0.0347752
2364,1749185650,2025-06-06 04:54 UTC,227922,293681,4.67449,7.9749,0.0522698,0.0798741,1.19946e-06,4.65963e-06,0.0058857,0.0368821,0.106846,0.0145333,0.0328576
2365,1749185950,2025-06-06 04:59 UTC,228284,293921,4.65082,7.97723,0.0512022,0.0775942,1.16104e-06,5.35572e-06,0.0058857,0.0364717,0.106909,0.0139125,0.0310097
2366,1749186250,2025-06-06 05:04 UTC,228647,294157,4.62734,7.97956,0.0486139,0.0731441,1.37175e-06,5.88585e-06,0.0058857,0.0360668,0.106971,0.0125137,0.0275537
2367,1749186550,2025-06-06 05:09 UTC,229010,294389,4.60405,7.98189,0.0457386,0.0682733,1.68134e-06,1.06641e-05,0.0058857,0.0356675,0.107034,0.0110508,0.0240065
2368,1749186850,2025-06-06 05:14 UTC,229375,294616,4.58095,7.98422,0.0428865,0.0634301,1.34064e-06,5.22615e-06,0.0058857,0.0352738,0.107096,0.00968975,0.0207211
2369,1749187149,2025-06-06 05:19 UTC,229739,294839,4.55813,7.98655,0.0400724,0.0586741,1.819e-06,9.18453e-06,0.0058857,0.0348871,0.107159,0.00843553,0.01773
2370,1749187449,2025-06-06 05:24 UTC,230105,295058,4.53542,7.98888,0.037284,0.0540701,1.81914e-06,7.42394e-06,0.0058857,0.0345046,0.107221,0.00727891,0.0150569
2371,1749187749,2025-06-06 05:29 UTC,230470,295274,4.51291,7.99122,0.0345394,0.0499594,1.78398e-06,1.60845e-05,0.0058857,0.0341278,0.107284,0.00622454,0.0128554
2372,1749188049,2025-06-06 05:34 UTC,230837,295485,4.4906,7.99356,0.0318507,0.0459283,1.64554e-06,6.15405e-06,0.0058857,0.0337566,0.107347,0.00527241,0.0108636
2373,1749188349,2025-06-06 05:39 UTC,231204,295692,4.46849,7.9959,0.0292336,0.0419998,1.55917e-06,8.17939e-06,0.0058857,0.0333911,0.10741,0.00442204,0.00908476
2374,1749188649,2025-06-06 05:44 UTC,231572,295896,4.44657,7.99824,0.0267104,0.0382055,1.57146e-06,6.90967e-06,0.0058857,0.0330313,0.107473,0.00367339,0.00751825
2375,1749188949,2025-06-06 05:49 UTC,231940,296097,4.42486,8.00058,0.0243116,0.0352925,1.509e-06,7.87089e-06,0.0058857,0.0326771,0.107536,0.00302601,0.00641482
2376,1749189248,2025-06-06 05:54 UTC,232309,296293,4.40343,8.00292,0.0220866,0.0328603,1.43441e-06,6.5154e-06,0.0058857,0.0323298,0.107598,0.00248115,0.00556178
2377,1749189548,2025-06-06 05:59 UTC,232678,296486,4.38213,8.00526,0.0200779,0.0306218,1.42658e-06,7.72698e-06,0.0058857,0.0319871,0.107661,0.0020346,0.00482864
2378,1749189848,2025-06-06 06:04 UTC,232994,296661,4.37662,8.01346,0.0183332,0.0291511,1.36876e-06,1.1327e-05,0.0058857,0.0319008,0.107882,0.00170235,0.00437649
2379,1749190148,2025-06-06 06:09 UTC,233287,296825,4.37449,8.02298,0.0170581,0.0292991,1.47805e-06,8.67311e-06,0.0058857,0.0318697,0.108139,0.00149307,0.0044209
2380,1749190448,2025-06-06 06:14 UTC,233574,296983,4.37248,8.03261,0.0163849,0.0300052,1.34173e-06,8.48857e-06,0.0058857,0.0318407,0.108398,0.00140626,0.00463641
2381,1749190748,2025-06-06 06:19 UTC,233854,297135,4.37058,8.04233,0.0163645,0.0312315,1.37885e-06,5.97902e-06,0.0058857,0.031814,0.108661,0.00144049,0.00502336
2382,1749191048,2025-06-06 06:24 UTC,234127,297281,4.36878,8.05215,0.016997,0.0329201,1.40354e-06,7.70821e-06,0.0058857,0.0317894,0.108926,0.00159327,0.00558088
2383,1749191347,2025-06-06 06:29 UTC,234395,297422,4.36711,8.06203,0.0182202,0.0349965,1.51456e-06,6.01225e-06,0.0058857,0.0317672,0.109194,0.0018612,0.00630759
2384,1749191647,2025-06-06 06:34 UTC,234657,297558,4.36555,8.07205,0.0199444,0.0374088,1.44203e-06,7.72999e-06,0.0058857,0.031747,0.109465,0.00224559,0.00720688
2385,1749191947,2025-06-06 06:39 UTC,234913,297688,4.36409,8.08216,0.0220553,0.0400912,1.77489e-06,8.74601e-06,0.0058857,0.0317291,0.10974,0.00274604,0.00827749
2386,1749192247,2025-06-06 06:44 UTC,235164,297813,4.36275,8.09238,0.0244526,0.0429932,1.68615e-06,7.91806e-06,0.0058857,0.0317134,0.110017,0.00336335,0.00951929
2387,1749192547,2025-06-06 06:49 UTC,235409,297932,4.36153,8.10269,0.027058,0.0460734,1.53325e-06,7.15294e-06,0.0058857,0.0316998,0.110298,0.00409823,0.0109316
2388,1749192847,2025-06-06 06:54 UTC,235648,298046,4.36042,8.11309,0.0298146,0.0492983,1.64536e-06,9.65283e-06,0.0058857,0.0316885,0.110581,0.00495087,0.0125161
2389,1749193147,2025-06-06 06:59 UTC,235882,298155,4.35942,8.1236,0.0326826,0.0526413,1.53236e-06,8.63112e-06,0.0058857,0.0316793,0.110868,0.00592166,0.0142711
2390,1749193446,2025-06-06 07:04 UTC,236111,298260,4.35854,8.13416,0.0352104,0.0549976,1.91307e-06,1.1074e-05,0.0058857,0.0316723,0.111156,0.00684002,0.015577
2391,1749193746,2025-06-06 07:09 UTC,236335,298359,4.35778,8.14486,0.0376965,0.0571434,1.50095e-06,9.0504e-06,0.0058857,0.0316675,0.111449,0.00780582,0.0168161
2392,1749194046,2025-06-06 07:14 UTC,236553,298453,4.35713,8.15565,0.0402116,0.0592946,1.66806e-06,1.03102e-05,0.0058857,0.0316649,0.111745,0.00884776,0.0181061
2393,1749194346,2025-06-06 07:19 UTC,236767,298542,4.3566,8.16653,0.0427501,0.0614506,1.88248e-06,1.14105e-05,0.0058857,0.0316644,0.112043,0.00996645,0.019447
2394,1749194646,2025-06-06 07:24 UTC,236976,298627,4.35618,8.17812,0.0453076,0.063611,1.55297e-06,1.98375e-05,0.0058857,0.0316661,0.112361,0.0111622,0.0208386
2395,1749194946,2025-06-06 07:29 UTC,237180,298707,4.35588,8.19056,0.0478809,0.0660522,2.14216e-06,1.28194e-05,0.0058857,0.03167,0.112703,0.0124342,0.0224691
2396,1749195245,2025-06-06 07:34 UTC,237379,298782,4.3557,8.20305,0.0504587,0.0685087,1.70225e-06,1.30748e-05,0.0058857,0.031676,0.113047,0.0137791,0.0241709
2397,1749195545,2025-06-06 07:39 UTC,237574,298853,4.35564,8.21569,0.0530561,0.0709788,2.16874e-06,1.4091e-05,0.0058857,0.0316841,0.113396,0.0152048,0.0259451
2398,1749195845,2025-06-06 07:44 UTC,237764,298919,4.3557,8.22843,0.055663,0.0745651,2.06027e-06,1.35175e-05,0.0058857,0.0316944,0.113748,0.0167079,0.0286324
2399,1749196145,2025-06-06 07:49 UTC,237950,298980,4.35588,8.24126,0.0582779,0.078202,1.85776e-06,2.43632e-05,0.0058857,0.0317069,0.114103,0.0182881,0.0314941
2400,1749196445,2025-06-06 07:54 UTC,238131,299037,4.35618,8.25419,0.0608997,0.0818437,1.93195e-06,1.43664e-05,0.0058857,0.0317215,0.114461,0.0199452,0.0344952
2401,1749196745,2025-06-06 07:59 UTC,238308,299090,4.3566,8.26722,0.0635276,0.0854896,2.20263e-06,1.47416e-05,0.0058857,0.0317382,0.114823,0.021679,0.0376378
2402,1749197045,2025-06-06 08:04 UTC,238481,299138,4.35714,8.28034,0.0651465,0.0876017,2.35462e-06,1.92482e-05,0.0058857,0.0317571,0.115188,0.0227784,0.0395214
2403,1749197344,2025-06-06 08:09 UTC,238649,299182,4.3578,8.29352,0.0665387,0.0893639,2.1288e-06,1.42631e-05,0.0058857,0.0317781,0.115554,0.0237445,0.0411272
2404,1749197644,2025-06-06 08:14 UTC,238813,299222,4.35858,8.30683,0.0679411,0.0911327,3.04743e-06,1.44124e-05,0.0058857,0.0318011,0.115926,0.0247362,0.0427706
2405,1749197944,2025-06-06 08:19 UTC,238973,299257,4.35949,8.32024,0.0693487,0.0929023,2.38546e-06,2.03104e-05,0.00588565,0.0318264,0.1163,0.0257533,0.0444449
2406,1749198244,2025-06-06 08:24 UTC,239129,299289,4.36052,8.33374,0.0707612,0.0946727,2.62075e-06,1.70812e-05,0.00588565,0.0318537,0.116678,0.0267944,0.0461557
2407,1749198544,2025-06-06 08:29 UTC,239281,299316,4.36167,8.34734,0.0721783,0.0964436,2.59142e-06,1.48529e-05,0.00588565,0.0318832,0.117059,0.0278598,0.0479016
2408,1749198844,2025-06-06 08:34 UTC,239430,299338,4.36295,8.36103,0.0735997,0.0982152,2.15698e-06,1.55976e-05,0.0058857,0.0319148,0.117444,0.0289501,0.0496746
2409,1749199144,2025-06-06 08:39 UTC,239574,299357,4.36436,8.37482,0.0750253,0.0999874,2.55759e-06,3.92519e-05,0.0058857,0.0319484,0.117831,0.0300636,0.0514873
2410,1749199443,2025-06-06 08:44 UTC,239714,299372,4.36588,8.38865,0.07645,0.101754,1.71851e-06,1.77785e-05,0.0058857,0.0319841,0.118221,0.0311989,0.0533251
2411,1749199743,2025-06-06 08:49 UTC,239851,299383,4.36754,8.40262,0.0778832,0.103528,2.13581e-06,1.58823e-05,0.0058857,0.0320219,0.118615,0.0323602,0.0551912
2412,1749200043,2025-06-06 08:54 UTC,239983,299389,4.36932,8.41668,0.0793198,0.105301,2.05905e-06,1.84693e-05,0.0058857,0.0320619,0.119012,0.0335469,0.0571023
2413,1749200343,2025-06-06 08:59 UTC,240112,299392,4.37123,8.43083,0.0807598,0.107076,1.89305e-06,1.86097e-05,0.0058857,0.0321039,0.119413,0.0347579,0.0590408
2414,1749200643,2025-06-06 09:04 UTC,240224,299406,4.38919,8.42984,0.080812,0.106938,1.96809e-06,1.75133e-05,0.0058857,0.0323842,0.119385,0.0347868,0.0588929
2415,1749200943,2025-06-06 09:09 UTC,240326,299423,4.41102,8.4254,0.0805428,0.106351,1.4575e-06,1.67442e-05,0.0058857,0.0327247,0.119259,0.034539,0.0582495
2416,1749201243,2025-06-06 09:14 UTC,240422,299439,4.43298,8.42108,0.0802788,0.105765,1.59451e-06,1.88015e-05,0.0058857,0.0330703,0.119136,0.0342933,0.0576093
2417,1749201542,2025-06-06 09:19 UTC,240512,299452,4.45501,8.41689,0.0800209,0.105181,1.87397e-06,1.77001e-05,0.0058857,0.0334197,0.119018,0.0340548,0.0569755
2418,1749201842,2025-06-06 09:24 UTC,240597,299463,4.47723,8.41281,0.0797674,0.104594,1.40297e-06,1.64005e-05,0.0058857,0.0337754,0.118903,0.0338178,0.0563404
2419,1749202142,2025-06-06 09:29 UTC,240677,299473,4.49959,8.40886,0.0795194,0.104008,1.66102e-06,1.6804e-05,0.0058857,0.0341362,0.118791,0.0335858,0.05571
2420,1749202442,2025-06-06 09:34 UTC,240751,299480,4.52208,8.40502,0.0792767,0.103422,1.31927e-06,1.78374e-05,0.0058857,0.034502,0.118683,0.0333581,0.0550826
2421,1749202742,2025-06-06 09:39 UTC,240819,299486,4.5447,8.40131,0.0790395,0.102835,1.29995e-06,1.73919e-05,0.0058857,0.0348729,0.118578,0.0331342,0.0544619
2422,1749203042,2025-06-06 09:44 UTC,240882,299489,4.56744,8.39772,0.0788078,0.102249,1.36689e-06,1.75925e-05,0.0058857,0.0352489,0.118476,0.0329145,0.0538398
2423,1749203341,2025-06-06 09:49 UTC,240940,299491,4.59023,8.39426,0.0785823,0.101665,1.45558e-06,1.65713e-05,0.0058857,0.0356288,0.118379,0.032699,0.0532286
2424,1749203641,2025-06-06 09:54 UTC,240993,299491,4.61322,8.39092,0.0783616,0.101078,1.21041e-06,1.63773e-05,0.0058857,0.036015,0.118285,0.0324877,0.0526158
2425,1749203941,2025-06-06 09:59 UTC,241040,299488,4.63634,8.3877,0.0781465,0.100492,1.54526e-06,1.60691e-05,0.0058857,0.0364064,0.118194,0.0322808,0.0520107
2426,1749204241,2025-06-06 10:04 UTC,241082,299484,4.65958,8.3846,0.076389,0.0981998,1.30008e-06,1.55758e-05,0.0058857,0.0368029,0.118106,0.0308347,0.0496633
2427,1749204541,2025-06-06 10:09 UTC,241120,299478,4.68295,8.38162,0.0742553,0.0954897,1.82449e-06,1.62517e-05,0.0058857,0.0372046,0.118023,0.0291312,0.0469613
2428,1749204841,2025-06-06 10:14 UTC,241152,299470,4.70644,8.37877,0.0721241,0.0927797,1.18492e-06,1.50213e-05,0.0058857,0.0376114,0.117942,0.0274768,0.0443329
2429,1749205141,2025-06-06 10:19 UTC,241179,299460,4.73005,8.37604,0.0699959,0.0900697,1.48748e-06,1.51461e-05,0.00588565,0.0380234,0.117866,0.0258748,0.0417798
2430,1749205440,2025-06-06 10:24 UTC,241202,299448,4.75371,8.37344,0.0678778,0.0873687,1.56834e-06,1.37131e-05,0.00588565,0.0384391,0.117792,0.0243281,0.0393143
2431,1749205740,2025-06-06 10:29 UTC,241219,299435,4.77757,8.37096,0.0657561,0.0846587,2.37502e-06,1.24547e-05,0.00588565,0.0388614,0.117723,0.0228264,0.0369156
2432,1749206040,2025-06-06 10:34 UTC,241232,299419,4.80155,8.3686,0.0636381,0.0819487,2.17341e-06,1.32457e-05,0.0058857,0.0392889,0.117656,0.0213768,0.0345896
2433,1749206340,2025-06-06 10:39 UTC,241240,299401,4.82565,8.36637,0.0615243,0.0792628,2.5003e-06,1.56328e-05,0.0058857,0.0397216,0.117593,0.019977,0.0323578
2434,1749206640,2025-06-06 10:44 UTC,241243,299381,4.84988,8.36426,0.0594151,0.0765781,2.59256e-06,1.36827e-05,0.0058857,0.0401595,0.117534,0.0186285,0.0302046
2435,1749206940,2025-06-06 10:49 UTC,241242,299360,4.87423,8.36227,0.0573109,0.0738936,2.06169e-06,1.25077e-05,0.0058857,0.0406026,0.117478,0.0173299,0.0281212
2436,1749207240,2025-06-06 10:54 UTC,241235,299336,4.8987,8.36041,0.0552124,0.0712094,2.34324e-06,1.29299e-05,0.0058857,0.041051,0.117426,0.0160831,0.0261152
2437,1749207539,2025-06-06 10:58 UTC,241225,299311,4.92321,8.37707,0.0531272,0.0685344,2.18626e-06,1.18059e-05,0.0058857,0.041503,0.117895,0.0148904,0.0241902
2438,1749207839,2025-06-06 11:03 UTC,241209,299283,4.94792,8.39933,0.0500646,0.064685,2.47405e-06,9.18728e-06,0.0058857,0.0419618,0.118522,0.0132345,0.0215525
2439,1749208139,2025-06-06 11:08 UTC,241189,299254,4.97276,8.42162,0.0467899,0.0605395,2.38872e-06,1.23875e-05,0.0058857,0.0424259,0.119152,0.0115725,0.0188768
2440,1749208439,2025-06-06 11:13 UTC,241164,299223,4.99773,8.44393,0.0435658,0.0563959,2.17108e-06,1.18366e-05,0.0058857,0.0428952,0.119784,0.0100429,0.0163809
2441,1749208739,2025-06-06 11:18 UTC,241135,299189,5.02281,8.46626,0.0404062,0.052266,2.19651e-06,1.45136e-05,0.0058857,0.0433697,0.120418,0.00864613,0.0140687
2442,1749209039,2025-06-06 11:23 UTC,241101,299154,5.04802,8.48862,0.0373299,0.048736,1.96865e-06,1.05067e-05,0.0058857,0.0438496,0.121055,0.00738194,0.0122331
2443,1749209339,2025-06-06 11:28 UTC,241063,299117,5.07336,8.51101,0.034362,0.0456092,1.64081e-06,1.11357e-05,0.0058857,0.0443347,0.121695,0.00624963,0.0107139
2444,1749209638,2025-06-06 11:33 UTC,241021,299078,5.09873,8.53335,0.0315452,0.042554,2.16491e-06,1.08324e-05,0.0058857,0.0448235,0.122334,0.00525325,0.00932582
2445,1749209938,2025-06-06 11:38 UTC,240974,299037,5.12432,8.55579,0.0289023,0.039573,1.6135e-06,1.20521e-05,0.0058857,0.0453191,0.122978,0.00438421,0.00806513
2446,1749210238,2025-06-06 11:43 UTC,240922,298994,5.15003,8.57825,0.0264921,0.0366859,1.75241e-06,1.08552e-05,0.0058857,0.0458201,0.123625,0.0036475,0.00693154
2447,1749210538,2025-06-06 11:48 UTC,240866,298949,5.17587,8.60073,0.0243667,0.0339124,1.45123e-06,8.63543e-06,0.0058857,0.0463264,0.124274,0.00304252,0.00592302
2448,1749210838,2025-06-06 11:53 UTC,240806,298903,5.20184,8.62324,0.0225808,0.0312825,1.63115e-06,1.54979e-05,0.0058857,0.046838,0.124925,0.00257233,0.00503951
2449,1749211138,2025-06-06 11:58 UTC,240741,298854,5.22793,8.64578,0.0211931,0.0323175,1.57589e-06,1.01514e-05,0.0058857,0.0473548,0.125579,0.00224152,0.00537823
2450,1749211437,2025-06-06 12:03 UTC,240686,298806,5.25359,8.64651,0.019911,0.0337578,1.56989e-06,9.71996e-06,0.0058857,0.0478044,0.1256,0.00199438,0.00586915
2451,1749211737,2025-06-06 12:08 UTC,240632,298758,5.27951,8.64154,0.0190184,0.0352536,1.38265e-06,1.08478e-05,0.0058857,0.0482443,0.125456,0.00186806,0.00640074
2452,1749212037,2025-06-06 12:13 UTC,240575,298707,5.30576,8.63658,0.0187028,0.0371091,1.51641e-06,9.98991e-06,0.0058857,0.0486918,0.125312,0.00187336,0.00709213
2453,1749212337,2025-06-06 12:18 UTC,240515,298655,5.33232,8.63163,0.0190743,0.0393044,1.35811e-06,1.0963e-05,0.0058857,0.0491469,0.125169,0.00200218,0.00795635
2454,1749212637,2025-06-06 12:23 UTC,240452,298602,5.35919,8.62669,0.0201468,0.0417662,1.36127e-06,1.40052e-05,0.0058857,0.0496097,0.125025,0.00225037,0.00898343
2455,1749212937,2025-06-06 12:28 UTC,240386,298547,5.38636,8.62175,0.0217739,0.0444477,1.23173e-06,1.07573e-05,0.0058857,0.0500802,0.124882,0.00261916,0.0101739
2456,1749213237,2025-06-06 12:33 UTC,240316,298490,5.41384,8.61682,0.0238294,0.047328,1.26699e-06,1.45706e-05,0.0058857,0.0505584,0.124739,0.00311144,0.0115355
2457,1749213536,2025-06-06 12:38 UTC,240243,298432,5.44151,8.61192,0.0262008,0.0503737,1.30872e-06,1.13349e-05,0.0058857,0.0510427,0.124597,0.00372735,0.0130683
2458,1749213836,2025-06-06 12:43 UTC,240167,298371,5.46957,8.60701,0.0288207,0.0535575,1.38407e-06,1.02773e-05,0.0058857,0.0515364,0.124455,0.00447259,0.0147712
2459,1749214136,2025-06-06 12:48 UTC,240088,298310,5.49791,8.6021,0.0316187,0.0568491,1.23658e-06,1.12698e-05,0.0058857,0.0520378,0.124314,0.00534686,0.0166437
2460,1749214436,2025-06-06 12:53 UTC,240006,298246,5.52653,8.5972,0.0345493,0.0602279,1.37698e-06,1.06724e-05,0.0058857,0.052547,0.124172,0.00635056,0.0186808
2461,1749214736,2025-06-06 12:58 UTC,239921,298182,5.55542,8.59231,0.03758,0.0641067,1.2946e-06,1.29485e-05,0.0058857,0.053064,0.124031,0.00748393,0.0211642
2462,1749215036,2025-06-06 13:03 UTC,239833,298115,5.58459,8.58743,0.0397667,0.0663009,1.32868e-06,1.08687e-05,0.0058857,0.0535887,0.12389,0.00834051,0.0226387
2463,1749215336,2025-06-06 13:08 UTC,239741,298047,5.61402,8.58256,0.0417521,0.0680052,1.20456e-06,9.22989e-06,0.0058857,0.0541214,0.123749,0.00916057,0.0238165
2464,1749215635,2025-06-06 13:13 UTC,239647,297977,5.64362,8.57771,0.0437712,0.0697255,1.23356e-06,9.23211e-06,0.0058857,0.05466,0.123609,0.0100439,0.0250375
2465,1749215935,2025-06-06 13:18 UTC,239549,297905,5.67358,8.57285,0.0458325,0.0714717,1.31587e-06,1.01389e-05,0.0058857,0.0552083,0.123469,0.0109959,0.0263068
2466,1749216235,2025-06-06 13:23 UTC,239449,297832,5.70379,8.568,0.0479253,0.0732366,1.19151e-06,9.94387e-06,0.0058857,0.0557645,0.12333,0.0120145,0.0276218
2467,1749216535,2025-06-06 13:28 UTC,239345,297757,5.73425,8.56315,0.050046,0.0750189,1.49624e-06,9.44504e-06,0.0058857,0.0563285,0.12319,0.0130981,0.0289831
2468,1749216835,2025-06-06 13:33 UTC,239238,297681,5.76495,8.55832,0.0521916,0.0770949,9.64779e-07,9.20453e-06,0.0058857,0.0569005,0.123051,0.0142481,0.0306098
2469,1749217135,2025-06-06 13:38 UTC,239128,297603,5.7959,8.55349,0.0543596,0.0796891,1.28324e-06,1.17177e-05,0.0058857,0.0574803,0.122912,0.0154628,0.0327044
2470,1749217435,2025-06-06 13:43 UTC,239015,297523,5.82709,8.54867,0.0565476,0.0822974,1.25271e-06,7.8504e-06,0.0058857,0.0580681,0.122774,0.0167428,0.0348801
2471,1749217734,2025-06-06 13:48 UTC,238899,297441,5.85841,8.54387,0.0587465,0.0849098,1.1635e-06,1.02872e-05,0.0058857,0.0586619,0.122636,0.0180836,0.0371297
2472,1749218034,2025-06-06 13:53 UTC,238780,297358,5.89006,8.53907,0.0609691,0.0875497,2.72534e-06,2.21229e-05,0.0058857,0.0592656,0.122498,0.0194933,0.0394743
2473,1749218334,2025-06-06 13:58 UTC,238658,297274,5.92195,8.53427,0.0632067,0.0902319,5.31627e-06,3.82892e-05,0.0058857,0.0598772,0.122361,0.0209677,0.0419291
2474,1749218634,2025-06-06 14:03 UTC,238533,297187,5.95405,8.52948,0.0642242,0.0911848,4.3099e-06,1.69774e-05,0.0058857,0.0604968,0.122224,0.0216621,0.0428215
2475,1749218934,2025-06-06 14:08 UTC,238405,297099,5.98638,8.5247,0.0648963,0.0917351,5.27427e-06,1.84095e-05,0.0058857,0.0611244,0.122087,0.0221303,0.0433412
2476,1749219234,2025-06-06 14:13 UTC,238274,297010,6.01891,8.51993,0.0655694,0.0924361,4.46977e-06,1.32517e-05,0.0058857,0.06176,0.12195,0.0226026,0.0440061
2477,1749219534,2025-06-06 14:18 UTC,238140,296918,6.05166,8.51517,0.0662436,0.0931685,4.40977e-06,2.3846e-05,0.0058857,0.0624035,0.121814,0.0230828,0.0447069
2478,1749219833,2025-06-06 14:23 UTC,238002,296825,6.08451,8.51042,0.0669167,0.0938995,6.64611e-06,3.78677e-05,0.0058857,0.063053,0.121678,0.023566,0.0454035
2479,1749220133,2025-06-06 14:28 UTC,237862,296731,6.11767,8.50568,0.0675929,0.0946339,6.53679e-06,2.06064e-05,0.0058857,0.0637126,0.121542,0.0240565,0.0461168
2480,1749220433,2025-06-06 14:33 UTC,237748,296654,6.15103,8.50093,0.0682701,0.0953693,5.20901e-06,1.70732e-05,0.0058857,0.0643802,0.121407,0.0245542,0.0468371
2481,1749220733,2025-06-06 14:38 UTC,237602,296556,6.18458,8.4962,0.0689482,0.0961057,5.11253e-06,1.58546e-05,0.0058857,0.0650558,0.121272,0.0250568,0.0475656
2482,1749221033,2025-06-06 14:43 UTC,237453,296457,6.21832,8.49148,0.0696273,0.0968431,4.82849e-06,1.75358e-05,0.0058857,0.0657394,0.121137,0.0255677,0.0483029
2483,1749221333,2025-06-06 14:48 UTC,237301,296356,6.25224,8.48676,0.0703071,0.0975813,5.86695e-06,1.90296e-05,0.0058857,0.0664312,0.121002,0.0260809,0.0490385
2484,1749221632,2025-06-06 14:53 UTC,237146,296254,6.28624,8.48207,0.0709856,0.098318,5.79556e-06,3.45128e-05,0.0058857,0.0671285,0.120868,0.0266024,0.0497838
2485,1749221932,2025-06-06 14:58 UTC,236988,296150,6.32052,8.47737,0.0716671,0.099058,4.56016e-06,1.69099e-05,0.0058857,0.0678363,0.120734,0.0271286,0.0505307
2486,1749222232,2025-06-06 15:03 UTC,236864,296086,6.33951,8.49933,0.0706753,0.0976134,4.89184e-06,1.45395e-05,0.0058857,0.0682272,0.121361,0.0263927,0.0490702
2487,1749222532,2025-06-06 15:08 UTC,236765,296056,6.35404,8.5291,0.069202,0.0955286,5.24925e-06,1.71416e-05,0.0058857,0.0685257,0.122213,0.0253159,0.0469992
2488,1749222832,2025-06-06 15:13 UTC,236666,296030,6.36863,8.55889,0.0677394,0.0934439,4.04441e-06,1.29115e-05,0.0058857,0.0688265,0.123068,0.0242665,0.0449667
2489,1749223132,2025-06-06 15:18 UTC,236568,296007,6.38328,8.58868,0.0662879,0.0913596,4.1389e-06,1.19312e-05,0.0058857,0.0691295,0.123926,0.0232551,0.0429867
2490,1749223432,2025-06-06 15:23 UTC,236470,295988,6.39798,8.61848,0.0648478,0.0892756,3.05992e-06,1.19669e-05,0.0058857,0.0694348,0.124787,0.0222742,0.0410455
2491,1749223731,2025-06-06 15:28 UTC,236373,295972,6.4127,8.64819,0.0634243,0.0871988,2.96251e-06,1.15582e-05,0.0058857,0.0697412,0.125649,0.0213293,0.0391613
2492,1749224031,2025-06-06 15:33 UTC,236276,295959,6.42752,8.678,0.0620085,0.085468,3.68627e-06,1.19995e-05,0.0058857,0.0700508,0.126517,0.0204169,0.0376207
2493,1749224331,2025-06-06 15:38 UTC,236179,295949,6.4424,8.70782,0.0606054,0.0849391,2.81721e-06,1.09482e-05,0.0058857,0.0703628,0.127388,0.0195346,0.0371549
2494,1749224631,2025-06-06 15:43 UTC,236082,295943,6.45734,8.7377,0.0592156,0.0844647,3.21242e-06,1.09707e-05,0.0058857,0.0706769,0.128264,0.0186885,0.0367442
2495,1749224931,2025-06-06 15:48 UTC,235985,295939,6.47234,8.76794,0.0578396,0.0840458,2.6095e-06,1.74415e-05,0.0058857,0.0709932,0.129153,0.0178745,0.0363773
2496,1749225231,2025-06-06 15:53 UTC,235889,295939,6.48739,8.7982,0.056478,0.0836832,2.57773e-06,2.16598e-05,0.0058857,0.0713118,0.130046,0.0170951,0.0360632
2497,1749225531,2025-06-06 15:58 UTC,235793,295941,6.5025,8.82846,0.0551313,0.0833776,2.44479e-06,1.13385e-05,0.0058857,0.0716325,0.130942,0.0163497,0.0358021
2498,1749225830,2025-06-06 16:03 UTC,235697,295947,6.51761,8.85862,0.0518175,0.0798128,3.33121e-06,1.40029e-05,0.00588565,0.0719544,0.131838,0.0144936,0.0328085
2499,1749226130,2025-06-06 16:08 UTC,235601,295955,6.53284,8.88889,0.0479485,0.0753817,3.53295e-06,2.02738e-05,0.00588565,0.0722796,0.132741,0.0124647,0.0292745
