frame,epoch_utc,datetime_utc,ice_strength_mean,ice_strength_max,wind_speed_mean,wind_speed_max,current_speed_mean,current_speed_max,ice_speed_mean,ice_speed_max,fractured_fraction,wind_drag_mean,wind_drag_max,current_drag_mean,current_drag_max
1,1748477099,2025-05-29 00:04 UTC,291238,366045,3.34814,7.38433,0.367925,0.477295,1.00883e-05,2.34198e-05,0,0.0207198,0.0916077,0.719507,1.17314
2,1748477399,2025-05-29 00:09 UTC,291222,366033,3.3351,7.13747,0.371176,0.482061,2.09127e-05,4.83741e-05,0,0.0205177,0.0855854,0.732102,1.19659
3,1748477699,2025-05-29 00:14 UTC,291206,366021,3.32282,6.90509,0.374426,0.486827,3.22323e-05,7.50838e-05,0,0.0203245,0.0801034,0.744811,1.22027
4,1748477999,2025-05-29 00:19 UTC,291190,366010,3.31132,6.82433,0.377677,0.491594,4.43421e-05,0.000103084,0,0.0201402,0.0782401,0.757632,1.24418
5,1748478299,2025-05-29 00:24 UTC,291173,366000,3.30062,6.83385,0.380928,0.49636,5.69505e-05,0.000132011,0,0.0199647,0.0784586,0.770566,1.26832
6,1748478598,2025-05-29 00:29 UTC,291157,365990,3.29074,6.84338,0.384168,0.501111,0.000201056,0.00147378,7.26378e-05,0.0197994,0.0786778,0.783193,1.2926
7,1748478898,2025-05-29 00:34 UTC,291151,365980,3.28164,6.85301,0.387419,0.505877,0.000204982,0.00475857,0.000293752,0.019641,0.0788986,0.796315,1.31439
8,1748479198,2025-05-29 00:39 UTC,291134,365972,3.27336,6.86269,0.39067,0.510644,0.000454247,0.00481648,0.00137731,0.0194889,0.0791216,0.810846,1.34729
9,1748479498,2025-05-29 00:44 UTC,291118,365963,3.26589,6.87242,0.393921,0.51541,0.000470845,0.00526801,0.00599902,0.0193508,0.079349,0.822721,1.3656
10,1748479798,2025-05-29 00:49 UTC,291102,365956,3.25923,6.8822,0.397173,0.520177,0.00153932,0.0404031,0.0192962,0.0192199,0.0795745,0.833823,1.39035
11,1748480098,2025-05-29 00:54 UTC,291097,365948,3.2534,6.89203,0.400424,0.524944,0.00297546,0.0579249,0.0400465,0.0191132,0.0798223,0.839233,1.3949
12,1748480398,2025-05-29 00:59 UTC,291085,365941,3.24838,6.90192,0.403676,0.529884,0.00386145,0.103497,0.0613876,0.019,0.0801015,0.850558,1.42921
13,1748480697,2025-05-29 01:04 UTC,291092,365936,3.2442,6.91183,0.401468,0.527881,0.000763325,0.0697234,0.0732632,0.0188685,0.0802703,0.852699,1.43478
14,1748480997,2025-05-29 01:09 UTC,291076,365931,3.24082,6.92182,0.399215,0.525825,0.000209029,0.0274081,0.0746873,0.018761,0.0804897,0.84557,1.42768
15,1748481297,2025-05-29 01:14 UTC,291060,365926,3.23825,6.93186,0.396963,0.523769,0.000282985,0.0196171,0.0747076,0.018664,0.0807257,0.836993,1.41381
16,1748481597,2025-05-29 01:19 UTC,291045,365922,3.2365,6.94195,0.394712,0.521714,0.000181305,0.0197206,0.0747097,0.0185756,0.0809595,0.826549,1.40358
17,1748481897,2025-05-29 01:24 UTC,291033,365919,3.23555,6.9521,0.392461,0.519659,0.000165682,0.0185484,0.074728,0.0184925,0.0811968,0.817529,1.39222
18,1748482197,2025-05-29 01:29 UTC,291017,365916,3.23542,6.96229,0.39021,0.517604,0.000116267,0.016935,0.0747283,0.0184164,0.0814351,0.807713,1.37926
19,1748482497,2025-05-29 01:34 UTC,291003,365914,3.23609,6.97254,0.387959,0.515551,0.000111409,0.0228574,0.0747282,0.0183458,0.0816753,0.798095,1.36964
20,1748482796,2025-05-29 01:39 UTC,290992,365912,3.23757,6.9828,0.385717,0.513504,7.96131e-05,0.0300481,0.0747274,0.0182796,0.0819157,0.789058,1.35817
21,1748483096,2025-05-29 01:44 UTC,290977,365911,3.23987,6.99314,0.383467,0.511452,7.95755e-05,0.021893,0.0747274,0.0182189,0.0821594,0.779764,1.34728
22,1748483396,2025-05-29 01:49 UTC,290963,365910,3.24298,7.00354,0.381218,0.5094,7.37126e-05,0.0263815,0.0747271,0.018163,0.0824032,0.77041,1.33581
23,1748483696,2025-05-29 01:54 UTC,290949,365911,3.24691,7.03109,0.378969,0.507348,6.49201e-05,0.0549097,0.0747267,0.018111,0.0830529,0.761349,1.32511
24,1748483996,2025-05-29 01:59 UTC,290936,365911,3.25166,7.27678,0.376721,0.505297,5.35431e-05,0.0535915,0.0747302,0.0180632,0.0889587,0.752201,1.31499
25,1748484296,2025-05-29 02:04 UTC,290922,365912,3.25722,7.53308,0.369187,0.496165,5.17638e-05,0.0243899,0.0747314,0.0180184,0.0953351,0.722461,1.26805
26,1748484595,2025-05-29 02:09 UTC,290910,365914,3.26358,7.79293,0.361609,0.486968,5.56226e-05,0.015184,0.0747362,0.0179772,0.102026,0.693005,1.22134
27,1748484895,2025-05-29 02:14 UTC,290897,365916,3.27077,8.05762,0.354008,0.477742,5.49363e-05,0.0110916,0.0747382,0.0179387,0.109073,0.664109,1.17606
28,1748485195,2025-05-29 02:19 UTC,290885,365919,3.27878,8.32592,0.346408,0.468517,5.43329e-05,0.0082696,0.0747405,0.0179026,0.116456,0.635781,1.13079
29,1748485495,2025-05-29 02:24 UTC,290876,365923,3.2876,8.5975,0.338811,0.459294,6.21717e-05,0.00663711,0.0747531,0.0178684,0.124177,0.608134,1.08711
30,1748485795,2025-05-29 02:29 UTC,290865,365926,3.29725,8.87204,0.331215,0.450073,5.65169e-05,0.00620913,0.0747728,0.0178361,0.132238,0.581021,1.04353
31,1748486095,2025-05-29 02:34 UTC,290854,365931,3.30774,9.14929,0.323622,0.440853,4.81813e-05,0.00583289,0.0747842,0.0178051,0.140632,0.554543,1.00111
32,1748486395,2025-05-29 02:39 UTC,290843,365936,3.31907,9.429,0.316032,0.431635,6.34327e-05,0.00547908,0.0748111,0.0177749,0.149362,0.528739,0.959839
33,1748486694,2025-05-29 02:44 UTC,290832,365941,3.33125,9.71001,0.308469,0.422449,4.94398e-05,0.0051009,0.07482,0.0177454,0.158394,0.503591,0.919422
34,1748486994,2025-05-29 02:49 UTC,290822,365947,3.34439,9.99403,0.300884,0.413235,4.80645e-05,0.00482373,0.0748479,0.0177157,0.167797,0.478995,0.879767
35,1748487294,2025-05-29 02:54 UTC,290812,365954,3.35855,10.2799,0.293302,0.404023,3.51486e-05,0.00449211,0.0748676,0.0176858,0.177536,0.454982,0.840819
36,1748487594,2025-05-29 02:59 UTC,290803,365961,3.37377,10.5676,0.285723,0.394813,4.4306e-05,0.00419731,0.0748979,0.0176547,0.187611,0.431663,0.803171
37,1748487894,2025-05-29 03:04 UTC,290805,365965,3.32018,10.4181,0.273813,0.380121,6.02402e-05,0.00385241,0.0749152,0.0170241,0.182341,0.396444,0.744479
38,1748488194,2025-05-29 03:09 UTC,290810,365968,3.2662,10.3128,0.261817,0.365433,6.23794e-05,0.00353367,0.0749333,0.0164019,0.178676,0.362454,0.688098
39,1748488494,2025-05-29 03:14 UTC,290817,365971,3.2133,10.247,0.249824,0.350765,6.55164e-05,0.00322312,0.0749638,0.0158003,0.1764,0.330002,0.633977
40,1748488793,2025-05-29 03:19 UTC,290824,365975,3.16169,10.1814,0.237874,0.336149,5.62303e-05,0.00296888,0.0749852,0.0152212,0.174151,0.299139,0.582262
41,1748489093,2025-05-29 03:24 UTC,290832,365979,3.1111,10.1159,0.225887,0.321488,6.18546e-05,0.00266252,0.075027,0.01466,0.171916,0.269728,0.532575
42,1748489393,2025-05-29 03:29 UTC,290841,365984,3.06179,10.0505,0.213906,0.306833,5.1083e-05,0.00247029,0.0750683,0.0141187,0.1697,0.241843,0.485096
43,1748489693,2025-05-29 03:34 UTC,290852,365989,3.01384,9.98521,0.20193,0.292184,7.35134e-05,0.00219666,0.0751129,0.0135965,0.167504,0.215572,0.44013
44,1748489993,2025-05-29 03:39 UTC,290863,365994,2.96736,9.92014,0.18996,0.277541,7.29843e-05,0.00194361,0.0751513,0.0130934,0.165327,0.190745,0.396816
45,1748490293,2025-05-29 03:44 UTC,290875,366000,2.92243,9.85942,0.177997,0.262906,0.000169066,0.00165477,0.0751994,0.012608,0.16331,0.167647,0.357829
46,1748490593,2025-05-29 03:49 UTC,290888,366007,2.87918,9.804,0.166045,0.248281,7.62564e-05,0.00141793,0.0752446,0.0121416,0.161479,0.145694,0.317546
47,1748490892,2025-05-29 03:54 UTC,290902,366014,2.83782,9.74893,0.154144,0.233762,9.46962e-05,0.00409834,0.0752797,0.0116925,0.15967,0.125635,0.282175
48,1748491192,2025-05-29 03:59 UTC,290917,366021,2.79817,9.69384,0.142218,0.219279,9.77118e-05,0.00106061,0.0753208,0.011258,0.15787,0.106956,0.248079
49,1748491492,2025-05-29 04:04 UTC,290933,366029,2.76043,9.63892,0.128071,0.20204,9.31633e-05,0.000854814,0.0753819,0.0108387,0.156087,0.0868449,0.210416
50,1748491792,2025-05-29 04:09 UTC,290949,366037,2.72468,9.58417,0.113882,0.18476,5.654e-05,0.000682246,0.0754045,0.0104336,0.154318,0.0687815,0.17581
51,1748492092,2025-05-29 04:14 UTC,290967,366045,2.69098,9.52959,0.0997183,0.167528,5.75799e-05,0.000565864,0.0754361,0.0100412,0.152566,0.0529526,0.14464
52,1748492392,2025-05-29 04:19 UTC,290986,366054,2.65943,9.47519,0.0855928,0.15036,5.59364e-05,0.0104708,0.0754685,0.00966075,0.150829,0.0392579,0.116496
53,1748492691,2025-05-29 04:24 UTC,291005,366064,2.63021,9.42115,0.0715755,0.133338,5.98541e-05,0.000389873,0.0755016,0.00929223,0.149113,0.0277513,0.0917773
54,1748492991,2025-05-29 04:29 UTC,291025,366073,2.60318,9.36711,0.0576205,0.116387,6.37985e-05,0.00209116,0.0755818,0.00893226,0.147408,0.0183471,0.0698162
55,1748493291,2025-05-29 04:34 UTC,291046,366084,2.57851,9.32066,0.0439094,0.0996733,3.31365e-05,0.00033975,0.0755997,0.00858083,0.145949,0.0111033,0.0512564
56,1748493591,2025-05-29 04:39 UTC,291068,366094,2.55628,9.2979,0.0312058,0.0833638,2.63608e-05,0.000372831,0.0756081,0.0082367,0.145237,0.00596534,0.035807
57,1748493891,2025-05-29 04:44 UTC,291091,366105,2.53653,9.2753,0.0222988,0.0676542,2.90371e-05,0.000408592,0.0756125,0.00789871,0.144532,0.00257187,0.023593
58,1748494191,2025-05-29 04:49 UTC,291114,366117,2.51926,9.25288,0.0190175,0.0535681,2.24734e-05,0.000474187,0.0756147,0.00756591,0.143835,0.00108421,0.0147786
59,1748494491,2025-05-29 04:54 UTC,291139,366128,2.50453,9.23062,0.0236615,0.0635039,2.40691e-05,0.000592881,0.0756258,0.00723699,0.143144,0.00302211,0.0207692
60,1748494790,2025-05-29 04:59 UTC,291164,366140,2.49246,9.2493,0.034213,0.0813196,7.98215e-05,0.000993194,0.0757114,0.00691184,0.143723,0.0067745,0.033916
61,1748495090,2025-05-29 05:04 UTC,291190,366153,2.48307,9.30838,0.0460542,0.0971606,3.29065e-05,0.000786216,0.0757352,0.0065875,0.145565,0.0120649,0.0485922
62,1748495390,2025-05-29 05:09 UTC,291217,366166,2.47643,9.3676,0.0586252,0.112952,3.45368e-05,0.000816116,0.0757641,0.00626343,0.147423,0.0191637,0.0656103
63,1748495690,2025-05-29 05:14 UTC,291244,366180,2.47253,9.42696,0.0715284,0.128759,3.46192e-05,0.000857721,0.0757748,0.00593872,0.149298,0.0281469,0.08532
64,1748495990,2025-05-29 05:19 UTC,291269,366193,2.47138,9.58309,0.0845974,0.144575,6.41933e-05,0.000929094,0.0758203,0.00561218,0.154284,0.0389855,0.107491
65,1748496290,2025-05-29 05:24 UTC,291298,366208,2.47295,9.78475,0.097759,0.160398,5.73427e-05,0.0011941,0.0758871,0.00528311,0.160846,0.0517502,0.1324
66,1748496590,2025-05-29 05:29 UTC,291328,366222,2.4771,9.98777,0.110977,0.176226,6.30823e-05,0.00161912,0.0759402,0.00495023,0.16759,0.0663866,0.159837
67,1748496889,2025-05-29 05:34 UTC,291359,366237,2.48369,10.1914,0.124188,0.192173,6.47642e-05,0.00101853,0.0759714,0.00461378,0.174492,0.0828436,0.190025
68,1748497189,2025-05-29 05:39 UTC,291390,366253,2.49264,10.3969,0.137469,0.208204,0.000117872,0.00198341,0.0762009,0.00427086,0.181599,0.101223,0.222644
69,1748497489,2025-05-29 05:44 UTC,291422,366269,2.50388,10.6035,0.150767,0.224243,7.29697e-05,0.00101567,0.0762808,0.00392194,0.188889,0.121548,0.258597
70,1748497789,2025-05-29 05:49 UTC,291455,366285,2.51734,10.8112,0.16408,0.240307,0.000104199,0.00217964,0.0763819,0.00356639,0.19636,0.143757,0.297447
71,1748498089,2025-05-29 05:54 UTC,291488,366302,2.53296,11.0199,0.177402,0.256372,0.000170168,0.00117887,0.0765926,0.00320351,0.204015,0.167732,0.337387
72,1748498389,2025-05-29 05:59 UTC,291523,366319,2.55069,11.2295,0.190733,0.272438,0.000114636,0.00107977,0.0767169,0.00283374,0.211851,0.19378,0.382055
73,1748498689,2025-05-29 06:04 UTC,291609,366339,2.51248,11.1374,0.200483,0.282796,0.000353063,0.00334089,0.0772347,0.0026511,0.20839,0.213586,0.411249
74,1748498988,2025-05-29 06:09 UTC,291710,366361,2.4733,11.0344,0.21007,0.292903,0.000132613,0.000618179,0.077397,0.002489,0.204553,0.234743,0.441711
75,1748499288,2025-05-29 06:14 UTC,291815,366383,2.43511,10.9313,0.219692,0.303044,0.000110741,0.000814937,0.0776054,0.00233751,0.200747,0.256643,0.47245
76,1748499588,2025-05-29 06:19 UTC,291923,366405,2.39815,10.8284,0.229318,0.313185,0.000120402,0.000729459,0.0778524,0.00219805,0.196987,0.279517,0.505224
77,1748499888,2025-05-29 06:24 UTC,292035,366428,2.36247,10.7257,0.238946,0.323327,0.000417075,0.00318971,0.0785509,0.00207028,0.193269,0.302697,0.537865
78,1748500188,2025-05-29 06:29 UTC,292150,366452,2.32817,10.6233,0.248577,0.333468,0.000178817,0.00161933,0.0796243,0.00195804,0.189596,0.328204,0.570231
79,1748500488,2025-05-29 06:34 UTC,292269,366476,2.29533,10.5233,0.258211,0.34361,0.000126629,0.00177228,0.0798642,0.00185835,0.186041,0.35405,0.608004
80,1748500787,2025-05-29 06:39 UTC,292391,366500,2.26419,10.4395,0.267814,0.353717,0.000210304,0.00188577,0.0807702,0.0017732,0.183091,0.380757,0.644448
81,1748501087,2025-05-29 06:44 UTC,292519,366525,2.23467,10.3559,0.277451,0.363859,0.000231528,0.00125658,0.0812136,0.0017017,0.180173,0.408477,0.681614
82,1748501387,2025-05-29 06:49 UTC,292658,366550,2.20703,10.2729,0.28709,0.374001,0.000193886,0.000729231,0.0819925,0.00164479,0.177294,0.437381,0.719214
83,1748501687,2025-05-29 06:54 UTC,292783,366576,2.18133,10.1903,0.29673,0.384143,0.00048129,0.002467,0.0833786,0.00160162,0.174455,0.466424,0.759912
84,1748501987,2025-05-29 06:59 UTC,292917,366602,2.15767,10.1083,0.306372,0.394285,0.000220512,0.00311236,0.0839705,0.00157301,0.171657,0.497884,0.798949
85,1748502287,2025-05-29 07:04 UTC,293055,366628,2.13613,10.0267,0.310916,0.398124,9.33457e-05,0.000969249,0.0841753,0.00155716,0.168899,0.513199,0.816026
86,1748502587,2025-05-29 07:09 UTC,293195,366655,2.11681,9.94575,0.31523,0.401715,0.000304081,0.00184014,0.0852578,0.00155302,0.166183,0.527035,0.83022
87,1748502886,2025-05-29 07:14 UTC,293338,366683,2.09988,9.8905,0.319531,0.406081,9.52612e-05,0.00193443,0.0854063,0.00155972,0.164341,0.542037,0.849062
88,1748503186,2025-05-29 07:19 UTC,293484,366710,2.08533,9.84285,0.323846,0.411883,0.000211115,0.00204608,0.0859457,0.00157645,0.162762,0.556467,0.871711
89,1748503486,2025-05-29 07:24 UTC,293633,366739,2.07336,9.79586,0.328161,0.417686,0.00019903,0.00210218,0.0864188,0.00160203,0.161208,0.571472,0.89834
90,1748503786,2025-05-29 07:29 UTC,293785,366767,2.06401,9.75403,0.332477,0.423488,0.000105631,0.00223002,0.0865823,0.00163564,0.159837,0.586826,0.923294
91,1748504086,2025-05-29 07:34 UTC,293939,366797,2.05737,9.71943,0.336793,0.42929,0.000529858,0.00243278,0.0875966,0.00167645,0.158705,0.600928,0.945564
92,1748504386,2025-05-29 07:39 UTC,294096,366826,2.05348,9.68528,0.34111,0.435093,0.000104877,0.00234828,0.0879533,0.00172334,0.157592,0.6178,0.974327
93,1748504686,2025-05-29 07:44 UTC,294256,366856,2.05236,9.65716,0.345427,0.4409,0.000264381,0.00252291,0.0894863,0.00177621,0.156679,0.633427,1.00129
94,1748504985,2025-05-29 07:49 UTC,294418,366886,2.05402,9.64306,0.34973,0.446804,0.000157213,0.00368728,0.0896946,0.00183456,0.156221,0.649329,1.02684
95,1748505285,2025-05-29 07:54 UTC,294583,366917,2.05848,9.62898,0.354048,0.45273,0.000194103,0.00253345,0.0902821,0.00189853,0.155764,0.665344,1.0545
96,1748505585,2025-05-29 07:59 UTC,294750,366948,2.06578,9.61497,0.358367,0.458656,0.000211592,0.00248123,0.0916777,0.0019679,0.155312,0.681788,1.08013
97,1748505885,2025-05-29 08:04 UTC,294920,366980,2.07593,9.60102,0.356984,0.456803,7.47212e-05,0.00258698,0.0918008,0.00204238,0.154862,0.677034,1.07472
98,1748506185,2025-05-29 08:09 UTC,295092,367012,2.08889,9.58715,0.355304,0.45454,5.69743e-05,0.00252724,0.0918011,0.00212263,0.154415,0.670658,1.06438
99,1748506485,2025-05-29 08:14 UTC,295266,367045,2.10458,9.57335,0.353628,0.452277,5.35934e-05,0.00247969,0.0918064,0.00220909,0.15397,0.664199,1.05327
100,1748506785,2025-05-29 08:19 UTC,295443,367078,2.12285,9.55962,0.351954,0.450015,5.58391e-05,0.00239688,0.0918086,0.00230155,0.153529,0.658017,1.04342
101,1748507084,2025-05-29 08:24 UTC,295622,367111,2.1434,9.546,0.350289,0.447759,4.09927e-05,0.00231443,0.0918089,0.00240045,0.153092,0.651726,1.03279
102,1748507384,2025-05-29 08:29 UTC,295804,367145,2.16623,9.53241,0.348622,0.445496,3.49065e-05,0.00222817,0.0918088,0.00250674,0.152656,0.645437,1.0224
103,1748507684,2025-05-29 08:34 UTC,295987,367179,2.19114,9.51889,0.346958,0.443234,3.1026e-05,0.00213628,0.091809,0.00262022,0.152224,0.639186,1.0115
104,1748507984,2025-05-29 08:39 UTC,296173,367213,2.21801,9.50545,0.345297,0.440971,2.61638e-05,0.00203331,0.0918088,0.00274123,0.151794,0.633058,1.00173
105,1748508284,2025-05-29 08:44 UTC,296361,367248,2.24676,9.49207,0.343639,0.438708,2.69257e-05,0.0019268,0.0918088,0.00286998,0.151367,0.626955,0.991328
106,1748508584,2025-05-29 08:49 UTC,296552,367283,2.27725,9.47877,0.341985,0.436445,2.42277e-05,0.00182556,0.0918086,0.00300689,0.150943,0.620828,0.981058
107,1748508884,2025-05-29 08:54 UTC,296744,367319,2.30941,9.46554,0.340334,0.434182,1.81798e-05,0.0017265,0.0918089,0.00315198,0.150522,0.614782,0.971009
108,1748509183,2025-05-29 08:59 UTC,296939,367355,2.34301,9.45242,0.338693,0.431927,1.59369e-05,0.0016196,0.0918131,0.00330495,0.150105,0.608804,0.960757
109,1748509483,2025-05-29 09:04 UTC,297047,367330,2.3003,9.2794,0.331594,0.422934,3.33539e-05,0.00136226,0.0918165,0.00323147,0.14466,0.583498,0.92137
110,1748509783,2025-05-29 09:09 UTC,297130,367288,2.25342,9.09683,0.324173,0.413537,3.56242e-05,0.00127515,0.0918184,0.00314668,0.139024,0.557533,0.880809
111,1748510083,2025-05-29 09:14 UTC,297206,367244,2.20705,8.91434,0.316757,0.40414,3.54379e-05,0.0011909,0.0918183,0.0030645,0.133502,0.532171,0.84134
112,1748510383,2025-05-29 09:19 UTC,297275,367198,2.16124,8.73191,0.309348,0.394743,3.74746e-05,0.00110974,0.0918212,0.00298491,0.128094,0.507418,0.802679
113,1748510683,2025-05-29 09:24 UTC,297338,367150,2.11604,8.54956,0.301945,0.385346,3.74675e-05,0.00104763,0.0918234,0.00290783,0.1228,0.483269,0.764953
114,1748510982,2025-05-29 09:29 UTC,297394,367099,2.07162,8.36791,0.294574,0.375981,3.54737e-05,0.000982063,0.0918254,0.00283354,0.117637,0.459793,0.728204
115,1748511282,2025-05-29 09:34 UTC,297444,367046,2.02773,8.18573,0.287186,0.366584,3.55299e-05,0.000918927,0.0918252,0.00276147,0.11257,0.436856,0.692223
116,1748511582,2025-05-29 09:39 UTC,297488,366992,1.98457,8.00364,0.279806,0.357187,3.30716e-05,0.000855075,0.0918246,0.0026919,0.107618,0.414511,0.657174
117,1748511882,2025-05-29 09:44 UTC,297526,366935,1.94218,7.82166,0.272435,0.34779,3.46777e-05,0.000798663,0.0918294,0.00262476,0.10278,0.392789,0.623085
118,1748512182,2025-05-29 09:49 UTC,297559,366876,1.90064,7.63979,0.265073,0.338393,3.55341e-05,0.000730731,0.0918338,0.00256005,0.0980553,0.371669,0.589896
119,1748512482,2025-05-29 09:54 UTC,297586,366814,1.86,7.45803,0.257723,0.329379,3.24823e-05,0.000685622,0.0918345,0.00249778,0.0934453,0.351141,0.558812
120,1748512782,2025-05-29 09:59 UTC,297607,366751,1.82039,7.27639,0.250383,0.320705,3.52542e-05,0.000642535,0.0918449,0.00243793,0.0889492,0.331241,0.529821
121,1748513081,2025-05-29 10:04 UTC,297623,366686,1.78206,7.0955,0.239217,0.306441,4.81967e-05,0.000563352,0.0918472,0.00238071,0.0845813,0.302247,0.483783
122,1748513381,2025-05-29 10:09 UTC,297633,366618,1.74493,6.91414,0.227773,0.29285,4.58241e-05,0.000487399,0.0918605,0.00232587,0.080313,0.273876,0.441843
123,1748513681,2025-05-29 10:14 UTC,297638,366549,1.70935,6.73294,0.216338,0.27981,4.75388e-05,0.00042744,0.0918749,0.00227368,0.0761587,0.246933,0.403408
124,1748513981,2025-05-29 10:19 UTC,297638,366477,1.67564,6.55191,0.204914,0.266771,4.41153e-05,0.000370437,0.0918837,0.0022243,0.0721183,0.221404,0.366652
125,1748514281,2025-05-29 10:24 UTC,297633,366404,1.64412,6.37107,0.193504,0.253734,4.0054e-05,0.000317616,0.0918866,0.00217795,0.068192,0.197294,0.331712
126,1748514581,2025-05-29 10:29 UTC,297623,366329,1.61505,6.19042,0.182109,0.240699,4.29746e-05,0.000328265,0.0918892,0.00213478,0.0643798,0.174613,0.298472
127,1748514881,2025-05-29 10:34 UTC,297609,366251,1.58837,6.00999,0.170733,0.227666,4.60128e-05,0.000282683,0.0919074,0.002095,0.0606815,0.153353,0.267083
128,1748515180,2025-05-29 10:39 UTC,297589,366171,1.56404,5.8304,0.159419,0.21468,4.09349e-05,0.000269131,0.0919128,0.00205887,0.0571091,0.133563,0.237447
129,1748515480,2025-05-29 10:44 UTC,297564,366090,1.54188,5.65047,0.148097,0.201669,4.16675e-05,0.000271336,0.0919178,0.00202621,0.0536387,0.11513,0.209568
130,1748515780,2025-05-29 10:49 UTC,297535,366007,1.52204,5.47082,0.136813,0.18867,4.27803e-05,0.0002191,0.0919286,0.00199729,0.0502821,0.0981168,0.183403
131,1748516080,2025-05-29 10:54 UTC,297502,365921,1.50465,5.29149,0.125579,0.175677,3.44612e-05,0.000431501,0.0919331,0.00197221,0.0470398,0.0825062,0.159026
132,1748516380,2025-05-29 10:59 UTC,297463,365834,1.4899,5.11251,0.114411,0.16269,2.90786e-05,0.000102217,0.0919415,0.00195112,0.0439115,0.0683171,0.136389
133,1748516680,2025-05-29 11:04 UTC,297421,365745,1.47795,5.07051,0.102424,0.148291,3.00859e-05,0.000330462,0.0919412,0.00193414,0.0431928,0.0546146,0.11333
134,1748516980,2025-05-29 11:09 UTC,297374,365654,1.46895,5.17527,0.0904801,0.133799,2.67486e-05,0.000273096,0.0919431,0.00192143,0.0449962,0.042456,0.0922482
135,1748517279,2025-05-29 11:14 UTC,297322,365561,1.463,5.2797,0.0787355,0.119367,2.7555e-05,0.000148112,0.0919444,0.00191312,0.0468304,0.0319537,0.0734172
136,1748517579,2025-05-29 11:19 UTC,297266,365466,1.45996,5.38448,0.0672023,0.104903,2.37647e-05,0.000287217,0.0919576,0.00190928,0.0487075,0.0230197,0.056711
137,1748517879,2025-05-29 11:24 UTC,297206,365369,1.45982,5.48926,0.0560775,0.0904627,1.65024e-05,0.00015969,0.0919635,0.00190994,0.0506218,0.0156903,0.0421736
138,1748518179,2025-05-29 11:29 UTC,297142,365270,1.46261,5.59405,0.0456331,0.0760608,1.58466e-05,0.000249788,0.0919655,0.00191509,0.052573,0.00993624,0.0298158
139,1748518479,2025-05-29 11:34 UTC,297073,365170,1.46832,5.69885,0.0363128,0.0617237,1.38655e-05,0.000233183,0.0919657,0.00192468,0.0545612,0.00574645,0.0196401
140,1748518779,2025-05-29 11:39 UTC,297001,365067,1.47693,5.80365,0.0288182,0.0529407,1.38544e-05,0.000239413,0.0919659,0.00193859,0.0565864,0.00331404,0.0144271
141,1748519078,2025-05-29 11:44 UTC,296924,364963,1.48837,5.90811,0.0244691,0.0605449,1.39271e-05,0.000310213,0.0919701,0.00195667,0.0586416,0.00316174,0.018868
142,1748519378,2025-05-29 11:49 UTC,296844,364857,1.50265,6.01292,0.0250155,0.0710577,1.30582e-05,0.000226269,0.0919702,0.00197893,0.0607407,0.00467967,0.0259904
143,1748519678,2025-05-29 11:54 UTC,296759,364749,1.51965,6.11773,0.0318719,0.0833739,1.42017e-05,0.000245454,0.0919738,0.00200518,0.0628768,0.00733109,0.0357789
144,1748519978,2025-05-29 11:59 UTC,296670,364640,1.53923,6.22255,0.0421455,0.0968078,1.60752e-05,0.000327347,0.0919772,0.00203531,0.0650498,0.0114678,0.0482433
145,1748520278,2025-05-29 12:04 UTC,296537,364504,1.51241,6.15078,0.0515965,0.107233,2.74442e-05,0.000285961,0.0919866,0.00194399,0.0635578,0.0160663,0.0591691
146,1748520578,2025-05-29 12:09 UTC,296388,364361,1.48233,6.0652,0.0611909,0.117573,1.76413e-05,0.00042364,0.0919893,0.00184614,0.0618015,0.0216975,0.0711991
147,1748520878,2025-05-29 12:14 UTC,296232,364214,1.45282,5.9798,0.0709382,0.128062,1.62486e-05,0.000410944,0.0919889,0.00175159,0.0600735,0.0284214,0.084446
148,1748521177,2025-05-29 12:19 UTC,296067,364065,1.42403,5.89487,0.0807478,0.13863,2.14447e-05,0.000612223,0.0919952,0.00166062,0.0583791,0.0362127,0.0989536
149,1748521477,2025-05-29 12:24 UTC,295896,363913,1.39584,5.80986,0.0906547,0.149324,2.61438e-05,0.000605825,0.0919996,0.00157259,0.0567074,0.0451224,0.114784
150,1748521777,2025-05-29 12:29 UTC,295717,363757,1.3684,5.72505,0.100608,0.16009,3.40736e-05,0.000762797,0.0920064,0.00148775,0.0550641,0.0551286,0.131948
151,1748522077,2025-05-29 12:34 UTC,295530,363599,1.34177,5.64046,0.110595,0.170915,2.92107e-05,0.00096033,0.0920308,0.00140602,0.0534488,0.0662417,0.150378
152,1748522377,2025-05-29 12:39 UTC,295336,363438,1.31603,5.55609,0.120609,0.181831,3.02744e-05,0.00107107,0.092035,0.0013274,0.0518618,0.0784354,0.170178
153,1748522677,2025-05-29 12:44 UTC,295135,363274,1.29123,5.47196,0.130643,0.192792,4.50016e-05,0.0012211,0.0920402,0.00125177,0.0503032,0.0917096,0.191293
154,1748522977,2025-05-29 12:49 UTC,294926,363107,1.26746,5.38807,0.140694,0.203786,4.63206e-05,0.00127541,0.092055,0.00117912,0.0487727,0.106095,0.213697
155,1748523276,2025-05-29 12:54 UTC,294711,362937,1.24488,5.30472,0.150725,0.214773,3.6975e-05,0.00155583,0.0920688,0.00110955,0.0472754,0.121541,0.237362
156,1748523576,2025-05-29 12:59 UTC,294488,362764,1.22344,5.22137,0.1608,0.225822,4.62224e-05,0.00175954,0.0920805,0.00104253,0.0458013,0.138092,0.262405
157,1748523876,2025-05-29 13:04 UTC,294258,362587,1.20329,5.13829,0.167281,0.232198,3.47713e-05,0.00183261,0.0920865,0.000978215,0.0443554,0.149276,0.277531
158,1748524176,2025-05-29 13:09 UTC,294021,362409,1.18453,5.05552,0.173453,0.238173,3.10672e-05,0.00189721,0.0920976,0.000916486,0.0429378,0.160314,0.292068
159,1748524476,2025-05-29 13:14 UTC,293777,362227,1.16722,4.97306,0.179627,0.244153,4.91278e-05,0.00218644,0.0921331,0.000857242,0.0415486,0.171734,0.306931
160,1748524776,2025-05-29 13:19 UTC,293526,362042,1.15145,4.89092,0.185804,0.250137,3.60309e-05,0.00227053,0.0921383,0.000800386,0.0401875,0.183604,0.322137
161,1748525076,2025-05-29 13:24 UTC,293268,361854,1.13732,4.80913,0.191982,0.256126,3.98393e-05,0.00236366,0.0921504,0.000745771,0.0388547,0.19587,0.337789
162,1748525375,2025-05-29 13:29 UTC,293003,361664,1.12503,4.72798,0.198143,0.2621,4.73968e-05,0.00273404,0.092171,0.000693458,0.0375546,0.208492,0.353639
163,1748525675,2025-05-29 13:34 UTC,292731,361470,1.11467,4.64694,0.204326,0.268097,4.64349e-05,0.00290267,0.0921798,0.000642961,0.036278,0.221585,0.370036
164,1748525975,2025-05-29 13:39 UTC,292452,361274,1.10631,4.56629,0.210511,0.274098,3.51381e-05,0.00292167,0.0922029,0.000594338,0.0350298,0.235116,0.386765
165,1748526275,2025-05-29 13:44 UTC,292166,361075,1.09992,4.48608,0.216697,0.280102,4.32303e-05,0.00336206,0.0922337,0.000547522,0.0338099,0.249042,0.403675
166,1748526575,2025-05-29 13:49 UTC,291874,360873,1.09543,4.40631,0.222885,0.28611,6.21499e-05,0.0034095,0.092251,0.00050256,0.0326177,0.263308,0.421336
167,1748526875,2025-05-29 13:54 UTC,291574,360667,1.09279,4.32701,0.229074,0.292121,6.11361e-05,0.00353662,0.0922744,0.000459726,0.0314548,0.278046,0.439103
168,1748527174,2025-05-29 13:59 UTC,291268,360459,1.09193,4.24848,0.235244,0.298114,5.11378e-05,0.00385771,0.0922804,0.000419645,0.0303233,0.293169,0.457594
169,1748527474,2025-05-29 14:04 UTC,290955,360248,1.09278,4.17021,0.237335,0.299989,2.36071e-05,0.00311856,0.0922958,0.000382846,0.0292162,0.298424,0.463472
170,1748527774,2025-05-29 14:09 UTC,290635,360034,1.09529,4.10382,0.239039,0.301481,2.16884e-05,0.00315449,0.0922993,0.000350541,0.0282935,0.302643,0.46799
171,1748528074,2025-05-29 14:14 UTC,290308,359818,1.09938,4.13301,0.240745,0.302982,1.55243e-05,0.00325912,0.0923031,0.000324492,0.0286974,0.306931,0.472736
172,1748528374,2025-05-29 14:19 UTC,289974,359598,1.10501,4.16225,0.242453,0.305301,1.89202e-05,0.00324107,0.0923108,0.000306734,0.0291049,0.311222,0.479941
173,1748528674,2025-05-29 14:24 UTC,289633,359375,1.11211,4.19154,0.244163,0.307747,2.4068e-05,0.00325808,0.0923211,0.000299441,0.029516,0.315546,0.487566
174,1748528974,2025-05-29 14:29 UTC,289286,359149,1.12061,4.22087,0.245875,0.310192,3.56449e-05,0.00347095,0.0923366,0.00030421,0.0299304,0.319928,0.495454
175,1748529273,2025-05-29 14:34 UTC,288931,358920,1.13039,4.25015,0.247584,0.31263,2.37846e-05,0.00341324,0.0923388,0.000321278,0.0303472,0.324325,0.503266
176,1748529573,2025-05-29 14:39 UTC,288570,358689,1.14144,4.27957,0.2493,0.315075,2.76107e-05,0.00354958,0.092354,0.000349905,0.0307688,0.32877,0.511173
177,1748529873,2025-05-29 14:44 UTC,288202,358454,1.15367,4.30903,0.251018,0.317521,2.02943e-05,0.00355971,0.0923582,0.000388489,0.0311939,0.33326,0.519155
178,1748530173,2025-05-29 14:49 UTC,287827,358217,1.16702,4.33854,0.252738,0.319967,1.87531e-05,0.00371964,0.0923701,0.000435329,0.0316225,0.337784,0.527185
179,1748530473,2025-05-29 14:54 UTC,287451,357976,1.18147,4.36808,0.25446,0.322413,2.44396e-05,0.00366302,0.0923857,0.000488979,0.0320546,0.342323,0.535299
180,1748530773,2025-05-29 14:59 UTC,287062,357732,1.19704,4.3997,0.256184,0.324858,2.98823e-05,0.00387822,0.0923977,0.000548418,0.0325204,0.346912,0.543336
181,1748531073,2025-05-29 15:04 UTC,286756,357539,1.17876,4.32004,0.253965,0.322194,1.14176e-05,0.00349299,0.0923998,0.000560598,0.0313534,0.340949,0.534634
182,1748531372,2025-05-29 15:09 UTC,286466,357355,1.15764,4.23026,0.251367,0.319036,1.04183e-05,0.00340991,0.0924021,0.000570782,0.0300638,0.333963,0.524212
183,1748531672,2025-05-29 15:14 UTC,286176,357171,1.137,4.14109,0.248761,0.315866,9.82945e-06,0.00333702,0.0924018,0.000583658,0.0288096,0.327023,0.513804
184,1748531972,2025-05-29 15:19 UTC,285884,356986,1.11696,4.05193,0.246158,0.312697,9.39683e-06,0.00326109,0.092402,0.000598698,0.0275824,0.320165,0.503605
185,1748532272,2025-05-29 15:24 UTC,285592,356800,1.09756,3.96278,0.243556,0.309528,1.13883e-05,0.00316803,0.0924018,0.000615481,0.0263821,0.313391,0.493427
186,1748532572,2025-05-29 15:29 UTC,285298,356613,1.07881,3.87366,0.240955,0.306359,1.05477e-05,0.00309703,0.092404,0.000633606,0.0252088,0.306682,0.483408
187,1748532872,2025-05-29 15:34 UTC,285004,356425,1.06075,3.78456,0.238357,0.303195,1.19475e-05,0.0030269,0.0924042,0.000652778,0.0240625,0.300056,0.473458
188,1748533172,2025-05-29 15:39 UTC,284702,356236,1.04339,3.69548,0.235761,0.30004,1.06368e-05,0.00293478,0.0924065,0.000672729,0.022943,0.293496,0.463655
189,1748533471,2025-05-29 15:44 UTC,284406,356046,1.02684,3.60672,0.233175,0.296895,1.4915e-05,0.00285882,0.0924147,0.000693211,0.0218538,0.287041,0.453997
190,1748533771,2025-05-29 15:49 UTC,284108,355854,1.01102,3.51769,0.230583,0.29374,9.33586e-06,0.00278312,0.0924169,0.0007142,0.0207885,0.280632,0.44438
191,1748534071,2025-05-29 15:54 UTC,283809,355662,0.996051,3.42868,0.227993,0.290585,9.74297e-06,0.00272053,0.0924167,0.000735548,0.0197498,0.274311,0.43489
192,1748534371,2025-05-29 15:59 UTC,283509,355469,0.981972,3.3397,0.225405,0.28743,1.14414e-05,0.00262828,0.0924165,0.000757181,0.0187381,0.268065,0.425504
193,1748534671,2025-05-29 16:04 UTC,283208,355275,0.968847,3.25076,0.219874,0.280794,1.97048e-05,0.00248844,0.0924169,0.000779094,0.0177533,0.255104,0.406142
194,1748534971,2025-05-29 16:09 UTC,282906,355080,0.956741,3.19687,0.214029,0.273906,1.73901e-05,0.002325,0.0924187,0.000801247,0.0171695,0.241738,0.386426
195,1748535271,2025-05-29 16:14 UTC,282602,354884,0.945728,3.16455,0.208185,0.267029,1.99505e-05,0.00218478,0.0924219,0.000823718,0.0168241,0.22875,0.367302
196,1748535570,2025-05-29 16:19 UTC,282297,354686,0.93593,3.13234,0.202363,0.260174,2.05841e-05,0.00202614,0.092422,0.000846468,0.0164834,0.216165,0.348672
197,1748535870,2025-05-29 16:24 UTC,281991,354488,0.927411,3.10003,0.196523,0.253297,1.86338e-05,0.00192722,0.0924221,0.000869738,0.0161451,0.203897,0.330481
198,1748536170,2025-05-29 16:29 UTC,281684,354289,0.920405,3.06772,0.190684,0.24642,1.6827e-05,0.0017927,0.0924219,0.000893582,0.0158103,0.191994,0.312769
199,1748536470,2025-05-29 16:34 UTC,281375,354089,0.915023,3.03541,0.184849,0.239543,1.83372e-05,0.00166216,0.0924225,0.000918174,0.0154791,0.180464,0.295557
200,1748536770,2025-05-29 16:39 UTC,281065,353888,0.911358,3.00311,0.179015,0.232665,1.70185e-05,0.00154223,0.0924222,0.000943704,0.0151513,0.169293,0.278844
201,1748537070,2025-05-29 16:44 UTC,280753,353685,0.909518,2.9708,0.173184,0.225788,1.69597e-05,0.00142494,0.0924217,0.000970418,0.0148271,0.158491,0.262609
202,1748537369,2025-05-29 16:49 UTC,280441,353482,0.909423,2.93861,0.167376,0.218934,1.69221e-05,0.00132863,0.0924242,0.000998457,0.0145075,0.148087,0.246928
203,1748537669,2025-05-29 16:54 UTC,280127,353277,0.910823,2.90631,0.161551,0.212073,1.57666e-05,0.00121176,0.0924243,0.00102822,0.0141903,0.138011,0.231657
204,1748537969,2025-05-29 16:59 UTC,279811,353072,0.913573,2.87401,0.15573,0.205562,1.49901e-05,0.00113327,0.0924243,0.0010598,0.0138767,0.128302,0.217675
205,1748538269,2025-05-29 17:04 UTC,279494,352866,0.917587,2.88265,0.149022,0.197759,1.8447e-05,0.0009923,0.0924239,0.00109338,0.0139603,0.117563,0.201462
206,1748538569,2025-05-29 17:09 UTC,279176,352658,0.922841,2.90974,0.142217,0.189816,1.62761e-05,0.000933163,0.0924294,0.00112905,0.0142239,0.107144,0.1856
207,1748538869,2025-05-29 17:14 UTC,278856,352449,0.929287,2.93978,0.13542,0.182026,1.56775e-05,0.000791704,0.0924341,0.00116694,0.014519,0.0972271,0.170691
208,1748539169,2025-05-29 17:19 UTC,278535,352240,0.936841,2.97267,0.128632,0.174869,1.60601e-05,0.000732555,0.0924364,0.00120716,0.0148458,0.08781,0.157525
209,1748539468,2025-05-29 17:24 UTC,278212,352029,0.945414,3.00821,0.121878,0.167738,1.56231e-05,0.000656334,0.0924393,0.00124964,0.0152029,0.0789189,0.144933
210,1748539768,2025-05-29 17:29 UTC,277888,351818,0.955019,3.04653,0.115115,0.160583,1.51496e-05,0.00056853,0.0924424,0.00129475,0.0155927,0.0704954,0.132841
211,1748540068,2025-05-29 17:34 UTC,277562,351605,0.965597,3.08742,0.108368,0.15343,1.38719e-05,0.00049591,0.0924448,0.0013424,0.016014,0.0625691,0.121279
212,1748540368,2025-05-29 17:39 UTC,277235,351391,0.977119,3.13078,0.10164,0.146277,1.40157e-05,0.000430253,0.0924447,0.00139266,0.0164669,0.0551424,0.110231
213,1748540668,2025-05-29 17:44 UTC,276906,351176,0.98956,3.1765,0.0949369,0.139126,1.18107e-05,0.000370607,0.0924447,0.00144557,0.0169515,0.0482113,0.0997015
214,1748540968,2025-05-29 17:49 UTC,276576,350960,1.00289,3.22449,0.0882643,0.131977,1.91255e-05,0.000301643,0.0924446,0.00150118,0.0174676,0.0417852,0.0896485
215,1748541268,2025-05-29 17:54 UTC,276244,350743,1.01708,3.27465,0.081631,0.124829,3.71403e-05,0.000219047,0.0924518,0.00155954,0.0180153,0.035854,0.0802541
216,1748541567,2025-05-29 17:59 UTC,275910,350525,1.03205,3.3267,0.0750713,0.117707,3.22459e-05,0.000210381,0.0924517,0.00162039,0.0185925,0.0304239,0.0713737
217,1748541867,2025-05-29 18:04 UTC,275706,350353,1.02629,3.33391,0.0697582,0.111529,3.08728e-05,0.000164158,0.092452,0.00160998,0.018673,0.026346,0.0641116
218,1748542167,2025-05-29 18:09 UTC,275533,350192,1.01829,3.33547,0.0646214,0.105482,2.56365e-05,0.000129402,0.0924517,0.00159086,0.0186906,0.022665,0.0572853
219,1748542467,2025-05-29 18:14 UTC,275364,350030,1.01072,3.3371,0.0595165,0.0994385,2.39671e-05,0.000116783,0.0924522,0.0015722,0.0187089,0.019295,0.0509779
220,1748542767,2025-05-29 18:19 UTC,275201,349869,1.00358,3.33878,0.0544533,0.0933975,2.02384e-05,8.45848e-05,0.0924525,0.00155396,0.0187277,0.0162171,0.0449314
221,1748543067,2025-05-29 18:24 UTC,275042,349708,0.996901,3.34053,0.0494456,0.0873601,1.82271e-05,0.000149132,0.0924523,0.00153619,0.0187473,0.01344,0.0392756
222,1748543367,2025-05-29 18:29 UTC,274888,349547,0.990693,3.34233,0.0445143,0.081327,2.58055e-05,0.000103378,0.0924526,0.00151889,0.0187676,0.0109683,0.0340766
223,1748543666,2025-05-29 18:34 UTC,274738,349386,0.985009,3.34419,0.0397067,0.0753467,4.26476e-05,0.000138861,0.0924525,0.00150214,0.0187885,0.00878982,0.0292413
224,1748543966,2025-05-29 18:39 UTC,274593,349225,0.979854,3.34612,0.0350396,0.0699385,4.58298e-05,0.000145661,0.0924524,0.00148585,0.0188101,0.00690752,0.025244
225,1748544266,2025-05-29 18:44 UTC,274452,349064,0.975328,3.34811,0.0306079,0.0645472,3.89014e-05,0.000184148,0.0924542,0.00147012,0.0188325,0.00531082,0.0214054
226,1748544566,2025-05-29 18:49 UTC,274316,348904,0.971481,3.35015,0.0265365,0.0592264,3.34034e-05,0.000125452,0.0924572,0.00145493,0.0188555,0.0040059,0.0180911
227,1748544866,2025-05-29 18:54 UTC,274184,348744,0.968313,3.35226,0.0230189,0.0542585,3.691e-05,0.000137809,0.0924574,0.00144045,0.0188793,0.00297953,0.0151874
228,1748545166,2025-05-29 18:59 UTC,274056,348584,0.96585,3.35443,0.0203315,0.0494898,4.1737e-05,0.000129015,0.0924589,0.00142667,0.0189037,0.00222129,0.0125991
229,1748545465,2025-05-29 19:04 UTC,273932,348424,0.964123,3.35665,0.0191976,0.0472306,3.64569e-05,0.000119715,0.0924591,0.00141363,0.0189287,0.00192611,0.0115067
230,1748545765,2025-05-29 19:09 UTC,273812,348264,0.963063,3.35893,0.0183929,0.0452819,3.38054e-05,9.57418e-05,0.0924592,0.00140152,0.0189545,0.00171376,0.0105793
231,1748546065,2025-05-29 19:14 UTC,273696,348104,0.962617,3.36128,0.0178582,0.0433473,3.33557e-05,0.000109134,0.092463,0.00139011,0.018981,0.00153983,0.00965482
232,1748546365,2025-05-29 19:19 UTC,273584,347945,0.962737,3.36368,0.0176262,0.041429,3.22392e-05,0.000108268,0.0924648,0.00137979,0.0190081,0.00141631,0.00886365
233,1748546665,2025-05-29 19:24 UTC,273476,347785,0.963384,3.36615,0.0176945,0.0395291,3.29796e-05,0.000121577,0.0924651,0.00137031,0.019036,0.00134297,0.0080519
234,1748546965,2025-05-29 19:29 UTC,273371,347626,0.964523,3.36867,0.0180239,0.0376506,2.90348e-05,9.88049e-05,0.0924674,0.00136188,0.0190645,0.00132247,0.00732119
235,1748547265,2025-05-29 19:34 UTC,273270,347467,0.966127,3.37125,0.0185755,0.03672,2.99858e-05,0.000112791,0.0924674,0.00135441,0.0190938,0.00137072,0.00694394
236,1748547564,2025-05-29 19:39 UTC,273173,347308,0.968166,3.37388,0.0193115,0.0381154,2.67219e-05,8.41507e-05,0.0924673,0.00134796,0.0191237,0.00148284,0.00748208
237,1748547864,2025-05-29 19:44 UTC,273080,347148,0.970638,3.37658,0.0202078,0.0395944,2.25228e-05,6.74847e-05,0.0924675,0.00134255,0.0191542,0.00166327,0.00807303
238,1748548164,2025-05-29 19:49 UTC,272990,346990,0.973523,3.37934,0.0212395,0.0411439,2.73742e-05,0.000108624,0.0924675,0.00133818,0.0191855,0.00190361,0.00871711
239,1748548464,2025-05-29 19:54 UTC,272904,346831,0.976809,3.38216,0.0223891,0.0427561,3.23006e-05,0.000130621,0.0924674,0.00133489,0.0192175,0.00219837,0.00941323
240,1748548764,2025-05-29 19:59 UTC,272821,346672,0.980483,3.38503,0.0236428,0.0444244,3.15981e-05,0.000122631,0.0924674,0.0013326,0.0192502,0.00255219,0.0101624
241,1748549064,2025-05-29 20:04 UTC,272741,346514,0.984538,3.38796,0.0227871,0.0419768,3.03231e-05,8.52687e-05,0.0924672,0.0013315,0.0192835,0.00232514,0.00907443
242,1748549364,2025-05-29 20:09 UTC,272665,346355,0.988964,3.39095,0.0217059,0.0389841,2.61453e-05,0.000102103,0.0924676,0.00133147,0.0193176,0.00205104,0.00782759
243,1748549663,2025-05-29 20:14 UTC,272592,346197,0.99373,3.39399,0.0207107,0.0360275,2.74068e-05,9.7678e-05,0.0924673,0.00133259,0.0193522,0.00181754,0.00668469
244,1748549963,2025-05-29 20:19 UTC,272522,346039,0.998853,3.3971,0.0198066,0.0330944,2.23373e-05,6.621e-05,0.0924675,0.00133483,0.0193877,0.00162529,0.00564049
245,1748550263,2025-05-29 20:24 UTC,272456,345880,1.0043,3.40026,0.0190114,0.0347642,2.28155e-05,7.23065e-05,0.0924695,0.00133828,0.0194238,0.00147361,0.00621561
246,1748550563,2025-05-29 20:29 UTC,272393,345722,1.01005,3.40348,0.0183427,0.0364825,2.21422e-05,6.87114e-05,0.0924695,0.00134282,0.0194606,0.00137383,0.00685125
247,1748550863,2025-05-29 20:34 UTC,272333,345564,1.01611,3.45399,0.0178206,0.0382252,1.89612e-05,6.19318e-05,0.0924692,0.00134864,0.0200424,0.0013159,0.00751542
248,1748551163,2025-05-29 20:39 UTC,272275,345406,1.02244,3.50575,0.0174661,0.0399891,2.34754e-05,8.69321e-05,0.0924695,0.00135552,0.0206477,0.00131107,0.00824435
249,1748551463,2025-05-29 20:44 UTC,272221,345249,1.02905,3.55759,0.0173002,0.0418071,2.56961e-05,7.7883e-05,0.0924694,0.00136372,0.0212628,0.00134651,0.00900559
250,1748551762,2025-05-29 20:49 UTC,272170,345091,1.03589,3.60933,0.0173409,0.0436856,2.00721e-05,7.39815e-05,0.0924694,0.00137298,0.0218859,0.00142408,0.00983218
251,1748552062,2025-05-29 20:54 UTC,272122,344933,1.043,3.66133,0.0175958,0.0456146,1.87524e-05,5.84199e-05,0.0924692,0.00138345,0.0225209,0.00153987,0.0107141
252,1748552362,2025-05-29 20:59 UTC,272076,344776,1.05036,3.71339,0.0180584,0.0475556,2.0661e-05,5.49347e-05,0.0924694,0.00139516,0.023166,0.00169108,0.0116517
253,1748552662,2025-05-29 21:04 UTC,272139,344831,1.0544,3.70598,0.0198745,0.0528296,1.55421e-05,5.82251e-05,0.0924692,0.00140652,0.0230736,0.00227259,0.0143652
254,1748552962,2025-05-29 21:09 UTC,272228,344930,1.05847,3.68998,0.0231254,0.0586444,1.74961e-05,5.45666e-05,0.092469,0.00141886,0.0228748,0.00320033,0.0177178
255,1748553262,2025-05-29 21:14 UTC,272323,345030,1.06313,3.67402,0.0273158,0.0645052,1.36679e-05,4.18154e-05,0.0924691,0.00143228,0.0226773,0.00444468,0.0214322
256,1748553562,2025-05-29 21:19 UTC,272425,345131,1.06836,3.6581,0.0320724,0.0704006,1.11229e-05,6.39897e-05,0.092469,0.00144688,0.0224812,0.00602478,0.0255106
257,1748553861,2025-05-29 21:24 UTC,272532,345233,1.07414,3.64227,0.0371408,0.0763028,1.03316e-05,5.26979e-05,0.0924691,0.00146258,0.0222871,0.00794071,0.0299779
258,1748554161,2025-05-29 21:29 UTC,272646,345336,1.08051,3.62643,0.0424234,0.0822455,1.17088e-05,6.30099e-05,0.0924694,0.00147953,0.0220937,0.0102114,0.0348306
259,1748554461,2025-05-29 21:34 UTC,272765,345441,1.08745,3.61063,0.0478302,0.0882511,8.92857e-06,0.0001004,0.0924691,0.0014977,0.0219016,0.0128357,0.0401071
260,1748554761,2025-05-29 21:39 UTC,272890,345547,1.09496,3.60162,0.0533194,0.0943318,9.51614e-06,0.000137265,0.0924692,0.00151705,0.0217924,0.0158082,0.0458176
261,1748555061,2025-05-29 21:44 UTC,273020,345654,1.10303,3.66754,0.0588655,0.100745,9.00912e-06,0.000176231,0.0924692,0.00153763,0.0225974,0.0191335,0.0522555
262,1748555361,2025-05-29 21:49 UTC,273156,345762,1.11166,3.74455,0.0644527,0.107548,1.05394e-05,0.000206595,0.0924693,0.00155941,0.0235564,0.0228108,0.0595602
263,1748555660,2025-05-29 21:54 UTC,273298,345872,1.1208,3.82557,0.0700514,0.11435,7.9701e-06,0.000247448,0.0924691,0.00158234,0.0245868,0.0268298,0.0673112
264,1748555960,2025-05-29 21:59 UTC,273444,345982,1.13052,3.90714,0.0756921,0.121179,8.12003e-06,0.000291393,0.0924688,0.00160655,0.0256464,0.0312131,0.0756092
265,1748556260,2025-05-29 22:04 UTC,273596,346094,1.14076,3.98895,0.0835043,0.130451,1.01663e-05,0.000342399,0.0924687,0.00163195,0.0267318,0.0378587,0.0876028
266,1748556560,2025-05-29 22:09 UTC,273754,346208,1.1515,4.07101,0.0917289,0.140251,1.31323e-05,0.000405809,0.0924688,0.00165855,0.0278428,0.0455476,0.101266
267,1748556860,2025-05-29 22:14 UTC,273916,346322,1.16274,4.15329,0.100016,0.150174,1.38504e-05,0.000491605,0.092469,0.00168636,0.0289797,0.0540182,0.116086
268,1748557160,2025-05-29 22:19 UTC,274082,346437,1.17443,4.23579,0.108351,0.160146,1.66971e-05,0.000606128,0.0924692,0.00171536,0.0301423,0.0632682,0.132034
269,1748557460,2025-05-29 22:24 UTC,274254,346554,1.18657,4.31848,0.11672,0.170152,1.59349e-05,0.00141136,0.0924689,0.00174558,0.0313308,0.0733029,0.149045
270,1748557759,2025-05-29 22:29 UTC,274431,346671,1.19906,4.40109,0.125089,0.180128,1.72352e-05,0.00269214,0.092469,0.0017769,0.0325409,0.0840798,0.167045
271,1748558059,2025-05-29 22:34 UTC,274612,346790,1.21198,4.48414,0.133508,0.190139,1.82966e-05,0.00310999,0.0924687,0.00180955,0.0337807,0.0956736,0.18613
272,1748558359,2025-05-29 22:39 UTC,274797,346910,1.22524,4.56737,0.141944,0.200185,1.93386e-05,0.0035237,0.0924681,0.00184347,0.0350463,0.10805,0.206334
273,1748558659,2025-05-29 22:44 UTC,274987,347031,1.23883,4.65076,0.150395,0.210251,2.30628e-05,0.00231129,0.0924683,0.00187868,0.0363377,0.121204,0.227576
274,1748558959,2025-05-29 22:49 UTC,275182,347153,1.25273,4.7343,0.158857,0.220319,2.45828e-05,0.00255264,0.0924698,0.00191523,0.0376548,0.135143,0.249883
275,1748559259,2025-05-29 22:54 UTC,275381,347276,1.2669,4.81798,0.167329,0.230387,2.63588e-05,0.00281021,0.0924701,0.00195316,0.0389977,0.149864,0.273246
276,1748559559,2025-05-29 22:59 UTC,275584,347400,1.28134,4.9018,0.17581,0.240474,2.60176e-05,0.00306078,0.0924781,0.00199254,0.0403664,0.165373,0.29771
277,1748559858,2025-05-29 23:04 UTC,275791,347525,1.29598,4.98546,0.184485,0.250715,2.9885e-05,0.00154476,0.0924781,0.00203324,0.0417562,0.182002,0.323525
278,1748560158,2025-05-29 23:09 UTC,276002,347652,1.31091,5.06953,0.193242,0.261129,3.21112e-05,0.0015978,0.0924775,0.00207561,0.0431762,0.199597,0.351007
279,1748560458,2025-05-29 23:14 UTC,276218,347779,1.32606,5.15372,0.202016,0.271657,3.57947e-05,0.00165089,0.0924884,0.00211956,0.0446222,0.218039,0.379865
280,1748560758,2025-05-29 23:19 UTC,276437,347908,1.34142,5.23801,0.210805,0.282283,3.65003e-05,0.0017002,0.0924932,0.00216517,0.0460938,0.237334,0.410108
281,1748561058,2025-05-29 23:24 UTC,276660,348037,1.35699,5.32241,0.219606,0.29291,4.6712e-05,0.00174355,0.0925068,0.00221244,0.047591,0.257462,0.441531
282,1748561358,2025-05-29 23:29 UTC,276887,348168,1.37275,5.40692,0.228419,0.303537,4.83378e-05,0.00179655,0.0925139,0.00226145,0.0491143,0.27845,0.474196
283,1748561658,2025-05-29 23:34 UTC,277124,348299,1.38871,5.49151,0.237242,0.314164,6.681e-05,0.00185343,0.0925351,0.00231223,0.0506633,0.300262,0.507945
284,1748561957,2025-05-29 23:39 UTC,277358,348432,1.40478,5.57592,0.246044,0.324906,6.60413e-05,0.00189332,0.0925623,0.0023647,0.0522328,0.322871,0.543301
285,1748562257,2025-05-29 23:44 UTC,277597,348566,1.42109,5.6633,0.254883,0.335795,9.19324e-05,0.00193525,0.0926208,0.00241915,0.0538826,0.346352,0.580312
286,1748562557,2025-05-29 23:49 UTC,277838,348700,1.43756,5.75501,0.263728,0.346686,0.000123964,0.00292964,0.0927711,0.00247552,0.0556422,0.370713,0.618485
287,1748562857,2025-05-29 23:54 UTC,278084,348836,1.45418,5.86258,0.27258,0.357583,0.000120571,0.00207106,0.0928489,0.00253388,0.0577414,0.395921,0.658167
288,1748563157,2025-05-29 23:59 UTC,278333,348974,1.47095,6.00841,0.281438,0.368486,0.000113045,0.00202615,0.0929021,0.00259431,0.0606494,0.422032,0.698768
289,1748563457,2025-05-30 00:04 UTC,278581,349038,1.47248,6.01744,0.288015,0.376953,8.29436e-05,0.00201601,0.0930006,0.00262124,0.0608326,0.441967,0.731392
290,1748563756,2025-05-30 00:09 UTC,278831,349089,1.47168,6.00363,0.294192,0.384986,9.25013e-05,0.00203619,0.0930666,0.00264356,0.0605534,0.460983,0.763022
291,1748564056,2025-05-30 00:14 UTC,279085,349141,1.47115,5.98977,0.300392,0.393047,8.66571e-05,0.00204748,0.0931354,0.00266752,0.060274,0.480533,0.79515
292,1748564356,2025-05-30 00:19 UTC,279342,349194,1.4709,5.97591,0.306594,0.401107,9.95837e-05,0.00212079,0.0932327,0.00269286,0.0599953,0.500429,0.828002
293,1748564656,2025-05-30 00:24 UTC,279602,349247,1.47094,5.96206,0.312797,0.409167,0.000152571,0.00225011,0.0933708,0.0027195,0.0597179,0.52061,0.861349
294,1748564956,2025-05-30 00:29 UTC,279866,349301,1.47129,5.94821,0.319002,0.417228,0.000144566,0.00418027,0.0934874,0.00274774,0.0594407,0.5414,0.895663
295,1748565256,2025-05-30 00:34 UTC,280133,349355,1.47195,5.93435,0.325209,0.425288,0.000236415,0.00400184,0.0936008,0.00277702,0.0591641,0.562289,0.93053
296,1748565556,2025-05-30 00:39 UTC,280403,349410,1.47293,5.9205,0.331417,0.433348,0.000166801,0.0021728,0.0938717,0.00280816,0.0588881,0.584085,0.966404
297,1748565855,2025-05-30 00:44 UTC,280676,349466,1.47423,5.90669,0.337606,0.441382,0.000186205,0.00229363,0.0940002,0.00284025,0.0586134,0.605925,1.00254
298,1748566155,2025-05-30 00:49 UTC,280952,349522,1.47587,5.89779,0.343818,0.449443,0.000298928,0.00238754,0.0942136,0.00287359,0.0584366,0.628056,1.03914
299,1748566455,2025-05-30 00:54 UTC,281235,349578,1.47783,5.89326,0.35003,0.457506,0.000230192,0.00459424,0.0943536,0.00290866,0.0583469,0.651009,1.07659
300,1748566755,2025-05-30 00:59 UTC,281517,349636,1.48014,5.88873,0.356244,0.465642,0.000262947,0.0030185,0.0947141,0.00294482,0.0582569,0.674114,1.11467
301,1748567055,2025-05-30 01:04 UTC,281802,349694,1.48281,5.88422,0.358532,0.469316,8.60478e-05,0.00481061,0.0949048,0.00298293,0.0581684,0.683541,1.13366
302,1748567355,2025-05-30 01:09 UTC,282090,349752,1.48583,5.87971,0.360128,0.472203,6.68289e-05,0.00468905,0.0949218,0.00302176,0.0580793,0.689394,1.14825
303,1748567655,2025-05-30 01:14 UTC,282377,349811,1.48923,5.87522,0.361724,0.475089,0.000109075,0.00216397,0.0952266,0.00306196,0.0579908,0.695488,1.16213
304,1748567954,2025-05-30 01:19 UTC,282671,349871,1.49301,5.87075,0.363315,0.477967,8.5013e-05,0.00458451,0.0952541,0.00310329,0.0579027,0.701451,1.17646
305,1748568254,2025-05-30 01:24 UTC,282968,349931,1.4972,5.86627,0.364911,0.480854,0.000173872,0.00447801,0.0953566,0.00314587,0.0578137,0.707264,1.18956
306,1748568554,2025-05-30 01:29 UTC,283267,349992,1.5018,5.8618,0.366508,0.483741,0.000109345,0.00353088,0.0954924,0.00319021,0.0577263,0.713527,1.20465
307,1748568854,2025-05-30 01:34 UTC,283569,350053,1.50683,5.85734,0.368104,0.486628,0.000128391,0.00406271,0.0956249,0.00323573,0.0576381,0.719665,1.21916
308,1748569154,2025-05-30 01:39 UTC,283873,350115,1.51227,5.85289,0.369701,0.489515,8.77471e-05,0.0037807,0.0957413,0.00328272,0.057551,0.725949,1.23381
309,1748569454,2025-05-30 01:44 UTC,284180,350178,1.51814,5.84845,0.371298,0.492403,0.000165257,0.00374406,0.0958782,0.00333081,0.0574629,0.731861,1.24769
310,1748569754,2025-05-30 01:49 UTC,284428,350229,1.52442,5.84403,0.372894,0.49529,0.0002073,0.00971185,0.0961891,0.00338052,0.0573764,0.738124,1.26248
311,1748570053,2025-05-30 01:54 UTC,284740,350292,1.53109,5.83962,0.374486,0.498169,0.000100677,0.00209305,0.0964205,0.00343171,0.0572899,0.744726,1.27728
312,1748570353,2025-05-30 01:59 UTC,285054,350356,1.53821,5.83521,0.376083,0.501056,9.10911e-05,0.0036399,0.0968028,0.00348426,0.0572033,0.751037,1.29238
313,1748570653,2025-05-30 02:04 UTC,285371,350421,1.54575,5.84448,0.373364,0.498348,3.89679e-05,0.00326335,0.0968238,0.00353836,0.0573853,0.740481,1.27918
314,1748570953,2025-05-30 02:09 UTC,285690,350486,1.55371,5.86048,0.369843,0.4946,3.11867e-05,0.00297761,0.0968234,0.00359373,0.0576999,0.72648,1.26013
315,1748571253,2025-05-30 02:14 UTC,286011,350552,1.56208,5.87648,0.366324,0.490854,2.87591e-05,0.0027248,0.0968236,0.00365054,0.0580155,0.71265,1.24088
316,1748571553,2025-05-30 02:19 UTC,286335,350619,1.57085,5.89248,0.362804,0.487108,2.39505e-05,0.00258765,0.096823,0.00370877,0.0583319,0.698931,1.22212
317,1748571852,2025-05-30 02:24 UTC,286662,350686,1.57998,5.90843,0.359297,0.483375,2.35348e-05,0.00238459,0.0968262,0.00376823,0.0586481,0.685397,1.20335
318,1748572152,2025-05-30 02:29 UTC,286990,350753,1.58953,5.92444,0.355779,0.47963,2.00537e-05,0.00225788,0.0968259,0.00382937,0.0589663,0.671962,1.18487
319,1748572452,2025-05-30 02:34 UTC,287321,350821,1.59944,5.94045,0.352261,0.475887,1.6095e-05,0.00174727,0.0968255,0.0038919,0.0592854,0.658636,1.16641
320,1748572752,2025-05-30 02:39 UTC,287654,350890,1.60973,5.95646,0.348744,0.472144,1.72005e-05,0.00170323,0.0968256,0.00395594,0.0596055,0.645499,1.14818
321,1748573052,2025-05-30 02:44 UTC,287990,350959,1.62037,5.97303,0.345227,0.468402,2.09158e-05,0.00167061,0.0968274,0.0040214,0.0599376,0.632497,1.13006
322,1748573352,2025-05-30 02:49 UTC,288327,351029,1.63134,5.99032,0.341711,0.46466,1.97045e-05,0.0016149,0.096827,0.00408831,0.060285,0.619607,1.11207
323,1748573652,2025-05-30 02:54 UTC,288667,351099,1.64264,6.0076,0.338196,0.46092,2.2796e-05,0.00158762,0.0968271,0.00415667,0.0606334,0.606878,1.09438
324,1748573951,2025-05-30 02:59 UTC,289009,351170,1.6542,6.02483,0.334693,0.457193,2.28594e-05,0.00155266,0.0968269,0.00422623,0.0609817,0.594308,1.07668
325,1748574251,2025-05-30 03:04 UTC,289332,351234,1.65907,5.99343,0.327184,0.448117,4.74202e-05,0.00147007,0.0968267,0.00422499,0.0603476,0.567961,1.0345
326,1748574551,2025-05-30 03:09 UTC,289643,351294,1.66294,5.95252,0.318897,0.438001,4.77189e-05,0.00138963,0.0968291,0.00421281,0.0595266,0.539485,0.988271
327,1748574851,2025-05-30 03:14 UTC,289953,351354,1.66718,5.9118,0.310611,0.427888,4.71764e-05,0.00132995,0.0968315,0.00420411,0.0587149,0.511741,0.943157
328,1748575151,2025-05-30 03:19 UTC,290262,351415,1.6718,5.87794,0.302329,0.417776,4.71531e-05,0.00125836,0.0968337,0.0041989,0.0580444,0.48474,0.899162
329,1748575451,2025-05-30 03:24 UTC,290571,351475,1.67683,5.84895,0.294048,0.407666,4.51576e-05,0.00119583,0.0968341,0.00419714,0.0574731,0.458468,0.856194
330,1748575751,2025-05-30 03:29 UTC,290878,351536,1.68227,5.81995,0.285771,0.397559,5.3089e-05,0.00113689,0.0968384,0.00419891,0.0569048,0.432964,0.814252
331,1748576050,2025-05-30 03:34 UTC,291184,351598,1.68811,5.81006,0.277524,0.387488,4.51517e-05,0.00102865,0.0968384,0.00420409,0.0567112,0.408232,0.773516
332,1748576350,2025-05-30 03:39 UTC,291489,351660,1.6944,5.82233,0.269252,0.377395,4.51336e-05,0.00102943,0.0968419,0.0042128,0.0569513,0.384176,0.733841
333,1748576650,2025-05-30 03:44 UTC,291794,351722,1.70111,5.83467,0.260985,0.367408,4.04108e-05,0.000954887,0.0968416,0.00422496,0.0571925,0.360846,0.695431
334,1748576950,2025-05-30 03:49 UTC,292098,351784,1.70827,5.85663,0.252721,0.357423,4.26407e-05,0.000898247,0.096847,0.00424064,0.0576241,0.338273,0.65819
335,1748577250,2025-05-30 03:54 UTC,292401,351847,1.71588,5.88973,0.244461,0.347442,4.17584e-05,0.000863914,0.096853,0.00425977,0.0582774,0.316426,0.621949
336,1748577550,2025-05-30 03:59 UTC,292703,351910,1.72394,5.92291,0.236207,0.337464,4.3441e-05,0.00078336,0.0968533,0.00428237,0.0589355,0.295327,0.586767
337,1748577850,2025-05-30 04:04 UTC,293009,351973,1.73242,5.95609,0.224866,0.323614,6.82119e-05,0.000674435,0.0968761,0.00430852,0.0595981,0.26772,0.539642
338,1748578149,2025-05-30 04:09 UTC,293310,352037,1.7413,5.98917,0.212951,0.309043,6.51234e-05,0.000638678,0.0968856,0.0043379,0.060262,0.240136,0.492188
339,1748578449,2025-05-30 04:14 UTC,293611,352100,1.75062,6.02238,0.201,0.294429,5.54312e-05,0.000591722,0.0968932,0.00437077,0.0609318,0.213964,0.446716
340,1748578749,2025-05-30 04:19 UTC,293911,352165,1.76036,6.05559,0.189053,0.279822,6.1757e-05,0.000490843,0.0969027,0.00440711,0.061606,0.189349,0.403531
341,1748579049,2025-05-30 04:24 UTC,294211,352229,1.77051,6.0888,0.177113,0.265223,6.23482e-05,0.000450643,0.0969085,0.00444683,0.0622836,0.166244,0.362606
342,1748579349,2025-05-30 04:29 UTC,294510,352294,1.78106,6.12203,0.165179,0.250634,5.37904e-05,0.000454348,0.096922,0.00448988,0.0629652,0.144645,0.323765
343,1748579649,2025-05-30 04:34 UTC,294809,352359,1.79202,6.15527,0.153254,0.236057,5.10559e-05,0.000428817,0.0969268,0.00453631,0.0636507,0.124582,0.287183
344,1748579949,2025-05-30 04:39 UTC,295108,352425,1.80337,6.18851,0.14134,0.221493,5.00762e-05,0.000391685,0.0969312,0.00458609,0.0643402,0.106045,0.252849
345,1748580248,2025-05-30 04:44 UTC,295406,352491,1.81508,6.22165,0.129479,0.206994,4.85018e-05,0.000370556,0.0969373,0.00463897,0.0650307,0.089083,0.220827
346,1748580548,2025-05-30 04:49 UTC,295704,352557,1.82724,6.25491,0.117597,0.192467,4.86934e-05,0.000336204,0.0969438,0.0046953,0.0657279,0.0735871,0.190869
347,1748580848,2025-05-30 04:54 UTC,296002,352623,1.83979,6.28817,0.105739,0.177965,3.80575e-05,0.000332273,0.0969462,0.00475484,0.0664291,0.0596038,0.163253
348,1748581148,2025-05-30 04:59 UTC,296299,352690,1.8527,6.32145,0.093916,0.163496,3.42096e-05,0.000315239,0.0969463,0.00481759,0.0671338,0.0471545,0.137752
349,1748581448,2025-05-30 05:04 UTC,296597,352757,1.86598,6.35473,0.0808916,0.147427,3.90049e-05,0.000284903,0.0969515,0.00488355,0.0678428,0.0352311,0.112027
350,1748581748,2025-05-30 05:09 UTC,296894,352824,1.87959,6.38802,0.0676701,0.131237,3.235e-05,0.000252318,0.0969514,0.00495258,0.0685553,0.0249698,0.0887683
351,1748582047,2025-05-30 05:14 UTC,297190,352892,1.89349,6.4212,0.0546065,0.115292,2.769e-05,0.000203299,0.0969516,0.00502446,0.0692694,0.0166482,0.0685166
352,1748582347,2025-05-30 05:19 UTC,297487,352960,1.90774,6.4545,0.0417533,0.0994926,2.33147e-05,0.00015148,0.0969567,0.00509961,0.06999,0.0102055,0.0510384
353,1748582647,2025-05-30 05:24 UTC,297787,353028,1.9223,6.48781,0.0298909,0.0840176,1.83583e-05,0.000138044,0.0969745,0.00517778,0.0707141,0.00561842,0.036369
354,1748582947,2025-05-30 05:29 UTC,298083,353097,1.93714,6.52113,0.0216641,0.0692292,1.42543e-05,0.000203783,0.0969744,0.00525897,0.0714422,0.00257453,0.0247082
355,1748583247,2025-05-30 05:34 UTC,298380,353166,1.95226,6.55445,0.0189259,0.0555602,1.12967e-05,5.93533e-05,0.0969744,0.0053431,0.0721744,0.00117848,0.015908
356,1748583547,2025-05-30 05:39 UTC,298676,353235,1.96765,6.58778,0.023207,0.0601547,1.43249e-05,8.45692e-05,0.0969747,0.0054302,0.0729101,0.00277831,0.0186113
357,1748583847,2025-05-30 05:44 UTC,298972,353304,1.98329,6.62112,0.0328786,0.0768463,1.52586e-05,9.21977e-05,0.0969779,0.00552017,0.0736499,0.00613527,0.0303966
358,1748584146,2025-05-30 05:49 UTC,299268,353374,1.99913,6.65435,0.0445755,0.093582,1.85656e-05,0.000237505,0.0969779,0.00561272,0.0743911,0.011213,0.0450654
359,1748584446,2025-05-30 05:54 UTC,299564,353444,2.01525,6.6877,0.0571445,0.110428,3.56009e-05,0.00016995,0.0969881,0.0057085,0.075138,0.018152,0.0627696
360,1748584746,2025-05-30 05:59 UTC,299860,353515,2.03161,6.72106,0.0700821,0.127307,3.2826e-05,0.000179501,0.0969949,0.00580698,0.0758898,0.0269904,0.0834248
361,1748585046,2025-05-30 06:04 UTC,300132,353561,2.02605,6.72318,0.0819559,0.141622,2.90991e-05,0.000167012,0.0969996,0.00577748,0.0759377,0.0365816,0.103236
362,1748585346,2025-05-30 06:09 UTC,300389,353594,2.01571,6.71846,0.0936483,0.155372,4.50122e-05,0.000308986,0.0970095,0.00572016,0.0758315,0.0474411,0.124208
363,1748585646,2025-05-30 06:14 UTC,300641,353626,2.00546,6.71377,0.105398,0.169124,4.42343e-05,0.000229455,0.0970235,0.00566338,0.0757254,0.0598117,0.147233
364,1748585946,2025-05-30 06:19 UTC,300890,353657,1.99528,6.70909,0.117185,0.182877,5.93156e-05,0.000187946,0.0970343,0.0056073,0.07562,0.0736665,0.17206
365,1748586245,2025-05-30 06:24 UTC,301135,353688,1.98522,6.70446,0.12896,0.196584,4.90797e-05,0.000400994,0.0970401,0.00555184,0.0755158,0.0890004,0.198953
366,1748586545,2025-05-30 06:29 UTC,301376,353717,1.97521,6.69984,0.140794,0.210507,5.92725e-05,0.000278459,0.0970615,0.00549696,0.0754116,0.105859,0.227947
367,1748586845,2025-05-30 06:34 UTC,301614,353746,1.96528,6.69523,0.152642,0.224509,7.73333e-05,0.000604882,0.0970758,0.00544271,0.0753077,0.124206,0.25936
368,1748587145,2025-05-30 06:39 UTC,301845,353773,1.95544,6.69065,0.164501,0.238537,8.48494e-05,0.000391634,0.0970911,0.00538902,0.0752048,0.14407,0.292779
369,1748587445,2025-05-30 06:44 UTC,302076,353800,1.94568,6.6861,0.176369,0.252578,6.65932e-05,0.000389731,0.0971343,0.00533578,0.0751029,0.165485,0.328263
370,1748587745,2025-05-30 06:49 UTC,302304,353826,1.936,6.68156,0.188243,0.26662,0.000103306,0.000342943,0.0971595,0.00528353,0.0750008,0.188288,0.365764
371,1748588045,2025-05-30 06:54 UTC,302528,353851,1.92641,6.67705,0.200124,0.280661,0.000107849,0.000641244,0.0971967,0.00523164,0.0748993,0.212672,0.405133
372,1748588344,2025-05-30 06:59 UTC,302750,353876,1.91694,6.67258,0.211969,0.294657,0.000131435,0.000490801,0.0972298,0.0051807,0.0747995,0.238403,0.446472
373,1748588644,2025-05-30 07:04 UTC,302968,353984,1.90753,6.66812,0.220649,0.303777,8.3676e-05,0.000416144,0.0972653,0.00512976,0.0746992,0.258356,0.47476
374,1748588944,2025-05-30 07:09 UTC,303184,354217,1.8982,6.66368,0.228596,0.311767,0.000119227,0.000417674,0.0973065,0.00507991,0.0746,0.277147,0.500128
375,1748589244,2025-05-30 07:14 UTC,303396,354446,1.88896,6.65926,0.236545,0.319758,9.55871e-05,0.000443263,0.0973322,0.00503038,0.0745008,0.296754,0.526125
376,1748589544,2025-05-30 07:19 UTC,303606,354670,1.87982,6.65487,0.244497,0.327749,9.24009e-05,0.000449885,0.0973817,0.00498152,0.0744022,0.317009,0.552895
377,1748589844,2025-05-30 07:24 UTC,303812,354892,1.87076,6.65049,0.252451,0.33574,0.000104399,0.000467733,0.0974713,0.00493342,0.074305,0.337912,0.580259
378,1748590143,2025-05-30 07:29 UTC,304017,355110,1.86183,6.64616,0.260381,0.343705,0.000107634,0.000466222,0.0975472,0.004886,0.0742087,0.359417,0.607826
379,1748590443,2025-05-30 07:34 UTC,304218,355325,1.85296,6.64184,0.268339,0.351696,0.000156643,0.000848461,0.0976207,0.00483933,0.0741111,0.381585,0.63646
380,1748590743,2025-05-30 07:39 UTC,304417,355536,1.84419,6.63754,0.276299,0.359688,0.000160681,0.000721546,0.0977048,0.00479302,0.0740151,0.404522,0.665499
381,1748591043,2025-05-30 07:44 UTC,304613,355745,1.83552,6.63326,0.28426,0.36768,0.000162044,0.000575844,0.0977922,0.00474725,0.07392,0.428159,0.695596
382,1748591343,2025-05-30 07:49 UTC,304807,355949,1.82694,6.62901,0.292223,0.375672,0.000185753,0.000614266,0.0978944,0.00470227,0.0738253,0.452433,0.726158
383,1748591643,2025-05-30 07:54 UTC,304998,356151,1.81846,6.62478,0.300187,0.383664,0.000158612,0.0014337,0.0980011,0.00465761,0.0737307,0.477534,0.757469
384,1748591943,2025-05-30 07:59 UTC,305187,356350,1.81009,6.62057,0.308153,0.391657,0.000285145,0.000986028,0.0982069,0.00461431,0.0736388,0.502881,0.789184
385,1748592242,2025-05-30 08:04 UTC,305367,356546,1.80184,6.6164,0.311943,0.395046,6.17135e-05,0.000869401,0.0982696,0.00456997,0.0735455,0.516029,0.803382
386,1748592542,2025-05-30 08:09 UTC,305551,356739,1.79367,6.61224,0.314766,0.398863,5.10074e-05,0.000693498,0.0983267,0.00452714,0.073453,0.52551,0.819141
387,1748592842,2025-05-30 08:14 UTC,305733,356929,1.7856,6.60811,0.317589,0.40268,7.54824e-05,0.000462485,0.098374,0.00448524,0.073359,0.534894,0.834674
388,1748593142,2025-05-30 08:19 UTC,305913,357116,1.77764,6.604,0.320413,0.406497,6.65794e-05,0.000476825,0.098419,0.00444371,0.073269,0.544485,0.850541
389,1748593442,2025-05-30 08:24 UTC,306090,357320,1.76979,6.59991,0.323237,0.410315,7.9183e-05,0.00459651,0.0985289,0.00440282,0.0731785,0.554145,0.866701
390,1748593742,2025-05-30 08:29 UTC,306266,357522,1.76205,6.59585,0.326061,0.414132,6.79436e-05,0.000652345,0.0985823,0.0043625,0.0730886,0.563897,0.88295
391,1748594042,2025-05-30 08:34 UTC,306443,357722,1.75442,6.59181,0.328886,0.418032,0.000125432,0.000677209,0.098675,0.00432298,0.0729997,0.573581,0.899765
392,1748594341,2025-05-30 08:39 UTC,306614,357919,1.74693,6.58781,0.331702,0.421939,0.000192607,0.00140115,0.0989232,0.00428425,0.0729095,0.58338,0.916799
393,1748594641,2025-05-30 08:44 UTC,306783,358112,1.73952,6.58381,0.334528,0.425859,7.65336e-05,0.00105952,0.0989612,0.00424529,0.0728223,0.593627,0.933422
394,1748594941,2025-05-30 08:49 UTC,306951,358303,1.73223,6.57985,0.337354,0.42978,9.27863e-05,0.000403924,0.0990633,0.00420734,0.0727339,0.603713,0.950883
395,1748595241,2025-05-30 08:54 UTC,307116,358492,1.72505,6.57591,0.34018,0.4337,0.000127837,0.000590238,0.0993391,0.00416995,0.0726491,0.613936,0.967955
396,1748595541,2025-05-30 08:59 UTC,307279,358677,1.71798,6.57199,0.343007,0.437621,0.00016621,0.000753252,0.0996057,0.00413338,0.0725602,0.624042,0.985259
397,1748595841,2025-05-30 09:04 UTC,307401,358844,1.71314,6.49692,0.341367,0.435427,4.68004e-05,0.000389073,0.0996269,0.00411666,0.0709125,0.618486,0.976488
398,1748596141,2025-05-30 09:09 UTC,307495,358997,1.70897,6.40446,0.338638,0.431737,4.97792e-05,0.000376356,0.0996332,0.00410717,0.0689091,0.608651,0.959856
399,1748596440,2025-05-30 09:14 UTC,307580,359143,1.70497,6.31235,0.335921,0.428059,3.30368e-05,0.000372651,0.0996397,0.00409961,0.0669411,0.59883,0.943775
400,1748596740,2025-05-30 09:19 UTC,307657,359281,1.70112,6.21996,0.333199,0.424369,3.01979e-05,0.000370709,0.09964,0.00409371,0.0649961,0.58913,0.927472
401,1748597040,2025-05-30 09:24 UTC,307726,359412,1.69745,6.12762,0.33048,0.420679,2.24215e-05,0.000364985,0.09964,0.00408961,0.0630801,0.579475,0.911452
402,1748597340,2025-05-30 09:29 UTC,307787,359537,1.69394,6.03532,0.327766,0.416988,2.62275e-05,0.000358266,0.09964,0.0040871,0.0611943,0.569955,0.895625
403,1748597640,2025-05-30 09:34 UTC,307839,359655,1.6906,5.94307,0.325055,0.413298,2.44742e-05,0.000359093,0.0996397,0.00408625,0.0593378,0.560484,0.879695
404,1748597940,2025-05-30 09:39 UTC,307884,359766,1.68743,5.85087,0.322348,0.409608,1.98526e-05,0.000360262,0.0996392,0.00408701,0.0575108,0.551084,0.864129
405,1748598239,2025-05-30 09:43 UTC,307920,359872,1.68443,5.75902,0.319654,0.40593,1.71839e-05,0.000366288,0.09964,0.00408916,0.0557193,0.541859,0.848735
406,1748598539,2025-05-30 09:48 UTC,307949,359970,1.6816,5.66691,0.316955,0.40224,2.16879e-05,0.000352689,0.0996397,0.00409279,0.0539513,0.532694,0.833356
407,1748598839,2025-05-30 09:53 UTC,307971,360062,1.67894,5.57486,0.314261,0.39855,1.54302e-05,0.000354243,0.0996397,0.0040979,0.0522128,0.523571,0.818061
408,1748599139,2025-05-30 09:58 UTC,307984,360148,1.67644,5.4847,0.31157,0.394859,1.77004e-05,0.000358575,0.0996412,0.0041043,0.0505377,0.514581,0.803092
409,1748599439,2025-05-30 10:03 UTC,307991,360228,1.67412,5.39704,0.304756,0.386187,4.48812e-05,0.000354957,0.0996432,0.00411189,0.048935,0.492269,0.768279
410,1748599739,2025-05-30 10:08 UTC,307990,360302,1.67198,5.30944,0.296892,0.376244,3.69721e-05,0.00033041,0.0996483,0.00412093,0.0473594,0.467019,0.729286
411,1748600039,2025-05-30 10:13 UTC,307981,360370,1.67002,5.22191,0.289035,0.3663,3.7775e-05,0.000315479,0.0996481,0.00413115,0.0458108,0.442472,0.6912
412,1748600338,2025-05-30 10:18 UTC,307966,360432,1.66824,5.13474,0.28121,0.356399,3.69623e-05,0.000360472,0.0996488,0.00414252,0.0442942,0.418678,0.654338
413,1748600638,2025-05-30 10:23 UTC,307943,360488,1.66665,5.04736,0.273366,0.346904,3.21142e-05,0.000288719,0.0996488,0.0041551,0.0427994,0.39547,0.619883
414,1748600938,2025-05-30 10:28 UTC,307913,360538,1.66525,4.96006,0.26553,0.337431,3.81542e-05,0.00031202,0.0996517,0.0041687,0.0413318,0.372975,0.586579
415,1748601238,2025-05-30 10:33 UTC,307876,360583,1.66405,4.87403,0.257702,0.327983,3.49844e-05,0.000280702,0.0996518,0.00418343,0.0399104,0.351125,0.554142
416,1748601538,2025-05-30 10:38 UTC,307832,360622,1.66305,4.79828,0.249883,0.318562,3.22943e-05,0.000258995,0.0996517,0.00419919,0.0386795,0.32996,0.522757
417,1748601838,2025-05-30 10:43 UTC,307781,360656,1.66225,4.72264,0.242074,0.30917,3.59028e-05,0.000245087,0.099669,0.00421592,0.0374696,0.309489,0.492394
418,1748602138,2025-05-30 10:48 UTC,307724,360684,1.66167,4.64712,0.234277,0.29981,3.19176e-05,0.00023547,0.0996685,0.00423366,0.0362808,0.289675,0.463039
419,1748602437,2025-05-30 10:53 UTC,307659,360706,1.66129,4.57197,0.226517,0.290516,3.092e-05,0.000222219,0.0996712,0.00425227,0.0351169,0.270608,0.434752
420,1748602737,2025-05-30 10:58 UTC,307588,360723,1.66112,4.4967,0.218745,0.28123,3.40184e-05,0.000285106,0.0996723,0.00427183,0.0339702,0.252168,0.407433
421,1748603037,2025-05-30 11:03 UTC,307510,360734,1.66117,4.42157,0.208292,0.267937,5.3431e-05,0.000208689,0.0996751,0.0042922,0.0328445,0.228528,0.369835
422,1748603337,2025-05-30 11:08 UTC,307421,360741,1.66144,4.34658,0.197132,0.254235,4.83059e-05,0.000388996,0.0996645,0.00431359,0.0317398,0.204545,0.333013
423,1748603637,2025-05-30 11:13 UTC,307330,360742,1.66194,4.27174,0.185985,0.241463,4.43757e-05,0.000489524,0.0996667,0.00433583,0.0306562,0.181918,0.300394
424,1748603937,2025-05-30 11:18 UTC,307232,360737,1.66267,4.19706,0.174853,0.228694,3.86813e-05,0.000632229,0.0996685,0.00435894,0.0295937,0.16064,0.269457
425,1748604237,2025-05-30 11:23 UTC,307128,360728,1.66363,4.12255,0.163738,0.215926,3.76266e-05,0.000710677,0.0996714,0.00438284,0.0285523,0.140724,0.240235
426,1748604536,2025-05-30 11:28 UTC,307017,360713,1.66483,4.04846,0.152683,0.203204,3.89346e-05,0.000720324,0.0996765,0.00440746,0.0275352,0.122225,0.212752
427,1748604836,2025-05-30 11:33 UTC,306900,360693,1.66628,3.97431,0.141618,0.190463,3.53916e-05,0.000717755,0.0996795,0.004433,0.0265359,0.105005,0.186897
428,1748605136,2025-05-30 11:38 UTC,306776,360668,1.66799,3.90036,0.13059,0.177729,3.30038e-05,0.000738865,0.0996895,0.00445935,0.0255575,0.0891381,0.162727
429,1748605436,2025-05-30 11:43 UTC,306645,360638,1.66996,3.82661,0.119609,0.164999,2.89819e-05,0.000684676,0.0996924,0.0044865,0.0246001,0.0746212,0.140258
430,1748605736,2025-05-30 11:48 UTC,306509,360603,1.67222,3.75309,0.108691,0.152276,2.57746e-05,0.000716393,0.0996925,0.00451444,0.0236639,0.0614549,0.119463
431,1748606036,2025-05-30 11:53 UTC,306373,360563,1.67476,3.6798,0.0978598,0.13956,2.28289e-05,0.000608925,0.0996941,0.00454317,0.0227488,0.0496368,0.100377
432,1748606336,2025-05-30 11:58 UTC,306223,360517,1.67759,3.60676,0.0871525,0.126853,2.49713e-05,0.000645041,0.0996958,0.00457267,0.0218547,0.0391681,0.0829139
433,1748606635,2025-05-30 12:03 UTC,306075,360476,1.68443,3.5537,0.0763703,0.113543,2.1486e-05,0.000613529,0.0996958,0.00462441,0.0212164,0.0298552,0.0664318
434,1748606935,2025-05-30 12:08 UTC,305927,360437,1.69248,3.50582,0.0657066,0.100024,1.78588e-05,0.000555817,0.0996956,0.004683,0.0206485,0.0218364,0.051559
435,1748607235,2025-05-30 12:13 UTC,305772,360395,1.7007,3.45794,0.0554046,0.086527,1.59502e-05,0.000507473,0.0996953,0.00474241,0.0200883,0.0151954,0.0385691
436,1748607535,2025-05-30 12:18 UTC,305613,360349,1.70908,3.41007,0.0456822,0.0730642,1.43874e-05,0.000485138,0.0996958,0.00480261,0.019536,0.00992643,0.0275081
437,1748607835,2025-05-30 12:23 UTC,305449,360301,1.71762,3.3622,0.0368857,0.0596591,1.12388e-05,0.000413335,0.0996973,0.00486367,0.0189914,0.00602465,0.0183439
438,1748608135,2025-05-30 12:28 UTC,305280,360250,1.72631,3.31435,0.0295504,0.0517452,1.02436e-05,0.000365354,0.0997013,0.00492555,0.0184546,0.00362845,0.0137856
439,1748608434,2025-05-30 12:33 UTC,305105,360196,1.73513,3.26665,0.0246357,0.0575407,8.24594e-06,0.000353208,0.0997036,0.00498809,0.0179273,0.00308963,0.0170475
440,1748608734,2025-05-30 12:38 UTC,304925,360139,1.74413,3.21881,0.0237826,0.0661565,8.72678e-06,0.000314936,0.099705,0.00505167,0.017406,0.00407297,0.0225414
441,1748609034,2025-05-30 12:43 UTC,304740,360078,1.75327,3.17097,0.0288779,0.0766384,1.02596e-05,0.000263505,0.0997068,0.00511612,0.0168925,0.00606486,0.0302451
442,1748609334,2025-05-30 12:48 UTC,304550,360015,1.76257,3.12315,0.0377244,0.0883244,1.05818e-05,0.000344721,0.0997067,0.00518144,0.0163868,0.0092971,0.0401541
443,1748609634,2025-05-30 12:53 UTC,304355,359949,1.77201,3.07533,0.0478459,0.100797,1.29261e-05,0.000333463,0.0997068,0.00524764,0.0158888,0.013919,0.0523125
444,1748609934,2025-05-30 12:58 UTC,304154,359880,1.78159,3.02752,0.0584912,0.113797,1.57981e-05,0.000448713,0.099707,0.00531472,0.0153986,0.019953,0.0666652
445,1748610234,2025-05-30 13:03 UTC,303949,359808,1.79131,3.0284,0.0676448,0.123846,1.75368e-05,0.000384707,0.0997107,0.00538272,0.0154073,0.0260109,0.0789534
446,1748610533,2025-05-30 13:08 UTC,303738,359733,1.80115,3.03784,0.0763726,0.133036,2.375e-05,0.000384394,0.0997216,0.00545136,0.0155032,0.0325844,0.091117
447,1748610833,2025-05-30 13:13 UTC,303522,359654,1.81115,3.0476,0.0851906,0.142323,1.8268e-05,0.000417523,0.0997226,0.00552121,0.0156035,0.0400592,0.104295
448,1748611133,2025-05-30 13:18 UTC,303301,359573,1.82129,3.05764,0.0940526,0.151665,2.04252e-05,0.000477075,0.0997225,0.00559194,0.0157064,0.0484008,0.118425
449,1748611433,2025-05-30 13:23 UTC,303075,359489,1.83156,3.06795,0.102948,0.161051,2.34169e-05,0.000480894,0.0997228,0.0056636,0.0158125,0.0576156,0.133549
450,1748611733,2025-05-30 13:28 UTC,302844,359402,1.84196,3.07853,0.111868,0.170475,2.67287e-05,0.000518591,0.0997295,0.0057362,0.0159216,0.0677013,0.149591
451,1748612033,2025-05-30 13:33 UTC,302607,359311,1.8525,3.08938,0.120808,0.179945,2.51761e-05,0.000449778,0.0997289,0.00580978,0.0160342,0.0786646,0.166665
452,1748612333,2025-05-30 13:38 UTC,302365,359218,1.86317,3.1005,0.129765,0.18947,2.96443e-05,0.000553806,0.0997313,0.00588427,0.0161497,0.090493,0.184814
453,1748612632,2025-05-30 13:43 UTC,302118,359121,1.87394,3.11184,0.138705,0.198986,3.51559e-05,0.000579013,0.0997412,0.00595947,0.0162679,0.103147,0.203853
454,1748612932,2025-05-30 13:48 UTC,301866,359022,1.88487,3.12348,0.147685,0.208555,3.34563e-05,0.000551904,0.0997438,0.00603594,0.0163899,0.116723,0.223868
455,1748613232,2025-05-30 13:53 UTC,301608,358919,1.89594,3.13538,0.156675,0.218142,3.96626e-05,0.000595615,0.0997439,0.00611334,0.0165147,0.131159,0.244994
456,1748613532,2025-05-30 13:58 UTC,301345,358813,1.90713,3.14865,0.165672,0.227744,3.83592e-05,0.000630419,0.0997507,0.00619177,0.016655,0.146479,0.26698
457,1748613832,2025-05-30 14:03 UTC,301077,358704,1.91844,3.17886,0.17179,0.233807,3.3491e-05,0.000611735,0.0997577,0.00627124,0.0169764,0.157347,0.2814
458,1748614132,2025-05-30 14:08 UTC,300804,358592,1.92987,3.20942,0.177065,0.238834,2.62844e-05,0.000633047,0.0997571,0.00635172,0.0173044,0.167025,0.293642
459,1748614432,2025-05-30 14:13 UTC,300525,358477,1.94141,3.24088,0.182343,0.243868,2.48678e-05,0.000667737,0.0997652,0.00643323,0.0176455,0.177008,0.306229
460,1748614731,2025-05-30 14:18 UTC,300241,358359,1.95303,3.27277,0.187605,0.248889,2.73622e-05,0.00308499,0.0997648,0.00651536,0.0179943,0.187225,0.318969
461,1748615031,2025-05-30 14:23 UTC,299951,358238,1.96479,3.30565,0.192887,0.253933,3.55175e-05,0.000709804,0.0997715,0.00659879,0.0183573,0.197779,0.331968
462,1748615331,2025-05-30 14:28 UTC,299657,358113,1.97667,3.33902,0.198171,0.258982,3.0846e-05,0.00071076,0.0997804,0.00668336,0.0187299,0.208661,0.345302
463,1748615631,2025-05-30 14:33 UTC,299356,357985,1.98865,3.37243,0.203457,0.264035,4.71379e-05,0.000766833,0.0998004,0.00676888,0.019106,0.219819,0.358882
464,1748615931,2025-05-30 14:38 UTC,299050,357855,2.00073,3.40588,0.208745,0.269092,5.45934e-05,0.000780751,0.0998103,0.00685544,0.0194875,0.231272,0.372795
465,1748616231,2025-05-30 14:43 UTC,298739,357721,2.01291,3.43937,0.214034,0.274153,3.91734e-05,0.000831573,0.0998178,0.00694319,0.0198726,0.243077,0.386868
466,1748616530,2025-05-30 14:48 UTC,298423,357584,2.02515,3.47279,0.219307,0.279201,4.13828e-05,0.000844611,0.099829,0.00703166,0.0202606,0.255125,0.401343
467,1748616830,2025-05-30 14:53 UTC,298101,357444,2.03753,3.50636,0.224599,0.28427,4.35502e-05,0.000892831,0.0998337,0.00712143,0.0206544,0.267495,0.416073
468,1748617130,2025-05-30 14:58 UTC,297774,357300,2.05,3.53996,0.229892,0.290883,4.96055e-05,0.000900608,0.0998501,0.00721228,0.0210518,0.280165,0.435503
469,1748617430,2025-05-30 15:03 UTC,297517,357167,2.06368,3.54082,0.232035,0.293855,1.50691e-05,0.000864261,0.0998524,0.00731361,0.0210624,0.285445,0.444678
470,1748617730,2025-05-30 15:08 UTC,297297,357039,2.0778,3.53172,0.23322,0.295599,1.21528e-05,0.000882393,0.0998526,0.00741893,0.0209546,0.288307,0.449956
471,1748618030,2025-05-30 15:13 UTC,297077,356910,2.09202,3.52266,0.234408,0.297345,1.4153e-05,0.000887765,0.0998562,0.00752585,0.0208473,0.291188,0.455284
472,1748618330,2025-05-30 15:18 UTC,296859,356780,2.10635,3.51362,0.235598,0.299091,1.25551e-05,0.00089809,0.0998562,0.00763436,0.0207404,0.294091,0.46064
473,1748618629,2025-05-30 15:23 UTC,296640,356650,2.12073,3.50465,0.236787,0.300831,1.39331e-05,0.000909627,0.0998567,0.00774408,0.0206343,0.297002,0.466004
474,1748618929,2025-05-30 15:28 UTC,296422,356518,2.13527,3.49568,0.237982,0.302577,1.46746e-05,0.000941654,0.0998588,0.00785579,0.0205291,0.299946,0.471471
475,1748619229,2025-05-30 15:33 UTC,296205,356386,2.14991,3.49002,0.23918,0.304323,1.19796e-05,0.000931202,0.0998636,0.00796913,0.0204628,0.302924,0.476891
476,1748619529,2025-05-30 15:38 UTC,295988,356252,2.16465,3.51017,0.24038,0.306069,1.71997e-05,0.000959704,0.099865,0.00808397,0.0206997,0.305885,0.482344
477,1748619829,2025-05-30 15:43 UTC,295771,356118,2.1795,3.53603,0.241582,0.307815,1.43506e-05,0.000941487,0.0998652,0.00820051,0.0210057,0.308898,0.48791
478,1748620129,2025-05-30 15:48 UTC,295555,355982,2.19445,3.56454,0.242787,0.309561,1.39603e-05,0.00115664,0.099867,0.00831864,0.021346,0.311925,0.493484
479,1748620429,2025-05-30 15:53 UTC,295339,355846,2.2095,3.59306,0.243994,0.311307,1.25668e-05,0.00117764,0.0998705,0.0084384,0.0216889,0.314974,0.499034
480,1748620728,2025-05-30 15:58 UTC,295123,355708,2.2246,3.62432,0.245199,0.313048,1.38955e-05,0.00119011,0.0998744,0.00855932,0.022068,0.318022,0.504634
481,1748621028,2025-05-30 16:03 UTC,294907,355569,2.23985,3.65857,0.243479,0.311053,1.06111e-05,0.00117154,0.0998746,0.00868242,0.0224871,0.313586,0.498301
482,1748621328,2025-05-30 16:08 UTC,294692,355429,2.2552,3.69293,0.240836,0.307877,9.37841e-06,0.00114233,0.0998741,0.00880697,0.0229113,0.306777,0.488183
483,1748621628,2025-05-30 16:13 UTC,294477,355288,2.27063,3.72739,0.238194,0.304701,1.04318e-05,0.00110593,0.0998743,0.00893317,0.0233411,0.300056,0.478163
484,1748621928,2025-05-30 16:18 UTC,294262,355146,2.28617,3.76195,0.235553,0.301525,1.00753e-05,0.00107122,0.0998742,0.00906096,0.0237759,0.293404,0.468257
485,1748622228,2025-05-30 16:23 UTC,294047,355002,2.30179,3.79661,0.232914,0.298355,8.73255e-06,0.00102762,0.0998743,0.00919037,0.0242159,0.286828,0.458416
486,1748622528,2025-05-30 16:28 UTC,293832,354857,2.3175,3.83137,0.230275,0.295193,1.11336e-05,0.000990502,0.0998741,0.00932142,0.0246614,0.280341,0.448767
487,1748622827,2025-05-30 16:33 UTC,293618,354711,2.33324,3.8661,0.227648,0.292041,9.10625e-06,0.000941784,0.0998743,0.00945362,0.0251107,0.27394,0.439225
488,1748623127,2025-05-30 16:38 UTC,293403,354563,2.34913,3.90104,0.225012,0.288879,8.64597e-06,0.00090814,0.0998745,0.00958789,0.0255666,0.267599,0.429811
489,1748623427,2025-05-30 16:43 UTC,293188,354415,2.3651,3.93608,0.222379,0.285717,9.51364e-06,0.000861336,0.0998744,0.0097238,0.0260278,0.26134,0.420452
490,1748623727,2025-05-30 16:48 UTC,292974,354265,2.38116,3.97119,0.219747,0.282555,1.02485e-05,0.000824846,0.0998746,0.00986133,0.0264943,0.255156,0.411189
491,1748624027,2025-05-30 16:53 UTC,292759,354113,2.39731,4.0064,0.217117,0.279393,9.2957e-06,0.000797565,0.0998771,0.0100005,0.0269661,0.249045,0.402033
492,1748624327,2025-05-30 16:58 UTC,292545,353961,2.41355,4.04168,0.214488,0.276334,9.9843e-06,0.000777699,0.0998769,0.0101413,0.0274432,0.243018,0.393284
493,1748624627,2025-05-30 17:03 UTC,292330,353806,2.42988,4.07705,0.209807,0.270862,2.22263e-05,0.000732164,0.0998766,0.0102838,0.0279257,0.232581,0.3779
494,1748624926,2025-05-30 17:08 UTC,292115,353651,2.44625,4.11237,0.204483,0.264631,1.93165e-05,0.000702124,0.0998769,0.0104273,0.0284116,0.220973,0.36071
495,1748625226,2025-05-30 17:13 UTC,291901,353524,2.46276,4.14789,0.199144,0.25838,1.93256e-05,0.000669752,0.0998773,0.010573,0.0289046,0.209639,0.343869
496,1748625526,2025-05-30 17:18 UTC,291686,353400,2.47937,4.18348,0.193807,0.252129,1.72024e-05,0.000630995,0.0998767,0.0107204,0.0294029,0.198606,0.327442
497,1748625826,2025-05-30 17:23 UTC,291471,353276,2.49609,4.21914,0.188472,0.245878,1.64895e-05,0.000602,0.0998773,0.0108693,0.0299062,0.187883,0.311397
498,1748626126,2025-05-30 17:28 UTC,291255,353149,2.51291,4.25488,0.18314,0.239627,1.80883e-05,0.000564872,0.0998771,0.01102,0.030415,0.177469,0.29577
499,1748626426,2025-05-30 17:33 UTC,291040,353021,2.52982,4.29068,0.177811,0.233376,1.64902e-05,0.000535934,0.0998765,0.0111723,0.0309287,0.167356,0.280521
500,1748626725,2025-05-30 17:38 UTC,290824,352891,2.54676,4.32643,0.172502,0.227145,1.52269e-05,0.000497822,0.0998767,0.0113257,0.0314465,0.157582,0.265744
501,1748627025,2025-05-30 17:43 UTC,290609,352759,2.56383,4.36237,0.167179,0.220894,1.61024e-05,0.000471185,0.0998764,0.0114813,0.0319711,0.148085,0.251314
502,1748627325,2025-05-30 17:48 UTC,290393,352626,2.58096,4.39837,0.16186,0.214727,1.48043e-05,0.000441276,0.0998789,0.0116385,0.0325009,0.138889,0.237496
503,1748627625,2025-05-30 17:53 UTC,290177,352491,2.59816,4.43443,0.156545,0.20883,1.49549e-05,0.000419383,0.0998793,0.0117974,0.0330359,0.130001,0.224623
504,1748627925,2025-05-30 17:58 UTC,289960,352355,2.61541,4.47055,0.151234,0.202932,1.44153e-05,0.000390644,0.0998811,0.011958,0.0335764,0.121419,0.212125
505,1748628225,2025-05-30 18:03 UTC,289809,352239,2.62025,4.46215,0.145528,0.196283,1.75823e-05,0.00034103,0.0998864,0.0120035,0.0334504,0.112515,0.198447
506,1748628525,2025-05-30 18:08 UTC,289692,352136,2.621,4.43897,0.139695,0.189416,1.66133e-05,0.00033148,0.0998866,0.0120112,0.0331037,0.103758,0.184803
507,1748628824,2025-05-30 18:13 UTC,289579,352035,2.62183,4.41596,0.133889,0.183046,1.64191e-05,0.000306095,0.0998884,0.0120198,0.0327614,0.0953948,0.172598
508,1748629124,2025-05-30 18:18 UTC,289470,351978,2.62274,4.39295,0.128072,0.176848,1.43557e-05,0.000288058,0.0998887,0.0120295,0.0324208,0.0873685,0.161107
509,1748629424,2025-05-30 18:23 UTC,289364,351943,2.62374,4.37003,0.122265,0.170651,1.42616e-05,0.000258973,0.0998887,0.0120402,0.0320834,0.0797119,0.150012
510,1748629724,2025-05-30 18:28 UTC,289261,351909,2.62481,4.3472,0.116469,0.164454,1.43929e-05,0.000234497,0.0998887,0.0120519,0.031749,0.0724237,0.13932
511,1748630024,2025-05-30 18:33 UTC,289162,351878,2.62596,4.32446,0.110686,0.158259,1.36095e-05,0.000225973,0.0998891,0.0120647,0.031418,0.0655016,0.129021
512,1748630324,2025-05-30 18:38 UTC,289066,351848,2.62719,4.30182,0.104919,0.152065,1.27991e-05,0.000213734,0.0998885,0.0120785,0.0310896,0.0589474,0.119119
513,1748630624,2025-05-30 18:43 UTC,288973,351819,2.6285,4.27926,0.0991711,0.145872,1.15839e-05,0.000196626,0.0998889,0.0120933,0.0307645,0.0527597,0.109613
514,1748630923,2025-05-30 18:48 UTC,288884,351793,2.62989,4.25688,0.0934649,0.139701,1.17015e-05,0.000182879,0.0998889,0.0121091,0.0304434,0.0469597,0.100533
515,1748631223,2025-05-30 18:53 UTC,288798,351769,2.63136,4.23451,0.0877674,0.13351,1.16682e-05,0.0001718,0.0998928,0.012126,0.0301243,0.0415059,0.0918215
516,1748631523,2025-05-30 18:58 UTC,288714,351746,2.63292,4.21225,0.0821042,0.127322,1.05831e-05,0.00015545,0.0999,0.0121439,0.0298083,0.036419,0.0835159
517,1748631823,2025-05-30 19:03 UTC,288634,351724,2.63457,4.19008,0.0775667,0.122025,7.90111e-06,0.00014244,0.0999001,0.0121629,0.0294954,0.0325598,0.0766946
518,1748632123,2025-05-30 19:08 UTC,288557,351705,2.6363,4.16801,0.0734169,0.117057,7.71197e-06,0.000134657,0.0998997,0.0121829,0.0291856,0.0292158,0.07058
519,1748632423,2025-05-30 19:13 UTC,288482,351687,2.63811,4.14605,0.0692778,0.112098,8.21898e-06,0.000127819,0.099901,0.012204,0.0288789,0.0260634,0.0647247
520,1748632723,2025-05-30 19:18 UTC,288411,351670,2.64001,4.12419,0.0651515,0.10714,7.58274e-06,0.000128131,0.0999009,0.0122262,0.0285751,0.0231015,0.0591347
521,1748633022,2025-05-30 19:23 UTC,288342,351656,2.64199,4.10251,0.0610545,0.102201,6.29146e-06,0.000121786,0.0999011,0.0122493,0.0282754,0.0203392,0.0538028
522,1748633322,2025-05-30 19:28 UTC,288277,351642,2.64405,4.08086,0.0569628,0.0972486,6.14594e-06,0.000115354,0.099901,0.0122735,0.027978,0.01776,0.0487177
523,1748633622,2025-05-30 19:33 UTC,288214,351630,2.6462,4.05933,0.0528949,0.092299,7.0437e-06,0.000189111,0.0999009,0.0122988,0.0276833,0.0153726,0.0438786
524,1748633922,2025-05-30 19:38 UTC,288153,351620,2.64843,4.04956,0.0488572,0.087353,6.45613e-06,9.8219e-05,0.0999009,0.0123252,0.0275503,0.0131762,0.039308
525,1748634222,2025-05-30 19:43 UTC,288096,351611,2.65074,4.05507,0.0448586,0.0824112,5.49492e-06,9.36535e-05,0.099903,0.0123525,0.0276252,0.0111702,0.0349868
526,1748634522,2025-05-30 19:48 UTC,288041,351604,2.65312,4.06059,0.0409114,0.0778582,5.42196e-06,9.36401e-05,0.0999032,0.012381,0.0277005,0.00935592,0.0312237
527,1748634821,2025-05-30 19:53 UTC,287989,351598,2.65558,4.0661,0.0370466,0.0734412,7.78276e-06,7.28734e-05,0.0999034,0.0124105,0.0277757,0.00773734,0.027787
528,1748635121,2025-05-30 19:58 UTC,287939,351593,2.65813,4.07164,0.0332653,0.0690217,1.11165e-05,9.01127e-05,0.099903,0.012441,0.0278515,0.0063024,0.0245516
529,1748635421,2025-05-30 20:03 UTC,287892,351590,2.66075,4.07719,0.0313351,0.0668263,2.07035e-05,8.19092e-05,0.0999051,0.0124727,0.0279278,0.00563572,0.0229972
530,1748635721,2025-05-30 20:08 UTC,287847,351588,2.66345,4.08276,0.0300464,0.0654318,2.9139e-05,0.000100734,0.099905,0.0125054,0.0280041,0.00521819,0.0220634
531,1748636021,2025-05-30 20:13 UTC,287805,351588,2.66624,4.08833,0.0287685,0.0640826,2.45952e-05,8.15576e-05,0.0999079,0.0125391,0.0280801,0.00481915,0.0211441
532,1748636321,2025-05-30 20:18 UTC,287766,351589,2.6691,4.09392,0.0275028,0.0627417,2.39429e-05,7.21763e-05,0.0999078,0.0125739,0.028157,0.00444193,0.0202837
533,1748636621,2025-05-30 20:23 UTC,287728,351591,2.67204,4.09951,0.0262513,0.0614027,2.32945e-05,7.47087e-05,0.0999079,0.01261,0.0282341,0.00409026,0.0194429
534,1748636920,2025-05-30 20:28 UTC,287693,351594,2.67505,4.1051,0.0250204,0.0600702,2.17725e-05,6.46189e-05,0.099908,0.0126467,0.0283115,0.00375299,0.0185734
535,1748637220,2025-05-30 20:33 UTC,287661,351599,2.67815,4.11072,0.0238045,0.0587355,2.51525e-05,0.000106517,0.0999079,0.0126846,0.0283889,0.00343488,0.0177507
536,1748637520,2025-05-30 20:38 UTC,287630,351605,2.68133,4.11635,0.022611,0.0574031,8.91477e-05,0.00033127,0.0999078,0.0127234,0.0284664,0.0031361,0.0169116
537,1748637820,2025-05-30 20:43 UTC,287602,351612,2.68459,4.12199,0.0214438,0.0560732,0.000141115,0.000502246,0.0999097,0.0127636,0.0285412,0.00287075,0.0162386
538,1748638120,2025-05-30 20:48 UTC,287576,351620,2.68794,4.12764,0.020308,0.0547459,0.000111064,0.000441926,0.0999099,0.0128052,0.028622,0.00262273,0.0156157
539,1748638420,2025-05-30 20:53 UTC,287553,351630,2.69137,4.1333,0.0192099,0.0534216,0.000104654,0.000293553,0.09991,0.0128477,0.0287016,0.00238389,0.0146605
540,1748638720,2025-05-30 20:58 UTC,287531,351641,2.69488,4.16043,0.0181585,0.0521004,0.000108253,0.000396201,0.0999103,0.0128904,0.0290787,0.00215859,0.0138614
541,1748639019,2025-05-30 21:03 UTC,287560,351678,2.69782,4.17036,0.0188448,0.0533628,8.98245e-05,0.000249898,0.0999101,0.0129265,0.029219,0.00232896,0.0147052
542,1748639319,2025-05-30 21:08 UTC,287616,351730,2.7007,4.17344,0.0202826,0.0555835,8.11004e-05,0.000284899,0.0999101,0.0129613,0.0292607,0.00268725,0.0158681
543,1748639619,2025-05-30 21:13 UTC,287677,351785,2.70377,4.17652,0.0218407,0.0578143,7.98116e-05,0.000256789,0.09991,0.0129961,0.0293061,0.0030734,0.0172631
544,1748639919,2025-05-30 21:18 UTC,287743,351843,2.70703,4.17961,0.0234966,0.0600539,7.56159e-05,0.000261035,0.09991,0.0130325,0.0293478,0.00351977,0.0186009
545,1748640219,2025-05-30 21:23 UTC,287813,351905,2.71045,4.18271,0.0252328,0.0623015,5.06923e-05,0.000142832,0.09991,0.0130687,0.0293925,0.00399432,0.0200322
546,1748640519,2025-05-30 21:28 UTC,287887,351969,2.71404,4.18582,0.0270345,0.0645561,5.20706e-05,0.000186108,0.09991,0.0131063,0.0294349,0.00452508,0.0215058
547,1748640819,2025-05-30 21:33 UTC,287967,352036,2.71778,4.18894,0.0288886,0.0668172,5.55356e-05,0.000175784,0.0999101,0.0131444,0.0294789,0.00509977,0.0230831
548,1748641118,2025-05-30 21:38 UTC,288050,352107,2.72166,4.19206,0.0307773,0.0690764,5.29982e-05,0.000156618,0.09991,0.0131833,0.0295233,0.0057227,0.0246134
549,1748641418,2025-05-30 21:43 UTC,288138,352180,2.72569,4.1952,0.0327042,0.0713485,5.53014e-05,0.000128812,0.0999098,0.0132229,0.0295667,0.00638455,0.0262134
550,1748641718,2025-05-30 21:48 UTC,288231,352256,2.72987,4.19834,0.0346566,0.0736252,5.30651e-05,0.00016867,0.0999101,0.0132634,0.0296116,0.00711016,0.027949
551,1748642018,2025-05-30 21:53 UTC,288328,352335,2.73418,4.20149,0.0366296,0.0759062,4.23612e-05,0.000138242,0.0999101,0.0133046,0.0296563,0.0078724,0.0296706
552,1748642318,2025-05-30 21:58 UTC,288428,352417,2.73862,4.20466,0.0386196,0.0781912,3.53314e-05,0.000118112,0.0999101,0.0133463,0.0297008,0.00868481,0.0314225
553,1748642618,2025-05-30 22:03 UTC,288533,352501,2.74319,4.21599,0.0428514,0.0827729,3.2704e-05,0.000144641,0.0999098,0.0133889,0.0298614,0.0105289,0.0352887
554,1748642917,2025-05-30 22:08 UTC,288642,352588,2.74787,4.23764,0.0479571,0.0883155,2.59941e-05,0.000140935,0.0999101,0.0134321,0.0301689,0.0130049,0.0401494
555,1748643217,2025-05-30 22:13 UTC,288754,352678,2.75269,4.25939,0.0531223,0.0939867,2.96937e-05,0.000159293,0.0999095,0.0134759,0.0304792,0.0157749,0.045473
556,1748643517,2025-05-30 22:18 UTC,288871,352771,2.75763,4.28116,0.0583182,0.100232,2.22313e-05,0.000171635,0.0999098,0.0135206,0.0307917,0.0188709,0.0517558
557,1748643817,2025-05-30 22:23 UTC,288991,352866,2.76268,4.30296,0.0635369,0.106508,2.37301e-05,0.000179549,0.0999095,0.0135658,0.0311058,0.022254,0.0584318
558,1748644117,2025-05-30 22:28 UTC,289115,352963,2.76785,4.32479,0.0687731,0.112787,2.16005e-05,0.000204329,0.0999099,0.0136117,0.0314224,0.0259423,0.06548
559,1748644417,2025-05-30 22:33 UTC,289243,353063,2.77314,4.34663,0.0740229,0.119069,1.90248e-05,0.000223744,0.0999101,0.0136582,0.0317405,0.0299299,0.0729654
560,1748644717,2025-05-30 22:38 UTC,289374,353166,2.77853,4.3685,0.0792837,0.125387,1.98986e-05,0.000234538,0.0999098,0.0137054,0.0320609,0.0342228,0.0809726
561,1748645016,2025-05-30 22:43 UTC,289509,353271,2.78401,4.39032,0.0845358,0.131738,1.27807e-05,0.000283193,0.0999099,0.0137531,0.032382,0.0388096,0.0893573
562,1748645316,2025-05-30 22:48 UTC,289647,353378,2.78961,4.41224,0.0898127,0.138202,1.30676e-05,0.000261816,0.0999102,0.0138016,0.0327062,0.0437115,0.0983446
563,1748645616,2025-05-30 22:53 UTC,289789,353488,2.79532,4.43418,0.0950957,0.144719,1.26133e-05,0.00028491,0.09991,0.0138506,0.033032,0.0489073,0.107824
564,1748645916,2025-05-30 22:58 UTC,289935,353600,2.80112,4.45614,0.100384,0.151255,1.45194e-05,0.000315004,0.0999101,0.0139002,0.03336,0.0544066,0.11778
565,1748646216,2025-05-30 23:03 UTC,290083,353715,2.80703,4.47813,0.107057,0.159233,1.854e-05,0.000345116,0.0999097,0.0139504,0.0336899,0.0617689,0.13053
566,1748646516,2025-05-30 23:08 UTC,290235,353832,2.81303,4.50013,0.114297,0.167771,1.4421e-05,0.000404108,0.0999101,0.0140014,0.0340219,0.0703001,0.144913
567,1748646816,2025-05-30 23:13 UTC,290390,353951,2.81912,4.52216,0.121564,0.176311,1.56618e-05,0.00045763,0.0999099,0.0140528,0.0343558,0.0794138,0.16006
568,1748647115,2025-05-30 23:18 UTC,290549,354072,2.82528,4.54413,0.128828,0.184824,1.63527e-05,0.000483438,0.0999098,0.0141047,0.0346905,0.0890871,0.175868
569,1748647415,2025-05-30 23:23 UTC,290711,354196,2.83155,4.5662,0.136134,0.193401,2.05151e-05,0.000495672,0.0999096,0.0141573,0.0350283,0.0993769,0.192591
570,1748647715,2025-05-30 23:28 UTC,290875,354321,2.83791,4.58829,0.143454,0.201993,2.24081e-05,0.000556824,0.0999097,0.0142105,0.035368,0.110262,0.210066
571,1748648015,2025-05-30 23:33 UTC,291043,354449,2.84435,4.6104,0.150787,0.210586,2.32633e-05,0.000568222,0.0999099,0.0142642,0.0357096,0.121742,0.228321
572,1748648315,2025-05-30 23:38 UTC,291214,354579,2.85088,4.63253,0.15813,0.219179,2.31244e-05,0.000703742,0.0999094,0.0143186,0.0360532,0.133815,0.247341
573,1748648615,2025-05-30 23:43 UTC,291388,354711,2.85748,4.65468,0.165482,0.227778,2.42236e-05,0.000690832,0.0999097,0.0143736,0.0363987,0.146477,0.267094
574,1748648915,2025-05-30 23:48 UTC,291565,354845,2.86417,4.67685,0.172842,0.236421,2.35507e-05,0.000737648,0.0999096,0.0144291,0.0367464,0.159736,0.287782
575,1748649214,2025-05-30 23:53 UTC,291745,354982,2.87092,4.69896,0.180183,0.24505,2.57046e-05,0.000773368,0.0999099,0.014485,0.0370949,0.173533,0.309138
576,1748649514,2025-05-30 23:58 UTC,291927,355120,2.87776,4.72117,0.187554,0.253855,2.81988e-05,0.000846856,0.0999118,0.0145416,0.0374461,0.18797,0.331759
577,1748649814,2025-05-31 00:03 UTC,292121,355264,2.87058,4.67756,0.19473,0.262408,2.71267e-05,0.000928624,0.0999117,0.0144592,0.0367576,0.202565,0.354455
578,1748650114,2025-05-31 00:08 UTC,292323,355414,2.85787,4.60751,0.201835,0.270919,2.86632e-05,0.000941428,0.0999139,0.0143222,0.0356646,0.217545,0.37789
579,1748650414,2025-05-31 00:13 UTC,292528,355565,2.84531,4.53745,0.208952,0.279431,3.38298e-05,0.000995921,0.0999135,0.0141867,0.0345885,0.233071,0.401932
580,1748650714,2025-05-31 00:18 UTC,292737,355719,2.8329,4.46741,0.216078,0.287943,3.24205e-05,0.00103527,0.0999133,0.0140528,0.0335288,0.249178,0.426829
581,1748651014,2025-05-31 00:23 UTC,292948,355876,2.82065,4.39736,0.223214,0.296455,3.62337e-05,0.00105384,0.0999134,0.0139204,0.0324857,0.265829,0.452421
582,1748651313,2025-05-31 00:28 UTC,293164,356034,2.80859,4.34032,0.230333,0.304938,4.05207e-05,0.00108561,0.0999216,0.0137899,0.0316481,0.282982,0.478553
583,1748651613,2025-05-31 00:33 UTC,293382,356195,2.79666,4.31922,0.237484,0.313451,4.15243e-05,0.00115938,0.0999297,0.0136606,0.0313408,0.300759,0.50567
584,1748651913,2025-05-31 00:38 UTC,293604,356358,2.78488,4.29812,0.244641,0.32198,5.87546e-05,0.00125662,0.0999363,0.0135326,0.0310352,0.319056,0.533602
585,1748652213,2025-05-31 00:43 UTC,293829,356524,2.77327,4.27702,0.251803,0.330525,6.93778e-05,0.0013471,0.0999447,0.0134061,0.0307311,0.337927,0.562272
586,1748652513,2025-05-31 00:48 UTC,294057,356692,2.76183,4.25592,0.258971,0.33907,7.17306e-05,0.00147401,0.0999553,0.0132812,0.0304288,0.357377,0.591743
587,1748652813,2025-05-31 00:53 UTC,294288,356861,2.75056,4.23482,0.266144,0.347683,7.76213e-05,0.00149695,0.0999701,0.0131577,0.0301276,0.377384,0.622187
588,1748653112,2025-05-31 00:58 UTC,294523,357033,2.73948,4.21379,0.273298,0.356395,7.99971e-05,0.00153849,0.0999888,0.013036,0.0298292,0.397884,0.65376
589,1748653412,2025-05-31 01:03 UTC,294760,357207,2.72855,4.19588,0.27849,0.363096,5.9363e-05,0.00156865,0.10001,0.0129156,0.0295759,0.413129,0.678678
590,1748653712,2025-05-31 01:08 UTC,295000,357384,2.71778,4.18129,0.282858,0.36895,5.92398e-05,0.00174014,0.100039,0.0127963,0.029371,0.426106,0.700652
591,1748654012,2025-05-31 01:13 UTC,295243,357562,2.70719,4.16674,0.287228,0.374803,6.74838e-05,0.00174557,0.10008,0.0126783,0.0291664,0.439262,0.72326
592,1748654312,2025-05-31 01:18 UTC,295489,357742,2.69677,4.19004,0.291598,0.380657,6.07144e-05,0.00173718,0.100162,0.012562,0.0294949,0.452741,0.745702
593,1748654612,2025-05-31 01:23 UTC,295738,357924,2.68653,4.23425,0.295969,0.386511,6.45632e-05,0.00183712,0.100169,0.0124464,0.0301205,0.466234,0.769121
594,1748654912,2025-05-31 01:28 UTC,295998,358141,2.67647,4.27848,0.300341,0.392364,6.97746e-05,0.00191508,0.100197,0.0123323,0.0307532,0.480004,0.792548
595,1748655211,2025-05-31 01:33 UTC,296252,358363,2.66662,4.32258,0.304699,0.398199,7.13306e-05,0.00195468,0.100217,0.01222,0.0313903,0.493949,0.81627
596,1748655511,2025-05-31 01:38 UTC,296509,358588,2.65692,4.36686,0.309073,0.404052,5.51377e-05,0.00198563,0.100231,0.0121086,0.0320367,0.508199,0.840354
597,1748655811,2025-05-31 01:43 UTC,296769,358816,2.6474,4.41115,0.313447,0.409906,0.000107949,0.0021737,0.100265,0.0119978,0.0326898,0.522438,0.864722
598,1748656111,2025-05-31 01:48 UTC,297035,359045,2.63806,4.45546,0.317823,0.41576,9.12134e-05,0.00216225,0.10029,0.0118889,0.0333498,0.537101,0.889825
599,1748656411,2025-05-31 01:53 UTC,297300,359277,2.6289,4.49979,0.322198,0.421613,8.52575e-05,0.00223329,0.100336,0.011781,0.0340169,0.551936,0.915081
600,1748656711,2025-05-31 01:58 UTC,297567,359511,2.61993,4.54414,0.326575,0.427467,0.000115381,0.00234201,0.100392,0.011674,0.0346907,0.566856,0.940176
601,1748657011,2025-05-31 02:03 UTC,297837,359747,2.61114,4.5885,0.327956,0.429878,1.9096e-05,0.00231398,0.100415,0.0115693,0.0353713,0.571934,0.951785
602,1748657310,2025-05-31 02:08 UTC,298121,359985,2.60256,4.63274,0.328072,0.430834,1.185e-05,0.00232239,0.10042,0.0114651,0.0360565,0.572267,0.955871
603,1748657610,2025-05-31 02:13 UTC,298396,360225,2.59415,4.67714,0.328188,0.431793,8.47597e-06,0.00236967,0.10042,0.0113617,0.036751,0.572599,0.960141
604,1748657910,2025-05-31 02:18 UTC,298673,360468,2.58592,4.72155,0.328305,0.432753,1.01818e-05,0.00241746,0.100424,0.0112592,0.0374524,0.572943,0.964475
605,1748658210,2025-05-31 02:23 UTC,298953,360712,2.5779,4.76627,0.328422,0.433713,7.89478e-06,0.00247334,0.100424,0.0111578,0.0381651,0.573275,0.968714
606,1748658510,2025-05-31 02:28 UTC,299236,360959,2.57006,4.82065,0.328539,0.434673,8.28414e-06,0.00255982,0.100424,0.0110574,0.039041,0.573621,0.97298
607,1748658810,2025-05-31 02:33 UTC,299520,361207,2.56243,4.87504,0.328656,0.435633,7.84625e-06,0.00260765,0.100424,0.010958,0.039927,0.573977,0.977354
608,1748659110,2025-05-31 02:38 UTC,299807,361458,2.555,4.92946,0.328773,0.436593,7.62015e-06,0.00269047,0.100424,0.0108595,0.0408232,0.574331,0.981648
609,1748659409,2025-05-31 02:43 UTC,300096,361710,2.54779,4.98371,0.32889,0.437551,9.06271e-06,0.00278238,0.100424,0.0107623,0.0417267,0.574691,0.985899
610,1748659709,2025-05-31 02:48 UTC,300387,361964,2.54076,5.03972,0.329008,0.438512,7.52019e-06,0.00287973,0.100424,0.0106657,0.0426699,0.575062,0.990306
611,1748660009,2025-05-31 02:53 UTC,300681,362220,2.53393,5.09705,0.329125,0.439473,1.22368e-05,0.00299016,0.100429,0.0105699,0.0436464,0.575434,0.994662
612,1748660309,2025-05-31 02:58 UTC,300977,362479,2.5273,5.15441,0.329243,0.440434,8.11998e-06,0.00311435,0.100429,0.010475,0.044634,0.575815,0.998972
613,1748660609,2025-05-31 03:03 UTC,301251,362728,2.51876,5.16754,0.32625,0.437302,2.6384e-05,0.00319243,0.100429,0.0103824,0.0448617,0.565438,0.985019
614,1748660909,2025-05-31 03:08 UTC,301513,362972,2.50945,5.16143,0.321904,0.432389,2.14186e-05,0.00324966,0.100429,0.0102917,0.0447558,0.550378,0.962982
615,1748661208,2025-05-31 03:13 UTC,301775,363216,2.50031,5.15536,0.317572,0.427492,2.28656e-05,0.00332718,0.100429,0.0102029,0.0446506,0.535603,0.941296
616,1748661508,2025-05-31 03:18 UTC,302037,363459,2.49129,5.1493,0.313227,0.42258,2.41976e-05,0.00341075,0.100429,0.0101154,0.0445457,0.520981,0.919832
617,1748661808,2025-05-31 03:23 UTC,302297,363701,2.48241,5.14326,0.308883,0.417669,2.2979e-05,0.00352908,0.100429,0.0100295,0.0444413,0.506557,0.898511
618,1748662108,2025-05-31 03:28 UTC,302557,363943,2.47367,5.13725,0.304539,0.41276,2.25357e-05,0.00366994,0.100428,0.00994527,0.0443374,0.492344,0.877551
619,1748662408,2025-05-31 03:33 UTC,302817,364185,2.46508,5.13125,0.300196,0.407851,2.15063e-05,0.0037727,0.100428,0.00986264,0.044234,0.478332,0.856813
620,1748662708,2025-05-31 03:38 UTC,303024,364378,2.45664,5.12528,0.295854,0.402943,2.28048e-05,0.00386097,0.100429,0.00978165,0.0441311,0.464535,0.83631
621,1748663008,2025-05-31 03:43 UTC,303283,364618,2.44834,5.11934,0.291513,0.398036,2.23778e-05,0.00394229,0.100429,0.00970226,0.0440288,0.450939,0.816036
622,1748663307,2025-05-31 03:48 UTC,303541,364859,2.44022,5.11344,0.287188,0.393147,2.09283e-05,0.00405433,0.100429,0.00962475,0.0439273,0.43759,0.796124
623,1748663607,2025-05-31 03:53 UTC,303799,365099,2.43222,5.10754,0.282849,0.388242,2.14621e-05,0.00415787,0.100429,0.00954861,0.0438261,0.424408,0.776372
624,1748663907,2025-05-31 03:58 UTC,304056,365339,2.42436,5.10166,0.278511,0.383339,2.09896e-05,0.00426599,0.100429,0.00947408,0.0437253,0.41143,0.756905
625,1748664207,2025-05-31 04:03 UTC,304313,365579,2.41666,5.09581,0.271398,0.374712,4.41031e-05,0.00429121,0.10043,0.00940138,0.0436251,0.390693,0.723397
626,1748664507,2025-05-31 04:08 UTC,304570,365818,2.4091,5.08999,0.26304,0.364415,4.12164e-05,0.00426971,0.100429,0.00933008,0.0435254,0.366937,0.684176
627,1748664807,2025-05-31 04:13 UTC,304826,366058,2.4017,5.08418,0.254685,0.35412,3.85962e-05,0.00422713,0.100432,0.0092604,0.0434262,0.34393,0.646051
628,1748665107,2025-05-31 04:18 UTC,305082,366297,2.39444,5.07841,0.246333,0.34383,3.84741e-05,0.00417775,0.100432,0.00919237,0.0433275,0.32168,0.609064
629,1748665406,2025-05-31 04:23 UTC,305335,366536,2.38737,5.07267,0.238011,0.333667,4.06128e-05,0.00411295,0.100435,0.00912619,0.0432297,0.300257,0.573557
630,1748665706,2025-05-31 04:28 UTC,305590,366775,2.38042,5.06694,0.229665,0.323484,4.05582e-05,0.00403707,0.100435,0.0090614,0.0431321,0.279504,0.539069
631,1748666006,2025-05-31 04:33 UTC,305846,367014,2.37362,5.06124,0.221323,0.313303,3.74492e-05,0.00393591,0.100438,0.00899821,0.043035,0.259493,0.505726
632,1748666306,2025-05-31 04:38 UTC,306101,367253,2.36698,5.05589,0.212986,0.303126,3.72503e-05,0.00381703,0.100437,0.00893666,0.0429441,0.240241,0.473417
633,1748666606,2025-05-31 04:43 UTC,306357,367492,2.3605,5.05063,0.204653,0.292951,3.46225e-05,0.00368435,0.100437,0.00887672,0.0428549,0.221732,0.442153
634,1748666906,2025-05-31 04:48 UTC,306612,367731,2.35417,5.04539,0.196326,0.282781,3.41038e-05,0.00354185,0.100437,0.00881842,0.0427661,0.203978,0.411954
635,1748667206,2025-05-31 04:53 UTC,306866,367970,2.34799,5.04018,0.188006,0.272615,3.35627e-05,0.00338071,0.100437,0.00876174,0.0426778,0.186973,0.382888
636,1748667505,2025-05-31 04:58 UTC,307121,368209,2.342,5.03501,0.17972,0.262488,3.39376e-05,0.0032048,0.100436,0.00870687,0.0425901,0.170773,0.354951
637,1748667805,2025-05-31 05:03 UTC,307376,368448,2.33614,5.02984,0.169407,0.249837,4.10594e-05,0.00297064,0.100437,0.0086535,0.0425028,0.151748,0.321631
638,1748668105,2025-05-31 05:08 UTC,307631,368687,2.33045,5.02469,0.158169,0.236038,4.04223e-05,0.00267996,0.100444,0.00860168,0.0424157,0.132325,0.287102
639,1748668405,2025-05-31 05:13 UTC,307886,368926,2.32492,5.01956,0.146937,0.222247,3.47501e-05,0.00240483,0.100444,0.00855145,0.0423292,0.11424,0.254538
640,1748668705,2025-05-31 05:18 UTC,308140,369165,2.31955,5.01446,0.135713,0.208467,3.48268e-05,0.00211766,0.100444,0.00850288,0.0422432,0.0975138,0.223967
641,1748669005,2025-05-31 05:23 UTC,308395,369405,2.31434,5.00937,0.1245,0.194699,3.11466e-05,0.00184079,0.100444,0.00845591,0.0421576,0.0821293,0.195349
642,1748669304,2025-05-31 05:28 UTC,308650,369644,2.30932,5.00433,0.113337,0.180993,2.98606e-05,0.00156622,0.100444,0.00841071,0.0420728,0.0681377,0.168805
643,1748669604,2025-05-31 05:33 UTC,308904,369884,2.30445,4.99929,0.102155,0.167261,3.1684e-05,0.00130182,0.100447,0.00836701,0.041988,0.0554527,0.144184
644,1748669904,2025-05-31 05:38 UTC,309159,370123,2.29975,4.99427,0.0909966,0.153554,2.65699e-05,0.00105298,0.100447,0.00832489,0.0419038,0.0441084,0.121487
645,1748670204,2025-05-31 05:43 UTC,309414,370363,2.29521,4.98928,0.0798733,0.139879,2.39922e-05,0.00084426,0.100447,0.00828439,0.0418201,0.0341154,0.100805
646,1748670504,2025-05-31 05:48 UTC,309668,370603,2.29085,4.98431,0.0688028,0.126246,2.41707e-05,0.00064159,0.100448,0.00824552,0.0417368,0.0254734,0.0822624
647,1748670804,2025-05-31 05:53 UTC,309923,370844,2.28667,4.97935,0.0578181,0.112672,1.91748e-05,0.000464954,0.100447,0.00820825,0.0416538,0.0181765,0.0654142
648,1748671104,2025-05-31 05:58 UTC,310178,371084,2.28266,4.97443,0.0469908,0.0993957,1.45233e-05,0.000316166,0.100447,0.00817257,0.0415715,0.0122287,0.0509136
649,1748671403,2025-05-31 06:03 UTC,310405,371315,2.27951,4.95349,0.0359852,0.0856292,1.39524e-05,0.000203542,0.100447,0.00814922,0.0412223,0.00746334,0.0377761
650,1748671703,2025-05-31 06:08 UTC,310599,371534,2.27678,4.92504,0.0258006,0.0717457,1.14775e-05,0.000129772,0.100447,0.00813159,0.0407501,0.00401889,0.0265279
651,1748672003,2025-05-31 06:13 UTC,310785,371749,2.27415,4.89679,0.0190594,0.0585768,9.01796e-06,7.54693e-05,0.100447,0.0081146,0.040284,0.00175916,0.0176831
652,1748672303,2025-05-31 06:18 UTC,310965,371960,2.27162,4.86875,0.0174461,0.0467413,8.10609e-06,5.122e-05,0.100447,0.00809826,0.0398239,0.00101385,0.011253
653,1748672603,2025-05-31 06:23 UTC,311139,372168,2.26918,4.84091,0.0222941,0.0560175,8.78172e-06,4.38876e-05,0.100447,0.00808256,0.0393698,0.0025768,0.0161527
654,1748672903,2025-05-31 06:28 UTC,311306,372372,2.26684,4.81329,0.03122,0.0707191,1.09956e-05,0.000102325,0.100447,0.00806751,0.0389218,0.00547302,0.0257485
655,1748673203,2025-05-31 06:33 UTC,311467,372573,2.26459,4.78588,0.0417976,0.0855574,1.34453e-05,7.37954e-05,0.100447,0.00805307,0.0384798,0.00977769,0.0376774
656,1748673502,2025-05-31 06:38 UTC,311622,372771,2.26246,4.75878,0.0530144,0.100422,1.46336e-05,0.000105618,0.100447,0.00803929,0.0380452,0.0155479,0.0519155
657,1748673802,2025-05-31 06:43 UTC,311770,372966,2.26042,4.73181,0.0645745,0.115383,1.86356e-05,0.00013736,0.100447,0.00802608,0.0376152,0.0228434,0.0685274
658,1748674102,2025-05-31 06:48 UTC,311913,373158,2.25848,4.70507,0.0762914,0.130375,2.31998e-05,0.000165414,0.100447,0.00801351,0.0371913,0.0316524,0.0874893
659,1748674402,2025-05-31 06:53 UTC,312050,373347,2.25665,4.67856,0.0880977,0.145387,2.42506e-05,0.000210613,0.10045,0.00800149,0.0367734,0.0419858,0.108805
660,1748674702,2025-05-31 06:58 UTC,312182,373533,2.25492,4.65228,0.0999593,0.160415,2.85775e-05,0.000231706,0.10045,0.00799011,0.0363614,0.0538337,0.132474
661,1748675002,2025-05-31 07:03 UTC,312308,373716,2.2533,4.62624,0.110538,0.172903,2.86845e-05,0.00030625,0.100449,0.00797927,0.0359556,0.0656148,0.153903
662,1748675302,2025-05-31 07:08 UTC,312428,373896,2.25179,4.60044,0.120499,0.184155,3.07806e-05,0.000316372,0.100454,0.00796904,0.0355557,0.0777638,0.174571
663,1748675601,2025-05-31 07:13 UTC,312543,374074,2.2504,4.57498,0.130442,0.195369,3.14923e-05,0.000372658,0.100454,0.00795942,0.0351631,0.0909389,0.196498
664,1748675901,2025-05-31 07:18 UTC,312653,374249,2.24911,4.54968,0.14043,0.206621,3.10423e-05,0.000431427,0.100459,0.0079503,0.0347753,0.105232,0.219764
665,1748676201,2025-05-31 07:23 UTC,312758,374422,2.24794,4.52463,0.150427,0.217873,4.15973e-05,0.000511366,0.100462,0.00794187,0.0343935,0.120573,0.244304
666,1748676501,2025-05-31 07:28 UTC,312857,374592,2.24688,4.49985,0.160432,0.229414,4.835e-05,0.00056737,0.100465,0.00793398,0.0340177,0.136992,0.270869
667,1748676801,2025-05-31 07:33 UTC,312952,374759,2.24595,4.47532,0.170443,0.240975,4.60441e-05,0.000689645,0.100467,0.00792657,0.0336479,0.154497,0.298919
668,1748677101,2025-05-31 07:38 UTC,313053,374925,2.24513,4.45107,0.180458,0.252562,5.42581e-05,0.00072952,0.10047,0.00791979,0.0332842,0.173054,0.328295
669,1748677401,2025-05-31 07:43 UTC,313137,375088,2.24444,4.42709,0.190478,0.26415,6.1543e-05,0.000797804,0.100477,0.00791355,0.0329265,0.192682,0.359213
670,1748677700,2025-05-31 07:48 UTC,313217,375248,2.24388,4.40346,0.200468,0.275699,6.23613e-05,0.000897898,0.100477,0.00790783,0.032576,0.213324,0.391283
671,1748678000,2025-05-31 07:53 UTC,313301,375406,2.24345,4.38003,0.210495,0.287287,8.70646e-05,0.00105216,0.100492,0.0079028,0.0322303,0.235054,0.424745
672,1748678300,2025-05-31 07:58 UTC,313371,375563,2.24315,4.35689,0.220524,0.298874,6.74717e-05,0.0010429,0.100494,0.00789799,0.0318906,0.257946,0.459672
673,1748678600,2025-05-31 08:03 UTC,313437,375717,2.24299,4.33404,0.227973,0.306622,5.76384e-05,0.00109342,0.100496,0.00789372,0.0315569,0.275654,0.483798
674,1748678900,2025-05-31 08:08 UTC,313498,375868,2.24296,4.31149,0.234134,0.312449,4.75283e-05,0.00112772,0.10051,0.00789002,0.0312294,0.290749,0.502614
675,1748679200,2025-05-31 08:13 UTC,313555,376018,2.24309,4.28923,0.240298,0.318277,6.65917e-05,0.00120881,0.100528,0.00788702,0.0309078,0.306193,0.521588
676,1748679499,2025-05-31 08:18 UTC,313607,376166,2.24336,4.27223,0.246442,0.324085,4.9519e-05,0.0012314,0.100529,0.00788429,0.0306642,0.32208,0.540627
677,1748679799,2025-05-31 08:23 UTC,313655,376312,2.24379,4.28038,0.252609,0.329914,5.39837e-05,0.00134307,0.100543,0.00788216,0.0307809,0.338395,0.560316
678,1748680099,2025-05-31 08:28 UTC,313698,376456,2.24438,4.28853,0.258777,0.335742,6.33951e-05,0.00139304,0.100561,0.00788058,0.0308982,0.3551,0.580384
679,1748680399,2025-05-31 08:33 UTC,313737,376598,2.24515,4.29673,0.264947,0.341571,6.39301e-05,0.00142921,0.100569,0.00787942,0.031017,0.372232,0.600504
680,1748680699,2025-05-31 08:38 UTC,313772,376738,2.24609,4.30557,0.271118,0.3474,7.12633e-05,0.00153741,0.100581,0.00787874,0.031145,0.389767,0.621373
681,1748680999,2025-05-31 08:43 UTC,313802,376876,2.24718,4.31441,0.277291,0.353229,5.70886e-05,0.00154632,0.10059,0.00787831,0.0312717,0.407788,0.642295
682,1748681299,2025-05-31 08:48 UTC,313828,377012,2.24844,4.32325,0.283465,0.361071,7.33327e-05,0.00168618,0.100608,0.00787856,0.0314014,0.426132,0.671137
683,1748681598,2025-05-31 08:53 UTC,313850,377146,2.24983,4.33206,0.289619,0.369598,0.000113733,0.00181337,0.100641,0.0078794,0.0315298,0.444744,0.702952
684,1748681898,2025-05-31 08:58 UTC,313868,377279,2.25139,4.3409,0.295795,0.378153,0.000100625,0.00184537,0.100697,0.00788021,0.0316585,0.464007,0.736156
685,1748682198,2025-05-31 09:03 UTC,313851,377390,2.24508,4.33174,0.298887,0.382371,3.66653e-05,0.00174064,0.100726,0.0078429,0.031524,0.47399,0.752848
686,1748682498,2025-05-31 09:08 UTC,313786,377473,2.23477,4.3133,0.300391,0.384354,3.19214e-05,0.00178419,0.100738,0.00778692,0.031256,0.478775,0.760682
687,1748682798,2025-05-31 09:13 UTC,313718,377547,2.22457,4.29487,0.301895,0.386339,1.99951e-05,0.00176424,0.100744,0.00773124,0.0309893,0.483638,0.7686
688,1748683098,2025-05-31 09:18 UTC,313639,377612,2.21449,4.27665,0.303399,0.388394,5.82417e-05,0.00178973,0.100782,0.00767636,0.030734,0.488409,0.776782
689,1748683398,2025-05-31 09:23 UTC,313549,377668,2.20454,4.25931,0.304904,0.390452,3.05064e-05,0.00178928,0.100808,0.0076213,0.0304786,0.493364,0.785121
690,1748683697,2025-05-31 09:28 UTC,313448,377716,2.19474,4.24233,0.306404,0.392503,3.07022e-05,0.00183843,0.100828,0.00756711,0.0302362,0.498236,0.793208
691,1748683997,2025-05-31 09:33 UTC,313336,377755,2.18504,4.23034,0.30791,0.394561,2.10424e-05,0.00183439,0.100835,0.00751295,0.0300654,0.503188,0.801616
692,1748684297,2025-05-31 09:38 UTC,313214,377786,2.17547,4.21839,0.309416,0.396619,3.21277e-05,0.00188172,0.100864,0.00745923,0.0298957,0.508116,0.809945
693,1748684597,2025-05-31 09:43 UTC,313081,377809,2.16606,4.20645,0.310922,0.398677,5.88151e-05,0.00183358,0.10094,0.0074058,0.0297267,0.513074,0.818548
694,1748684897,2025-05-31 09:48 UTC,312938,377823,2.15678,4.19455,0.312429,0.400735,3.59173e-05,0.0018716,0.10094,0.00735254,0.0295583,0.518096,0.826832
695,1748685197,2025-05-31 09:53 UTC,312784,377830,2.14767,4.24976,0.313936,0.402793,4.84869e-05,0.00193755,0.100972,0.00729958,0.0303411,0.523113,0.835312
696,1748685497,2025-05-31 09:58 UTC,312620,377828,2.13872,4.3203,0.315444,0.404851,4.06017e-05,0.00189575,0.100989,0.00724673,0.0313571,0.52818,0.843767
697,1748685796,2025-05-31 10:03 UTC,312445,377819,2.12997,4.39108,0.313733,0.402535,4.12672e-05,0.00182996,0.101057,0.00719395,0.0323932,0.522582,0.834734
698,1748686096,2025-05-31 10:08 UTC,312260,377802,2.12137,4.46256,0.310326,0.397909,2.30331e-05,0.00175783,0.101059,0.00714142,0.0334563,0.511235,0.815404
699,1748686396,2025-05-31 10:13 UTC,312065,377777,2.11295,4.53448,0.306923,0.393283,1.78008e-05,0.00171596,0.101062,0.00708897,0.0345434,0.500026,0.796558
700,1748686696,2025-05-31 10:18 UTC,311860,377745,2.10472,4.60682,0.303524,0.388657,2.15381e-05,0.00168292,0.101062,0.00703659,0.0356543,0.488965,0.778056
701,1748686996,2025-05-31 10:23 UTC,311644,377705,2.09669,4.67955,0.300129,0.384031,2.1583e-05,0.00166819,0.101064,0.00698429,0.036789,0.478023,0.759648
702,1748687296,2025-05-31 10:28 UTC,311417,377658,2.08885,4.75267,0.296739,0.379405,2.07834e-05,0.00161096,0.101069,0.006932,0.0379476,0.467209,0.741444
703,1748687595,2025-05-31 10:33 UTC,311181,377604,2.08125,4.8259,0.293364,0.374794,1.93787e-05,0.00156569,0.101069,0.00687988,0.0391261,0.456564,0.723472
704,1748687895,2025-05-31 10:38 UTC,310935,377542,2.07384,4.89972,0.289983,0.370168,1.9238e-05,0.0015119,0.101069,0.00682753,0.0403322,0.446026,0.705748
705,1748688195,2025-05-31 10:43 UTC,310678,377473,2.06665,4.97388,0.286606,0.365542,1.72086e-05,0.00147059,0.101069,0.00677513,0.0415623,0.435614,0.688246
706,1748688495,2025-05-31 10:48 UTC,310412,377397,2.0597,5.04835,0.283235,0.360916,1.68384e-05,0.00141862,0.101069,0.00672263,0.0428162,0.425343,0.670906
707,1748688795,2025-05-31 10:53 UTC,310135,377314,2.05299,5.12312,0.279868,0.35629,1.55145e-05,0.0013666,0.101069,0.00667002,0.044094,0.415208,0.653868
708,1748689095,2025-05-31 10:58 UTC,309847,377224,2.04654,5.19819,0.276507,0.351664,1.4653e-05,0.00133082,0.101069,0.00661727,0.0453955,0.405208,0.636981
709,1748689395,2025-05-31 11:03 UTC,309550,377127,2.04037,5.27353,0.270241,0.343709,3.8888e-05,0.00126223,0.101069,0.0065642,0.046721,0.387005,0.608575
710,1748689694,2025-05-31 11:08 UTC,309242,377023,2.03453,5.34888,0.262439,0.334113,3.63405e-05,0.00124053,0.101068,0.00651131,0.0480658,0.364841,0.575028
711,1748689994,2025-05-31 11:13 UTC,308924,376912,2.02898,5.42475,0.254617,0.324501,3.36657e-05,0.00119947,0.101068,0.00645809,0.0494387,0.343274,0.542419
712,1748690294,2025-05-31 11:18 UTC,308596,376794,2.02377,5.50085,0.246801,0.314908,3.06604e-05,0.00108693,0.101071,0.00640469,0.0508357,0.322379,0.510843
713,1748690594,2025-05-31 11:23 UTC,308258,376669,2.01892,5.57719,0.238991,0.305336,3.45479e-05,0.0010455,0.10107,0.00635107,0.0522564,0.302169,0.480224
714,1748690894,2025-05-31 11:28 UTC,307909,376538,2.01441,5.65375,0.23119,0.295785,3.50027e-05,0.00103543,0.10107,0.00629733,0.053701,0.28262,0.450676
715,1748691194,2025-05-31 11:33 UTC,307557,376399,2.01026,5.73053,0.223397,0.286259,3.27474e-05,0.000972823,0.10107,0.00624348,0.0551695,0.263736,0.422123
716,1748691494,2025-05-31 11:38 UTC,307187,376254,2.00646,5.80752,0.215614,0.276992,3.15042e-05,0.00102752,0.101074,0.00618955,0.0566618,0.245525,0.395267
717,1748691793,2025-05-31 11:43 UTC,306807,376102,2.00299,5.88444,0.207868,0.268065,2.85107e-05,0.000973865,0.101074,0.00613574,0.0581729,0.228037,0.370176
718,1748692093,2025-05-31 11:48 UTC,306417,375944,1.99981,5.96182,0.200107,0.259111,2.80374e-05,0.000808861,0.101076,0.0060817,0.0597127,0.211167,0.345866
719,1748692393,2025-05-31 11:53 UTC,306016,375779,1.99693,6.03938,0.19236,0.250158,2.8547e-05,0.000873827,0.101076,0.00602766,0.0612764,0.194967,0.3224
720,1748692693,2025-05-31 11:58 UTC,305604,375607,1.99433,6.11711,0.184628,0.241209,2.76404e-05,0.000719639,0.101076,0.00597364,0.0628641,0.179433,0.299717
721,1748692993,2025-05-31 12:03 UTC,305250,375421,1.99705,6.17224,0.175163,0.230367,3.30967e-05,0.000758994,0.101075,0.00597673,0.0640022,0.161381,0.27338
722,1748693293,2025-05-31 12:08 UTC,304957,375221,2.00301,6.21484,0.164743,0.218478,3.28817e-05,0.000688881,0.101076,0.00601185,0.0648888,0.142632,0.245949
723,1748693593,2025-05-31 12:13 UTC,304662,375012,2.00944,6.25754,0.154337,0.206606,2.74488e-05,0.000693415,0.101076,0.00604732,0.0657835,0.125055,0.219974
724,1748693892,2025-05-31 12:18 UTC,304362,374794,2.0163,6.3002,0.143984,0.194787,2.79497e-05,0.000554789,0.101075,0.00608288,0.0666834,0.108724,0.195491
725,1748694192,2025-05-31 12:23 UTC,304060,374568,2.02364,6.34309,0.13362,0.182935,3.03009e-05,0.000582257,0.101075,0.00611868,0.0675944,0.0935194,0.172418
726,1748694492,2025-05-31 12:28 UTC,303754,374334,2.0314,6.38608,0.123285,0.17109,2.77898e-05,0.000535139,0.101079,0.00615462,0.0685137,0.0794893,0.150819
727,1748694792,2025-05-31 12:33 UTC,303444,374092,2.03958,6.42916,0.112988,0.159253,2.95387e-05,0.000563689,0.101079,0.00619056,0.0694412,0.0666452,0.13068
728,1748695092,2025-05-31 12:38 UTC,303131,373842,2.04814,6.47233,0.102743,0.147427,3.41507e-05,0.000514928,0.101079,0.00622651,0.0703771,0.0549752,0.111968
729,1748695392,2025-05-31 12:43 UTC,302815,373583,2.05707,6.51558,0.0925696,0.135615,2.34994e-05,0.000420259,0.101081,0.00626249,0.0713208,0.0444782,0.0947753
730,1748695692,2025-05-31 12:48 UTC,302495,373316,2.06634,6.55892,0.0824967,0.12382,2.10671e-05,0.000325382,0.101081,0.00629842,0.0722728,0.0351621,0.0790064
731,1748695991,2025-05-31 12:53 UTC,302171,373041,2.0759,6.6022,0.0726051,0.112086,2.02677e-05,0.000383336,0.101081,0.00633425,0.0732297,0.0270367,0.0646683
732,1748696291,2025-05-31 12:58 UTC,301844,372757,2.08581,6.64571,0.0629066,0.100345,5.95404e-05,0.000283053,0.101081,0.00636986,0.074198,0.0200769,0.0517795
733,1748696591,2025-05-31 13:03 UTC,301514,372466,2.09603,6.6893,0.053572,0.0883575,5.66283e-05,0.000297729,0.101083,0.00640596,0.0751748,0.014251,0.0402169
734,1748696891,2025-05-31 13:08 UTC,301179,372166,2.10653,6.73297,0.0447174,0.0762615,4.82123e-05,0.000211121,0.101083,0.00644173,0.0761593,0.00957592,0.030004
735,1748697191,2025-05-31 13:13 UTC,300841,371857,2.11733,6.77672,0.0365861,0.0642522,3.28316e-05,0.000348314,0.101083,0.00647781,0.0771523,0.00596654,0.021275
736,1748697491,2025-05-31 13:18 UTC,300500,371540,2.12841,6.82054,0.0295756,0.0524863,3.76806e-05,0.000386921,0.101083,0.00651366,0.0781532,0.0035338,0.0141772
737,1748697790,2025-05-31 13:23 UTC,300154,371215,2.13971,6.86429,0.0243557,0.0521599,3.08202e-05,0.000211418,0.101086,0.00654972,0.079159,0.00255094,0.0139954
738,1748698090,2025-05-31 13:28 UTC,299805,370882,2.15132,6.90826,0.0220691,0.0591057,2.95778e-05,0.000125638,0.101088,0.00658591,0.0801764,0.0030538,0.0179807
739,1748698390,2025-05-31 13:33 UTC,299452,370540,2.16318,6.95231,0.0244466,0.0678242,4.53153e-05,0.000281279,0.101088,0.00662218,0.081202,0.00441916,0.0236922
740,1748698690,2025-05-31 13:38 UTC,299095,370190,2.17529,6.99642,0.031328,0.0777211,5.09516e-05,0.000436188,0.101088,0.00665879,0.0822358,0.00664192,0.0310889
741,1748698990,2025-05-31 13:43 UTC,298735,369831,2.18764,7.0406,0.040023,0.0884014,4.25099e-05,0.000193614,0.101088,0.00669557,0.0832777,0.00994703,0.0402363
742,1748699290,2025-05-31 13:48 UTC,298370,369463,2.20021,7.08486,0.0494073,0.0996135,3.86395e-05,0.000188232,0.101088,0.00673215,0.0843279,0.0143733,0.0510926
743,1748699590,2025-05-31 13:53 UTC,298002,369088,2.21302,7.12917,0.0591109,0.111197,2.73579e-05,0.000296162,0.101089,0.00676949,0.0853862,0.0199647,0.0637096
744,1748699889,2025-05-31 13:58 UTC,297630,368703,2.226,7.17341,0.0689602,0.123006,4.55821e-05,0.000794084,0.101089,0.00680653,0.0864492,0.0266464,0.0778819
745,1748700189,2025-05-31 14:03 UTC,297253,368310,2.23925,7.21786,0.0774991,0.132415,4.13529e-05,0.000498038,0.101088,0.00684421,0.0875238,0.0332279,0.0903175
746,1748700489,2025-05-31 14:08 UTC,296873,367908,2.2527,7.26237,0.085229,0.140336,3.2642e-05,0.000540632,0.101088,0.00688217,0.0886066,0.0398044,0.101387
747,1748700789,2025-05-31 14:13 UTC,296488,367498,2.26636,7.30694,0.0929865,0.148285,3.08166e-05,0.000579295,0.101099,0.00692044,0.0896977,0.0470388,0.113187
748,1748701089,2025-05-31 14:18 UTC,296100,367078,2.28022,7.35158,0.100765,0.156259,2.95965e-05,0.000681912,0.101103,0.00695908,0.0907968,0.0549436,0.125703
749,1748701389,2025-05-31 14:23 UTC,295707,366650,2.29428,7.39627,0.108561,0.164254,2.74899e-05,0.000828517,0.101103,0.00699808,0.0919042,0.0635122,0.138897
750,1748701689,2025-05-31 14:28 UTC,295311,366213,2.30854,7.44103,0.11637,0.172279,2.64695e-05,0.000936127,0.101103,0.00703745,0.0930198,0.0727409,0.152782
751,1748701988,2025-05-31 14:33 UTC,294910,365768,2.32293,7.48569,0.124165,0.180318,2.89355e-05,0.0010609,0.101103,0.00707716,0.0941397,0.0825988,0.167406
752,1748702288,2025-05-31 14:38 UTC,294505,365313,2.33755,7.53056,0.131994,0.188398,3.77763e-05,0.0012001,0.101102,0.00711758,0.0952715,0.0931772,0.182768
753,1748702588,2025-05-31 14:43 UTC,294095,364849,2.35236,7.57548,0.139832,0.196491,4.71171e-05,0.00139756,0.10111,0.00715812,0.0964118,0.104364,0.198792
754,1748702888,2025-05-31 14:48 UTC,293682,364376,2.36734,7.62046,0.147676,0.204595,3.64555e-05,0.00157645,0.101112,0.00719942,0.09756,0.116258,0.215505
755,1748703188,2025-05-31 14:53 UTC,293264,363894,2.38249,7.66549,0.155526,0.212709,3.41132e-05,0.00178878,0.101112,0.0072412,0.0987164,0.128807,0.232919
756,1748703488,2025-05-31 14:58 UTC,292842,363403,2.39781,7.71067,0.163381,0.220832,3.55496e-05,0.00205399,0.101115,0.00728346,0.0998836,0.142016,0.251066
757,1748703788,2025-05-31 15:03 UTC,292487,362972,2.41639,7.75701,0.169116,0.226519,2.52291e-05,0.00229007,0.101123,0.00735329,0.101087,0.152073,0.264115
758,1748704087,2025-05-31 15:08 UTC,292201,362605,2.43705,7.80352,0.173575,0.230744,2.72312e-05,0.00253618,0.101128,0.00743949,0.102303,0.160104,0.274087
759,1748704387,2025-05-31 15:13 UTC,291918,362238,2.45811,7.85019,0.178051,0.234989,2.26696e-05,0.00280951,0.101128,0.00752662,0.103531,0.168368,0.284286
760,1748704687,2025-05-31 15:18 UTC,291637,361873,2.47949,7.89686,0.182529,0.239241,2.87775e-05,0.00311211,0.101128,0.00761428,0.104766,0.176836,0.294671
761,1748704987,2025-05-31 15:23 UTC,291360,361508,2.50117,7.94355,0.187009,0.243499,2.92415e-05,0.00346807,0.101128,0.00770255,0.106008,0.185538,0.305215
762,1748705287,2025-05-31 15:28 UTC,291085,361144,2.52315,7.99024,0.191491,0.247763,1.97945e-05,0.00388231,0.101128,0.00779138,0.107258,0.194483,0.316014
763,1748705587,2025-05-31 15:33 UTC,290814,360780,2.5454,8.03694,0.195974,0.252032,3.31423e-05,0.00438563,0.101131,0.00788046,0.108515,0.203594,0.326962
764,1748705886,2025-05-31 15:38 UTC,290544,360417,2.56783,8.0835,0.200445,0.256292,2.42607e-05,0.00500181,0.101138,0.00796984,0.109776,0.21294,0.338228
765,1748706186,2025-05-31 15:43 UTC,290278,360054,2.59057,8.13021,0.204932,0.260571,2.64023e-05,0.00575993,0.10114,0.00805976,0.111048,0.22251,0.349573
766,1748706486,2025-05-31 15:48 UTC,290014,359692,2.61352,8.17693,0.20942,0.264855,3.01491e-05,0.00673959,0.101139,0.00815,0.112328,0.2323,0.361107
767,1748706786,2025-05-31 15:53 UTC,289752,359330,2.63667,8.22366,0.21391,0.269143,3.22541e-05,0.0080406,0.101145,0.00824056,0.113616,0.24231,0.372854
768,1748707086,2025-05-31 15:58 UTC,289493,358968,2.66,8.27039,0.218401,0.274589,3.14403e-05,0.00987,0.101145,0.00833145,0.114911,0.252542,0.388244
769,1748707386,2025-05-31 16:03 UTC,289236,358606,2.68349,8.31714,0.220646,0.277708,1.25359e-05,0.0124608,0.101146,0.00842279,0.116214,0.257759,0.39712
770,1748707686,2025-05-31 16:08 UTC,288981,358251,2.70713,8.36388,0.221515,0.279007,5.32176e-05,0.0164343,0.101145,0.00851406,0.117524,0.259702,0.401058
771,1748707985,2025-05-31 16:13 UTC,288729,357952,2.73084,8.41048,0.222385,0.280301,0.000118662,0.0236309,0.101146,0.0086056,0.118837,0.261749,0.405021
772,1748708285,2025-05-31 16:18 UTC,288479,357652,2.75477,8.45724,0.22326,0.2816,7.41557e-05,0.0380032,0.101148,0.00869754,0.120162,0.263748,0.408338
773,1748708585,2025-05-31 16:23 UTC,288232,357353,2.77882,8.50401,0.224137,0.282898,6.84139e-05,0.0586157,0.101151,0.00879001,0.121495,0.265808,0.411989
774,1748708885,2025-05-31 16:28 UTC,287986,357053,2.803,8.55078,0.225018,0.284197,6.26292e-05,0.0748654,0.101153,0.00888228,0.122834,0.267804,0.415886
775,1748709185,2025-05-31 16:33 UTC,287742,356752,2.82729,8.59756,0.225901,0.285496,5.32758e-05,0.0877114,0.101156,0.00897517,0.124182,0.269889,0.419824
776,1748709485,2025-05-31 16:38 UTC,287501,356451,2.8517,8.64434,0.226787,0.286794,4.93635e-05,0.098216,0.101159,0.00906823,0.125538,0.271966,0.423611
777,1748709785,2025-05-31 16:43 UTC,287261,356150,2.87621,8.69113,0.227675,0.288093,4.07887e-05,0.107049,0.101163,0.00916149,0.1269,0.274031,0.427382
778,1748710084,2025-05-31 16:48 UTC,287024,355848,2.90073,8.73777,0.228564,0.289387,3.85977e-05,0.11465,0.101168,0.00925474,0.128266,0.276127,0.431333
779,1748710384,2025-05-31 16:53 UTC,286799,355545,2.92543,8.78458,0.229457,0.290686,4.05381e-05,0.121317,0.101173,0.00934859,0.129644,0.278237,0.435189
780,1748710684,2025-05-31 16:58 UTC,286566,355242,2.95022,8.83138,0.230354,0.291984,3.70432e-05,0.12728,0.101177,0.00944265,0.131029,0.280343,0.439011
781,1748710984,2025-05-31 17:03 UTC,286337,354939,2.9751,8.8782,0.22919,0.2907,4.42561e-05,0.124349,0.101167,0.00953728,0.132422,0.277551,0.435306
782,1748711284,2025-05-31 17:08 UTC,286107,354635,3.00006,8.92501,0.226728,0.287798,3.92858e-05,0.126105,0.101167,0.00963183,0.133822,0.271572,0.426656
783,1748711584,2025-05-31 17:13 UTC,285879,354330,3.02509,8.97184,0.224267,0.284897,3.8839e-05,0.131427,0.101167,0.00972664,0.13523,0.265662,0.417923
784,1748711884,2025-05-31 17:18 UTC,285653,354024,3.0502,9.01866,0.221806,0.281997,3.77238e-05,0.135694,0.101171,0.00982185,0.136645,0.259848,0.409637
785,1748712183,2025-05-31 17:23 UTC,285418,353718,3.07529,9.06534,0.219355,0.279106,3.87695e-05,0.139844,0.101171,0.0099171,0.138063,0.254125,0.401083
786,1748712483,2025-05-31 17:28 UTC,285206,353412,3.10053,9.11218,0.216897,0.276205,3.3135e-05,0.146125,0.101171,0.0100128,0.139493,0.248431,0.392831
787,1748712783,2025-05-31 17:33 UTC,284978,353104,3.12584,9.15902,0.214439,0.273305,3.20277e-05,0.149898,0.101171,0.0101089,0.140931,0.242814,0.38462
788,1748713083,2025-05-31 17:38 UTC,284758,352796,3.15122,9.20587,0.211983,0.270464,3.40251e-05,0.155833,0.10117,0.0102054,0.142377,0.237279,0.376723
789,1748713383,2025-05-31 17:43 UTC,284547,352487,3.17665,9.25272,0.209528,0.267658,3.38593e-05,0.158298,0.101171,0.0103021,0.14383,0.231793,0.369005
790,1748713683,2025-05-31 17:48 UTC,284331,352177,3.20214,9.29958,0.207074,0.264853,3.40359e-05,0.16164,0.101174,0.0103991,0.14529,0.226372,0.361248
791,1748713982,2025-05-31 17:53 UTC,284116,351867,3.2276,9.34729,0.204629,0.262057,3.30525e-05,0.163005,0.101173,0.0104961,0.146785,0.221032,0.353636
792,1748714282,2025-05-31 17:58 UTC,283903,351555,3.25321,9.3956,0.202177,0.259252,3.1508e-05,0.163739,0.101172,0.0105938,0.148306,0.215756,0.346168
793,1748714582,2025-05-31 18:03 UTC,283681,351277,3.25842,9.41531,0.198382,0.254848,3.50813e-05,0.164892,0.101185,0.0105933,0.148929,0.207777,0.334549
794,1748714882,2025-05-31 18:08 UTC,283458,351031,3.25059,9.41742,0.193716,0.249408,3.52549e-05,0.165502,0.101184,0.0105296,0.148995,0.198174,0.320411
795,1748715182,2025-05-31 18:13 UTC,283237,350787,3.24301,9.42105,0.189052,0.243969,3.66052e-05,0.166798,0.101184,0.010467,0.14911,0.188804,0.306578
796,1748715482,2025-05-31 18:18 UTC,283016,350544,3.23568,9.42468,0.18439,0.238529,3.11886e-05,0.13094,0.101185,0.0104053,0.149225,0.17967,0.293108
797,1748715782,2025-05-31 18:23 UTC,282796,350304,3.22861,9.42832,0.179731,0.233089,2.566e-05,0.0903077,0.101184,0.0103446,0.149341,0.170767,0.279873
798,1748716081,2025-05-31 18:28 UTC,282578,350066,3.22182,9.43195,0.17509,0.227667,1.87369e-05,0.0255472,0.101185,0.0102848,0.149456,0.162127,0.266987
799,1748716381,2025-05-31 18:33 UTC,282360,349829,3.21529,9.43559,0.170436,0.222227,1.43855e-05,0.0052213,0.101185,0.0102256,0.149571,0.153687,0.254347
800,1748716681,2025-05-31 18:38 UTC,282144,349595,3.20903,9.43924,0.165785,0.216787,1.38571e-05,0.00406319,0.101185,0.0101671,0.149687,0.145487,0.242087
801,1748716981,2025-05-31 18:43 UTC,281928,349362,3.20306,9.44289,0.161138,0.211671,1.53405e-05,0.00349628,0.101185,0.0101093,0.149802,0.137522,0.230747
802,1748717281,2025-05-31 18:48 UTC,281713,349131,3.19736,9.44654,0.156495,0.206556,1.45753e-05,0.00306167,0.101185,0.0100521,0.149918,0.129789,0.21978
803,1748717581,2025-05-31 18:53 UTC,281499,348902,3.19196,9.45019,0.151857,0.201442,1.38572e-05,0.00271551,0.101185,0.00999529,0.150034,0.122288,0.209
804,1748717881,2025-05-31 18:58 UTC,281286,348674,3.18683,9.45385,0.147222,0.196366,1.07445e-05,0.00242787,0.101185,0.00993893,0.15015,0.115019,0.198615
805,1748718180,2025-05-31 19:03 UTC,281074,348449,3.18201,9.4575,0.142477,0.190889,1.11579e-05,0.00217774,0.101187,0.00988314,0.150266,0.107791,0.187694
806,1748718480,2025-05-31 19:08 UTC,280863,348224,3.17744,9.46116,0.137631,0.185532,1.1262e-05,0.00195902,0.101187,0.00982744,0.150383,0.100641,0.177312
807,1748718780,2025-05-31 19:13 UTC,280653,348002,3.17315,9.46483,0.132791,0.180335,1.4696e-05,0.00176728,0.101187,0.00977197,0.150499,0.0937477,0.167506
808,1748719080,2025-05-31 19:18 UTC,280443,347781,3.16912,9.4685,0.127956,0.175138,1.28191e-05,0.00160265,0.101187,0.00971657,0.150616,0.0870991,0.157992
809,1748719380,2025-05-31 19:23 UTC,280234,347561,3.16536,9.47217,0.123127,0.169942,1.20565e-05,0.00145673,0.101187,0.00966125,0.150733,0.0807066,0.148771
810,1748719680,2025-05-31 19:28 UTC,280026,347344,3.16186,9.47585,0.118304,0.164745,1.26784e-05,0.00132644,0.101188,0.00960592,0.15085,0.0745679,0.139816
811,1748719980,2025-05-31 19:33 UTC,279819,347127,3.15861,9.47952,0.113489,0.159549,1.29649e-05,0.00120408,0.101187,0.00955053,0.150967,0.0686827,0.131127
812,1748720279,2025-05-31 19:37 UTC,279613,346913,3.15562,9.48319,0.108699,0.15437,1.14375e-05,0.00110209,0.101187,0.00949515,0.151084,0.0630659,0.122755
813,1748720579,2025-05-31 19:42 UTC,279407,346699,3.15286,9.48688,0.103902,0.149174,1.01617e-05,0.00100428,0.101187,0.00943939,0.151201,0.057683,0.114632
814,1748720879,2025-05-31 19:47 UTC,279202,346487,3.15034,9.49056,0.0991178,0.143978,1.00156e-05,0.000915841,0.101187,0.00938339,0.151319,0.0525547,0.106777
815,1748721179,2025-05-31 19:52 UTC,278998,346277,3.14804,9.49425,0.0943469,0.138782,1.05546e-05,0.000835684,0.101187,0.00932708,0.151437,0.0476802,0.0992055
816,1748721479,2025-05-31 19:57 UTC,278795,346068,3.14597,9.49795,0.0895919,0.133587,1.14862e-05,0.000764998,0.101191,0.00927037,0.151554,0.0430566,0.0919216
817,1748721779,2025-05-31 20:02 UTC,278592,345860,3.14412,9.50164,0.0856906,0.129066,8.71555e-06,0.000703771,0.101194,0.00921324,0.151672,0.0394225,0.0858055
818,1748722079,2025-05-31 20:07 UTC,278390,345654,3.14248,9.50534,0.0823595,0.125008,7.43756e-06,0.000654507,0.101194,0.00915565,0.151791,0.036433,0.0804939
819,1748722378,2025-05-31 20:12 UTC,278189,345449,3.14105,9.50903,0.0790421,0.120977,7.47828e-06,0.000605266,0.101198,0.00909772,0.151908,0.0335742,0.075383
820,1748722678,2025-05-31 20:17 UTC,277988,345246,3.13982,9.51273,0.0757165,0.116932,7.84782e-06,0.000565358,0.1012,0.00903904,0.152027,0.0308266,0.0704178
821,1748722978,2025-05-31 20:22 UTC,277788,345043,3.13878,9.51644,0.0723942,0.112887,7.84626e-06,0.000525085,0.101202,0.00897977,0.152145,0.0282014,0.0656353
822,1748723278,2025-05-31 20:27 UTC,277589,344842,3.13793,9.52015,0.0690758,0.108843,7.66397e-06,0.00047955,0.101202,0.00891985,0.152264,0.0256965,0.0610327
823,1748723578,2025-05-31 20:32 UTC,277390,344642,3.13727,9.52386,0.0657618,0.104799,6.93544e-06,0.000451753,0.101202,0.00885925,0.152383,0.0233123,0.0565762
824,1748723878,2025-05-31 20:37 UTC,277192,344444,3.13678,9.52758,0.0624529,0.100756,7.22546e-06,0.000420167,0.101202,0.00879793,0.152502,0.0210486,0.0522971
825,1748724177,2025-05-31 20:42 UTC,276995,344247,3.13648,9.53128,0.0591612,0.096726,6.46486e-06,0.000389751,0.101202,0.00873607,0.15262,0.0189132,0.0481916
826,1748724477,2025-05-31 20:47 UTC,276798,344050,3.13634,9.535,0.0558656,0.0926835,6.60208e-06,0.000360479,0.101202,0.00867322,0.152739,0.0168908,0.0442457
827,1748724777,2025-05-31 20:52 UTC,276602,343856,3.13637,9.53873,0.0525786,0.0886416,5.72316e-06,0.000335484,0.101202,0.00860955,0.152859,0.0149891,0.0404682
828,1748725077,2025-05-31 20:57 UTC,276407,343662,3.13656,9.54246,0.0493021,0.0847221,6.93505e-06,0.000311527,0.101202,0.00854504,0.152978,0.013208,0.0369671
829,1748725377,2025-05-31 21:02 UTC,276198,343484,3.1405,9.58371,0.0473769,0.0825639,5.26988e-06,0.000297396,0.101203,0.00844466,0.154304,0.0122146,0.0351004
830,1748725677,2025-05-31 21:07 UTC,275975,343321,3.14766,9.65122,0.0463865,0.0814512,4.64344e-06,0.000290795,0.101202,0.00832141,0.156485,0.0117201,0.0341675
831,1748725977,2025-05-31 21:12 UTC,275753,343160,3.15576,9.71894,0.0453988,0.0803388,4.96955e-06,0.000284331,0.101205,0.0081996,0.158689,0.0112365,0.0332407
832,1748726276,2025-05-31 21:17 UTC,275529,343002,3.16486,9.78663,0.044417,0.0792303,4.03662e-06,0.000278199,0.101205,0.00807884,0.160907,0.0107666,0.0323302
833,1748726576,2025-05-31 21:22 UTC,275305,342846,3.17511,9.85475,0.0434349,0.0781184,3.64105e-06,0.000272366,0.101205,0.00795744,0.163155,0.0103061,0.0314272
834,1748726876,2025-05-31 21:27 UTC,275080,342692,3.18657,9.92307,0.042456,0.0770611,3.66347e-06,0.000266686,0.10121,0.0078349,0.165425,0.00985693,0.0305859
835,1748727176,2025-05-31 21:32 UTC,274855,342540,3.19932,9.99158,0.0414807,0.0760197,3.93222e-06,0.000261179,0.101212,0.00771035,0.167717,0.00942011,0.0297598
836,1748727476,2025-05-31 21:37 UTC,274629,342390,3.21336,10.0603,0.0405092,0.0749784,3.32853e-06,0.000256043,0.101211,0.00758293,0.170032,0.00899461,0.0289548
837,1748727776,2025-05-31 21:42 UTC,274402,342242,3.22871,10.1292,0.0395418,0.0739663,1.56273e-05,0.00024998,0.101226,0.00745202,0.172368,0.00858153,0.0281642
838,1748728076,2025-05-31 21:47 UTC,274175,342096,3.24528,10.1982,0.0385791,0.0729646,6.89515e-06,0.000239892,0.101226,0.00731708,0.174726,0.00817769,0.0274059
839,1748728375,2025-05-31 21:52 UTC,273947,341952,3.26294,10.2672,0.0376245,0.0719663,6.29964e-06,0.00024145,0.10123,0.00717845,0.177099,0.00778815,0.0266699
840,1748728675,2025-05-31 21:57 UTC,273718,341811,3.28167,10.3367,0.0366724,0.070965,6.09632e-06,0.000236549,0.10123,0.00703525,0.179502,0.00740901,0.025942
841,1748728975,2025-05-31 22:02 UTC,273489,341671,3.3013,10.4062,0.0372015,0.0717183,5.51416e-06,0.000238078,0.101231,0.00688819,0.181927,0.00763676,0.0264817
842,1748729275,2025-05-31 22:07 UTC,273260,341533,3.32171,10.4762,0.0388047,0.0737265,6.30755e-06,0.000245426,0.10123,0.00673785,0.184382,0.0083216,0.0279872
843,1748729575,2025-05-31 22:12 UTC,273029,341397,3.34281,10.5524,0.0404297,0.0757365,6.95581e-06,0.000252608,0.10123,0.00658496,0.187072,0.0090422,0.0295343
844,1748729875,2025-05-31 22:17 UTC,272799,341263,3.36449,10.6287,0.0420745,0.0777481,5.4736e-06,0.000259997,0.10123,0.00643051,0.189788,0.00979839,0.0311266
845,1748730175,2025-05-31 22:22 UTC,272567,341131,3.38669,10.7051,0.0437371,0.0797614,5.8842e-06,0.000268136,0.101231,0.0062757,0.192528,0.0105897,0.0327585
846,1748730474,2025-05-31 22:27 UTC,272335,341001,3.40926,10.7815,0.04541,0.0817693,5.67485e-06,0.000276299,0.101231,0.00612243,0.195284,0.0114135,0.0344287
847,1748730774,2025-05-31 22:32 UTC,272103,340872,3.43231,10.8582,0.0471029,0.0838064,6.27223e-06,0.000284483,0.101231,0.00597145,0.198075,0.012277,0.0361765
848,1748731074,2025-05-31 22:37 UTC,271870,340746,3.4557,10.9351,0.0488087,0.0858501,7.78154e-06,0.000293302,0.101233,0.00582517,0.20089,0.0131763,0.0379526
849,1748731374,2025-05-31 22:42 UTC,271636,340621,3.47942,11.0122,0.0505261,0.0878947,6.24494e-06,0.000302623,0.101233,0.00568589,0.20373,0.0141116,0.0397942
850,1748731674,2025-05-31 22:47 UTC,271402,340497,3.50341,11.0893,0.0522539,0.0899401,1.32672e-05,0.000311783,0.101238,0.00555613,0.206596,0.0150821,0.0416454
851,1748731974,2025-05-31 22:52 UTC,271167,340376,3.52766,11.1666,0.0539912,0.0919863,1.26252e-05,0.000322249,0.10124,0.00543879,0.209486,0.0160879,0.0435811
852,1748732273,2025-05-31 22:57 UTC,270932,340256,3.55207,11.2438,0.0557311,0.0940969,9.86269e-06,0.000332888,0.101242,0.00533728,0.212392,0.0171273,0.0455996
853,1748732573,2025-05-31 23:02 UTC,270696,340138,3.57676,11.3214,0.0589728,0.0980184,1.03993e-05,0.000348752,0.101242,0.00525428,0.215332,0.0191049,0.0494767
854,1748732873,2025-05-31 23:07 UTC,270460,340022,3.60165,11.3991,0.0633153,0.103155,9.95645e-06,0.000375406,0.101246,0.00519364,0.218297,0.0219165,0.0547865
855,1748733173,2025-05-31 23:12 UTC,270223,339908,3.62672,11.4769,0.0676648,0.108293,9.86375e-06,0.000400817,0.101249,0.00515887,0.221287,0.0249382,0.0603896
856,1748733473,2025-05-31 23:17 UTC,269986,339795,3.65196,11.5548,0.07202,0.11343,9.74403e-06,0.0004305,0.101249,0.00515322,0.224303,0.0281608,0.066257
857,1748733773,2025-05-31 23:22 UTC,269748,339683,3.67735,11.6329,0.0763799,0.118568,8.01967e-06,0.000459777,0.101252,0.00517971,0.227343,0.0315941,0.0723985
858,1748734073,2025-05-31 23:27 UTC,269510,339574,3.70287,11.711,0.0807438,0.123761,9.76982e-06,0.00048864,0.101254,0.00524073,0.230409,0.0352296,0.0788701
859,1748734372,2025-05-31 23:32 UTC,269271,339466,3.72845,11.789,0.0850965,0.128967,8.70343e-06,0.000519901,0.101254,0.00533771,0.233489,0.0390597,0.0856503
860,1748734672,2025-05-31 23:37 UTC,269032,339359,3.75423,11.8674,0.0894666,0.134254,8.43416e-06,0.000552964,0.101259,0.00547231,0.236604,0.0431101,0.0928248
861,1748734972,2025-05-31 23:42 UTC,268792,339254,3.78012,11.9459,0.0938392,0.139583,8.16801e-06,0.000584148,0.101258,0.00564458,0.239744,0.0473638,0.100314
862,1748735272,2025-05-31 23:47 UTC,268552,339151,3.80612,12.0245,0.098214,0.144929,9.02829e-06,0.000617139,0.10126,0.00585414,0.24291,0.0518252,0.108154
863,1748735572,2025-05-31 23:52 UTC,268311,339049,3.83222,12.1032,0.102591,0.150289,1.00129e-05,0.000649806,0.10126,0.00610005,0.2461,0.0564923,0.116316
864,1748735872,2025-05-31 23:57 UTC,268070,338948,3.85841,12.182,0.106969,0.155662,1.0266e-05,0.00068472,0.10126,0.00638095,0.249315,0.0613646,0.124762
865,1748736172,2025-06-01 00:02 UTC,267818,338797,3.86193,12.208,0.112179,0.161786,1.31807e-05,0.000723199,0.10126,0.00643374,0.250379,0.0674183,0.134798
866,1748736471,2025-06-01 00:07 UTC,267555,338596,3.84907,12.1946,0.118001,0.168445,1.36483e-05,0.000771571,0.10126,0.00629962,0.249832,0.0745222,0.146093
867,1748736771,2025-06-01 00:12 UTC,267291,338392,3.83683,12.1812,0.123858,0.175126,1.56883e-05,0.000818529,0.101262,0.00616571,0.249283,0.0820326,0.157916
868,1748737071,2025-06-01 00:17 UTC,267024,338184,3.82531,12.1678,0.129729,0.181836,2.18803e-05,0.000866259,0.101265,0.00603289,0.248735,0.0899239,0.170226
869,1748737371,2025-06-01 00:22 UTC,266756,337972,3.81457,12.1544,0.13561,0.188559,2.97758e-05,0.000910295,0.101268,0.00590144,0.248187,0.0981971,0.183061
870,1748737671,2025-06-01 00:27 UTC,266486,337758,3.80469,12.141,0.141501,0.195282,2.75458e-05,0.000958914,0.101274,0.00577184,0.24764,0.106865,0.196344
871,1748737971,2025-06-01 00:32 UTC,266214,337540,3.79576,12.1276,0.1474,0.202005,1.87522e-05,0.00100084,0.101276,0.00564447,0.247094,0.11593,0.210094
872,1748738271,2025-06-01 00:37 UTC,265941,337318,3.78789,12.1142,0.153307,0.208728,2.43609e-05,0.00104473,0.101278,0.00551987,0.246548,0.125369,0.224313
873,1748738570,2025-06-01 00:42 UTC,265666,337093,3.78128,12.1009,0.159199,0.215456,3.09304e-05,0.00109184,0.101281,0.00539877,0.246005,0.13515,0.238944
874,1748738870,2025-06-01 00:47 UTC,265389,336865,3.77608,12.0875,0.165117,0.222221,3.98614e-05,0.00113866,0.101285,0.00528088,0.245461,0.145359,0.254256
875,1748739170,2025-06-01 00:52 UTC,265110,336634,3.7726,12.0741,0.171039,0.229042,4.31752e-05,0.00117637,0.101294,0.00516729,0.244917,0.155943,0.270127
876,1748739470,2025-06-01 00:57 UTC,264830,336400,3.77141,12.0607,0.176966,0.235966,3.1718e-05,0.00121367,0.101301,0.0050583,0.244374,0.166921,0.2868
877,1748739770,2025-06-01 01:02 UTC,264548,336162,3.77295,12.0473,0.182587,0.242543,3.91274e-05,0.00125048,0.101304,0.00495459,0.243832,0.177648,0.302934
878,1748740070,2025-06-01 01:07 UTC,264264,335921,3.77735,12.0339,0.187977,0.248877,3.18339e-05,0.00128355,0.101311,0.00485693,0.243291,0.188251,0.318841
879,1748740369,2025-06-01 01:12 UTC,263979,335677,3.78449,12.0206,0.193357,0.255189,4.8503e-05,0.00130972,0.101328,0.00476555,0.242751,0.199156,0.335299
880,1748740669,2025-06-01 01:17 UTC,263692,335430,3.79394,12.0072,0.198762,0.261522,4.38577e-05,0.00134057,0.10133,0.00468018,0.242212,0.210409,0.352127
881,1748740969,2025-06-01 01:22 UTC,263404,335180,3.80525,11.9938,0.204172,0.267855,5.31126e-05,0.00137121,0.101332,0.00460047,0.241672,0.221965,0.369074
882,1748741269,2025-06-01 01:27 UTC,263113,334927,3.81815,11.9805,0.209589,0.274188,3.5388e-05,0.00139578,0.101344,0.00452623,0.241133,0.233885,0.387231
883,1748741569,2025-06-01 01:32 UTC,262821,334671,3.83239,11.9671,0.21501,0.280521,3.24425e-05,0.00141725,0.101349,0.00445696,0.240595,0.246103,0.404948
884,1748741869,2025-06-01 01:37 UTC,262528,334412,3.8478,11.9537,0.220436,0.286854,3.5019e-05,0.00144446,0.101363,0.00439195,0.240057,0.258631,0.423702
885,1748742169,2025-06-01 01:42 UTC,262233,334149,3.86425,11.9403,0.225866,0.293202,4.76308e-05,0.0014719,0.101372,0.00433071,0.23952,0.271479,0.442633
886,1748742468,2025-06-01 01:47 UTC,261940,333885,3.88159,11.927,0.231282,0.299542,3.98941e-05,0.00150407,0.101382,0.0042728,0.238986,0.284631,0.46206
887,1748742768,2025-06-01 01:52 UTC,261642,333617,3.89987,11.9136,0.23672,0.305903,4.06044e-05,0.00154057,0.101395,0.00421704,0.23845,0.298133,0.48182
888,1748743068,2025-06-01 01:57 UTC,261342,333346,3.91897,11.9003,0.242161,0.312264,3.86602e-05,0.00153088,0.101424,0.00416317,0.237916,0.311978,0.502109
889,1748743368,2025-06-01 02:02 UTC,261040,333072,3.93884,11.8869,0.246089,0.317222,3.11629e-05,0.00154012,0.101432,0.00411051,0.237381,0.322148,0.518093
890,1748743668,2025-06-01 02:07 UTC,260737,332795,3.95943,11.8735,0.248827,0.321012,2.47831e-05,0.00153998,0.101441,0.0040584,0.236848,0.329308,0.530639
891,1748743968,2025-06-01 02:12 UTC,260433,332516,3.98072,11.8602,0.251565,0.324801,2.82891e-05,0.00154782,0.101452,0.00400628,0.236315,0.336537,0.543277
892,1748744268,2025-06-01 02:17 UTC,260127,332233,4.00267,11.8468,0.254304,0.328591,5.23911e-05,0.00159872,0.101465,0.00395375,0.235783,0.343856,0.555946
893,1748744567,2025-06-01 02:22 UTC,259819,331948,4.02518,11.8335,0.257034,0.332368,4.17598e-05,0.00152896,0.101473,0.00390043,0.235253,0.351176,0.568702
894,1748744867,2025-06-01 02:27 UTC,259510,331660,4.04837,11.8201,0.259773,0.336158,4.26078e-05,0.00152454,0.101622,0.0038457,0.234722,0.358662,0.582105
895,1748745167,2025-06-01 02:32 UTC,259200,331369,4.07217,11.8068,0.262513,0.339948,3.77264e-05,0.00152612,0.101624,0.00378923,0.234192,0.366192,0.594856
896,1748745467,2025-06-01 02:37 UTC,258887,331076,4.09654,11.7934,0.265253,0.343738,3.46266e-05,0.00152847,0.101627,0.00373085,0.233662,0.373826,0.608436
897,1748745767,2025-06-01 02:42 UTC,258574,330780,4.12148,11.7801,0.267993,0.347528,3.0028e-05,0.00151158,0.101641,0.00367033,0.233133,0.381546,0.621802
898,1748746067,2025-06-01 02:47 UTC,258259,330480,4.14696,11.7667,0.270733,0.351318,6.53325e-05,0.00150138,0.101653,0.00360746,0.232605,0.389392,0.635776
899,1748746367,2025-06-01 02:52 UTC,257942,330178,4.17298,11.7534,0.273474,0.355108,9.0278e-05,0.00149994,0.101675,0.00354223,0.232077,0.397183,0.649742
900,1748746666,2025-06-01 02:57 UTC,257625,329874,4.19942,11.7401,0.276206,0.358885,0.000125932,0.00150427,0.101682,0.00347493,0.231552,0.405075,0.662339
901,1748746966,2025-06-01 03:02 UTC,257325,329578,4.19899,11.7385,0.2769,0.360306,0.00010818,0.00146625,0.101737,0.0034813,0.231489,0.407194,0.668543
902,1748747266,2025-06-01 03:07 UTC,257043,329291,4.17681,11.7464,0.27594,0.359814,9.22099e-05,0.00145288,0.101737,0.00354798,0.231804,0.404316,0.666877
903,1748747566,2025-06-01 03:12 UTC,256760,329003,4.15506,11.7544,0.274981,0.359323,7.19459e-05,0.00138912,0.101736,0.00361368,0.23212,0.401461,0.665484
904,1748747866,2025-06-01 03:17 UTC,256478,328713,4.13374,11.7625,0.274022,0.358831,8.16101e-05,0.00136277,0.101739,0.00367863,0.23244,0.3986,0.662658
905,1748748166,2025-06-01 03:22 UTC,256195,328421,4.11286,11.7707,0.273063,0.358341,6.31349e-05,0.00134888,0.101743,0.00374242,0.232762,0.395778,0.660844
906,1748748466,2025-06-01 03:27 UTC,255912,328128,4.09244,11.7789,0.272104,0.35785,6.24107e-05,0.00130264,0.101744,0.00380503,0.233086,0.392903,0.660207
907,1748748765,2025-06-01 03:32 UTC,255630,327833,4.07255,11.7871,0.271149,0.357362,5.07344e-05,0.00126854,0.101744,0.00386671,0.233412,0.390178,0.657356
908,1748749065,2025-06-01 03:37 UTC,255347,327536,4.05305,11.7954,0.27019,0.356872,3.41625e-05,0.00124021,0.101744,0.00392719,0.233742,0.387349,0.655816
909,1748749365,2025-06-01 03:42 UTC,255065,327238,4.03403,11.8038,0.269232,0.356383,4.78782e-05,0.0012138,0.101744,0.00398687,0.234075,0.384604,0.654283
910,1748749665,2025-06-01 03:47 UTC,254782,326939,4.01546,11.8123,0.268274,0.355894,4.04611e-05,0.00118465,0.101747,0.00404539,0.23441,0.38186,0.652239
911,1748749965,2025-06-01 03:52 UTC,254500,326638,3.99736,11.8208,0.267316,0.355405,3.50964e-05,0.00116646,0.101751,0.00410291,0.234748,0.37906,0.650397
912,1748750265,2025-06-01 03:57 UTC,254217,326335,3.97972,11.8294,0.266359,0.354917,3.71298e-05,0.00113062,0.101774,0.00415979,0.235089,0.376376,0.648543
913,1748750564,2025-06-01 04:02 UTC,253934,326031,3.96259,11.838,0.263392,0.351727,2.74793e-05,0.00110461,0.101776,0.00421551,0.235431,0.368001,0.637345
914,1748750864,2025-06-01 04:07 UTC,253651,325725,3.94586,11.8467,0.258753,0.346294,2.17267e-05,0.00104676,0.101775,0.00427075,0.235777,0.355086,0.617892
915,1748751164,2025-06-01 04:12 UTC,253368,325417,3.92959,11.8554,0.254115,0.340862,2.7495e-05,0.000997151,0.101775,0.00432553,0.236126,0.342428,0.598499
916,1748751464,2025-06-01 04:17 UTC,253085,325109,3.91378,11.8642,0.249479,0.335431,3.07513e-05,0.000943081,0.101775,0.00437979,0.236477,0.329991,0.579679
917,1748751764,2025-06-01 04:22 UTC,252802,324798,3.89845,11.8731,0.244843,0.33,2.63456e-05,0.000898684,0.101775,0.00443372,0.236831,0.317759,0.560833
918,1748752064,2025-06-01 04:27 UTC,252519,324486,3.88362,11.8821,0.240209,0.324571,2.0083e-05,0.000857806,0.101782,0.00448735,0.237188,0.305767,0.54255
919,1748752364,2025-06-01 04:32 UTC,252236,324172,3.86929,11.8911,0.235576,0.319143,1.78278e-05,0.000813702,0.101785,0.00454103,0.237547,0.294025,0.524585
920,1748752663,2025-06-01 04:37 UTC,251952,323857,3.85554,11.9001,0.23096,0.313734,2.56079e-05,0.00116523,0.101793,0.00459456,0.23791,0.282584,0.507115
921,1748752963,2025-06-01 04:42 UTC,251669,323540,3.8423,11.9105,0.22633,0.308307,2.38398e-05,0.000735917,0.101793,0.00464851,0.238326,0.271301,0.489634
922,1748753263,2025-06-01 04:47 UTC,251385,323222,3.82966,11.921,0.221702,0.302883,2.64848e-05,0.000692887,0.101793,0.00470277,0.238745,0.260263,0.472607
923,1748753563,2025-06-01 04:52 UTC,251101,322902,3.81764,11.9315,0.217075,0.297459,2.05879e-05,0.000672469,0.101792,0.0047575,0.239166,0.249432,0.455751
924,1748753863,2025-06-01 04:57 UTC,250817,322580,3.80629,11.9421,0.21245,0.292037,1.3372e-05,0.000643241,0.101792,0.00481292,0.239591,0.238838,0.439312
925,1748754163,2025-06-01 05:02 UTC,250533,322257,3.79567,11.9527,0.206072,0.284257,1.68031e-05,0.000599736,0.101796,0.00486915,0.240018,0.224662,0.416253
926,1748754463,2025-06-01 05:07 UTC,250249,321932,3.7858,11.9634,0.198221,0.274569,2.80252e-05,0.000553117,0.101813,0.00492635,0.240448,0.207831,0.388407
927,1748754762,2025-06-01 05:12 UTC,249965,321606,3.77675,11.9742,0.190399,0.264928,2.95268e-05,0.000504884,0.101813,0.00498441,0.24088,0.191702,0.361544
928,1748755062,2025-06-01 05:17 UTC,249680,321278,3.7685,11.985,0.182555,0.255257,3.28656e-05,0.000466521,0.101822,0.00504393,0.241315,0.176179,0.335636
929,1748755362,2025-06-01 05:22 UTC,249395,320949,3.7611,11.9959,0.174715,0.245588,3.06095e-05,0.000408453,0.101826,0.0051048,0.241754,0.161304,0.310701
930,1748755662,2025-06-01 05:27 UTC,249167,320684,3.75456,12.0068,0.16688,0.235922,2.38236e-05,0.000389409,0.101841,0.00516714,0.242195,0.147083,0.286722
931,1748755962,2025-06-01 05:32 UTC,248882,320352,3.74892,12.0178,0.15905,0.226258,1.93234e-05,0.00035651,0.101846,0.00523113,0.242639,0.133531,0.263715
932,1748756262,2025-06-01 05:37 UTC,248597,320018,3.74417,12.0289,0.151227,0.216598,1.75749e-05,0.0003225,0.101852,0.00529682,0.243086,0.120644,0.241704
933,1748756562,2025-06-01 05:42 UTC,248311,319682,3.74035,12.04,0.143412,0.206941,2.01307e-05,0.00029551,0.101861,0.00536437,0.243537,0.108427,0.220592
934,1748756861,2025-06-01 05:47 UTC,248026,319345,3.73751,12.0512,0.135631,0.19732,2.47064e-05,0.000266376,0.101883,0.00543353,0.243987,0.0969108,0.200553
935,1748757161,2025-06-01 05:52 UTC,247740,319007,3.73565,12.0624,0.127835,0.187672,2.48171e-05,0.000237755,0.101895,0.00550489,0.244443,0.0860105,0.181441
936,1748757461,2025-06-01 05:57 UTC,247454,318667,3.73462,12.0737,0.120053,0.178029,1.91824e-05,0.000214898,0.1019,0.00557821,0.244901,0.0757634,0.163278
937,1748757761,2025-06-01 06:02 UTC,247161,318342,3.70661,12.0697,0.111102,0.166963,2.00435e-05,0.000185807,0.101906,0.00554104,0.244739,0.0648555,0.143628
938,1748758061,2025-06-01 06:07 UTC,246857,318050,3.65635,12.0525,0.101143,0.154668,1.9833e-05,0.000147425,0.101922,0.00548669,0.244041,0.0537628,0.123265
939,1748758361,2025-06-01 06:12 UTC,246551,317759,3.60845,12.0353,0.0911984,0.142385,1.7942e-05,0.000136762,0.101938,0.00553045,0.243343,0.0437316,0.104444
940,1748758660,2025-06-01 06:17 UTC,246244,317468,3.56329,12.0181,0.0813058,0.130155,2.33039e-05,0.000125459,0.101947,0.00566159,0.242649,0.0347971,0.0872682
941,1748758960,2025-06-01 06:22 UTC,245936,317178,3.52063,12.0009,0.0714077,0.117902,1.85755e-05,0.000119586,0.101965,0.00586859,0.241954,0.0268851,0.0716125
942,1748759260,2025-06-01 06:27 UTC,245627,317177,3.48089,11.9836,0.0615514,0.105673,1.41438e-05,0.000129176,0.101974,0.00613803,0.241261,0.0200379,0.0575304
943,1748759560,2025-06-01 06:32 UTC,245316,317193,3.44445,11.9664,0.0517633,0.0934759,1.67178e-05,8.5272e-05,0.101976,0.00645794,0.240568,0.014257,0.0450232
944,1748759860,2025-06-01 06:37 UTC,245005,317206,3.4118,11.9492,0.0420985,0.0813267,1.32225e-05,8.64424e-05,0.101978,0.00681842,0.239876,0.00953516,0.0340971
945,1748760160,2025-06-01 06:42 UTC,244693,317217,3.38348,11.932,0.0327008,0.0694593,1.36802e-05,6.84315e-05,0.101978,0.00721185,0.239186,0.00587166,0.0248602
946,1748760460,2025-06-01 06:47 UTC,244379,317225,3.35972,11.9148,0.0240549,0.0579172,1.0286e-05,6.59429e-05,0.101983,0.00763313,0.238497,0.0032225,0.0172866
947,1748760759,2025-06-01 06:52 UTC,244065,317231,3.34044,11.8976,0.0175058,0.0468798,9.28552e-06,5.97098e-05,0.101992,0.0080773,0.237811,0.00143647,0.0113261
948,1748761059,2025-06-01 06:57 UTC,243749,317234,3.32591,11.8805,0.0147174,0.0401154,8.35346e-06,3.46016e-05,0.102001,0.00854562,0.237124,0.000491788,0.00828825
949,1748761359,2025-06-01 07:02 UTC,243432,317234,3.31583,11.8633,0.0173698,0.0448186,7.84935e-06,3.36192e-05,0.102012,0.0090362,0.236438,0.00141833,0.0103454
950,1748761659,2025-06-01 07:07 UTC,243114,317233,3.30912,11.8461,0.0241464,0.0566532,7.99349e-06,0.00010355,0.102012,0.00954864,0.235753,0.00326343,0.0165153
951,1748761959,2025-06-01 07:12 UTC,242795,317228,3.30504,11.8289,0.0327905,0.0688491,1.15483e-05,0.000200073,0.102019,0.0100824,0.23507,0.00606923,0.0244012
952,1748762259,2025-06-01 07:17 UTC,242475,317222,3.30327,11.8117,0.042192,0.0812039,1.24171e-05,8.87801e-05,0.102029,0.010637,0.234387,0.00993224,0.033946
953,1748762559,2025-06-01 07:22 UTC,242154,317213,3.30365,11.7945,0.0519171,0.0936548,1.4207e-05,0.000110753,0.102035,0.011212,0.233706,0.0148722,0.0451644
954,1748762858,2025-06-01 07:27 UTC,241832,317201,3.30603,11.7774,0.0617683,0.106126,1.38887e-05,8.16722e-05,0.10205,0.0118052,0.233028,0.0208777,0.0579862
955,1748763158,2025-06-01 07:32 UTC,241509,317188,3.31035,11.7602,0.0717409,0.118682,1.81349e-05,0.000124747,0.102055,0.0124203,0.232349,0.0279885,0.0725187
956,1748763458,2025-06-01 07:37 UTC,241184,317172,3.31653,11.7431,0.0817675,0.131268,1.78662e-05,0.000231309,0.102076,0.0130554,0.231671,0.0361873,0.0887057
957,1748763758,2025-06-01 07:42 UTC,240859,317154,3.32444,11.7259,0.0918293,0.143876,2.15196e-05,0.000122416,0.102089,0.0137105,0.230994,0.0454732,0.10654
958,1748764058,2025-06-01 07:47 UTC,240533,317153,3.33394,11.7087,0.101915,0.156502,2.09984e-05,9.92133e-05,0.102097,0.0143856,0.230319,0.0558551,0.126081
959,1748764358,2025-06-01 07:52 UTC,240205,317157,3.34491,11.6916,0.112019,0.16914,2.7602e-05,0.000123199,0.102113,0.0150807,0.229644,0.0673158,0.147255
960,1748764658,2025-06-01 07:57 UTC,239877,317159,3.35726,11.6744,0.122135,0.181789,2.98508e-05,0.000201376,0.102116,0.0157959,0.228971,0.0798711,0.170059
961,1748764957,2025-06-01 08:02 UTC,239547,317161,3.37084,11.6573,0.131106,0.192293,3.55697e-05,0.000228557,0.102143,0.0165288,0.228301,0.0918965,0.190349
962,1748765257,2025-06-01 08:07 UTC,239216,317161,3.38569,11.6402,0.139097,0.200917,3.4721e-05,0.000211978,0.102164,0.0172843,0.227629,0.103296,0.207832
963,1748765557,2025-06-01 08:12 UTC,238885,317161,3.40171,11.623,0.147093,0.209543,3.42096e-05,0.000233538,0.102179,0.0180601,0.22696,0.11539,0.226109
964,1748765857,2025-06-01 08:17 UTC,238552,317159,3.41887,11.6059,0.155092,0.21817,4.69799e-05,0.000270062,0.102221,0.0188562,0.226291,0.128152,0.245114
965,1748766157,2025-06-01 08:22 UTC,238218,317157,3.43713,11.5888,0.163095,0.226938,4.77798e-05,0.000295808,0.102254,0.0196729,0.225623,0.141603,0.265142
966,1748766457,2025-06-01 08:27 UTC,237884,317154,3.45646,11.5716,0.171101,0.235899,4.45021e-05,0.00034451,0.102286,0.0205102,0.224957,0.155766,0.286528
967,1748766757,2025-06-01 08:32 UTC,237548,317149,3.47684,11.5545,0.179109,0.244902,4.04926e-05,0.000521379,0.102323,0.0213684,0.224292,0.170598,0.308871
968,1748767056,2025-06-01 08:37 UTC,237212,317144,3.4982,11.5375,0.187093,0.253874,5.48945e-05,0.000427512,0.102381,0.0222444,0.22363,0.186031,0.331901
969,1748767356,2025-06-01 08:42 UTC,236874,317138,3.52066,11.5203,0.195106,0.262877,5.19131e-05,0.000472144,0.102431,0.0231447,0.222967,0.202227,0.355735
970,1748767656,2025-06-01 08:47 UTC,236535,317131,3.54414,11.5032,0.20312,0.27188,5.79315e-05,0.000512879,0.102503,0.0240664,0.222305,0.219096,0.380615
971,1748767956,2025-06-01 08:52 UTC,236196,317123,3.56862,11.4861,0.211135,0.280882,5.83259e-05,0.000576488,0.102605,0.0250098,0.221644,0.23667,0.406066
972,1748768256,2025-06-01 08:57 UTC,235855,317114,3.5941,11.469,0.219152,0.289885,5.32936e-05,0.00187914,0.102737,0.0259751,0.220984,0.254955,0.432463
973,1748768556,2025-06-01 09:02 UTC,235516,317060,3.5933,11.4507,0.225332,0.296235,6.13153e-05,0.00313631,0.103124,0.0266959,0.220281,0.269516,0.451789
974,1748768855,2025-06-01 09:07 UTC,235178,316915,3.56907,11.4396,0.229801,0.300125,4.0967e-05,0.00394173,0.103188,0.0271674,0.219853,0.280347,0.463712
975,1748769155,2025-06-01 09:12 UTC,234841,316762,3.54663,11.4575,0.234287,0.304027,6.52332e-05,0.000745038,0.10359,0.0276326,0.22054,0.291406,0.475816
976,1748769455,2025-06-01 09:17 UTC,234502,316601,3.52606,11.4754,0.238774,0.30793,5.09252e-05,0.00102781,0.103708,0.0280909,0.221229,0.302685,0.488275
977,1748769755,2025-06-01 09:22 UTC,234162,316432,3.50744,11.4933,0.243263,0.312444,4.54731e-05,0.000819336,0.103833,0.0285435,0.221919,0.314184,0.502653
978,1748770055,2025-06-01 09:27 UTC,233821,316255,3.49086,11.5111,0.247753,0.318765,5.86324e-05,0.000892424,0.10405,0.0289911,0.222611,0.325893,0.523053
979,1748770355,2025-06-01 09:32 UTC,233480,316070,3.47654,11.529,0.252244,0.325085,6.27762e-05,0.000901461,0.104448,0.0294351,0.223303,0.337877,0.544387
980,1748770655,2025-06-01 09:37 UTC,233138,315878,3.4648,11.5469,0.256736,0.331406,0.000227318,0.00117017,0.105893,0.0298766,0.223995,0.35012,0.564986
981,1748770954,2025-06-01 09:42 UTC,232794,315677,3.456,11.5647,0.261215,0.337705,9.36039e-05,0.00170337,0.105907,0.0303152,0.224689,0.362423,0.587109
982,1748771254,2025-06-01 09:47 UTC,232450,315468,3.45036,11.5826,0.26571,0.344026,9.26436e-05,0.00111478,0.106107,0.0307551,0.225384,0.374952,0.609695
983,1748771554,2025-06-01 09:52 UTC,232097,315252,3.44797,11.6005,0.270205,0.350347,0.000104922,0.00111366,0.106451,0.0311968,0.22608,0.387714,0.631396
984,1748771854,2025-06-01 09:57 UTC,231751,315028,3.44868,11.6184,0.274702,0.356667,8.28237e-05,0.00449854,0.106729,0.0316422,0.226778,0.400833,0.655041
985,1748772154,2025-06-01 10:02 UTC,231405,314795,3.45244,11.6363,0.277126,0.36004,6.38617e-05,0.00673443,0.106991,0.0320925,0.227477,0.408096,0.667719
986,1748772454,2025-06-01 10:07 UTC,231057,314555,3.45942,11.6542,0.277585,0.360588,3.77795e-05,0.00123559,0.107076,0.0325483,0.228177,0.409455,0.6693
987,1748772754,2025-06-01 10:12 UTC,230709,314307,3.47008,11.6721,0.278044,0.361135,4.8885e-05,0.00127676,0.107363,0.0330121,0.228877,0.410879,0.672162
988,1748773053,2025-06-01 10:17 UTC,230360,314052,3.48432,11.6899,0.278502,0.361681,3.45014e-05,0.0013123,0.107512,0.0334834,0.229577,0.41221,0.673646
989,1748773353,2025-06-01 10:22 UTC,230010,313788,3.50159,11.7078,0.278963,0.362229,5.59688e-05,0.00133569,0.107775,0.0339675,0.23028,0.413625,0.675807
990,1748773653,2025-06-01 10:27 UTC,229659,313517,3.52143,11.7257,0.279423,0.362777,7.35227e-05,0.00136992,0.107827,0.0344634,0.230985,0.414874,0.677459
991,1748773953,2025-06-01 10:32 UTC,229308,313237,3.54364,11.7435,0.279885,0.363324,4.60134e-05,0.00138493,0.108019,0.034973,0.23169,0.416373,0.679739
992,1748774253,2025-06-01 10:37 UTC,228955,312950,3.56805,11.7614,0.280347,0.363872,4.58057e-05,0.00142141,0.108108,0.0354962,0.232397,0.417746,0.682078
993,1748774553,2025-06-01 10:42 UTC,228602,312656,3.59457,11.7793,0.280809,0.36442,5.90686e-05,0.00149877,0.108196,0.036034,0.233103,0.419097,0.683331
994,1748774853,2025-06-01 10:47 UTC,228248,312353,3.6231,11.7972,0.281272,0.364968,8.02843e-05,0.00153249,0.108474,0.0365875,0.233812,0.420549,0.685781
995,1748775152,2025-06-01 10:52 UTC,227893,312042,3.6534,11.815,0.281735,0.365514,5.72833e-05,0.0015358,0.108833,0.0371555,0.23452,0.421935,0.688039
996,1748775452,2025-06-01 10:57 UTC,227537,311723,3.68556,11.8329,0.282199,0.366062,4.10152e-05,0.0015843,0.108856,0.0377417,0.235231,0.42331,0.689767
997,1748775752,2025-06-01 11:02 UTC,227181,311397,3.71937,11.8508,0.280539,0.363769,4.08164e-05,0.00159655,0.109013,0.0383459,0.235943,0.418457,0.681641
998,1748776052,2025-06-01 11:07 UTC,226823,311062,3.75475,11.8687,0.276814,0.358712,3.4737e-05,0.00158563,0.109015,0.0389676,0.236656,0.407359,0.66275
999,1748776352,2025-06-01 11:12 UTC,226465,310720,3.79157,11.8866,0.273093,0.353654,2.40331e-05,0.00158109,0.109016,0.0396074,0.23737,0.396383,0.644094
1000,1748776652,2025-06-01 11:17 UTC,226107,310369,3.82976,11.9045,0.269377,0.348596,2.8288e-05,0.00157479,0.109016,0.0402663,0.238085,0.385659,0.62592
1001,1748776951,2025-06-01 11:22 UTC,225747,310011,3.86912,11.9223,0.265677,0.343555,2.00211e-05,0.0015717,0.109018,0.0409416,0.238799,0.375046,0.607957
1002,1748777251,2025-06-01 11:27 UTC,225387,309644,3.90984,11.9402,0.26197,0.338498,1.79606e-05,0.00156174,0.109025,0.0416386,0.239516,0.36456,0.589939
1003,1748777551,2025-06-01 11:32 UTC,225025,309269,3.95175,11.9581,0.258268,0.33344,1.56937e-05,0.00155245,0.109028,0.0423554,0.240235,0.354283,0.572642
1004,1748777851,2025-06-01 11:37 UTC,224664,308886,3.99478,11.976,0.254571,0.328383,1.96014e-05,0.00154471,0.109027,0.0430922,0.240954,0.344166,0.555459
1005,1748778151,2025-06-01 11:42 UTC,224301,308495,4.0389,11.9939,0.250879,0.323326,1.92058e-05,0.00153398,0.109031,0.0438492,0.241675,0.334183,0.538405
1006,1748778451,2025-06-01 11:47 UTC,223938,308096,4.08408,12.0118,0.247193,0.318268,1.55672e-05,0.0015225,0.109031,0.0446266,0.242396,0.324354,0.521705
1007,1748778751,2025-06-01 11:52 UTC,223574,307688,4.13028,12.0297,0.243512,0.313211,1.22809e-05,0.00151213,0.10904,0.0454248,0.243119,0.314684,0.505289
1008,1748779050,2025-06-01 11:57 UTC,223209,307272,4.17734,12.0475,0.23985,0.308171,1.4435e-05,0.00150206,0.109043,0.0462412,0.243841,0.305216,0.489106
1009,1748779350,2025-06-01 12:02 UTC,222835,306895,4.1901,12.0106,0.234294,0.301074,2.20866e-05,0.00146773,0.10905,0.0463773,0.242349,0.291178,0.466926
1010,1748779650,2025-06-01 12:07 UTC,222442,306602,4.16826,11.9192,0.226856,0.292565,3.04391e-05,0.00140927,0.109068,0.0458208,0.238674,0.272904,0.440966
1011,1748779950,2025-06-01 12:12 UTC,222049,306306,4.14722,11.8281,0.219423,0.284058,2.85397e-05,0.00135276,0.109068,0.0452725,0.235039,0.255212,0.415618
1012,1748780250,2025-06-01 12:17 UTC,221652,306008,4.127,11.7374,0.211996,0.275553,2.55392e-05,0.00129506,0.109076,0.0447329,0.231446,0.238119,0.391201
1013,1748780550,2025-06-01 12:22 UTC,221251,305707,4.10764,11.647,0.204575,0.26705,2.4829e-05,0.00123447,0.109078,0.0442021,0.227895,0.221634,0.36739
1014,1748780850,2025-06-01 12:27 UTC,220849,305403,4.08916,11.5569,0.197161,0.258551,2.45038e-05,0.00117712,0.109086,0.0436801,0.224384,0.205753,0.344429
1015,1748781149,2025-06-01 12:32 UTC,220444,305097,4.07168,11.4675,0.18978,0.250083,2.56372e-05,0.00111232,0.109091,0.043169,0.220928,0.190529,0.322188
1016,1748781449,2025-06-01 12:37 UTC,220037,304788,4.0551,11.4012,0.182383,0.241589,2.50077e-05,0.00104926,0.109096,0.0426654,0.218379,0.175854,0.300661
1017,1748781749,2025-06-01 12:42 UTC,219627,304477,4.0395,11.3705,0.174996,0.233132,2.3869e-05,0.000988613,0.1091,0.0421713,0.217205,0.16178,0.279987
1018,1748782049,2025-06-01 12:47 UTC,219215,304163,4.02486,11.3399,0.167621,0.224684,2.34768e-05,0.000925846,0.109104,0.0416868,0.216038,0.148312,0.260089
1019,1748782349,2025-06-01 12:52 UTC,218806,303847,4.01114,11.3095,0.160259,0.21624,2.50091e-05,0.000861713,0.109119,0.0412121,0.214879,0.135443,0.240873
1020,1748782649,2025-06-01 12:57 UTC,218390,303528,3.99828,11.2791,0.152913,0.207802,2.1095e-05,0.000800361,0.109131,0.0407473,0.213728,0.123178,0.222495
1021,1748782949,2025-06-01 13:02 UTC,217971,303206,3.98624,11.2489,0.14454,0.198239,2.42329e-05,0.000726952,0.109139,0.0402928,0.212585,0.10996,0.202463
1022,1748783248,2025-06-01 13:07 UTC,217551,302882,3.97502,11.2244,0.135156,0.187574,2.38727e-05,0.000650772,0.109139,0.0398499,0.211657,0.0960673,0.181268
1023,1748783548,2025-06-01 13:12 UTC,217128,302554,3.96452,11.2027,0.125757,0.176882,2.2828e-05,0.000575111,0.109143,0.0394159,0.21084,0.0830921,0.161193
1024,1748783848,2025-06-01 13:17 UTC,216703,302225,3.95473,11.1833,0.116378,0.1662,2.28827e-05,0.00050471,0.109152,0.0389924,0.21011,0.0710832,0.142341
1025,1748784148,2025-06-01 13:22 UTC,216276,301892,3.94564,11.1639,0.107027,0.155531,1.93734e-05,0.000441008,0.109161,0.0385795,0.209385,0.0600351,0.124636
1026,1748784448,2025-06-01 13:27 UTC,215847,301557,3.93721,11.1447,0.0977103,0.144888,1.73465e-05,0.000379131,0.109181,0.0381773,0.208663,0.0499527,0.108153
1027,1748784748,2025-06-01 13:32 UTC,215416,301219,3.92943,11.1255,0.088442,0.134496,1.77915e-05,0.000316782,0.109184,0.0377859,0.207946,0.0408389,0.0932005
1028,1748785047,2025-06-01 13:37 UTC,214983,300879,3.9223,11.1065,0.0792714,0.124263,2.14564e-05,0.000262942,0.109189,0.0374067,0.207236,0.0327126,0.0795576
1029,1748785347,2025-06-01 13:42 UTC,214547,300535,3.91575,11.0875,0.0701677,0.114018,1.5672e-05,0.000212137,0.109201,0.0370371,0.206527,0.0255139,0.0669703
1030,1748785647,2025-06-01 13:47 UTC,214110,300189,3.90978,11.0686,0.0612116,0.1038,1.28289e-05,0.000168805,0.109209,0.0366785,0.205822,0.0192726,0.055516
1031,1748785947,2025-06-01 13:52 UTC,213672,299841,3.90435,11.0497,0.052489,0.0936192,1.79013e-05,0.000131286,0.109215,0.0363309,0.205122,0.0139804,0.045143
1032,1748786247,2025-06-01 13:57 UTC,213231,299489,3.89943,11.032,0.0441484,0.0834888,1.19039e-05,9.56515e-05,0.109217,0.0359945,0.204465,0.00962196,0.0359109
1033,1748786547,2025-06-01 14:02 UTC,212788,299135,3.895,11.0155,0.036552,0.0733639,1.1832e-05,7.22299e-05,0.109228,0.0356693,0.203853,0.00622926,0.0277264
1034,1748786847,2025-06-01 14:07 UTC,212344,298778,3.89102,10.999,0.0298887,0.0632698,8.71509e-06,8.74804e-05,0.109235,0.0353552,0.203244,0.00373319,0.0206223
1035,1748787146,2025-06-01 14:12 UTC,211898,298418,3.88748,10.9827,0.0244076,0.0533616,6.94287e-06,6.5424e-05,0.109243,0.0350534,0.202641,0.00215604,0.0146642
1036,1748787446,2025-06-01 14:17 UTC,211451,298056,3.88435,10.9664,0.0207516,0.0490607,1.02295e-05,4.45196e-05,0.109252,0.0347618,0.202039,0.00184521,0.0123898
1037,1748787746,2025-06-01 14:22 UTC,211002,297691,3.88161,10.9501,0.0202195,0.0560233,6.72354e-06,4.83838e-05,0.109257,0.0344815,0.20144,0.0026032,0.0161678
1038,1748788046,2025-06-01 14:27 UTC,210552,297323,3.87924,10.9339,0.0238022,0.0641086,6.17203e-06,3.49821e-05,0.109265,0.0342124,0.200845,0.0039249,0.0211622
1039,1748788346,2025-06-01 14:32 UTC,210100,296952,3.87723,10.9178,0.0303627,0.0729442,7.27031e-06,8.04175e-05,0.109271,0.0339547,0.200254,0.00591908,0.0273903
1040,1748788646,2025-06-01 14:37 UTC,209647,296578,3.87557,10.9018,0.038115,0.0822888,9.4259e-06,0.000112899,0.109285,0.0337082,0.199665,0.00872901,0.0348651
1041,1748788946,2025-06-01 14:42 UTC,209193,296201,3.87424,10.8858,0.0463743,0.0919874,9.89629e-06,0.000196205,0.109289,0.033473,0.199081,0.0123998,0.0435613
1042,1748789245,2025-06-01 14:47 UTC,208737,295822,3.87324,10.8699,0.0548534,0.101906,1.33544e-05,0.000149405,0.109298,0.0332499,0.198501,0.0169224,0.0534522
1043,1748789545,2025-06-01 14:52 UTC,208281,295440,3.87256,10.8541,0.0635016,0.112042,1.48087e-05,7.97727e-05,0.109312,0.0330372,0.197923,0.0223276,0.0646378
1044,1748789845,2025-06-01 14:57 UTC,207824,295054,3.87219,10.8383,0.072239,0.122319,1.605e-05,0.000218531,0.109324,0.0328358,0.197348,0.0286008,0.0770179
1045,1748790145,2025-06-01 15:02 UTC,207400,294662,3.8777,10.815,0.0799806,0.130869,1.14706e-05,0.000159547,0.109324,0.0328222,0.196499,0.0348004,0.0881831
1046,1748790445,2025-06-01 15:07 UTC,207038,294260,3.89003,10.7835,0.0866197,0.137494,1.76614e-05,0.000541781,0.109352,0.0330084,0.195356,0.0405703,0.0973049
1047,1748790745,2025-06-01 15:12 UTC,206678,293854,3.90338,10.752,0.0932739,0.144131,1.40705e-05,0.000206551,0.109366,0.0332053,0.194218,0.0468252,0.106958
1048,1748791045,2025-06-01 15:17 UTC,206320,293445,3.9177,10.7206,0.0999401,0.150779,1.38731e-05,0.000250117,0.109367,0.0334131,0.193085,0.0535677,0.117028
1049,1748791344,2025-06-01 15:22 UTC,205964,293032,3.93286,10.6894,0.106594,0.157441,3.19861e-05,0.00128667,0.109463,0.0336314,0.191961,0.0607726,0.127587
1050,1748791644,2025-06-01 15:27 UTC,205610,292617,3.94893,10.658,0.113278,0.164134,1.80551e-05,0.000337231,0.10947,0.0338616,0.190838,0.0684773,0.138725
1051,1748791944,2025-06-01 15:32 UTC,205258,292197,3.9658,10.6268,0.119969,0.170835,9.32156e-05,0.000516987,0.109486,0.0341039,0.18972,0.076586,0.150164
1052,1748792244,2025-06-01 15:37 UTC,204908,291775,3.98343,10.6248,0.126665,0.177543,6.07466e-05,0.000424962,0.109525,0.0343559,0.189647,0.0853658,0.162224
1053,1748792544,2025-06-01 15:42 UTC,204560,291349,4.00176,10.6852,0.133367,0.184257,4.50149e-05,0.000479099,0.10954,0.0346206,0.191811,0.0945251,0.174728
1054,1748792844,2025-06-01 15:47 UTC,204214,290919,4.02076,10.7456,0.140072,0.190977,3.65664e-05,0.000539842,0.10956,0.0348966,0.193987,0.104184,0.187867
1055,1748793144,2025-06-01 15:52 UTC,203870,290487,4.04041,10.8061,0.146781,0.197701,3.11303e-05,0.000590381,0.109583,0.0351842,0.196177,0.114334,0.201285
1056,1748793443,2025-06-01 15:57 UTC,203527,290051,4.06059,10.8664,0.153471,0.204408,2.81126e-05,0.000649982,0.109591,0.0354831,0.198374,0.12488,0.215088
1057,1748793743,2025-06-01 16:02 UTC,203186,289612,4.08141,10.927,0.158781,0.20966,3.29275e-05,0.000696188,0.10961,0.0357944,0.200591,0.133604,0.226293
1058,1748794043,2025-06-01 16:07 UTC,202847,289169,4.10279,10.9876,0.16255,0.213293,2.33219e-05,0.00072291,0.109626,0.0361173,0.202822,0.139985,0.234231
1059,1748794343,2025-06-01 16:12 UTC,202510,288723,4.1247,11.0482,0.166321,0.216935,3.14677e-05,0.000754004,0.109652,0.0364523,0.205066,0.146485,0.242198
1060,1748794643,2025-06-01 16:17 UTC,202175,288273,4.14709,11.1089,0.170094,0.220584,3.08356e-05,0.000778505,0.109691,0.036799,0.207325,0.153155,0.250528
1061,1748794943,2025-06-01 16:22 UTC,201841,287820,4.16995,11.1696,0.17387,0.224241,1.57375e-05,0.000803307,0.109703,0.0371575,0.209596,0.160001,0.258928
1062,1748795242,2025-06-01 16:27 UTC,201509,287364,4.19318,11.2301,0.177634,0.227893,1.9126e-05,0.000833365,0.109722,0.0375269,0.211874,0.166945,0.267434
1063,1748795542,2025-06-01 16:32 UTC,201178,286904,4.21689,11.2909,0.181413,0.231563,4.4913e-05,0.000855989,0.10975,0.0379095,0.214173,0.174066,0.276149
1064,1748795842,2025-06-01 16:37 UTC,200849,286440,4.24099,11.3517,0.185194,0.23524,2.59963e-05,0.000882891,0.10976,0.0383038,0.216485,0.18136,0.284993
1065,1748796142,2025-06-01 16:42 UTC,200522,285974,4.26545,11.4125,0.188977,0.238923,4.35846e-05,0.000909687,0.109773,0.0387103,0.218812,0.188778,0.293929
1066,1748796442,2025-06-01 16:47 UTC,200196,285503,4.29026,11.4733,0.192761,0.242612,2.8788e-05,0.000936714,0.109796,0.0391286,0.221151,0.196397,0.302984
1067,1748796742,2025-06-01 16:52 UTC,199871,285030,4.31538,11.5342,0.196546,0.246306,2.66104e-05,0.000958126,0.109838,0.0395588,0.223505,0.204167,0.312398
1068,1748797042,2025-06-01 16:57 UTC,199548,284552,4.34081,11.5951,0.200333,0.250006,0.000122602,0.000974426,0.109884,0.0400025,0.225872,0.211914,0.321401
1069,1748797341,2025-06-01 17:02 UTC,199227,284072,4.36644,11.6559,0.202635,0.252289,5.59455e-05,0.00098594,0.109909,0.0404537,0.228244,0.216964,0.327743
1070,1748797641,2025-06-01 17:07 UTC,198907,283588,4.39244,11.7169,0.203291,0.25322,3.95566e-05,0.000966667,0.10991,0.0409197,0.230638,0.218387,0.330229
1071,1748797941,2025-06-01 17:12 UTC,198588,283100,4.4187,11.7779,0.203949,0.254152,4.4407e-05,0.000957931,0.109927,0.0413982,0.233045,0.219728,0.332575
1072,1748798241,2025-06-01 17:17 UTC,198271,282609,4.44522,11.8389,0.20461,0.255084,3.08013e-05,0.000942843,0.109927,0.0418886,0.235467,0.221081,0.33515
1073,1748798541,2025-06-01 17:22 UTC,197956,282114,4.47199,11.8999,0.205274,0.256015,2.7251e-05,0.000925831,0.10996,0.0423908,0.237902,0.222503,0.337474
1074,1748798841,2025-06-01 17:27 UTC,197641,281616,4.499,11.961,0.205941,0.256947,1.92499e-05,0.000911886,0.109972,0.0429052,0.24035,0.223895,0.340032
1075,1748799141,2025-06-01 17:32 UTC,197328,281115,4.52624,12.0221,0.206611,0.257879,2.76414e-05,0.000895967,0.109995,0.0434316,0.242813,0.225289,0.342469
1076,1748799440,2025-06-01 17:37 UTC,197017,280610,4.55361,12.083,0.207282,0.258808,1.96261e-05,0.000890013,0.110023,0.0439682,0.24528,0.226713,0.344903
1077,1748799740,2025-06-01 17:42 UTC,196706,280102,4.58129,12.1442,0.207957,0.259744,2.04527e-05,0.000873552,0.110066,0.0445187,0.247769,0.228125,0.34741
1078,1748800040,2025-06-01 17:47 UTC,196397,279591,4.60919,12.2054,0.208636,0.260685,1.60654e-05,0.000861923,0.110068,0.0450812,0.250272,0.229565,0.349923
1079,1748800340,2025-06-01 17:52 UTC,196089,279076,4.63729,12.2666,0.209317,0.261626,1.21927e-05,0.000850182,0.110082,0.0456556,0.252788,0.231023,0.352517
1080,1748800640,2025-06-01 17:57 UTC,195783,278558,4.6656,12.3278,0.210001,0.262568,1.1903e-05,0.000835612,0.110106,0.0462422,0.255318,0.232474,0.354998
1081,1748800940,2025-06-01 18:02 UTC,195478,278129,4.69826,12.3774,0.209337,0.261856,1.24953e-05,0.000819983,0.110115,0.0468862,0.257374,0.230966,0.353145
1082,1748801240,2025-06-01 18:07 UTC,195174,277862,4.73593,12.4135,0.20713,0.259255,1.25055e-05,0.000794364,0.110123,0.0475943,0.25888,0.226117,0.346126
1083,1748801539,2025-06-01 18:12 UTC,194872,277598,4.77375,12.4496,0.204932,0.256686,1.04223e-05,0.000769126,0.11014,0.0483129,0.260386,0.221313,0.339332
1084,1748801839,2025-06-01 18:17 UTC,194570,277334,4.81196,12.4858,0.202727,0.254163,1.11255e-05,0.000746705,0.110145,0.0490464,0.261902,0.216565,0.332721
1085,1748802139,2025-06-01 18:22 UTC,194270,277073,4.85043,12.522,0.200523,0.25164,1.07039e-05,0.000725967,0.110148,0.0497927,0.263423,0.211858,0.326173
1086,1748802439,2025-06-01 18:27 UTC,193971,276814,4.88914,12.5582,0.198319,0.249117,1.01859e-05,0.000704771,0.110163,0.0505518,0.264949,0.207203,0.319607
1087,1748802739,2025-06-01 18:32 UTC,193674,276556,4.92809,12.5944,0.196116,0.246594,2.54563e-05,0.000902268,0.1102,0.0513235,0.26648,0.202613,0.313201
1088,1748803039,2025-06-01 18:37 UTC,193377,276301,4.96727,12.6314,0.193913,0.244071,1.12171e-05,0.000664948,0.110202,0.0521081,0.268048,0.198059,0.306796
1089,1748803338,2025-06-01 18:42 UTC,193081,276047,5.00654,12.6686,0.191718,0.241557,1.56461e-05,0.000647186,0.110202,0.0529028,0.269629,0.19358,0.300519
1090,1748803638,2025-06-01 18:47 UTC,192787,275795,5.04617,12.706,0.189517,0.239034,9.146e-06,0.000630447,0.110203,0.0537127,0.271222,0.189142,0.294265
1091,1748803938,2025-06-01 18:52 UTC,192493,275545,5.08601,12.7433,0.187316,0.236512,9.67302e-06,0.00061004,0.110217,0.0545355,0.272819,0.184758,0.288087
1092,1748804238,2025-06-01 18:57 UTC,192201,275297,5.12605,12.7807,0.185117,0.233989,1.5041e-05,0.000594117,0.110224,0.055371,0.274422,0.180426,0.282015
1093,1748804538,2025-06-01 19:02 UTC,191909,275050,5.1663,12.8181,0.182075,0.230481,1.19942e-05,0.000568176,0.110235,0.0562192,0.276031,0.174562,0.273631
1094,1748804838,2025-06-01 19:07 UTC,191619,274805,5.20675,12.8555,0.178046,0.225816,1.35213e-05,0.000540407,0.110242,0.0570801,0.277645,0.166973,0.262638
1095,1748805138,2025-06-01 19:12 UTC,191330,274563,5.24739,12.893,0.174019,0.221152,1.40537e-05,0.000512717,0.110257,0.0579538,0.279264,0.159555,0.251896
1096,1748805437,2025-06-01 19:17 UTC,191042,274321,5.28809,12.9303,0.170009,0.216502,1.84789e-05,0.000490909,0.110386,0.0588372,0.280883,0.152334,0.241422
1097,1748805737,2025-06-01 19:22 UTC,190754,274082,5.3291,12.9677,0.165989,0.211889,1.43681e-05,0.000467167,0.110396,0.0597362,0.282513,0.145273,0.231255
1098,1748806037,2025-06-01 19:27 UTC,190468,273844,5.37029,13.0052,0.161972,0.207524,1.35599e-05,0.000440952,0.110402,0.0606479,0.284148,0.138383,0.221823
1099,1748806337,2025-06-01 19:32 UTC,190183,273608,5.41167,13.0427,0.157959,0.203159,1.39157e-05,0.000449608,0.110411,0.0615723,0.285789,0.131666,0.2126
1100,1748806637,2025-06-01 19:37 UTC,189899,273374,5.45321,13.0802,0.15395,0.198795,1.41131e-05,0.000488417,0.110416,0.0625093,0.287435,0.125132,0.203543
1101,1748806937,2025-06-01 19:42 UTC,189616,273142,5.49493,13.1177,0.149946,0.194458,1.16508e-05,0.000532483,0.110429,0.0634591,0.289086,0.118766,0.194767
1102,1748807237,2025-06-01 19:47 UTC,189333,272911,5.53682,13.1553,0.145947,0.190138,1.29506e-05,0.00061487,0.110433,0.0644214,0.290743,0.112581,0.186207
1103,1748807536,2025-06-01 19:52 UTC,189052,272681,5.57875,13.1927,0.141967,0.185833,1.3712e-05,0.000332315,0.110441,0.065393,0.292399,0.106592,0.177886
1104,1748807836,2025-06-01 19:57 UTC,188772,272454,5.62097,13.2303,0.137979,0.181515,1.79486e-05,0.000455029,0.110491,0.0663806,0.294067,0.100755,0.169713
1105,1748808136,2025-06-01 20:02 UTC,188492,272228,5.66336,13.2678,0.133957,0.177215,1.40119e-05,0.000394914,0.110503,0.0673807,0.29574,0.0950198,0.161764
1106,1748808436,2025-06-01 20:07 UTC,188214,272004,5.70591,13.3054,0.129889,0.172849,1.27532e-05,0.00033361,0.110513,0.0683934,0.297418,0.0893685,0.153899
1107,1748808736,2025-06-01 20:12 UTC,187936,271781,5.7486,13.343,0.125825,0.168483,1.56282e-05,0.000289351,0.110523,0.0694187,0.299101,0.0838954,0.146204
1108,1748809036,2025-06-01 20:17 UTC,187659,271560,5.79143,13.3807,0.121765,0.164117,1.397e-05,0.000245572,0.110533,0.0704565,0.30079,0.0786064,0.138753
1109,1748809336,2025-06-01 20:22 UTC,187384,271341,5.8344,13.4224,0.11771,0.159752,1.30987e-05,0.000224768,0.110543,0.0715069,0.302669,0.0734925,0.131455
1110,1748809635,2025-06-01 20:27 UTC,187109,271123,5.87735,13.5782,0.113673,0.155402,1.78927e-05,0.000210821,0.110591,0.0725662,0.309738,0.0685745,0.124392
1111,1748809935,2025-06-01 20:32 UTC,186835,270907,5.92058,13.7401,0.109628,0.151039,1.21625e-05,0.000195485,0.1106,0.0736417,0.317166,0.0638172,0.117494
1112,1748810235,2025-06-01 20:37 UTC,186562,270692,5.96392,13.9021,0.105589,0.146676,1.29422e-05,0.000181566,0.110617,0.0747296,0.32469,0.0592394,0.110806
1113,1748810535,2025-06-01 20:42 UTC,186290,270479,6.00739,14.0643,0.101558,0.142313,1.15181e-05,0.000161788,0.110625,0.07583,0.332311,0.0548424,0.104347
1114,1748810835,2025-06-01 20:47 UTC,186018,270268,6.05097,14.2267,0.0975346,0.137952,1.0972e-05,0.000150934,0.110637,0.076943,0.340028,0.0506209,0.0980207
1115,1748811135,2025-06-01 20:52 UTC,185748,270058,6.09466,14.3892,0.0935203,0.133592,1.35355e-05,0.000140847,0.110644,0.0780684,0.347842,0.0465792,0.0919529
1116,1748811434,2025-06-01 20:57 UTC,185479,269850,6.13831,14.5513,0.0895297,0.129247,1.01581e-05,0.000126994,0.110655,0.0792025,0.355726,0.0427299,0.0860474
1117,1748811734,2025-06-01 21:02 UTC,185225,269759,6.17111,14.6261,0.0860611,0.125305,7.95022e-06,0.00011414,0.110667,0.0799626,0.359393,0.0395068,0.08087
1118,1748812034,2025-06-01 21:07 UTC,185001,269869,6.19037,14.5921,0.083246,0.121881,7.26937e-05,0.00153893,0.110891,0.0802458,0.357722,0.0369801,0.0765141
1119,1748812334,2025-06-01 21:12 UTC,184779,269982,6.20988,14.5583,0.0804333,0.118474,4.01126e-05,0.000182065,0.110921,0.0805345,0.356066,0.0345197,0.0722937
1120,1748812634,2025-06-01 21:17 UTC,184561,270099,6.22963,14.5247,0.0776231,0.115068,3.66283e-05,0.000117029,0.110925,0.0808277,0.354426,0.0321648,0.0682327
1121,1748812934,2025-06-01 21:22 UTC,184347,270220,6.24964,14.4914,0.0748159,0.111663,2.34585e-05,7.99922e-05,0.110929,0.0811261,0.3528,0.0298836,0.0642307
1122,1748813234,2025-06-01 21:27 UTC,184135,270344,6.26989,14.4583,0.0720119,0.108259,2.65556e-05,0.000104737,0.110935,0.0814294,0.35119,0.0276963,0.0603973
1123,1748813533,2025-06-01 21:32 UTC,183927,270472,6.29033,14.4255,0.0692209,0.104867,2.74122e-05,0.00309398,0.110944,0.0817368,0.3496,0.0255996,0.0566662
1124,1748813833,2025-06-01 21:37 UTC,183721,270603,6.31109,14.3929,0.0664246,0.101465,2.31195e-05,0.00452135,0.110957,0.0820505,0.34802,0.0235773,0.0530033
1125,1748814133,2025-06-01 21:42 UTC,183518,270737,6.3321,14.3605,0.063633,0.0980654,1.75078e-05,0.00516292,0.110968,0.0823692,0.346454,0.0216477,0.0495539
1126,1748814433,2025-06-01 21:47 UTC,183318,270931,6.35337,14.3283,0.0608467,0.094667,1.71878e-05,0.00536658,0.110999,0.082693,0.344904,0.0198051,0.0461311
1127,1748814733,2025-06-01 21:52 UTC,183121,271174,6.3749,14.2964,0.0580664,0.0912704,1.66124e-05,0.0051803,0.111007,0.0830221,0.34337,0.0180464,0.0428906
1128,1748815033,2025-06-01 21:57 UTC,182926,271418,6.39668,14.2647,0.0552931,0.0878954,2.93911e-05,0.00465897,0.11102,0.0833565,0.341849,0.0163724,0.0397696
1129,1748815333,2025-06-01 22:02 UTC,182734,271664,6.41869,14.2333,0.0533347,0.0857383,1.74757e-05,0.00211169,0.111026,0.0836961,0.340345,0.0152402,0.0378286
1130,1748815632,2025-06-01 22:07 UTC,182545,271912,6.44086,14.2022,0.0523959,0.0847383,1.82575e-05,0.000753221,0.111026,0.08404,0.33886,0.0147142,0.0369972
1131,1748815932,2025-06-01 22:12 UTC,182358,272162,6.46332,14.1713,0.0514554,0.0837354,1.61906e-05,0.000700253,0.111044,0.0843902,0.337385,0.0141971,0.0361053
1132,1748816232,2025-06-01 22:17 UTC,182173,272412,6.48599,14.1406,0.0505165,0.0827883,1.3423e-05,0.000627494,0.111047,0.0847457,0.335925,0.013692,0.0352911
1133,1748816532,2025-06-01 22:22 UTC,181990,272665,6.50886,14.1101,0.0495793,0.0818456,1.14718e-05,0.000556264,0.111061,0.0851068,0.334481,0.0131958,0.0344865
1134,1748816832,2025-06-01 22:27 UTC,181810,272918,6.53193,14.0799,0.0486439,0.0809032,1.23824e-05,0.000499793,0.111064,0.0854731,0.333051,0.0127117,0.0337147
1135,1748817132,2025-06-01 22:32 UTC,181632,273173,6.5552,14.05,0.0477104,0.0799672,1.60035e-05,0.000472089,0.111135,0.085845,0.331637,0.0122352,0.0329312
1136,1748817432,2025-06-01 22:37 UTC,181457,273430,6.57865,14.0203,0.046779,0.0790588,1.83597e-05,0.000433756,0.111222,0.0862223,0.330237,0.0117697,0.0322099
1137,1748817731,2025-06-01 22:42 UTC,181283,273688,6.6022,13.991,0.0458529,0.0781538,1.40023e-05,0.000412846,0.111223,0.0866036,0.328858,0.0113187,0.0314686
1138,1748818031,2025-06-01 22:47 UTC,181112,273948,6.626,13.9619,0.0449261,0.0772459,1.3437e-05,0.000370616,0.111229,0.0869919,0.327489,0.0108722,0.0307266
1139,1748818331,2025-06-01 22:52 UTC,180942,274208,6.64996,13.933,0.044002,0.0763384,1.12049e-05,0.000361183,0.111269,0.0873855,0.326135,0.0104397,0.0300105
1140,1748818631,2025-06-01 22:57 UTC,180775,274470,6.67408,13.9043,0.0430806,0.0754312,1.19037e-05,0.000343698,0.111283,0.0877846,0.324796,0.0100185,0.0293069
1141,1748818931,2025-06-01 23:02 UTC,180609,274733,6.69835,13.876,0.0430615,0.0755999,1.61543e-05,0.000299075,0.111316,0.0881892,0.323471,0.0100293,0.0294494
1142,1748819231,2025-06-01 23:07 UTC,180445,274997,6.72277,13.8479,0.0442158,0.0771578,1.05517e-05,0.000309216,0.111321,0.0885994,0.322163,0.0106067,0.0306559
1143,1748819531,2025-06-01 23:12 UTC,180284,275263,6.74734,13.82,0.0453868,0.0787178,9.46746e-06,0.000306125,0.111323,0.089015,0.320869,0.0112054,0.0319062
1144,1748819830,2025-06-01 23:17 UTC,180124,275529,6.77196,13.7926,0.0465697,0.0802744,7.74628e-06,0.000292623,0.111331,0.0894347,0.319594,0.0118222,0.0331831
1145,1748820130,2025-06-01 23:22 UTC,179966,275797,6.79679,13.7653,0.0477715,0.0818381,7.30339e-06,0.000261715,0.111332,0.0898614,0.318331,0.0124616,0.0344834
1146,1748820430,2025-06-01 23:27 UTC,179809,276066,6.82176,13.7382,0.0489876,0.0834034,6.52673e-06,0.000256779,0.111339,0.0902936,0.317082,0.0131235,0.0358214
1147,1748820730,2025-06-01 23:32 UTC,179655,276336,6.84684,13.7115,0.0502171,0.0849704,5.6326e-06,0.000250335,0.111339,0.0907314,0.315849,0.0138052,0.0371784
1148,1748821030,2025-06-01 23:37 UTC,179502,276608,6.87205,13.685,0.0514592,0.0865389,1.07453e-05,0.000250976,0.111353,0.0911746,0.31463,0.0145094,0.0385724
1149,1748821330,2025-06-01 23:42 UTC,179351,276880,6.89736,13.6588,0.0527132,0.0881088,1.60292e-05,0.000240144,0.111357,0.0916235,0.313427,0.0152323,0.0399734
1150,1748821629,2025-06-01 23:47 UTC,179201,277154,6.92271,13.633,0.0539741,0.0896938,1.83619e-05,0.000277906,0.111388,0.0920764,0.312243,0.0159746,0.0414319
1151,1748821929,2025-06-01 23:52 UTC,179054,277429,6.94825,13.6074,0.0552497,0.0912871,1.17638e-05,0.000236105,0.111396,0.0925363,0.31107,0.0167401,0.0429197
1152,1748822229,2025-06-01 23:57 UTC,178907,277705,6.97389,13.582,0.056535,0.0929444,1.1384e-05,0.000233327,0.111405,0.0930017,0.309911,0.0175285,0.0444754
1153,1748822529,2025-06-02 00:02 UTC,178780,277936,6.9832,13.5654,0.0587179,0.0956706,1.03625e-05,0.000225776,0.111415,0.0930939,0.309152,0.0188723,0.0471255
1154,1748822829,2025-06-02 00:07 UTC,178688,278093,6.97083,13.56,0.0620853,0.0996563,8.90869e-06,5.05994e-05,0.111421,0.0926884,0.308906,0.0210219,0.0511556
1155,1748823129,2025-06-02 00:12 UTC,178603,278250,6.95858,13.5546,0.0654584,0.103644,7.02514e-06,5.58628e-05,0.111424,0.0922868,0.308661,0.0232972,0.0553049
1156,1748823429,2025-06-02 00:17 UTC,178525,278408,6.94644,13.5492,0.0688362,0.107632,1.18736e-05,6.9516e-05,0.111448,0.0918893,0.308415,0.0256961,0.0596427
1157,1748823728,2025-06-02 00:22 UTC,178453,278567,6.93446,13.5438,0.0722069,0.111611,1.01813e-05,6.9178e-05,0.111481,0.0914968,0.30817,0.0282157,0.0641361
1158,1748824028,2025-06-02 00:27 UTC,178388,278727,6.92255,13.5384,0.0755925,0.115647,7.84128e-06,7.42189e-05,0.111482,0.0911072,0.307925,0.0308665,0.0688607
1159,1748824328,2025-06-02 00:32 UTC,178329,278887,6.91077,13.533,0.0789812,0.119714,7.57285e-06,9.08446e-05,0.111483,0.0907215,0.30768,0.0336444,0.0737942
1160,1748824628,2025-06-02 00:37 UTC,178276,279048,6.8991,13.5276,0.0823728,0.123824,6.52984e-06,9.51585e-05,0.111482,0.0903398,0.307435,0.0365479,0.0789432
1161,1748824928,2025-06-02 00:42 UTC,178229,279210,6.88755,13.5222,0.0857668,0.127962,7.21202e-06,0.000104309,0.111491,0.0899621,0.30719,0.0395757,0.0843116
1162,1748825228,2025-06-02 00:47 UTC,178187,279373,6.87612,13.5168,0.0891631,0.132119,7.46007e-06,0.000122563,0.111494,0.0895884,0.306945,0.0427302,0.089879
1163,1748825528,2025-06-02 00:52 UTC,178152,279537,6.86481,13.5115,0.0925614,0.136278,7.80675e-06,0.000124179,0.111501,0.0892187,0.3067,0.0460103,0.0956281
1164,1748825827,2025-06-02 00:57 UTC,178121,279701,6.85366,13.5061,0.09595,0.14044,2.33194e-05,0.000128611,0.111587,0.0888542,0.306456,0.0494068,0.101538
1165,1748826127,2025-06-02 01:02 UTC,178096,279866,6.8426,13.5007,0.0997953,0.144971,1.24416e-05,0.000752605,0.111593,0.0884927,0.306211,0.0533982,0.108216
1166,1748826427,2025-06-02 01:07 UTC,178075,280032,6.83168,13.4953,0.10426,0.149979,1.09956e-05,0.000163323,0.111617,0.0881352,0.305967,0.0582277,0.115815
1167,1748826727,2025-06-02 01:12 UTC,178060,280198,6.82089,13.4899,0.108743,0.154987,1.00847e-05,0.000175971,0.111626,0.0877817,0.305722,0.0632901,0.123664
1168,1748827027,2025-06-02 01:17 UTC,178049,280365,6.81023,13.4845,0.113241,0.160009,1.40825e-05,0.000192595,0.111636,0.0874324,0.305478,0.0685834,0.131837
1169,1748827327,2025-06-02 01:22 UTC,178043,280533,6.79971,13.4791,0.117752,0.165052,1.14898e-05,0.000210447,0.111636,0.0870871,0.305233,0.0741132,0.140264
1170,1748827627,2025-06-02 01:27 UTC,178041,280702,6.78931,13.4737,0.122276,0.170096,1.56622e-05,0.000226416,0.111643,0.086746,0.304989,0.0798724,0.149006
1171,1748827926,2025-06-02 01:32 UTC,178044,280871,6.77908,13.4684,0.126793,0.175123,1.4642e-05,0.000243762,0.111677,0.08641,0.304746,0.0858512,0.157892
1172,1748828226,2025-06-02 01:37 UTC,178051,281042,6.76893,13.463,0.131335,0.180168,1.27963e-05,0.00025983,0.111689,0.0860771,0.304502,0.0920798,0.167132
1173,1748828526,2025-06-02 01:42 UTC,178062,281213,6.7589,13.4576,0.135884,0.18522,7.52249e-05,0.000292984,0.111713,0.0857487,0.304258,0.0985209,0.176572
1174,1748828826,2025-06-02 01:47 UTC,178077,281384,6.74898,13.4522,0.140441,0.190299,3.21575e-05,0.000297322,0.111715,0.0854236,0.304014,0.10524,0.186431
1175,1748829126,2025-06-02 01:52 UTC,178096,281557,6.73917,13.4468,0.145003,0.195379,3.10345e-05,0.000312785,0.11172,0.0851034,0.303771,0.112156,0.196479
1176,1748829426,2025-06-02 01:57 UTC,178119,281730,6.72948,13.4414,0.14957,0.200533,3.41027e-05,0.000344747,0.111745,0.0847868,0.303527,0.119333,0.207121
1177,1748829725,2025-06-02 02:02 UTC,178146,281904,6.71992,13.436,0.153842,0.205415,2.9497e-05,0.000356557,0.111775,0.0844758,0.303285,0.126223,0.217168
1178,1748830025,2025-06-02 02:07 UTC,178176,282079,6.71044,13.4306,0.157736,0.209893,2.9463e-05,0.000376991,0.111834,0.0841677,0.303041,0.132665,0.226903
1179,1748830325,2025-06-02 02:12 UTC,178210,282254,6.70107,13.4252,0.161636,0.21442,3.5136e-05,0.000380226,0.11189,0.0838641,0.302798,0.139267,0.236584
1180,1748830625,2025-06-02 02:17 UTC,178247,282430,6.6918,13.4198,0.165542,0.218946,3.73443e-05,0.000421984,0.111932,0.0835644,0.302555,0.146049,0.246912
1181,1748830925,2025-06-02 02:22 UTC,178288,282607,6.68264,13.4144,0.169453,0.223473,3.71656e-05,0.000434228,0.111978,0.0832687,0.302311,0.153026,0.25718
1182,1748831225,2025-06-02 02:27 UTC,178333,282785,6.67358,13.409,0.173368,0.228,2.43078e-05,0.000435829,0.112045,0.0829773,0.302068,0.160163,0.267582
1183,1748831525,2025-06-02 02:32 UTC,178380,282963,6.66463,13.4037,0.177288,0.232527,2.13351e-05,0.000459999,0.112059,0.0826902,0.301825,0.167454,0.278354
1184,1748831824,2025-06-02 02:37 UTC,178430,283142,6.6558,13.3983,0.181199,0.237039,2.68425e-05,0.000470278,0.11211,0.0824083,0.301584,0.174897,0.289299
1185,1748832124,2025-06-02 02:42 UTC,178484,283322,6.64706,13.3929,0.185127,0.241565,2.619e-05,0.000491352,0.112151,0.0821295,0.301341,0.182536,0.300481
1186,1748832424,2025-06-02 02:47 UTC,178540,283502,6.63841,13.3875,0.189059,0.246092,2.76248e-05,0.000598518,0.112186,0.081855,0.301098,0.190338,0.311725
1187,1748832724,2025-06-02 02:52 UTC,178600,283683,6.62987,13.3821,0.192993,0.250636,2.1816e-05,0.000538223,0.112278,0.0815845,0.300856,0.198343,0.323347
1188,1748833024,2025-06-02 02:57 UTC,178662,283865,6.62144,13.3767,0.196931,0.255187,5.33926e-05,0.00131164,0.1124,0.0813182,0.300613,0.206515,0.335423
1189,1748833324,2025-06-02 03:02 UTC,178646,283991,6.60002,13.3525,0.199889,0.258789,3.01725e-05,0.00318811,0.112454,0.0807043,0.299525,0.212735,0.344911
1190,1748833624,2025-06-02 03:07 UTC,178490,284021,6.5602,13.3015,0.201454,0.261044,2.12886e-05,0.00458693,0.112461,0.0796023,0.297241,0.216025,0.350859
1191,1748833923,2025-06-02 03:12 UTC,178326,284046,6.52071,13.2507,0.203014,0.263379,2.19784e-05,0.000589709,0.112483,0.0785179,0.294977,0.219354,0.357225
1192,1748834223,2025-06-02 03:17 UTC,178153,284066,6.4813,13.1999,0.204579,0.265766,2.278e-05,0.000592585,0.112613,0.0774442,0.292717,0.222717,0.363668
1193,1748834523,2025-06-02 03:22 UTC,177971,284081,6.44211,13.1491,0.206144,0.268152,3.4197e-05,0.000596921,0.11265,0.0763847,0.290469,0.226083,0.370371
1194,1748834823,2025-06-02 03:27 UTC,177782,284091,6.40313,13.0983,0.20771,0.270539,1.46931e-05,0.000601224,0.112669,0.0753394,0.288232,0.229512,0.37689
1195,1748835123,2025-06-02 03:32 UTC,177584,284097,6.36438,13.0477,0.209275,0.272926,1.9869e-05,0.000604312,0.112741,0.0743082,0.286007,0.232961,0.383629
1196,1748835423,2025-06-02 03:37 UTC,177378,284097,6.32586,12.9971,0.210841,0.275313,1.40773e-05,0.000606984,0.112761,0.0732914,0.283793,0.236433,0.390371
1197,1748835723,2025-06-02 03:42 UTC,177165,284092,6.28756,12.9466,0.212406,0.2777,2.20415e-05,0.000607717,0.112839,0.072289,0.281592,0.239909,0.397131
1198,1748836022,2025-06-02 03:47 UTC,176943,284083,6.24963,12.8963,0.213967,0.280078,4.78211e-05,0.000615542,0.113356,0.071304,0.279408,0.243409,0.404101
1199,1748836322,2025-06-02 03:52 UTC,176715,284069,6.21181,12.8459,0.215532,0.282465,2.79857e-05,0.000619233,0.113396,0.0703299,0.27723,0.246969,0.410885
1200,1748836622,2025-06-02 03:57 UTC,176479,284051,6.17424,12.7956,0.217098,0.284852,2.3467e-05,0.000622619,0.113427,0.06937,0.275062,0.250553,0.417828
1201,1748836922,2025-06-02 04:02 UTC,176236,284028,6.13691,12.7454,0.217437,0.285775,1.99797e-05,0.000611296,0.113461,0.0684241,0.272906,0.251342,0.420662
1202,1748837222,2025-06-02 04:07 UTC,175986,284000,6.09984,12.6952,0.215986,0.284562,1.46365e-05,0.000595694,0.113461,0.0674928,0.270762,0.247962,0.416978
1203,1748837522,2025-06-02 04:12 UTC,175729,283968,6.06303,12.6451,0.214536,0.283349,1.5811e-05,0.000579757,0.113461,0.0665756,0.26863,0.244618,0.413488
1204,1748837822,2025-06-02 04:17 UTC,175465,283931,6.02648,12.5951,0.213085,0.282136,1.42673e-05,0.000572263,0.113475,0.0656727,0.266509,0.241293,0.409989
1205,1748838121,2025-06-02 04:22 UTC,175195,283890,5.99033,12.5453,0.21164,0.280928,1.53718e-05,0.000557711,0.11348,0.064787,0.264407,0.238008,0.406433
1206,1748838421,2025-06-02 04:27 UTC,174918,283845,5.95433,12.4955,0.21019,0.279716,1.41679e-05,0.000545999,0.11348,0.0639125,0.262309,0.234743,0.402983
1207,1748838721,2025-06-02 04:32 UTC,174636,283796,5.91861,12.4457,0.20874,0.278505,1.08297e-05,0.000537734,0.113483,0.0630523,0.260223,0.231493,0.399482
1208,1748839021,2025-06-02 04:37 UTC,174347,283742,5.88318,12.396,0.207291,0.277294,1.05294e-05,0.000523816,0.113483,0.0622063,0.258149,0.228276,0.396015
1209,1748839321,2025-06-02 04:42 UTC,174052,283684,5.84804,12.3463,0.205842,0.276084,8.9278e-06,0.000512155,0.113485,0.0613746,0.256086,0.225079,0.392538
1210,1748839621,2025-06-02 04:47 UTC,173752,283622,5.81321,12.2968,0.204393,0.274874,1.33686e-05,0.000502685,0.113491,0.060557,0.254034,0.221922,0.389116
1211,1748839920,2025-06-02 04:52 UTC,173446,283556,5.77879,12.2475,0.202949,0.273668,9.95152e-06,0.000488867,0.113495,0.0597564,0.252001,0.21879,0.385708
1212,1748840220,2025-06-02 04:57 UTC,173135,283485,5.74458,12.1981,0.201501,0.272459,7.85533e-06,0.00048189,0.113499,0.0589672,0.249973,0.215677,0.382326
1213,1748840520,2025-06-02 05:02 UTC,172818,283411,5.71068,12.1488,0.198899,0.269651,1.44669e-05,0.000459932,0.11351,0.0581921,0.247956,0.210146,0.374518
1214,1748840820,2025-06-02 05:07 UTC,172497,283334,5.67711,12.0996,0.194566,0.264443,1.45159e-05,0.000440076,0.113516,0.0574314,0.245951,0.201048,0.360188
1215,1748841120,2025-06-02 05:12 UTC,172171,283283,5.64388,12.0504,0.190235,0.259237,1.58042e-05,0.00041166,0.113543,0.0566848,0.243958,0.192152,0.346153
1216,1748841420,2025-06-02 05:17 UTC,171841,283228,5.61099,12.0014,0.185905,0.254032,0.000117551,0.00145836,0.113727,0.0559521,0.241976,0.183474,0.333123
1217,1748841720,2025-06-02 05:22 UTC,171507,283169,5.57845,11.9524,0.181577,0.248828,7.53975e-05,0.00037682,0.113755,0.0552342,0.240006,0.174974,0.318777
1218,1748842019,2025-06-02 05:26 UTC,171168,283107,5.54637,11.9037,0.177265,0.243642,4.20761e-05,0.000340987,0.113758,0.0545325,0.238053,0.166697,0.305755
1219,1748842319,2025-06-02 05:31 UTC,170827,283041,5.51455,11.8549,0.17294,0.238441,3.91365e-05,0.000317481,0.113758,0.0538423,0.236106,0.158644,0.292831
1220,1748842619,2025-06-02 05:36 UTC,170482,282973,5.4831,11.8062,0.168618,0.23324,4.53259e-05,0.000300678,0.113766,0.0531665,0.234171,0.150764,0.280321
1221,1748842919,2025-06-02 05:41 UTC,170134,282900,5.45203,11.7576,0.164297,0.228042,3.92203e-05,0.000279372,0.113782,0.0525047,0.232247,0.143091,0.267983
1222,1748843219,2025-06-02 05:46 UTC,169784,282900,5.42135,11.7091,0.15998,0.222844,3.10602e-05,0.000256444,0.113787,0.0518571,0.230335,0.135618,0.255769
1223,1748843519,2025-06-02 05:51 UTC,169433,282903,5.39107,11.6607,0.155664,0.217649,2.68348e-05,0.000231347,0.11379,0.0512234,0.228434,0.128363,0.243997
1224,1748843819,2025-06-02 05:56 UTC,169081,282904,5.36119,11.6188,0.151352,0.212477,2.07165e-05,0.000219101,0.1138,0.0506039,0.226794,0.121287,0.232565
1225,1748844118,2025-06-02 06:01 UTC,168768,282845,5.3301,11.5353,0.146072,0.206053,2.56238e-05,0.000188094,0.113845,0.0499836,0.223547,0.112939,0.218768
1226,1748844418,2025-06-02 06:06 UTC,168523,282686,5.2965,11.4136,0.139261,0.197594,1.82934e-05,0.000177983,0.113851,0.049348,0.218852,0.102619,0.201146
1227,1748844718,2025-06-02 06:11 UTC,168278,282517,5.26305,11.2921,0.132453,0.189138,2.08103e-05,0.000166191,0.113861,0.0487238,0.214219,0.0928081,0.184289
1228,1748845018,2025-06-02 06:16 UTC,168035,282336,5.22978,11.1709,0.125651,0.180684,1.80857e-05,0.000120304,0.113887,0.0481112,0.209646,0.0834884,0.168155
1229,1748845318,2025-06-02 06:21 UTC,167793,282145,5.19668,11.0501,0.118854,0.172233,1.86813e-05,9.99239e-05,0.113919,0.0475101,0.205135,0.0746701,0.152838
1230,1748845618,2025-06-02 06:26 UTC,167552,281943,5.16376,10.9295,0.112064,0.163786,1.65302e-05,7.11616e-05,0.113939,0.0469205,0.200684,0.0663471,0.138201
1231,1748845918,2025-06-02 06:31 UTC,167311,281730,5.13101,10.8094,0.105282,0.155342,1.78164e-05,0.0001173,0.113955,0.0463424,0.196295,0.0585264,0.124303
1232,1748846217,2025-06-02 06:36 UTC,167072,281506,5.09856,10.6907,0.0985333,0.146931,1.66376e-05,0.00010047,0.11397,0.0457776,0.192009,0.051223,0.111217
1233,1748846517,2025-06-02 06:41 UTC,166834,281271,5.06618,10.5725,0.0917739,0.138497,1.47842e-05,7.49991e-05,0.113982,0.0452225,0.187786,0.0443979,0.0988143
1234,1748846817,2025-06-02 06:46 UTC,166597,281026,5.034,10.4546,0.0850299,0.13007,2.01817e-05,0.000129664,0.114064,0.0446789,0.183623,0.0380672,0.0871278
1235,1748847117,2025-06-02 06:51 UTC,166361,280770,5.00201,10.3372,0.0783055,0.121651,1.50335e-05,0.000239539,0.114091,0.0441467,0.179521,0.0322396,0.0762101
1236,1748847417,2025-06-02 06:56 UTC,166126,280503,4.97022,10.2201,0.0716067,0.113241,1.37815e-05,8.62751e-05,0.1141,0.043626,0.175478,0.0269088,0.0660613
1237,1748847717,2025-06-02 07:01 UTC,165891,280225,4.93863,10.1035,0.0643017,0.104103,1.81146e-05,0.000119622,0.114122,0.0431169,0.171495,0.0216807,0.0558365
1238,1748848016,2025-06-02 07:06 UTC,165658,279937,4.90737,9.98764,0.0560588,0.0938562,1.19468e-05,0.000346137,0.114132,0.0426209,0.167585,0.0165174,0.0453698
1239,1748848316,2025-06-02 07:11 UTC,165425,279638,4.87622,9.87185,0.0478369,0.0835977,1.20431e-05,0.00302336,0.114185,0.0421348,0.163722,0.0120825,0.0360076
1240,1748848616,2025-06-02 07:16 UTC,165239,279391,4.84529,9.75651,0.0396958,0.0733712,9.88467e-06,7.0716e-05,0.114215,0.0416603,0.159918,0.00839488,0.0277262
1241,1748848916,2025-06-02 07:21 UTC,165008,279072,4.81461,9.64165,0.0317066,0.063192,9.49701e-06,7.62233e-05,0.114248,0.0411972,0.156175,0.0054544,0.0205714
1242,1748849216,2025-06-02 07:26 UTC,164778,278743,4.78418,9.52727,0.0240731,0.0532682,7.49628e-06,8.25397e-05,0.114259,0.0407458,0.152492,0.00324952,0.0146131
1243,1748849516,2025-06-02 07:31 UTC,164548,278402,4.75401,9.4134,0.017526,0.0437371,1.02777e-05,9.6499e-05,0.114287,0.0403058,0.148868,0.00172605,0.00985419
1244,1748849816,2025-06-02 07:36 UTC,164319,278051,4.72411,9.30006,0.0138199,0.034791,3.02361e-05,0.000197489,0.114484,0.0398772,0.145305,0.000746673,0.00623064
1245,1748850115,2025-06-02 07:41 UTC,164091,277689,4.69461,9.18763,0.013842,0.0343975,1.63626e-05,0.000108628,0.114497,0.039462,0.141813,0.00066101,0.00609272
1246,1748850415,2025-06-02 07:46 UTC,163864,277316,4.66532,9.07539,0.0179547,0.0427549,0.000101465,0.000538258,0.115116,0.0390566,0.138369,0.00162422,0.0093934
1247,1748850715,2025-06-02 07:51 UTC,163637,276933,4.63636,8.96374,0.0242995,0.0531784,3.80962e-05,0.000150963,0.11512,0.038663,0.134986,0.00323648,0.0145704
1248,1748851015,2025-06-02 07:56 UTC,163411,276537,4.60777,8.85269,0.0316539,0.0637357,3.33958e-05,0.000119068,0.115124,0.0382805,0.131662,0.00554186,0.0209199
1249,1748851315,2025-06-02 08:01 UTC,163186,276131,4.57955,8.86715,0.0393685,0.0740795,2.38531e-05,0.00011001,0.115128,0.0379098,0.132092,0.00853551,0.0282508
1250,1748851615,2025-06-02 08:06 UTC,162961,275714,4.55176,8.94311,0.0471579,0.0840166,2.15446e-05,0.000122517,0.11514,0.0375508,0.134365,0.012172,0.0363801
1251,1748851915,2025-06-02 08:11 UTC,162737,275286,4.52442,9.01918,0.0550732,0.0939997,3.66916e-05,0.000134982,0.1152,0.0372029,0.136661,0.0164955,0.0455489
1252,1748852214,2025-06-02 08:16 UTC,162514,274847,4.49767,9.09511,0.0630374,0.103982,1.98732e-05,0.000141007,0.115207,0.0368678,0.138971,0.0215196,0.0556977
1253,1748852514,2025-06-02 08:21 UTC,162291,274396,4.47138,9.1714,0.0710766,0.114022,1.96299e-05,0.000155266,0.115257,0.0365429,0.141313,0.0272558,0.0669473
1254,1748852814,2025-06-02 08:26 UTC,162069,273934,4.44569,9.2478,0.0791487,0.12408,2.65327e-05,0.000175954,0.115288,0.0362292,0.143677,0.0336939,0.0792675
1255,1748853114,2025-06-02 08:31 UTC,161848,273461,4.42068,9.32431,0.0872441,0.134153,1.90558e-05,0.000187971,0.11532,0.0359266,0.146064,0.0408393,0.0926599
1256,1748853414,2025-06-02 08:36 UTC,161627,272977,4.39641,9.40092,0.0953566,0.144236,1.76294e-05,0.000235726,0.11537,0.0356351,0.148474,0.0486889,0.107109
1257,1748853714,2025-06-02 08:41 UTC,161406,272481,4.37296,9.47763,0.103482,0.154329,1.86642e-05,0.000229456,0.115434,0.0353543,0.150907,0.0572433,0.122597
1258,1748854014,2025-06-02 08:46 UTC,161187,271974,4.35042,9.55443,0.111617,0.164429,3.48018e-05,0.000255253,0.115752,0.0350839,0.153362,0.0664958,0.139255
1259,1748854313,2025-06-02 08:51 UTC,160968,271455,4.32893,9.63108,0.119733,0.174501,5.09664e-05,0.000330272,0.115785,0.0348248,0.155833,0.0764455,0.156818
1260,1748854613,2025-06-02 08:56 UTC,160749,270924,4.30844,9.70808,0.127883,0.184612,0.00010286,0.000448613,0.115983,0.0345738,0.158334,0.0870802,0.17555
1261,1748854913,2025-06-02 09:01 UTC,160532,270438,4.29446,9.75516,0.135249,0.193236,0.000201626,0.000888165,0.116278,0.0344033,0.159874,0.0972539,0.19175
1262,1748855213,2025-06-02 09:06 UTC,160320,270185,4.29041,9.75192,0.141315,0.199396,8.62702e-05,0.00248766,0.116396,0.0343576,0.159768,0.106157,0.204809
1263,1748855513,2025-06-02 09:11 UTC,160108,269931,4.28727,9.74874,0.147384,0.205792,7.47283e-05,0.000609823,0.116651,0.0343169,0.159664,0.115406,0.218096
1264,1748855813,2025-06-02 09:16 UTC,159897,269676,4.28498,9.74564,0.153456,0.212357,6.2404e-05,0.000699573,0.116769,0.0342821,0.159562,0.125028,0.232171
1265,1748856112,2025-06-02 09:21 UTC,159687,269421,4.28346,9.74261,0.15951,0.21891,7.79207e-05,0.000434069,0.117032,0.0342534,0.159463,0.134998,0.246727
1266,1748856412,2025-06-02 09:26 UTC,159476,269166,4.28268,9.73965,0.165587,0.225485,4.94511e-05,0.000451706,0.117144,0.0342317,0.159366,0.145482,0.261797
1267,1748856712,2025-06-02 09:31 UTC,159267,268910,4.28259,9.73676,0.171666,0.23206,4.91797e-05,0.000644576,0.117536,0.0342164,0.159272,0.156343,0.277309
1268,1748857012,2025-06-02 09:36 UTC,159058,268653,4.28315,9.73394,0.177747,0.238635,4.84484e-05,0.000922648,0.117949,0.0342075,0.159179,0.167557,0.293293
1269,1748857312,2025-06-02 09:41 UTC,158849,268396,4.28433,9.7312,0.183829,0.245211,7.64436e-05,0.00193377,0.118403,0.0342053,0.159089,0.179159,0.309502
1270,1748857612,2025-06-02 09:46 UTC,158641,268138,4.28609,9.72852,0.189913,0.251786,0.000110756,0.00181302,0.119388,0.0342098,0.159002,0.191094,0.32652
1271,1748857912,2025-06-02 09:51 UTC,158433,267880,4.28839,9.72591,0.195998,0.258361,5.22252e-05,0.003839,0.119806,0.0342226,0.158917,0.203643,0.343727
1272,1748858211,2025-06-02 09:56 UTC,158226,267621,4.29119,9.72339,0.202064,0.264915,0.000137586,0.00148416,0.121141,0.0342408,0.158831,0.216268,0.361392
1273,1748858511,2025-06-02 10:01 UTC,158019,267362,4.29449,9.72093,0.207037,0.269931,7.4664e-05,0.000842031,0.122088,0.0342685,0.158755,0.227203,0.375202
1274,1748858811,2025-06-02 10:06 UTC,157813,267102,4.29825,9.71854,0.210112,0.272292,5.30942e-05,0.00131667,0.122428,0.0343022,0.158676,0.233995,0.381748
1275,1748859111,2025-06-02 10:11 UTC,157607,266841,4.30243,9.71622,0.213189,0.274653,5.30216e-05,0.00118836,0.122871,0.0343436,0.158601,0.240936,0.388446
1276,1748859411,2025-06-02 10:16 UTC,157402,266580,4.30703,9.71397,0.216266,0.277015,0.000103033,0.00326956,0.124669,0.0343921,0.158526,0.24792,0.395259
1277,1748859711,2025-06-02 10:21 UTC,157197,266318,4.31202,9.7118,0.219346,0.281193,5.42164e-05,0.00661623,0.125151,0.0344485,0.158456,0.255104,0.406991
1278,1748860011,2025-06-02 10:26 UTC,156993,266056,4.31739,9.7097,0.222426,0.285565,0.000124323,0.00205672,0.126779,0.034512,0.158387,0.262267,0.419755
1279,1748860310,2025-06-02 10:31 UTC,156786,265793,4.32309,9.70767,0.225497,0.289922,8.45204e-05,0.00192029,0.130631,0.0345837,0.15832,0.269694,0.432656
1280,1748860610,2025-06-02 10:36 UTC,156583,265529,4.32916,9.70572,0.22858,0.294294,5.36088e-05,0.00496595,0.130984,0.0346625,0.158258,0.277099,0.445823
1281,1748860910,2025-06-02 10:41 UTC,156380,265265,4.33557,9.70383,0.231664,0.298666,6.69573e-05,0.000968399,0.13373,0.0347495,0.158196,0.284715,0.459532
1282,1748861210,2025-06-02 10:46 UTC,156178,265000,4.3423,9.70201,0.234749,0.303038,0.000193704,0.00470586,0.13711,0.0348426,0.158137,0.292163,0.471381
1283,1748861510,2025-06-02 10:51 UTC,155976,264735,4.34934,9.70027,0.237835,0.30741,5.57115e-05,0.00101371,0.137941,0.034946,0.15808,0.300152,0.486528
1284,1748861810,2025-06-02 10:56 UTC,155774,264469,4.35669,9.6986,0.240922,0.311782,6.93455e-05,0.00104264,0.139122,0.0350559,0.158027,0.308029,0.500416
1285,1748862110,2025-06-02 11:01 UTC,155573,264202,4.36434,9.697,0.242788,0.31435,8.39334e-05,0.00208879,0.140617,0.0351735,0.157974,0.312837,0.509058
1286,1748862409,2025-06-02 11:06 UTC,155373,263935,4.37227,9.69548,0.242544,0.313804,5.31355e-05,0.00361404,0.14095,0.0352991,0.157923,0.312298,0.506803
1287,1748862709,2025-06-02 11:11 UTC,155173,263667,4.38052,9.69403,0.242301,0.313256,2.82486e-05,0.00558094,0.140954,0.0354326,0.157877,0.311687,0.505407
1288,1748863009,2025-06-02 11:16 UTC,154974,263399,4.38906,9.69265,0.242059,0.312708,2.60787e-05,0.00612296,0.141042,0.0355738,0.157832,0.31106,0.503599
1289,1748863309,2025-06-02 11:21 UTC,154775,263130,4.3979,9.69134,0.241817,0.31216,1.98015e-05,0.00566722,0.141049,0.0357229,0.157789,0.310443,0.501761
1290,1748863609,2025-06-02 11:26 UTC,154576,262860,4.40704,9.6901,0.241577,0.311612,2.96407e-05,0.00639414,0.141163,0.03588,0.157749,0.309832,0.500066
1291,1748863909,2025-06-02 11:31 UTC,154378,262589,4.41647,9.68894,0.241337,0.311066,2.41913e-05,0.00821762,0.141284,0.0360449,0.157711,0.309212,0.498259
1292,1748864209,2025-06-02 11:36 UTC,154181,262318,4.4262,9.68785,0.241098,0.310544,4.33204e-05,0.00562711,0.142071,0.0362181,0.157676,0.308648,0.496713
1293,1748864508,2025-06-02 11:41 UTC,153984,262047,4.43621,9.68683,0.240861,0.310027,2.04445e-05,0.00218988,0.142158,0.0363984,0.157642,0.308046,0.494978
1294,1748864808,2025-06-02 11:46 UTC,153787,261774,4.44655,9.68589,0.240625,0.309508,2.93986e-05,0.00189273,0.14229,0.0365873,0.157611,0.307468,0.493462
1295,1748865108,2025-06-02 11:51 UTC,153592,261501,4.45721,9.68501,0.240389,0.308989,1.61172e-05,0.00167991,0.142292,0.0367841,0.157583,0.306849,0.491724
1296,1748865408,2025-06-02 11:56 UTC,153396,261228,4.4682,9.68421,0.240154,0.30847,2.42389e-05,0.00123324,0.142546,0.0369889,0.157557,0.306262,0.490011
1297,1748865708,2025-06-02 12:01 UTC,153204,260974,4.47685,9.68062,0.238639,0.306264,1.97142e-05,0.00124314,0.142545,0.0371291,0.15744,0.302448,0.483147
1298,1748866008,2025-06-02 12:06 UTC,153021,260802,4.481,9.672,0.23485,0.301057,1.47703e-05,0.00123169,0.142557,0.0371448,0.15716,0.292859,0.466834
1299,1748866307,2025-06-02 12:11 UTC,152840,260631,4.48537,9.6635,0.231079,0.295867,1.45022e-05,0.00121641,0.142561,0.0371647,0.156884,0.283479,0.450896
1300,1748866607,2025-06-02 12:16 UTC,152660,260462,4.49,9.65503,0.227301,0.29066,1.77803e-05,0.00149999,0.142571,0.0371889,0.156609,0.274241,0.435192
1301,1748866907,2025-06-02 12:21 UTC,152482,260294,4.49485,9.64665,0.223528,0.285453,1.35195e-05,0.00233196,0.142571,0.0372173,0.156337,0.265145,0.419695
1302,1748867207,2025-06-02 12:26 UTC,152304,260127,4.49991,9.63834,0.219761,0.280246,1.45471e-05,0.00376244,0.142588,0.0372498,0.156068,0.256223,0.404436
1303,1748867507,2025-06-02 12:31 UTC,152128,259962,4.50516,9.6301,0.216,0.275038,1.6732e-05,0.00478435,0.142596,0.0372868,0.155801,0.247482,0.389672
1304,1748867807,2025-06-02 12:36 UTC,151953,259798,4.51058,9.62194,0.212245,0.270053,1.53361e-05,0.00583924,0.1426,0.0373279,0.155537,0.23889,0.375618
1305,1748868107,2025-06-02 12:41 UTC,151779,259635,4.51616,9.61386,0.208497,0.266202,1.57845e-05,0.00616883,0.1426,0.0373733,0.155276,0.230467,0.364987
1306,1748868406,2025-06-02 12:46 UTC,151607,259474,4.52187,9.60588,0.204768,0.262389,1.38777e-05,0.00530338,0.1426,0.0374229,0.155019,0.222231,0.354595
1307,1748868706,2025-06-02 12:51 UTC,151435,259314,4.52774,9.59795,0.201034,0.258589,1.48851e-05,0.00126239,0.14262,0.0374769,0.154763,0.214139,0.344416
1308,1748869006,2025-06-02 12:56 UTC,151265,259155,4.53375,9.5901,0.197308,0.254815,1.35056e-05,0.00108058,0.142625,0.0375352,0.15451,0.206207,0.334409
1309,1748869306,2025-06-02 13:01 UTC,151096,258998,4.5399,9.58233,0.192444,0.249277,2.55245e-05,0.00105595,0.142642,0.037598,0.154259,0.196117,0.320058
1310,1748869606,2025-06-02 13:06 UTC,150927,258841,4.54616,9.57463,0.185491,0.240476,2.19732e-05,0.00101041,0.142655,0.0376649,0.154012,0.182104,0.297872
1311,1748869906,2025-06-02 13:11 UTC,150760,258686,4.55256,9.56701,0.178545,0.231692,2.25564e-05,0.000967625,0.142669,0.0377361,0.153766,0.168629,0.276513
1312,1748870206,2025-06-02 13:16 UTC,150594,258533,4.55907,9.55947,0.171605,0.222927,2.54231e-05,0.00092289,0.142699,0.0378118,0.153524,0.155687,0.256005
1313,1748870505,2025-06-02 13:21 UTC,150429,258380,4.56568,9.55203,0.164697,0.214213,2.12781e-05,0.000877297,0.142708,0.0378914,0.153285,0.143304,0.236371
1314,1748870805,2025-06-02 13:26 UTC,150265,258229,4.57243,9.54464,0.157775,0.205494,2.04161e-05,0.000836166,0.142721,0.0379756,0.153048,0.131415,0.217536
1315,1748871105,2025-06-02 13:31 UTC,150102,258079,4.57929,9.53733,0.150864,0.196803,2.04469e-05,0.000791922,0.142742,0.0380642,0.152814,0.120058,0.199519
1316,1748871405,2025-06-02 13:36 UTC,149940,257931,4.58626,9.5301,0.143966,0.188685,2.01856e-05,0.000748402,0.142756,0.0381571,0.152582,0.109226,0.183374
1317,1748871705,2025-06-02 13:41 UTC,149778,257783,4.59335,9.52295,0.137081,0.180811,1.85877e-05,0.0007073,0.142764,0.0382544,0.152353,0.0989292,0.168396
1318,1748872005,2025-06-02 13:46 UTC,149618,257691,4.60055,9.51588,0.130214,0.17294,1.70907e-05,0.000666835,0.142785,0.038356,0.152127,0.0891586,0.154057
1319,1748872305,2025-06-02 13:51 UTC,149459,257623,4.60786,9.50888,0.123365,0.165091,1.89765e-05,0.00062494,0.142791,0.038462,0.151904,0.0799201,0.14037
1320,1748872604,2025-06-02 13:56 UTC,149300,257556,4.61526,9.50199,0.116563,0.157331,1.70789e-05,0.000586804,0.142803,0.0385719,0.151684,0.0712398,0.127491
1321,1748872904,2025-06-02 14:01 UTC,149143,257491,4.62279,9.49516,0.109185,0.149,2.05394e-05,0.000546523,0.142834,0.0386867,0.151465,0.0624049,0.11438
1322,1748873204,2025-06-02 14:06 UTC,148986,257428,4.63043,9.48964,0.100742,0.139494,1.78608e-05,0.000502856,0.142854,0.0388057,0.15129,0.0530351,0.10023
1323,1748873504,2025-06-02 14:11 UTC,148830,257367,4.63819,9.48454,0.092333,0.129992,1.74458e-05,0.000459464,0.142879,0.0389292,0.151127,0.044458,0.0870419
1324,1748873804,2025-06-02 14:16 UTC,148678,257308,4.64605,9.47952,0.0839701,0.120495,1.75535e-05,0.000421508,0.142903,0.0390569,0.150967,0.0366724,0.0747901
1325,1748874104,2025-06-02 14:21 UTC,148524,257250,4.65403,9.47458,0.0756692,0.111003,1.48662e-05,0.000385232,0.142915,0.0391891,0.15081,0.0296766,0.0634777
1326,1748874403,2025-06-02 14:26 UTC,148370,257195,4.66209,9.46975,0.0674819,0.101551,1.54947e-05,0.000353718,0.142948,0.0393252,0.150656,0.0234904,0.0531303
1327,1748874703,2025-06-02 14:31 UTC,148218,257140,4.6703,9.46498,0.0593918,0.0920777,1.09439e-05,0.000322271,0.14296,0.0394661,0.150504,0.0180696,0.0436782
1328,1748875003,2025-06-02 14:36 UTC,148066,257088,4.67862,9.4603,0.0514882,0.0826173,1.6962e-05,0.000295357,0.143008,0.0396115,0.150356,0.0134371,0.0351551
1329,1748875303,2025-06-02 14:41 UTC,147915,257037,4.68705,9.45571,0.0438738,0.0731756,1.07606e-05,0.000277428,0.143012,0.0397612,0.15021,0.00958424,0.0275787
1330,1748875603,2025-06-02 14:46 UTC,147765,256989,4.69561,9.45121,0.0367184,0.0637606,1.22701e-05,0.000254709,0.143027,0.0399153,0.150066,0.00650892,0.0209436
1331,1748875903,2025-06-02 14:51 UTC,147616,256941,4.70428,9.44679,0.0302887,0.0543864,7.57014e-06,0.000732174,0.143039,0.0400738,0.149926,0.00420843,0.0152358
1332,1748876203,2025-06-02 14:56 UTC,147468,256896,4.71308,9.44245,0.0249702,0.0450784,7.4675e-06,0.00156098,0.143041,0.0402367,0.149789,0.00273299,0.0104681
1333,1748876502,2025-06-02 15:01 UTC,147324,256845,4.70856,9.43385,0.021403,0.0452346,8.32271e-06,0.00201227,0.143069,0.0401964,0.149516,0.00222602,0.0105411
1334,1748876802,2025-06-02 15:06 UTC,147199,256769,4.67813,9.4168,0.020454,0.0506035,6.3511e-06,0.00211166,0.143082,0.0397602,0.148976,0.00253719,0.0131877
1335,1748877102,2025-06-02 15:11 UTC,147082,256695,4.6478,9.40088,0.0227416,0.0569877,7.41161e-06,0.00217851,0.14309,0.0393299,0.148472,0.0033879,0.0167212
1336,1748877402,2025-06-02 15:16 UTC,146972,256621,4.61757,9.385,0.0276551,0.0640845,8.46059e-06,0.00220056,0.143109,0.0389055,0.147971,0.00479651,0.0211323
1337,1748877702,2025-06-02 15:21 UTC,146868,256549,4.58745,9.36913,0.0339044,0.0716826,1.9803e-05,0.000212518,0.14324,0.038487,0.147471,0.00683917,0.0264658
1338,1748878002,2025-06-02 15:26 UTC,146770,256478,4.55745,9.35326,0.0407951,0.0796387,1.0995e-05,0.000193134,0.14325,0.0380743,0.146972,0.00955291,0.0326654
1339,1748878302,2025-06-02 15:31 UTC,146679,256407,4.52756,9.3374,0.048022,0.0878554,1.1071e-05,0.000170298,0.143264,0.0376675,0.146475,0.01294,0.0397435
1340,1748878601,2025-06-02 15:36 UTC,146592,256338,4.4979,9.32161,0.0554221,0.0962379,1.15508e-05,0.000187021,0.143266,0.037268,0.145979,0.0169875,0.0476841
1341,1748878901,2025-06-02 15:41 UTC,146511,256270,4.46826,9.30576,0.062974,0.104796,1.36302e-05,0.000121388,0.143276,0.0368729,0.145483,0.0217206,0.0565497
1342,1748879201,2025-06-02 15:46 UTC,146434,256203,4.43876,9.28992,0.0706124,0.113467,1.45221e-05,8.74558e-05,0.143321,0.0364837,0.144989,0.0271304,0.0662852
1343,1748879501,2025-06-02 15:51 UTC,146362,256137,4.40941,9.27409,0.0783124,0.122229,1.54086e-05,0.000235434,0.143339,0.0361003,0.144495,0.0332112,0.0769127
1344,1748879801,2025-06-02 15:56 UTC,146295,256072,4.3802,9.25827,0.0860579,0.131062,1.79368e-05,0.000312999,0.143414,0.0357226,0.144002,0.0399739,0.0884252
1345,1748880101,2025-06-02 16:01 UTC,146233,256008,4.35114,9.24245,0.0931705,0.138859,1.24827e-05,0.000466558,0.143435,0.0353508,0.14351,0.0467196,0.0992848
1346,1748880401,2025-06-02 16:06 UTC,146174,255945,4.32225,9.22664,0.0989854,0.144521,1.37867e-05,0.00063546,0.143452,0.0349849,0.14302,0.0525932,0.107545
1347,1748880700,2025-06-02 16:11 UTC,146120,255883,4.29362,9.21089,0.10479,0.150169,1.7938e-05,0.000812572,0.143479,0.0346259,0.142532,0.0588156,0.116084
1348,1748881000,2025-06-02 16:16 UTC,146070,255822,4.26508,9.19509,0.110622,0.155856,2.26775e-05,0.000996614,0.143668,0.0342715,0.142044,0.0654331,0.125076
1349,1748881300,2025-06-02 16:21 UTC,146024,255762,4.23672,9.1793,0.116461,0.161554,2.03226e-05,0.00115191,0.143835,0.0339227,0.141556,0.0724287,0.134353
1350,1748881600,2025-06-02 16:26 UTC,145981,255703,4.20856,9.16352,0.122306,0.167258,1.72455e-05,0.00135012,0.143874,0.0335797,0.14107,0.0797941,0.144033
1351,1748881900,2025-06-02 16:31 UTC,145942,255645,4.18061,9.14775,0.128156,0.172966,1.74477e-05,0.00156901,0.143902,0.0332423,0.140584,0.0875312,0.15406
1352,1748882200,2025-06-02 16:36 UTC,145907,255588,4.15288,9.13294,0.13401,0.178677,6.03111e-05,0.00180912,0.144682,0.0329102,0.14013,0.0956878,0.164546
1353,1748882499,2025-06-02 16:41 UTC,145875,255532,4.12547,9.11973,0.139848,0.184373,4.08894e-05,0.00197516,0.144719,0.0325858,0.139725,0.104076,0.174953
1354,1748882799,2025-06-02 16:46 UTC,145847,255477,4.09821,9.10648,0.145709,0.190091,3.18138e-05,0.00209436,0.14475,0.0322654,0.139319,0.112928,0.186058
1355,1748883099,2025-06-02 16:51 UTC,145822,255423,4.0712,9.09323,0.151574,0.195812,3.02852e-05,0.00227633,0.144832,0.0319504,0.138913,0.12216,0.197363
1356,1748883399,2025-06-02 16:56 UTC,145800,255370,4.04446,9.07998,0.15744,0.201536,2.99228e-05,0.00290788,0.144856,0.0316411,0.13851,0.131744,0.209082
1357,1748883699,2025-06-02 17:01 UTC,145782,255318,4.01799,9.06674,0.162474,0.206467,2.24467e-05,0.00253347,0.144943,0.0313371,0.138106,0.140284,0.219495
1358,1748883999,2025-06-02 17:06 UTC,145766,255266,3.99182,9.0535,0.165815,0.209899,1.8678e-05,0.000642064,0.144954,0.0310386,0.137703,0.146078,0.226863
1359,1748884299,2025-06-02 17:11 UTC,145753,255216,3.96595,9.04027,0.169158,0.214521,2.39551e-05,0.000673835,0.145005,0.0307456,0.137301,0.151991,0.236985
1360,1748884598,2025-06-02 17:16 UTC,145743,255167,3.94047,9.02708,0.172492,0.21917,2.07179e-05,0.000703407,0.145074,0.0304587,0.1369,0.158019,0.247318
1361,1748884898,2025-06-02 17:21 UTC,145736,255118,3.91524,9.01418,0.17584,0.223865,2.49185e-05,0.000733397,0.145098,0.0301763,0.136509,0.164166,0.258059
1362,1748885198,2025-06-02 17:26 UTC,145732,255071,3.89035,9.00261,0.17919,0.228559,3.30455e-05,0.000759522,0.145191,0.0298991,0.136159,0.170443,0.268969
1363,1748885498,2025-06-02 17:31 UTC,145730,255024,3.86582,9.00652,0.182542,0.233253,4.36078e-05,0.000784937,0.145543,0.029627,0.136277,0.176852,0.280126
1364,1748885798,2025-06-02 17:36 UTC,145731,254978,3.84165,9.01042,0.185897,0.237948,2.54129e-05,0.000818901,0.145572,0.0293599,0.136395,0.183393,0.291482
1365,1748886098,2025-06-02 17:41 UTC,145734,254934,3.81787,9.01432,0.189253,0.242642,2.35077e-05,0.000843812,0.145709,0.0290978,0.136513,0.190061,0.303137
1366,1748886398,2025-06-02 17:46 UTC,145740,254890,3.79448,9.01823,0.192611,0.247337,3.85201e-05,0.000868329,0.145791,0.0288408,0.136632,0.196808,0.314964
1367,1748886697,2025-06-02 17:51 UTC,145748,254860,3.77158,9.02212,0.19596,0.252015,2.61065e-05,0.000881659,0.145849,0.0285893,0.13675,0.203705,0.327016
1368,1748886997,2025-06-02 17:56 UTC,145758,254862,3.74904,9.02602,0.199321,0.25671,2.84672e-05,0.000924823,0.146008,0.0283419,0.136868,0.210723,0.339282
1369,1748887297,2025-06-02 18:01 UTC,145769,254869,3.72833,9.01768,0.201817,0.260209,3.44265e-05,0.000935102,0.146359,0.0280931,0.136615,0.216056,0.348683
1370,1748887597,2025-06-02 18:06 UTC,145782,254890,3.71079,8.98371,0.202501,0.261204,1.39056e-05,0.000927266,0.146372,0.0278358,0.135588,0.217492,0.35135
1371,1748887897,2025-06-02 18:11 UTC,145805,254912,3.69342,8.94974,0.203188,0.2622,9.94031e-06,0.000919314,0.146376,0.0275812,0.134564,0.218933,0.354027
1372,1748888197,2025-06-02 18:16 UTC,145839,254935,3.67621,8.91577,0.203878,0.263196,9.89574e-06,0.000909317,0.14641,0.0273292,0.133545,0.220387,0.356718
1373,1748888497,2025-06-02 18:21 UTC,145884,254960,3.65915,8.8818,0.20457,0.264191,1.28396e-05,0.000902346,0.146457,0.0270798,0.132529,0.221857,0.359452
1374,1748888796,2025-06-02 18:26 UTC,145940,254986,3.64232,8.84794,0.205263,0.265187,1.55251e-05,0.00089361,0.146473,0.026834,0.13152,0.223308,0.36212
1375,1748889096,2025-06-02 18:31 UTC,146005,255013,3.62558,8.81397,0.20596,0.266191,1.18545e-05,0.000887404,0.146583,0.0265899,0.130513,0.224803,0.3649
1376,1748889396,2025-06-02 18:36 UTC,146077,255041,3.60901,8.78,0.206661,0.267194,1.41804e-05,0.000881163,0.146608,0.0263487,0.129508,0.226288,0.367595
1377,1748889696,2025-06-02 18:41 UTC,146157,255071,3.59259,8.74602,0.207364,0.268198,1.66702e-05,0.00087367,0.146673,0.02611,0.128508,0.227797,0.370427
1378,1748889996,2025-06-02 18:46 UTC,146245,255102,3.57632,8.71205,0.208069,0.269202,9.62343e-06,0.000864473,0.146702,0.0258742,0.127512,0.229311,0.373184
1379,1748890296,2025-06-02 18:51 UTC,146340,255135,3.56021,8.68485,0.208777,0.270206,1.63134e-05,0.000856232,0.146744,0.0256412,0.126717,0.230819,0.375963
1380,1748890596,2025-06-02 18:56 UTC,146441,255168,3.54425,8.67122,0.209488,0.27121,1.32106e-05,0.000852163,0.146785,0.0254109,0.126319,0.232349,0.378762
1381,1748890895,2025-06-02 19:01 UTC,146549,255203,3.52849,8.65763,0.209392,0.271248,1.40574e-05,0.000839641,0.146833,0.0251839,0.125924,0.232147,0.378965
1382,1748891195,2025-06-02 19:06 UTC,146663,255239,3.51282,8.64399,0.20756,0.269215,8.32326e-06,0.000811496,0.146833,0.0249593,0.125527,0.228113,0.37327
1383,1748891495,2025-06-02 19:11 UTC,146784,255276,3.4973,8.63036,0.205728,0.267182,7.93695e-06,0.000788193,0.146833,0.0247373,0.125132,0.224134,0.36767
1384,1748891795,2025-06-02 19:16 UTC,146910,255315,3.48192,8.61672,0.203896,0.265149,1.02509e-05,0.000762895,0.146842,0.0245182,0.124737,0.220182,0.362063
1385,1748892095,2025-06-02 19:21 UTC,147041,255354,3.46668,8.60309,0.202064,0.263144,1.20193e-05,0.000739556,0.146845,0.0243019,0.124342,0.216268,0.356628
1386,1748892395,2025-06-02 19:26 UTC,147178,255395,3.45158,8.58946,0.200233,0.261177,8.59974e-06,0.000714362,0.146847,0.0240884,0.123948,0.212401,0.351339
1387,1748892694,2025-06-02 19:31 UTC,147320,255437,3.43667,8.57592,0.198408,0.259217,7.81564e-06,0.000693405,0.146849,0.0238784,0.123558,0.208574,0.346053
1388,1748892994,2025-06-02 19:36 UTC,147467,255480,3.42185,8.56234,0.196578,0.257251,6.81326e-06,0.000673468,0.146849,0.0236705,0.123167,0.204773,0.3408
1389,1748893294,2025-06-02 19:41 UTC,147619,255525,3.40716,8.54877,0.194748,0.255284,6.754e-06,0.000653285,0.146857,0.0234655,0.122777,0.20101,0.335638
1390,1748893594,2025-06-02 19:46 UTC,147776,255570,3.39262,8.53519,0.192918,0.253318,5.96594e-06,0.000631196,0.146858,0.0232633,0.122387,0.197283,0.330485
1391,1748893894,2025-06-02 19:51 UTC,147937,255617,3.37821,8.52162,0.191088,0.251352,7.12466e-06,0.00060882,0.146857,0.0230639,0.121998,0.193597,0.325368
1392,1748894194,2025-06-02 19:56 UTC,148102,255665,3.36394,8.50804,0.189259,0.249386,6.46385e-06,0.000594103,0.146857,0.0228674,0.12161,0.189943,0.320309
1393,1748894494,2025-06-02 20:01 UTC,148272,255713,3.34981,8.49446,0.186922,0.246789,1.24334e-05,0.000574105,0.146861,0.0226736,0.121222,0.18535,0.313707
1394,1748894793,2025-06-02 20:06 UTC,148446,255764,3.33586,8.48093,0.183485,0.242825,1.64903e-05,0.000543739,0.146861,0.0224833,0.120836,0.178707,0.303822
1395,1748895093,2025-06-02 20:11 UTC,148623,255827,3.32201,8.46736,0.18004,0.238848,1.97978e-05,0.000517495,0.146861,0.0222953,0.12045,0.172149,0.293752
1396,1748895393,2025-06-02 20:16 UTC,148805,255890,3.3083,8.45379,0.176598,0.234871,2.27194e-05,0.000485804,0.146866,0.0221101,0.120064,0.165727,0.284045
1397,1748895693,2025-06-02 20:21 UTC,148990,255954,3.29474,8.44021,0.17316,0.231125,1.66601e-05,0.000466102,0.146866,0.0219276,0.119678,0.159448,0.275208
1398,1748895993,2025-06-02 20:26 UTC,149179,256020,3.28132,8.42664,0.169726,0.22742,1.6603e-05,0.000446745,0.146874,0.021748,0.119294,0.153289,0.266368
1399,1748896293,2025-06-02 20:31 UTC,149371,256086,3.26805,8.41307,0.166296,0.223715,1.32131e-05,0.000421983,0.146874,0.0215711,0.11891,0.147265,0.257761
1400,1748896593,2025-06-02 20:36 UTC,149567,256154,3.25494,8.39949,0.16287,0.220011,1.54961e-05,0.000397536,0.146874,0.021397,0.118526,0.141379,0.249346
1401,1748896892,2025-06-02 20:41 UTC,149767,256222,3.24202,8.38597,0.159461,0.216332,1.39905e-05,0.000381364,0.146877,0.0212264,0.118145,0.135623,0.241079
1402,1748897192,2025-06-02 20:46 UTC,149969,256292,3.22922,8.37239,0.156046,0.212668,1.56975e-05,0.000357411,0.146877,0.0210579,0.117763,0.129999,0.233014
1403,1748897492,2025-06-02 20:51 UTC,150174,256363,3.21658,8.35882,0.152636,0.209279,1.23791e-05,0.000335962,0.146888,0.0208922,0.117381,0.124486,0.225589
1404,1748897792,2025-06-02 20:56 UTC,150383,256434,3.20411,8.34525,0.149233,0.206072,1.17968e-05,0.000315499,0.146888,0.0207293,0.117001,0.119112,0.218677
1405,1748898092,2025-06-02 21:01 UTC,150606,256530,3.18991,8.32981,0.145779,0.202639,1.36109e-05,0.000287602,0.146891,0.0205495,0.116568,0.113761,0.2115
1406,1748898392,2025-06-02 21:06 UTC,150878,256711,3.17165,8.31074,0.142199,0.198677,1.06575e-05,0.000281259,0.146892,0.0203282,0.116035,0.108294,0.203301
1407,1748898692,2025-06-02 21:11 UTC,151156,256894,3.15364,8.29249,0.138621,0.194716,1.1092e-05,0.000261661,0.146891,0.0201096,0.115526,0.102978,0.195305
1408,1748898991,2025-06-02 21:16 UTC,151442,257079,3.13595,8.27443,0.135058,0.190769,1.01596e-05,0.00025037,0.146899,0.0198946,0.115023,0.0978091,0.187435
1409,1748899291,2025-06-02 21:21 UTC,151734,257266,3.11846,8.25644,0.131485,0.186809,1.07438e-05,0.000225951,0.146899,0.0196816,0.114524,0.0927662,0.179747
1410,1748899591,2025-06-02 21:26 UTC,152032,257456,3.10122,8.23859,0.127915,0.182849,1.05851e-05,0.000214765,0.146899,0.0194715,0.114029,0.0878583,0.172207
1411,1748899891,2025-06-02 21:31 UTC,152337,257646,3.08424,8.22089,0.124348,0.178891,9.16403e-06,0.000201435,0.146899,0.0192643,0.113539,0.0830882,0.164842
1412,1748900191,2025-06-02 21:36 UTC,152647,257839,3.06751,8.20331,0.120784,0.174933,7.90808e-06,0.000187811,0.146901,0.0190601,0.113055,0.0784564,0.157627
1413,1748900491,2025-06-02 21:41 UTC,152964,258034,3.05103,8.18588,0.117223,0.170976,1.9368e-05,0.000170076,0.146908,0.0188589,0.112575,0.0739662,0.15059
1414,1748900790,2025-06-02 21:46 UTC,153286,258230,3.03485,8.16865,0.113678,0.16704,2.72087e-05,0.000155704,0.146909,0.0186613,0.112101,0.0696229,0.143656
1415,1748901090,2025-06-02 21:51 UTC,153613,258428,3.01886,8.1515,0.110125,0.163095,2.98093e-05,0.00015107,0.14691,0.018466,0.111631,0.0654277,0.137144
1416,1748901390,2025-06-02 21:56 UTC,153946,258628,3.00312,8.13449,0.106577,0.159151,1.77269e-05,0.000135917,0.146909,0.0182741,0.111166,0.0613334,0.130436
1417,1748901690,2025-06-02 22:01 UTC,154283,258830,2.98763,8.11788,0.10327,0.155377,1.7715e-05,0.000124746,0.146909,0.0180851,0.110712,0.0576403,0.12439
1418,1748901990,2025-06-02 22:06 UTC,154626,259033,2.97238,8.1031,0.10052,0.151999,1.63752e-05,0.00011326,0.146913,0.0178993,0.110309,0.0546285,0.11899
1419,1748902290,2025-06-02 22:11 UTC,154973,259238,2.95737,8.08845,0.0977709,0.148621,1.65401e-05,0.000106399,0.146912,0.0177166,0.109911,0.0517166,0.113793
1420,1748902590,2025-06-02 22:16 UTC,155324,259445,2.94258,8.07394,0.0950246,0.145245,1.62642e-05,9.1132e-05,0.146912,0.0175371,0.109517,0.0488668,0.108599
1421,1748902889,2025-06-02 22:21 UTC,155681,259653,2.92805,8.05961,0.0922901,0.14188,1.19323e-05,8.78493e-05,0.146912,0.0173615,0.109128,0.0461132,0.103663
1422,1748903189,2025-06-02 22:26 UTC,156041,259864,2.91364,8.04536,0.0895493,0.138506,1.26349e-05,8.2707e-05,0.146912,0.0171884,0.108743,0.0434496,0.0988303
1423,1748903489,2025-06-02 22:31 UTC,156406,260075,2.89942,8.03125,0.0868116,0.135133,1.83802e-05,0.000102279,0.146914,0.0170186,0.108362,0.0408501,0.0941296
1424,1748903789,2025-06-02 22:36 UTC,156775,260288,2.88538,8.01728,0.0840773,0.13176,1.86251e-05,7.57892e-05,0.146914,0.0168522,0.107985,0.038326,0.089378
1425,1748904089,2025-06-02 22:41 UTC,157148,260503,2.8715,8.00344,0.0813467,0.128389,1.62785e-05,6.57902e-05,0.146914,0.0166888,0.107613,0.0359144,0.0849177
1426,1748904389,2025-06-02 22:46 UTC,157524,260719,2.8578,7.98975,0.0786202,0.12502,1.28859e-05,5.51109e-05,0.146914,0.0165289,0.107245,0.0335642,0.0804974
1427,1748904689,2025-06-02 22:51 UTC,157905,260937,2.84426,7.97619,0.0758983,0.121652,1.35364e-05,0.00011356,0.146914,0.0163722,0.106881,0.0313044,0.0762275
1428,1748904988,2025-06-02 22:56 UTC,158289,261156,2.83094,7.96281,0.0731906,0.118297,1.13583e-05,0.000135119,0.146914,0.0162194,0.106523,0.0291287,0.0720557
1429,1748905288,2025-06-02 23:01 UTC,158676,261376,2.81773,7.94954,0.0708514,0.115435,8.73006e-06,0.000191089,0.146914,0.0160693,0.106168,0.0273158,0.0686176
1430,1748905588,2025-06-02 23:06 UTC,159067,261598,2.80468,7.9364,0.0694108,0.113783,8.66872e-06,0.000269796,0.146914,0.0159226,0.105817,0.0262423,0.0666851
1431,1748905888,2025-06-02 23:11 UTC,159462,261822,2.79178,7.9234,0.0679709,0.112132,7.83633e-06,0.000348553,0.146914,0.0157793,0.105471,0.0251927,0.0647648
1432,1748906188,2025-06-02 23:16 UTC,159860,262046,2.77905,7.91055,0.0665317,0.110481,6.82039e-06,0.000431906,0.146914,0.0156393,0.105129,0.0241638,0.0628673
1433,1748906488,2025-06-02 23:21 UTC,160261,262273,2.76647,7.89783,0.0650932,0.108831,7.47126e-06,0.000526692,0.146914,0.0155027,0.104791,0.02316,0.0609971
1434,1748906788,2025-06-02 23:26 UTC,160665,262500,2.75406,7.88527,0.0636556,0.107182,5.03852e-06,0.000624789,0.146914,0.0153694,0.104458,0.022179,0.0591725
1435,1748907087,2025-06-02 23:31 UTC,161072,262729,2.74184,7.87288,0.0622236,0.10554,5.0213e-06,0.000733481,0.146914,0.01524,0.10413,0.0212246,0.0573588
1436,1748907387,2025-06-02 23:36 UTC,161483,262959,2.72974,7.8606,0.0607878,0.103892,4.51105e-06,0.000853652,0.146914,0.0151135,0.103806,0.02029,0.0555816
1437,1748907687,2025-06-02 23:41 UTC,161896,263191,2.7178,7.84847,0.0593529,0.102245,5.90045e-06,0.000976168,0.146914,0.0149904,0.103485,0.0193811,0.0538555
1438,1748907987,2025-06-02 23:46 UTC,162312,263424,2.70603,7.83648,0.0579192,0.1006,4.85496e-06,2.66621e-05,0.146917,0.0148707,0.10317,0.0184922,0.0521256
1439,1748908287,2025-06-02 23:51 UTC,162732,263658,2.69442,7.82464,0.0564866,0.0989549,3.87122e-06,2.72511e-05,0.146917,0.0147545,0.102858,0.017627,0.0504325
1440,1748908587,2025-06-02 23:56 UTC,163154,263894,2.68298,7.81295,0.0550554,0.097311,3.63667e-06,2.6418e-05,0.14692,0.0146416,0.102551,0.0167855,0.0487737
1441,1748908887,2025-06-03 00:01 UTC,163586,264129,2.66753,7.79964,0.0540984,0.0963043,3.78487e-06,2.67682e-05,0.14692,0.0144862,0.102202,0.0162505,0.0477538
1442,1748909186,2025-06-03 00:06 UTC,164051,264360,2.64201,7.78219,0.0543073,0.0968534,2.6136e-06,2.56926e-05,0.146922,0.0142231,0.101745,0.0164293,0.0483083
1443,1748909486,2025-06-03 00:11 UTC,164523,264593,2.61647,7.76475,0.0545305,0.0974043,2.60907e-06,2.77028e-05,0.146922,0.0139634,0.101289,0.0166128,0.048857
1444,1748909786,2025-06-03 00:16 UTC,165002,264827,2.59101,7.74738,0.0547674,0.0979553,3.02544e-06,2.83815e-05,0.146922,0.0137081,0.100837,0.0168027,0.0494105
1445,1748910086,2025-06-03 00:21 UTC,165488,265062,2.56561,7.7301,0.0550185,0.0985062,2.37504e-06,3.01383e-05,0.146922,0.0134571,0.100387,0.0169984,0.0499703
1446,1748910386,2025-06-03 00:26 UTC,165979,265298,2.5403,7.71289,0.055284,0.0990572,2.32503e-06,3.21314e-05,0.146922,0.0132106,0.099941,0.0171993,0.0505294
1447,1748910686,2025-06-03 00:31 UTC,166477,265536,2.51506,7.69576,0.055564,0.0996081,2.33413e-06,3.4395e-05,0.146922,0.0129684,0.0994976,0.0174055,0.0510948
1448,1748910985,2025-06-03 00:36 UTC,166980,265774,2.49,7.67877,0.0558578,0.100166,1.73228e-06,3.61176e-05,0.146922,0.0127313,0.0990586,0.017618,0.0516688
1449,1748911285,2025-06-03 00:41 UTC,167488,266013,2.46493,7.6618,0.0561674,0.100734,1.96657e-06,3.74358e-05,0.146922,0.0124979,0.0986213,0.0178362,0.0522582
1450,1748911585,2025-06-03 00:46 UTC,168001,266254,2.43995,7.64491,0.0564919,0.101303,1.56532e-06,3.99806e-05,0.146922,0.0122688,0.0981869,0.0180606,0.0528489
1451,1748911885,2025-06-03 00:51 UTC,168518,266496,2.41506,7.6281,0.0568313,0.101871,1.85378e-06,4.17231e-05,0.146922,0.0120441,0.0977556,0.0182903,0.053441
1452,1748912185,2025-06-03 00:56 UTC,169041,266738,2.39027,7.61137,0.0571854,0.102463,1.79413e-06,4.35552e-05,0.146922,0.0118238,0.0973273,0.0185265,0.0540682
1453,1748912485,2025-06-03 01:01 UTC,169568,266982,2.36558,7.59472,0.0580476,0.10358,2.87645e-06,4.60398e-05,0.146922,0.0116079,0.096902,0.0190641,0.0552451
1454,1748912785,2025-06-03 01:06 UTC,170098,267227,2.34099,7.57816,0.0601654,0.106001,1.76517e-06,5.07654e-05,0.146922,0.0113963,0.0964798,0.0203906,0.0578621
1455,1748913084,2025-06-03 01:11 UTC,170633,267473,2.3166,7.56173,0.0622792,0.10844,2.46334e-06,5.67015e-05,0.146922,0.0111898,0.096062,0.0217621,0.0605547
1456,1748913384,2025-06-03 01:16 UTC,171172,267720,2.29224,7.54533,0.064403,0.110898,2.82728e-06,6.15403e-05,0.146921,0.010987,0.0956458,0.0231895,0.063331
1457,1748913684,2025-06-03 01:21 UTC,171714,267968,2.26801,7.52901,0.0665293,0.113356,2.7384e-06,6.58916e-05,0.146922,0.0107886,0.0952326,0.0246682,0.0661683
1458,1748913984,2025-06-03 01:26 UTC,172260,268217,2.24393,7.51278,0.068658,0.115814,3.59692e-06,7.22491e-05,0.146922,0.0105945,0.0948224,0.0261967,0.0690743
1459,1748914284,2025-06-03 01:31 UTC,172810,268467,2.22001,7.49664,0.0707888,0.118273,3.06054e-06,7.68021e-05,0.146922,0.0104048,0.0944153,0.0277776,0.072038
1460,1748914584,2025-06-03 01:36 UTC,173363,268718,2.1963,7.48058,0.0729214,0.120749,2.48925e-06,8.23519e-05,0.146922,0.0102194,0.0940112,0.0294095,0.07508
1461,1748914884,2025-06-03 01:41 UTC,173918,268970,2.17282,7.4646,0.0750559,0.123226,3.31421e-06,8.80153e-05,0.146922,0.0100383,0.0936101,0.0310912,0.0781943
1462,1748915183,2025-06-03 01:46 UTC,174478,269223,2.14968,7.44877,0.0771848,0.125694,3.23066e-06,9.46166e-05,0.146922,0.00986214,0.0932134,0.0328187,0.0813582
1463,1748915483,2025-06-03 01:51 UTC,175040,269477,2.12669,7.43297,0.0793224,0.128178,3.68977e-06,9.90695e-05,0.146922,0.00968962,0.0928183,0.0346024,0.0846109
1464,1748915783,2025-06-03 01:56 UTC,175605,269732,2.10394,7.41725,0.0814613,0.130679,3.66088e-06,0.000104685,0.146922,0.00952135,0.0924263,0.0364374,0.0879447
1465,1748916083,2025-06-03 02:01 UTC,176173,269988,2.08141,7.40192,0.08386,0.133408,6.00627e-06,0.000112214,0.146922,0.0093573,0.0920445,0.0385515,0.0916386
1466,1748916383,2025-06-03 02:06 UTC,176743,270244,2.05912,7.38667,0.0869505,0.136733,5.28268e-06,0.000120854,0.146922,0.00919741,0.0916658,0.0413676,0.096278
1467,1748916683,2025-06-03 02:11 UTC,177316,270502,2.03708,7.37151,0.090063,0.140059,6.15328e-06,0.000129647,0.146922,0.0090417,0.0912898,0.0443029,0.101004
1468,1748916983,2025-06-03 02:16 UTC,177892,270761,2.01529,7.35643,0.0931945,0.143386,5.72912e-06,0.000137651,0.146922,0.00889011,0.0909166,0.0473612,0.105873
1469,1748917282,2025-06-03 02:21 UTC,178471,271021,1.99384,7.34148,0.0963322,0.146707,6.34177e-06,0.000146687,0.146922,0.00874312,0.0905475,0.0505289,0.110831
1470,1748917582,2025-06-03 02:26 UTC,179051,271281,1.97258,7.32656,0.0994949,0.150063,7.72001e-06,0.000156103,0.146922,0.00859969,0.0901798,0.0538278,0.115949
1471,1748917882,2025-06-03 02:31 UTC,179634,271542,1.95161,7.31172,0.102671,0.153419,6.64795e-06,0.000162113,0.146923,0.00846029,0.0898149,0.057252,0.121202
1472,1748918182,2025-06-03 02:36 UTC,180220,271805,1.93095,7.29745,0.105858,0.156777,7.39307e-06,0.000173943,0.146923,0.00832488,0.0894647,0.0607958,0.126555
1473,1748918482,2025-06-03 02:41 UTC,180807,272068,1.91061,7.28368,0.109055,0.160179,7.59872e-06,0.000182176,0.146923,0.00819342,0.0891274,0.0644628,0.132117
1474,1748918782,2025-06-03 02:46 UTC,181397,272332,1.89061,7.27001,0.112261,0.163641,7.42324e-06,0.000193171,0.146923,0.00806586,0.0887931,0.0682515,0.137887
1475,1748919081,2025-06-03 02:51 UTC,181989,272597,1.87105,7.25647,0.115465,0.167092,8.61102e-06,0.000202751,0.146923,0.00794253,0.0884626,0.0721486,0.143769
1476,1748919381,2025-06-03 02:56 UTC,182584,272863,1.85183,7.24298,0.118686,0.170555,7.50572e-06,0.000211463,0.146922,0.00782254,0.088134,0.0761838,0.14978
1477,1748919681,2025-06-03 03:01 UTC,183166,273124,1.83256,7.22711,0.121778,0.17395,6.5442e-06,0.00022171,0.146922,0.00770284,0.0877483,0.0801595,0.155812
1478,1748919981,2025-06-03 03:06 UTC,183701,273364,1.81224,7.21729,0.124509,0.177064,7.6027e-06,0.000234746,0.146922,0.00757736,0.0875099,0.0837409,0.161441
1479,1748920281,2025-06-03 03:11 UTC,184235,273604,1.79207,7.2207,0.127245,0.180178,7.39779e-06,0.000241627,0.146922,0.00745515,0.0875929,0.0874111,0.167175
1480,1748920581,2025-06-03 03:16 UTC,184767,273844,1.77204,7.2243,0.129987,0.183292,7.15473e-06,0.000251677,0.146922,0.00733622,0.0876801,0.0911674,0.172997
1481,1748920881,2025-06-03 03:21 UTC,185298,274084,1.75217,7.22808,0.132732,0.186406,7.57402e-06,0.000260396,0.146923,0.00722055,0.0877719,0.0950094,0.178927
1482,1748921180,2025-06-03 03:26 UTC,185826,274324,1.73254,7.23203,0.135473,0.18951,7.98378e-06,0.000268439,0.146923,0.00710849,0.0878676,0.0989245,0.18494
1483,1748921480,2025-06-03 03:31 UTC,186354,274564,1.71302,7.23617,0.138227,0.192625,8.5367e-06,0.000278484,0.146922,0.00699928,0.0879683,0.10294,0.19106
1484,1748921780,2025-06-03 03:36 UTC,186880,274803,1.69368,7.24048,0.140985,0.195761,8.95117e-06,0.000290831,0.146923,0.0068933,0.0880733,0.107041,0.197348
1485,1748922080,2025-06-03 03:41 UTC,187405,275043,1.67454,7.24498,0.143747,0.198899,7.7255e-06,0.000296338,0.146923,0.0067905,0.0881828,0.111232,0.203709
1486,1748922380,2025-06-03 03:46 UTC,187928,275283,1.65562,7.24966,0.146512,0.202076,8.96917e-06,0.000306872,0.146922,0.00669089,0.0882966,0.115504,0.210288
1487,1748922680,2025-06-03 03:51 UTC,188451,275523,1.63692,7.25451,0.149279,0.20536,9.16959e-06,0.000317219,0.146922,0.00659443,0.0884149,0.119866,0.217171
1488,1748922980,2025-06-03 03:56 UTC,188972,275762,1.61848,7.25955,0.15205,0.208644,9.48651e-06,0.000327843,0.146923,0.00650112,0.0885377,0.124314,0.224174
1489,1748923279,2025-06-03 04:01 UTC,189491,276002,1.60037,7.26474,0.154326,0.211471,4.71214e-06,0.000337043,0.146922,0.00641118,0.0886644,0.128039,0.230316
1490,1748923579,2025-06-03 04:06 UTC,190010,276241,1.5825,7.27013,0.155244,0.213062,4.34689e-06,0.000341814,0.146922,0.00632406,0.088796,0.129528,0.233782
1491,1748923879,2025-06-03 04:11 UTC,190527,276481,1.56497,7.2757,0.156162,0.214653,3.75023e-06,0.000343376,0.146922,0.00623998,0.088932,0.131037,0.237281
1492,1748924179,2025-06-03 04:16 UTC,191044,276721,1.54782,7.28144,0.15708,0.216244,4.66933e-06,0.000346631,0.146922,0.00615892,0.0890725,0.132552,0.240804
1493,1748924479,2025-06-03 04:21 UTC,191559,276960,1.5311,7.28736,0.157999,0.217836,4.47372e-06,0.000350563,0.146922,0.00608081,0.0892173,0.134078,0.244374
1494,1748924779,2025-06-03 04:26 UTC,192073,277200,1.51487,7.29345,0.158918,0.219427,4.32525e-06,0.000355766,0.146922,0.00600562,0.0893667,0.135617,0.247938
1495,1748925079,2025-06-03 04:31 UTC,192587,277439,1.4992,7.29972,0.159836,0.221018,4.24474e-06,0.000357932,0.146922,0.00593326,0.0895204,0.137167,0.251553
1496,1748925378,2025-06-03 04:36 UTC,193099,277679,1.48421,7.30615,0.160752,0.222604,5.02682e-06,0.000365065,0.146922,0.00586388,0.089678,0.138721,0.2552
1497,1748925678,2025-06-03 04:41 UTC,193611,277919,1.46989,7.31276,0.161671,0.224195,5.57843e-06,0.000365314,0.146922,0.00579689,0.0898405,0.140291,0.258849
1498,1748925978,2025-06-03 04:46 UTC,194121,278158,1.45642,7.31956,0.162591,0.225787,5.15244e-06,0.000370774,0.146922,0.0057324,0.0900076,0.141874,0.262539
1499,1748926278,2025-06-03 04:51 UTC,194631,278398,1.44394,7.32652,0.16351,0.227378,4.74355e-06,0.000373981,0.146922,0.00567021,0.090179,0.143468,0.266244
1500,1748926578,2025-06-03 04:56 UTC,195140,278638,1.4326,7.33366,0.16443,0.228969,5.25662e-06,0.000376725,0.146922,0.00561007,0.0903547,0.145071,0.269999
1501,1748926878,2025-06-03 05:01 UTC,195648,278878,1.42251,7.34098,0.164763,0.229831,6.91415e-06,0.000378023,0.146922,0.00555168,0.090535,0.145664,0.272043
1502,1748927177,2025-06-03 05:06 UTC,196155,279118,1.41372,7.34844,0.16343,0.228619,4.04058e-06,0.000368995,0.146922,0.00549498,0.0907192,0.1433,0.269178
1503,1748927477,2025-06-03 05:11 UTC,196661,279358,1.40607,7.35609,0.162094,0.227403,5.89144e-06,0.000364731,0.146922,0.00543927,0.0909083,0.140964,0.266329
1504,1748927777,2025-06-03 05:16 UTC,197167,279598,1.39944,7.36392,0.160758,0.226188,5.66401e-06,0.000357492,0.146922,0.00538459,0.0911018,0.138645,0.26351
1505,1748928077,2025-06-03 05:21 UTC,197672,279838,1.39364,7.37191,0.159423,0.224974,4.53449e-06,0.000349992,0.146922,0.00533081,0.0912997,0.136345,0.260681
1506,1748928377,2025-06-03 05:26 UTC,198177,280078,1.38857,7.38008,0.158087,0.22376,5.20962e-06,0.000343957,0.146922,0.00527786,0.0915022,0.134072,0.257866
1507,1748928677,2025-06-03 05:31 UTC,198680,280318,1.38418,7.38842,0.156753,0.222546,4.41608e-06,0.000337144,0.146922,0.00522567,0.091709,0.131818,0.255075
1508,1748928977,2025-06-03 05:36 UTC,199183,280559,1.38042,7.39692,0.155419,0.221333,4.99488e-06,0.000329753,0.146922,0.00517422,0.0919202,0.129588,0.252288
1509,1748929276,2025-06-03 05:41 UTC,199686,280799,1.37727,7.40556,0.154089,0.220124,4.13354e-06,0.00032464,0.146922,0.00512363,0.0921352,0.127384,0.24956
1510,1748929576,2025-06-03 05:46 UTC,200188,281040,1.37466,7.4144,0.152756,0.218912,5.16951e-06,0.000318775,0.146922,0.00507355,0.0923553,0.125199,0.246805
1511,1748929876,2025-06-03 05:51 UTC,200689,281280,1.37258,7.42341,0.151423,0.2177,4.28607e-06,0.000312534,0.146922,0.00502413,0.0925798,0.12303,0.244082
1512,1748930176,2025-06-03 05:56 UTC,201189,281521,1.37103,7.43259,0.150091,0.216489,3.97202e-06,0.000306934,0.146922,0.00497537,0.0928088,0.120887,0.241381
1513,1748930476,2025-06-03 06:01 UTC,201676,281753,1.36265,7.41938,0.14821,0.214488,1.29802e-05,0.000295759,0.146922,0.00488789,0.0924794,0.1179,0.23697
1514,1748930776,2025-06-03 06:06 UTC,202111,281958,1.333,7.33983,0.14471,0.21016,1.02974e-05,0.000282124,0.146922,0.00468794,0.0905068,0.112387,0.227502
1515,1748931076,2025-06-03 06:11 UTC,202539,282160,1.3036,7.26032,0.141212,0.205833,8.09053e-06,0.000268887,0.146922,0.00449327,0.0885567,0.107009,0.218226
1516,1748931375,2025-06-03 06:16 UTC,202961,282360,1.27455,7.18112,0.137728,0.201522,8.20164e-06,0.000252398,0.146922,0.0043045,0.0866351,0.101786,0.209175
1517,1748931675,2025-06-03 06:21 UTC,203376,282558,1.2457,7.1017,0.134234,0.197198,9.31398e-06,0.000240083,0.146922,0.00412034,0.0847293,0.0966796,0.200286
1518,1748931975,2025-06-03 06:26 UTC,203784,282754,1.21714,7.02232,0.130742,0.192877,9.04665e-06,0.000225509,0.146922,0.00394145,0.0828458,0.0917056,0.191614
1519,1748932275,2025-06-03 06:31 UTC,204187,282947,1.18892,6.943,0.127253,0.188575,8.5201e-06,0.000213087,0.146922,0.00376781,0.0809847,0.0868646,0.18316
1520,1748932575,2025-06-03 06:36 UTC,204583,283138,1.16106,6.86372,0.123766,0.1843,7.58362e-06,0.000201354,0.146922,0.00359941,0.0791458,0.0821573,0.174953
1521,1748932875,2025-06-03 06:41 UTC,204973,283327,1.13359,6.78449,0.120283,0.180027,7.30056e-06,0.000187699,0.146922,0.00343624,0.0773292,0.0775846,0.166935
1522,1748933175,2025-06-03 06:46 UTC,205357,283514,1.10656,6.70531,0.116802,0.175758,7.12194e-06,0.000177887,0.146922,0.00327828,0.0755349,0.0731452,0.159106
1523,1748933474,2025-06-03 06:51 UTC,205735,283699,1.08008,6.62646,0.113337,0.171506,8.23444e-06,0.0001567,0.146922,0.00312602,0.0737687,0.0688559,0.1515
1524,1748933774,2025-06-03 06:56 UTC,206108,283882,1.05402,6.54739,0.109864,0.167241,7.93344e-06,0.000150904,0.146922,0.00297841,0.0720188,0.0646836,0.14406
1525,1748934074,2025-06-03 07:01 UTC,206475,284062,1.02851,6.46839,0.105916,0.162357,1.34525e-05,0.000139303,0.146922,0.00283596,0.0702913,0.0601191,0.135781
1526,1748934374,2025-06-03 07:06 UTC,206837,284241,1.00358,6.38945,0.10051,0.155576,1.10408e-05,0.000127043,0.146922,0.00269864,0.068586,0.0541656,0.12467
1527,1748934674,2025-06-03 07:11 UTC,207194,284418,0.979278,6.31057,0.0951085,0.148799,9.25974e-06,0.000112184,0.146922,0.00256642,0.0669031,0.04853,0.114047
1528,1748934974,2025-06-03 07:16 UTC,207545,284593,0.955688,6.23175,0.0897134,0.142027,9.96503e-06,0.000101117,0.146922,0.00243927,0.0652424,0.0432125,0.103899
1529,1748935274,2025-06-03 07:21 UTC,207891,284766,0.932885,6.15301,0.0843256,0.135261,9.01135e-06,8.66047e-05,0.146922,0.00231715,0.0636039,0.0382098,0.0942337
1530,1748935573,2025-06-03 07:26 UTC,208232,284937,0.91102,6.07459,0.0789643,0.128523,8.80798e-06,0.000148536,0.146922,0.00220042,0.0619932,0.0335392,0.085082
1531,1748935873,2025-06-03 07:31 UTC,208569,285107,0.890037,5.99599,0.0735956,0.121771,7.20857e-06,6.46402e-05,0.146922,0.00208824,0.0603992,0.0291677,0.0763773
1532,1748936173,2025-06-03 07:36 UTC,208900,285275,0.870145,5.91747,0.06824,0.11503,7.10053e-06,5.65123e-05,0.146922,0.00198098,0.0588275,0.0251137,0.0681534
1533,1748936473,2025-06-03 07:41 UTC,209227,285440,0.851493,5.83902,0.0629006,0.108301,7.45078e-06,0.00016798,0.146922,0.00187858,0.0572781,0.0213769,0.0604143
1534,1748936773,2025-06-03 07:46 UTC,209549,285605,0.834203,5.76066,0.0575819,0.101586,6.35838e-06,3.8065e-05,0.146922,0.00178099,0.0557511,0.0179555,0.0531494
1535,1748937073,2025-06-03 07:51 UTC,209866,285767,0.81838,5.68238,0.0522902,0.0948864,5.66813e-06,3.91138e-05,0.146923,0.00168815,0.0542463,0.0148514,0.0463758
1536,1748937372,2025-06-03 07:56 UTC,210179,285928,0.804159,5.60446,0.0470521,0.0882296,6.11388e-06,5.39974e-05,0.146922,0.00160028,0.0527686,0.0120736,0.0401
1537,1748937672,2025-06-03 08:01 UTC,210488,286087,0.791488,5.52636,0.0415585,0.0812475,6.07197e-06,3.46883e-05,0.146922,0.00151674,0.0513084,0.00949464,0.0339996
1538,1748937972,2025-06-03 08:06 UTC,210792,286245,0.78049,5.44837,0.0352335,0.0732638,5.1886e-06,3.35885e-05,0.146922,0.00143779,0.0498703,0.00698292,0.0276489
1539,1748938272,2025-06-03 08:11 UTC,211092,286401,0.771218,5.37048,0.029041,0.065335,4.1948e-06,5.25792e-05,0.146922,0.00136339,0.0484545,0.00493676,0.0219841
1540,1748938572,2025-06-03 08:16 UTC,211388,286555,0.763703,5.29269,0.0230939,0.0574837,4.88676e-06,9.80379e-05,0.146922,0.00129352,0.0470611,0.00335225,0.0170189
1541,1748938872,2025-06-03 08:21 UTC,211679,286708,0.757961,5.21502,0.0179096,0.0497467,3.78921e-06,9.04502e-05,0.146922,0.00122818,0.0456899,0.0022088,0.0127466
1542,1748939172,2025-06-03 08:26 UTC,211967,286859,0.75401,5.13746,0.0152624,0.0425842,2.80723e-06,2.76356e-05,0.146922,0.00116743,0.0443411,0.0014419,0.0093408
1543,1748939471,2025-06-03 08:31 UTC,212251,287008,0.751865,5.06028,0.014952,0.0360704,2.94976e-06,5.72944e-05,0.146922,0.00111154,0.0430188,0.00107265,0.00670172
1544,1748939771,2025-06-03 08:36 UTC,212530,287157,0.751522,4.98297,0.0166922,0.0314892,3.03442e-06,5.70512e-05,0.146922,0.00106029,0.0417144,0.00128844,0.00510647
1545,1748940071,2025-06-03 08:41 UTC,212806,287303,0.752995,4.90579,0.020239,0.0402481,3.34368e-06,2.41933e-05,0.146922,0.00101409,0.0404322,0.00207544,0.00834146
1546,1748940371,2025-06-03 08:46 UTC,213078,287448,0.756239,4.82876,0.0250166,0.0490364,4.5701e-06,9.40557e-05,0.146922,0.000973221,0.0391724,0.00332752,0.0123814
1547,1748940671,2025-06-03 08:51 UTC,213346,287592,0.761192,4.75187,0.0305122,0.0578406,4.26848e-06,5.03156e-05,0.146922,0.000938084,0.0379348,0.00502858,0.0172272
1548,1748940971,2025-06-03 08:56 UTC,213611,287735,0.767766,4.67513,0.0364176,0.0666544,5.12714e-06,6.1434e-05,0.146922,0.000909116,0.0367196,0.00718426,0.0228749
1549,1748941271,2025-06-03 09:01 UTC,213860,287865,0.773203,4.59258,0.0424821,0.0752229,4.57745e-06,5.39277e-05,0.146922,0.000884808,0.0354341,0.00976029,0.0291419
1550,1748941570,2025-06-03 09:06 UTC,214021,287939,0.771287,4.49113,0.0484152,0.0829584,6.06246e-06,0.000108513,0.146922,0.000860244,0.0338861,0.0126287,0.0354334
1551,1748941870,2025-06-03 09:11 UTC,214214,288028,0.770345,4.38939,0.0544584,0.090723,7.99654e-06,7.54736e-05,0.146922,0.00084131,0.0323681,0.0159216,0.042357
1552,1748942170,2025-06-03 09:16 UTC,214398,288111,0.770369,4.28768,0.0605627,0.09849,7.72095e-06,0.00011436,0.146922,0.000828227,0.0308854,0.0196327,0.0499536
1553,1748942470,2025-06-03 09:21 UTC,214573,288189,0.771361,4.18601,0.0667101,0.106259,8.324e-06,8.45387e-05,0.146922,0.000821062,0.0294381,0.0237607,0.0581322
1554,1748942770,2025-06-03 09:26 UTC,214740,288263,0.773341,4.08438,0.0728888,0.114029,1.09701e-05,0.000108666,0.146922,0.0008198,0.0280261,0.0283043,0.066938
1555,1748943070,2025-06-03 09:31 UTC,214897,288331,0.776313,3.9828,0.079091,0.121801,1.10866e-05,0.000116682,0.146921,0.00082433,0.0266493,0.033268,0.0763752
1556,1748943370,2025-06-03 09:36 UTC,215046,288395,0.780235,3.88127,0.0853112,0.129574,1.08025e-05,0.000105452,0.146922,0.000834468,0.0253079,0.0386506,0.0864533
1557,1748943669,2025-06-03 09:41 UTC,215186,288455,0.785055,3.78013,0.0915247,0.137322,1.12603e-05,0.000141238,0.146922,0.000849903,0.0240062,0.0444307,0.0970864
1558,1748943969,2025-06-03 09:46 UTC,215318,288509,0.790789,3.67871,0.0977701,0.145096,1.29103e-05,0.000137607,0.146922,0.00087043,0.0227353,0.0506457,0.108385
1559,1748944269,2025-06-03 09:51 UTC,215442,288559,0.797411,3.57736,0.104025,0.152871,1.35929e-05,0.00015423,0.146922,0.000895659,0.0214998,0.0572819,0.120309
1560,1748944569,2025-06-03 09:56 UTC,215557,288604,0.804895,3.47607,0.110287,0.160646,1.42947e-05,0.000182487,0.146923,0.000925255,0.0202995,0.0643355,0.132873
1561,1748944869,2025-06-03 10:01 UTC,215664,288645,0.813201,3.37486,0.11613,0.16758,8.23986e-06,0.000189587,0.146923,0.000958857,0.0191347,0.0712902,0.144606
1562,1748945169,2025-06-03 10:06 UTC,215764,288681,0.822291,3.27373,0.120553,0.172079,1.08739e-05,0.000199714,0.146923,0.000996181,0.0180051,0.0767652,0.152458
1563,1748945468,2025-06-03 10:11 UTC,215855,288713,0.832109,3.17303,0.124968,0.176664,1.12787e-05,0.000213469,0.146923,0.00103677,0.0169144,0.0824408,0.160727
1564,1748945768,2025-06-03 10:16 UTC,215938,288741,0.842699,3.07546,0.129402,0.181265,1.27447e-05,0.000231036,0.146923,0.00108064,0.0158903,0.0883523,0.169178
1565,1748946068,2025-06-03 10:21 UTC,216014,288764,0.854009,2.97914,0.133841,0.185867,1.25932e-05,0.000249611,0.146923,0.00112744,0.0149104,0.0944853,0.177899
1566,1748946368,2025-06-03 10:26 UTC,216082,288782,0.86603,2.88291,0.138284,0.19047,1.24081e-05,0.000267995,0.146923,0.00117698,0.0139627,0.100836,0.186831
1567,1748946668,2025-06-03 10:31 UTC,216142,288796,0.87875,2.78848,0.14273,0.195074,1.4471e-05,0.000287022,0.146923,0.00122912,0.0130631,0.107402,0.195954
1568,1748946968,2025-06-03 10:36 UTC,216195,288806,0.892145,2.70136,0.14718,0.199679,1.39332e-05,0.000312555,0.146923,0.00128372,0.0122595,0.114189,0.20532
1569,1748947268,2025-06-03 10:41 UTC,216241,288812,0.906184,2.61872,0.151632,0.204284,1.69204e-05,0.00032921,0.146923,0.00134071,0.0115209,0.121195,0.214903
1570,1748947567,2025-06-03 10:46 UTC,216279,288813,0.920795,2.53703,0.156073,0.208875,2.04423e-05,0.000354135,0.146925,0.00139982,0.0108134,0.128393,0.224653
1571,1748947867,2025-06-03 10:51 UTC,216309,288811,0.936068,2.45516,0.160531,0.213482,1.97223e-05,0.000381611,0.146925,0.0014614,0.0101267,0.135828,0.234665
1572,1748948167,2025-06-03 10:56 UTC,216333,288804,0.951954,2.37339,0.164991,0.21809,2.10847e-05,0.000410319,0.146925,0.00152523,0.00946337,0.143483,0.244894
1573,1748948467,2025-06-03 11:01 UTC,216349,288792,0.968456,2.29172,0.168906,0.221954,1.13336e-05,0.00042814,0.146925,0.00159129,0.00882331,0.150409,0.2537
1574,1748948767,2025-06-03 11:06 UTC,216358,288777,0.985577,2.23569,0.170918,0.223232,1.19853e-05,0.000475815,0.146926,0.00165968,0.00839724,0.154032,0.256633
1575,1748949067,2025-06-03 11:11 UTC,216360,288758,1.00331,2.23953,0.172932,0.22451,1.17052e-05,0.000457536,0.146926,0.0017304,0.00842615,0.157706,0.259569
1576,1748949367,2025-06-03 11:16 UTC,216354,288734,1.02164,2.2434,0.174947,0.225789,1.00793e-05,0.000475012,0.146929,0.0018035,0.00845527,0.16143,0.262526
1577,1748949666,2025-06-03 11:21 UTC,216342,288706,1.0405,2.2473,0.176957,0.227064,1.0108e-05,0.000490815,0.146929,0.00187881,0.00848463,0.165185,0.265373
1578,1748949966,2025-06-03 11:26 UTC,216323,288675,1.06003,2.25124,0.178974,0.228343,9.57118e-06,0.000506308,0.146929,0.00195691,0.00851441,0.169002,0.268485
1579,1748950266,2025-06-03 11:31 UTC,216297,288639,1.08014,2.25521,0.180994,0.229623,9.38393e-06,0.00052503,0.146929,0.00203767,0.00854444,0.172865,0.271525
1580,1748950566,2025-06-03 11:36 UTC,216264,288600,1.10081,2.25921,0.183014,0.230903,1.03831e-05,0.000540687,0.146929,0.00212115,0.00857483,0.176775,0.274557
1581,1748950866,2025-06-03 11:41 UTC,216224,288556,1.12198,2.26325,0.185036,0.232183,8.77386e-06,0.000561592,0.14693,0.00220745,0.00860555,0.180736,0.277623
1582,1748951166,2025-06-03 11:46 UTC,216178,288509,1.14362,2.26732,0.187058,0.233961,1.01192e-05,0.000577907,0.14693,0.00229664,0.00863655,0.184738,0.281864
1583,1748951466,2025-06-03 11:51 UTC,216125,288457,1.16569,2.28786,0.189083,0.236854,8.96318e-06,0.000598567,0.146929,0.00238879,0.00879373,0.188793,0.288914
1584,1748951765,2025-06-03 11:56 UTC,216065,288402,1.18807,2.30857,0.191101,0.239737,1.0555e-05,0.000620346,0.146929,0.00248364,0.00895359,0.192875,0.295961
1585,1748952065,2025-06-03 12:01 UTC,215998,288341,1.21065,2.32556,0.192532,0.241723,8.40001e-06,0.000635246,0.146929,0.00257938,0.00908577,0.195832,0.30092
1586,1748952365,2025-06-03 12:06 UTC,215920,288254,1.23275,2.3287,0.191814,0.240433,4.95345e-06,0.000636509,0.146929,0.00266933,0.00911047,0.194355,0.29771
1587,1748952665,2025-06-03 12:11 UTC,215835,288160,1.2551,2.33193,0.191098,0.239143,4.87224e-06,0.000636065,0.14693,0.00276208,0.00913566,0.192905,0.29454
1588,1748952965,2025-06-03 12:16 UTC,215742,288062,1.27768,2.34197,0.190383,0.237853,4.64619e-06,0.000637696,0.14693,0.00285769,0.00921451,0.191461,0.291372
1589,1748953265,2025-06-03 12:21 UTC,215643,287958,1.30048,2.39236,0.18967,0.236563,4.02613e-06,0.000637248,0.14693,0.00295616,0.00961527,0.190023,0.288207
1590,1748953564,2025-06-03 12:26 UTC,215537,287849,1.3234,2.44264,0.188961,0.235277,4.80249e-06,0.00063735,0.146929,0.00305715,0.0100237,0.188606,0.285085
1591,1748953864,2025-06-03 12:31 UTC,215424,287735,1.34659,2.49314,0.188251,0.233987,4.79505e-06,0.000636729,0.14693,0.00316138,0.0104424,0.187191,0.281973
1592,1748954164,2025-06-03 12:36 UTC,215304,287615,1.36995,2.54369,0.187543,0.233603,4.40999e-06,0.00063723,0.146929,0.00326848,0.0108702,0.185785,0.281034
1593,1748954464,2025-06-03 12:41 UTC,215177,287490,1.39347,2.59429,0.186837,0.23325,4.49579e-06,0.000638862,0.146929,0.0033785,0.011307,0.184389,0.280194
1594,1748954764,2025-06-03 12:46 UTC,215043,287360,1.41715,2.64494,0.186132,0.232906,4.62071e-06,0.000639297,0.146929,0.00349142,0.0117528,0.183004,0.27937
1595,1748955064,2025-06-03 12:51 UTC,214902,287224,1.44097,2.69563,0.185429,0.23257,4.03588e-06,0.000639444,0.14693,0.00360726,0.0122076,0.181626,0.27856
1596,1748955364,2025-06-03 12:56 UTC,214755,287083,1.46493,2.74636,0.184728,0.232242,4.03157e-06,0.000640209,0.146929,0.00372601,0.0126714,0.180262,0.277772
1597,1748955663,2025-06-03 13:01 UTC,214601,286937,1.48895,2.79696,0.183378,0.231057,1.58767e-05,0.000636029,0.146932,0.00384721,0.0131426,0.177657,0.274984
1598,1748955963,2025-06-03 13:06 UTC,214440,286785,1.51316,2.84776,0.179573,0.226629,1.17694e-05,0.000616644,0.146932,0.00397183,0.0136244,0.170304,0.264539
1599,1748956263,2025-06-03 13:11 UTC,214272,286629,1.5375,2.8986,0.175776,0.222233,1.17785e-05,0.000597376,0.146932,0.00409936,0.0141152,0.163129,0.254392
1600,1748956563,2025-06-03 13:16 UTC,214098,286467,1.56195,2.94948,0.171986,0.21787,1.44716e-05,0.000576843,0.146931,0.00422981,0.014615,0.156125,0.24448
1601,1748956863,2025-06-03 13:21 UTC,213918,286300,1.58651,3.00038,0.168204,0.213586,1.27455e-05,0.000558377,0.146931,0.00436323,0.0151238,0.149282,0.23497
1602,1748957163,2025-06-03 13:26 UTC,213731,286127,1.61117,3.05131,0.164431,0.209619,1.23055e-05,0.000537161,0.146931,0.00449958,0.0156417,0.142611,0.226316
1603,1748957463,2025-06-03 13:31 UTC,213537,285950,1.63594,3.10227,0.160667,0.205683,1.15762e-05,0.000516264,0.146931,0.00463887,0.0161685,0.136106,0.217889
1604,1748957762,2025-06-03 13:36 UTC,213337,285767,1.66072,3.15419,0.156925,0.201795,1.0787e-05,0.000495465,0.146931,0.00478064,0.0167142,0.129791,0.209725
1605,1748958062,2025-06-03 13:41 UTC,213130,285579,1.68568,3.22985,0.153181,0.197929,1.06299e-05,0.000475207,0.146931,0.00492581,0.0175256,0.123624,0.201771
1606,1748958362,2025-06-03 13:46 UTC,212917,285385,1.71073,3.30551,0.149448,0.194101,1.05365e-05,0.000455991,0.146931,0.00507395,0.0183564,0.117625,0.194041
1607,1748958662,2025-06-03 13:51 UTC,212697,285187,1.73586,3.38117,0.145726,0.190313,9.92857e-06,0.000437181,0.146934,0.00522504,0.0192063,0.111793,0.186542
1608,1748958962,2025-06-03 13:56 UTC,212471,284983,1.76109,3.45684,0.142017,0.186567,9.47527e-06,0.000416636,0.146934,0.00537908,0.0200756,0.10613,0.179266
1609,1748959262,2025-06-03 14:01 UTC,212239,284773,1.78639,3.53251,0.137728,0.181931,1.85618e-05,0.000395961,0.146934,0.00553602,0.0209641,0.09978,0.170509
1610,1748959562,2025-06-03 14:06 UTC,212000,284559,1.81178,3.60819,0.131177,0.173556,1.72703e-05,0.000364059,0.146933,0.00569597,0.021872,0.0904243,0.15515
1611,1748959861,2025-06-03 14:11 UTC,211755,284339,1.83716,3.68361,0.124663,0.165275,1.58281e-05,0.000333366,0.146933,0.00585834,0.0227959,0.0815773,0.140706
1612,1748960161,2025-06-03 14:16 UTC,211503,284114,1.8627,3.75929,0.118144,0.157007,1.3676e-05,0.000304588,0.146933,0.00602422,0.0237422,0.0731794,0.126984
1613,1748960461,2025-06-03 14:21 UTC,211245,283883,1.88832,3.83592,0.111646,0.148787,1.44782e-05,0.000276646,0.146933,0.00619303,0.02472,0.0652647,0.114047
1614,1748960761,2025-06-03 14:26 UTC,210981,283648,1.914,3.91548,0.105171,0.140622,1.51088e-05,0.00029997,0.146933,0.00636481,0.025756,0.0578306,0.101858
1615,1748961061,2025-06-03 14:31 UTC,210711,283407,1.93976,3.99505,0.0987254,0.132524,1.20659e-05,0.000222222,0.146933,0.00653956,0.0268136,0.0508716,0.0904688
1616,1748961361,2025-06-03 14:36 UTC,210434,283160,1.96558,4.07635,0.0923144,0.124506,1.21729e-05,0.000199051,0.146933,0.00671727,0.0279158,0.0443957,0.0798637
1617,1748961661,2025-06-03 14:41 UTC,210151,282908,1.99146,4.1584,0.0859461,0.116582,3.15051e-05,0.000199371,0.146933,0.0068979,0.0290511,0.0384032,0.0700167
1618,1748961960,2025-06-03 14:46 UTC,209861,282650,2.01732,4.24018,0.0796515,0.108802,3.46539e-05,0.000150262,0.146933,0.00708089,0.0302048,0.0329045,0.0609608
1619,1748962260,2025-06-03 14:51 UTC,209566,282388,2.04333,4.32225,0.0734017,0.101138,2.73873e-05,0.000133691,0.146933,0.00726745,0.0313851,0.0278653,0.0526937
1620,1748962560,2025-06-03 14:56 UTC,209265,282120,2.06939,4.40433,0.0672358,0.0936526,1.90644e-05,0.000113663,0.146936,0.00745702,0.0325888,0.0233039,0.0452048
1621,1748962860,2025-06-03 15:01 UTC,208961,281850,2.10141,4.48056,0.0609201,0.0859643,1.78843e-05,0.000126351,0.146935,0.00769141,0.0337267,0.0190589,0.038044
1622,1748963160,2025-06-03 15:06 UTC,208719,281664,2.15746,4.53343,0.0537278,0.076831,1.28443e-05,6.88162e-05,0.146935,0.00810303,0.0345272,0.0147687,0.0303934
1623,1748963460,2025-06-03 15:11 UTC,208476,281477,2.21415,4.58643,0.0467634,0.0680506,1.354e-05,0.000100311,0.146936,0.00852929,0.0353394,0.0111493,0.0238608
1624,1748963759,2025-06-03 15:15 UTC,208229,281288,2.27121,4.63938,0.0401576,0.060147,1.12557e-05,5.08679e-05,0.146935,0.00896882,0.03616,0.00820807,0.0186275
1625,1748964059,2025-06-03 15:20 UTC,207981,281097,2.32898,4.69262,0.0340438,0.0534101,1.54615e-05,8.68958e-05,0.146936,0.00942456,0.0369949,0.00593294,0.0146864
1626,1748964359,2025-06-03 15:25 UTC,207729,280904,2.3872,4.74598,0.0287506,0.0484406,1.0396e-05,4.75108e-05,0.146936,0.0098953,0.0378409,0.0043389,0.0120867
1627,1748964659,2025-06-03 15:30 UTC,207475,280710,2.44583,4.79946,0.0248553,0.0465861,1.09103e-05,7.23186e-05,0.146935,0.010381,0.0386984,0.00343317,0.0111773
1628,1748964959,2025-06-03 15:35 UTC,207219,280514,2.50481,4.85304,0.0231929,0.0484203,8.82552e-06,3.16996e-05,0.146935,0.0108816,0.0395672,0.00319683,0.012077
1629,1748965259,2025-06-03 15:40 UTC,206960,280316,2.56413,4.90672,0.0242664,0.0524742,8.56896e-06,3.11581e-05,0.146935,0.0113974,0.0404475,0.00360041,0.0141804
1630,1748965559,2025-06-03 15:45 UTC,206698,280116,2.62373,4.96051,0.0277273,0.0582865,8.69827e-06,3.53029e-05,0.146936,0.0119281,0.0413393,0.00464653,0.0174948
1631,1748965858,2025-06-03 15:50 UTC,206434,279915,2.6834,5.01422,0.0327538,0.0653646,9.34975e-06,0.000119443,0.146935,0.0124722,0.0422391,0.00635007,0.021989
1632,1748966158,2025-06-03 15:55 UTC,206167,279712,2.7435,5.0682,0.0387701,0.0733828,1.39635e-05,0.000125684,0.146935,0.0130331,0.0431535,0.00872581,0.0277103
1633,1748966458,2025-06-03 16:00 UTC,205898,279507,2.80383,5.12227,0.0452726,0.0816871,1.33031e-05,8.49144e-05,0.146936,0.0136092,0.0440792,0.0117129,0.0343736
1634,1748966758,2025-06-03 16:05 UTC,205625,279300,2.86436,5.17643,0.0516636,0.0887907,1.09052e-05,4.31939e-05,0.146939,0.0142005,0.0450164,0.0150398,0.0405751
1635,1748967058,2025-06-03 16:10 UTC,205350,279092,2.92508,5.23068,0.0582372,0.0960389,1.35235e-05,5.09895e-05,0.146939,0.0148068,0.0459648,0.0189082,0.0474742
1636,1748967358,2025-06-03 16:15 UTC,205073,278882,2.98597,5.28501,0.0649359,0.103401,1.03799e-05,6.01694e-05,0.146939,0.0154285,0.0469247,0.0233257,0.0550581
1637,1748967658,2025-06-03 16:20 UTC,204792,278669,3.04703,5.33943,0.0717237,0.110855,1.07837e-05,7.62033e-05,0.146939,0.0160653,0.0478959,0.0282842,0.0632925
1638,1748967957,2025-06-03 16:25 UTC,204509,278456,3.10803,5.39374,0.0785541,0.118358,9.91497e-06,0.000165414,0.146946,0.0167151,0.0488751,0.0337692,0.0721145
1639,1748968257,2025-06-03 16:30 UTC,204223,278240,3.16938,5.45937,0.0854571,0.125947,1.15508e-05,0.000113614,0.146947,0.0173822,0.0500718,0.0398156,0.0816696
1640,1748968557,2025-06-03 16:35 UTC,203934,278022,3.23086,5.54922,0.0923987,0.133587,1.53017e-05,0.0001335,0.146947,0.0180645,0.0517338,0.046401,0.0918824
1641,1748968857,2025-06-03 16:40 UTC,203642,277803,3.29246,5.63908,0.0993708,0.141269,1.23442e-05,0.000153419,0.146947,0.0187621,0.0534228,0.0535395,0.102754
1642,1748969157,2025-06-03 16:45 UTC,203347,277581,3.35418,5.72894,0.106368,0.148986,1.69072e-05,0.000181884,0.146947,0.0194748,0.0551389,0.0612128,0.11429
1643,1748969457,2025-06-03 16:50 UTC,203050,277358,3.416,5.8188,0.113384,0.156735,1.5606e-05,0.000219796,0.146947,0.0202028,0.0568822,0.069438,0.126492
1644,1748969757,2025-06-03 16:55 UTC,202750,277133,3.47793,5.90866,0.120418,0.164509,1.55362e-05,0.000238296,0.14695,0.0209461,0.0586526,0.0782053,0.139356
1645,1748970056,2025-06-03 17:00 UTC,202447,276907,3.53975,5.99822,0.127101,0.17177,2.40717e-05,0.000264963,0.146952,0.0217021,0.060444,0.0870312,0.151949
1646,1748970356,2025-06-03 17:05 UTC,202141,276678,3.60186,6.08808,0.132335,0.176847,4.07036e-05,0.000287643,0.146957,0.022476,0.062269,0.094262,0.16102
1647,1748970656,2025-06-03 17:10 UTC,201832,276447,3.66406,6.17794,0.137574,0.18194,2.49342e-05,0.000321563,0.146957,0.0232647,0.0641207,0.101734,0.170473
1648,1748970956,2025-06-03 17:15 UTC,201520,276215,3.72634,6.26781,0.142817,0.187038,1.9121e-05,0.000346284,0.146961,0.0240687,0.0659994,0.109531,0.180067
1649,1748971256,2025-06-03 17:20 UTC,201205,275981,3.78869,6.35767,0.148063,0.192816,2.76414e-05,0.000376623,0.146961,0.024888,0.0679055,0.117617,0.191442
1650,1748971556,2025-06-03 17:25 UTC,200888,275745,3.85112,6.44753,0.153312,0.200104,2.68418e-05,0.00039982,0.14696,0.0257226,0.0698386,0.126007,0.206143
1651,1748971855,2025-06-03 17:30 UTC,200567,275507,3.9134,6.53709,0.158547,0.207368,2.52884e-05,0.000432544,0.146964,0.0265696,0.0717924,0.134679,0.221407
1652,1748972155,2025-06-03 17:35 UTC,200243,275266,3.97596,6.62695,0.163802,0.214657,2.64935e-05,0.000462087,0.146969,0.0274346,0.0737796,0.143671,0.237188
1653,1748972455,2025-06-03 17:40 UTC,199917,275025,4.03858,6.71682,0.16906,0.221946,1.43263e-05,0.000496732,0.146977,0.0283151,0.0757941,0.15299,0.253625
1654,1748972755,2025-06-03 17:45 UTC,199588,274781,4.10126,6.80668,0.174319,0.229235,1.83121e-05,0.00052675,0.146981,0.0292106,0.0778358,0.162576,0.270586
1655,1748973055,2025-06-03 17:50 UTC,199255,274535,4.16399,6.89772,0.179581,0.236525,2.73234e-05,0.000562847,0.146989,0.0301213,0.0799319,0.172451,0.288039
1656,1748973355,2025-06-03 17:55 UTC,198920,274287,4.22678,6.99098,0.184844,0.243814,3.43771e-05,0.000585341,0.146992,0.0310473,0.0821079,0.182633,0.306
1657,1748973655,2025-06-03 18:00 UTC,198587,274043,4.28992,7.07764,0.18969,0.250512,2.74876e-05,0.00062216,0.147004,0.0319803,0.0841563,0.192294,0.323061
1658,1748973954,2025-06-03 18:05 UTC,198346,273895,4.35434,7.13477,0.192664,0.25456,1.92637e-05,0.000636911,0.147009,0.0328889,0.0855202,0.19832,0.333642
1659,1748974254,2025-06-03 18:10 UTC,198106,273749,4.4192,7.19218,0.19565,0.258622,2.44976e-05,0.000653346,0.147029,0.0338176,0.0869023,0.204447,0.344359
1660,1748974554,2025-06-03 18:15 UTC,197869,273603,4.48425,7.25551,0.198638,0.262684,2.05603e-05,0.000672663,0.147047,0.0347637,0.0884392,0.210691,0.355231
1661,1748974854,2025-06-03 18:20 UTC,197633,273458,4.54949,7.3218,0.20163,0.266746,2.23489e-05,0.000694024,0.147061,0.0357269,0.0900627,0.217024,0.36632
1662,1748975154,2025-06-03 18:25 UTC,197399,273314,4.61491,7.3881,0.204623,0.270808,2.37231e-05,0.000706862,0.147071,0.0367073,0.091701,0.223455,0.377613
1663,1748975454,2025-06-03 18:30 UTC,197166,273170,4.6805,7.45442,0.207619,0.27487,2.52003e-05,0.000722466,0.147081,0.037705,0.0933547,0.229982,0.38897
1664,1748975754,2025-06-03 18:35 UTC,196935,273028,4.74625,7.52076,0.210617,0.278932,3.37595e-05,0.000749168,0.147084,0.0387199,0.0950237,0.236604,0.400564
1665,1748976053,2025-06-03 18:40 UTC,196705,272886,4.81193,7.58689,0.213607,0.282981,3.12235e-05,0.000754331,0.147091,0.0397486,0.0967022,0.243307,0.412248
1666,1748976353,2025-06-03 18:45 UTC,196477,272744,4.87797,7.65326,0.21661,0.287043,2.50507e-05,0.000775224,0.147112,0.0407981,0.0984015,0.250155,0.424299
1667,1748976653,2025-06-03 18:50 UTC,196250,272603,4.94415,7.71965,0.219614,0.291105,2.78065e-05,0.000795313,0.147135,0.0418647,0.100116,0.257075,0.436276
1668,1748976953,2025-06-03 18:55 UTC,196024,272463,5.01045,7.78605,0.22262,0.295167,2.99401e-05,0.00080404,0.14717,0.0429485,0.101846,0.264102,0.448572
1669,1748977253,2025-06-03 19:00 UTC,195800,272324,5.07688,7.85247,0.22518,0.298625,3.55751e-05,0.000833434,0.147295,0.0440497,0.10359,0.270158,0.459051
1670,1748977553,2025-06-03 19:05 UTC,195577,272185,5.14342,7.91891,0.225656,0.299266,1.70499e-05,0.000818093,0.147298,0.0451683,0.105351,0.271286,0.461155
1671,1748977853,2025-06-03 19:10 UTC,195355,272047,5.21007,7.98535,0.226134,0.299907,1.55254e-05,0.000824524,0.147331,0.046304,0.107127,0.272393,0.463175
1672,1748978152,2025-06-03 19:15 UTC,195135,271910,5.27661,8.0516,0.226613,0.300547,1.8159e-05,0.000813098,0.147334,0.047453,0.108911,0.273496,0.465105
1673,1748978452,2025-06-03 19:20 UTC,194915,271773,5.34347,8.11807,0.227095,0.301188,1.59071e-05,0.000814381,0.147344,0.0486232,0.110717,0.274621,0.467124
1674,1748978752,2025-06-03 19:25 UTC,194697,271637,5.41043,8.18457,0.22758,0.30183,1.52783e-05,0.000819018,0.147355,0.0498106,0.112538,0.275752,0.469118
1675,1748979052,2025-06-03 19:30 UTC,194480,271502,5.47749,8.25941,0.228067,0.302474,2.09955e-05,0.000807557,0.147377,0.0510152,0.114606,0.276872,0.47102
1676,1748979352,2025-06-03 19:35 UTC,194264,271367,5.54464,8.33832,0.228557,0.303122,1.46367e-05,0.000804421,0.147398,0.0522372,0.116806,0.278022,0.473164
1677,1748979652,2025-06-03 19:40 UTC,194049,271233,5.61187,8.41723,0.229048,0.30377,1.81048e-05,0.000935561,0.147414,0.0534763,0.119027,0.279165,0.47509
1678,1748979952,2025-06-03 19:45 UTC,193835,271099,5.67919,8.49615,0.229542,0.304417,1.67252e-05,0.000912178,0.147429,0.0547327,0.12127,0.280311,0.477202
1679,1748980251,2025-06-03 19:50 UTC,193622,270966,5.74636,8.57481,0.230036,0.305063,1.90496e-05,0.000903854,0.147429,0.0560021,0.123525,0.281456,0.479206
1680,1748980551,2025-06-03 19:55 UTC,193410,270834,5.81383,8.65373,0.230534,0.305711,2.13432e-05,0.000886673,0.147447,0.0572929,0.12581,0.282615,0.481206
1681,1748980851,2025-06-03 20:00 UTC,193199,270702,5.88139,8.73267,0.23061,0.305865,1.55945e-05,0.00112554,0.147492,0.0586014,0.128116,0.282796,0.481802
1682,1748981151,2025-06-03 20:05 UTC,192988,270571,5.94901,8.81161,0.228612,0.303608,9.99788e-06,0.00082669,0.147492,0.0599268,0.130442,0.277971,0.474738
1683,1748981451,2025-06-03 20:10 UTC,192779,270440,6.01671,8.89055,0.226614,0.301352,1.15774e-05,0.000783968,0.147493,0.0612695,0.132791,0.273186,0.467725
1684,1748981751,2025-06-03 20:15 UTC,192570,270310,6.08447,8.9695,0.224617,0.299095,1.06077e-05,0.000758815,0.147492,0.0626293,0.135159,0.268434,0.460714
1685,1748982050,2025-06-03 20:20 UTC,192363,270180,6.15208,9.04819,0.222627,0.296846,1.3185e-05,0.000746481,0.147492,0.0640019,0.137541,0.263747,0.453858
1686,1748982350,2025-06-03 20:25 UTC,192156,270051,6.21997,9.12714,0.22063,0.29459,9.77843e-06,0.000736274,0.147493,0.0653962,0.139952,0.259087,0.446946
1687,1748982650,2025-06-03 20:30 UTC,191949,269922,6.28793,9.2061,0.218634,0.292333,1.15356e-05,0.000727052,0.147493,0.0668078,0.142383,0.254477,0.440154
1688,1748982950,2025-06-03 20:35 UTC,191744,269794,6.35595,9.28507,0.216638,0.290076,1.11587e-05,0.00148629,0.147496,0.0682366,0.144837,0.249902,0.433395
1689,1748983250,2025-06-03 20:40 UTC,191539,269667,6.42402,9.36404,0.214642,0.28782,1.31967e-05,0.00145676,0.147496,0.0696828,0.147312,0.245379,0.426651
1690,1748983550,2025-06-03 20:45 UTC,191335,269540,6.49215,9.44301,0.212646,0.285563,1.00437e-05,0.00142874,0.147496,0.0711461,0.149806,0.240891,0.420003
1691,1748983850,2025-06-03 20:50 UTC,191132,269413,6.56034,9.52199,0.210651,0.283307,8.70782e-06,0.00139955,0.147496,0.0726266,0.152323,0.236447,0.413356
1692,1748984149,2025-06-03 20:55 UTC,190929,269287,6.62836,9.60071,0.208663,0.281058,9.14391e-06,0.00137204,0.147498,0.0741194,0.154851,0.232061,0.406843
1693,1748984449,2025-06-03 21:00 UTC,190738,269169,6.68383,9.66497,0.206398,0.278461,1.81915e-05,0.00132912,0.147498,0.0753498,0.156932,0.227144,0.399415
1694,1748984749,2025-06-03 21:05 UTC,190734,269163,6.67369,9.65386,0.20275,0.274123,1.37338e-05,0.00129367,0.147498,0.0751292,0.156571,0.219311,0.38703
1695,1748985049,2025-06-03 21:10 UTC,190737,269160,6.66361,9.64285,0.199105,0.269837,1.29062e-05,0.00125538,0.147498,0.0749107,0.156214,0.211625,0.374987
1696,1748985349,2025-06-03 21:15 UTC,190749,269160,6.65359,9.63193,0.195463,0.265564,1.52924e-05,0.00121814,0.147498,0.0746942,0.155861,0.20409,0.363219
1697,1748985649,2025-06-03 21:20 UTC,190769,269161,6.64363,9.62112,0.191825,0.261403,1.76508e-05,0.00117425,0.147498,0.0744798,0.155511,0.196699,0.351937
1698,1748985949,2025-06-03 21:25 UTC,190796,269165,6.63374,9.6104,0.18819,0.257684,1.56792e-05,0.0011347,0.147498,0.0742672,0.155165,0.189444,0.342041
1699,1748986248,2025-06-03 21:30 UTC,190832,269171,6.62395,9.59981,0.184571,0.254014,1.29838e-05,0.0010982,0.147497,0.0740574,0.154823,0.182355,0.332358
1700,1748986548,2025-06-03 21:35 UTC,190875,269180,6.61418,9.58928,0.180943,0.25038,1.42344e-05,0.00105766,0.147498,0.0738489,0.154483,0.175397,0.322919
1701,1748986848,2025-06-03 21:40 UTC,190925,269190,6.60449,9.57886,0.177321,0.24677,1.25444e-05,0.00101897,0.147497,0.0736423,0.154148,0.168575,0.313665
1702,1748987148,2025-06-03 21:45 UTC,190983,269203,6.59485,9.56853,0.173703,0.24316,1.26678e-05,0.000977787,0.1475,0.0734378,0.153815,0.161903,0.304528
1703,1748987448,2025-06-03 21:50 UTC,191048,269217,6.58529,9.55829,0.17009,0.239553,1.25054e-05,0.000949628,0.1475,0.0732353,0.153486,0.155376,0.295593
1704,1748987748,2025-06-03 21:55 UTC,191120,269234,6.57579,9.54816,0.166482,0.235971,1.22029e-05,0.000914897,0.1475,0.0730348,0.153161,0.148992,0.286801
1705,1748988048,2025-06-03 22:00 UTC,191199,269254,6.56636,9.54531,0.162823,0.232224,1.32063e-05,0.000883043,0.147499,0.0728363,0.15307,0.142645,0.277779
1706,1748988347,2025-06-03 22:05 UTC,191285,269275,6.55702,9.55232,0.158876,0.227621,2.18268e-05,0.000842423,0.1475,0.0726406,0.153295,0.135899,0.266899
1707,1748988647,2025-06-03 22:10 UTC,191377,269298,6.54773,9.55939,0.154917,0.223005,1.94187e-05,0.000811652,0.147499,0.072446,0.153522,0.129279,0.256173
1708,1748988947,2025-06-03 22:15 UTC,191476,269323,6.5385,9.5665,0.15096,0.218389,1.90055e-05,0.000771462,0.1475,0.0722535,0.15375,0.122839,0.245666
1709,1748989247,2025-06-03 22:20 UTC,191581,269350,6.52934,9.57363,0.147004,0.213775,1.35079e-05,0.000743496,0.1475,0.0720629,0.153979,0.116554,0.235447
1710,1748989547,2025-06-03 22:25 UTC,191692,269379,6.52025,9.5808,0.14305,0.209162,1.67358e-05,0.000713571,0.1475,0.0718743,0.15421,0.110449,0.225369
1711,1748989847,2025-06-03 22:30 UTC,191809,269410,6.51123,9.588,0.139098,0.204551,1.52946e-05,0.000682254,0.147499,0.0716877,0.154442,0.104501,0.215454
1712,1748990146,2025-06-03 22:35 UTC,191933,269443,6.50231,9.59521,0.135161,0.199956,1.42244e-05,0.000654039,0.1475,0.0715038,0.154674,0.0987556,0.205958
1713,1748990446,2025-06-03 22:40 UTC,192062,269478,6.49343,9.60248,0.131213,0.195361,1.22146e-05,0.000626629,0.1475,0.0713212,0.154909,0.0931511,0.196575
1714,1748990746,2025-06-03 22:45 UTC,192197,269515,6.48463,9.60978,0.127267,0.190771,1.22885e-05,0.000602205,0.1475,0.0711406,0.155144,0.087719,0.187509
1715,1748991046,2025-06-03 22:50 UTC,192337,269554,6.47589,9.61711,0.123324,0.186182,1.25069e-05,0.000573377,0.1475,0.070962,0.155381,0.082456,0.178555
1716,1748991346,2025-06-03 22:55 UTC,192484,269595,6.46723,9.62447,0.119384,0.181596,1.08e-05,0.000548137,0.1475,0.0707853,0.155619,0.0773558,0.169856
1717,1748991646,2025-06-03 23:00 UTC,192635,269637,6.45864,9.63187,0.11553,0.177059,9.64471e-06,0.000526574,0.1475,0.0706106,0.155859,0.0725221,0.161481
1718,1748991946,2025-06-03 23:05 UTC,192792,269682,6.45012,9.6393,0.112135,0.172793,8.49024e-06,0.000506912,0.1475,0.0704379,0.156099,0.0683602,0.15379
1719,1748992245,2025-06-03 23:10 UTC,192954,269728,6.44171,9.64673,0.108754,0.168542,9.58084e-06,0.000489947,0.1475,0.0702678,0.15634,0.0643412,0.14633
1720,1748992545,2025-06-03 23:15 UTC,193122,269776,6.43334,9.65423,0.105365,0.16428,8.08433e-06,0.000471541,0.147502,0.070099,0.156583,0.0604296,0.13901
1721,1748992845,2025-06-03 23:20 UTC,193294,269826,6.42505,9.66175,0.101978,0.160019,7.73985e-06,0.000455145,0.147502,0.0699323,0.156827,0.0566458,0.131893
1722,1748993145,2025-06-03 23:25 UTC,193471,269877,6.41683,9.6693,0.0985945,0.155761,8.61211e-06,0.000438618,0.147502,0.0697675,0.157072,0.0529867,0.124976
1723,1748993445,2025-06-03 23:30 UTC,193653,269931,6.40869,9.67689,0.0952148,0.151506,7.23774e-06,0.000422578,0.147502,0.0696047,0.157319,0.0494516,0.118224
1724,1748993745,2025-06-03 23:35 UTC,193840,269986,6.40062,9.68451,0.091839,0.147253,8.14569e-06,0.000408086,0.147503,0.0694439,0.157567,0.0460451,0.111687
1725,1748994045,2025-06-03 23:40 UTC,194032,270042,6.39264,9.69216,0.0884677,0.143003,8.33685e-06,0.00038707,0.147502,0.069285,0.157816,0.042762,0.105335
1726,1748994344,2025-06-03 23:45 UTC,194228,270101,6.38475,9.69982,0.0851126,0.138771,8.12297e-06,0.000380485,0.147502,0.0691286,0.158065,0.0396137,0.0991897
1727,1748994644,2025-06-03 23:50 UTC,194429,270162,6.37692,9.70753,0.0817519,0.134534,8.06453e-06,0.000366755,0.147502,0.0689736,0.158317,0.0365798,0.0932397
1728,1748994944,2025-06-03 23:55 UTC,194634,270223,6.36917,9.71528,0.0783975,0.1303,1.1831e-05,0.000356013,0.147503,0.0688206,0.158569,0.0336739,0.0874698
1729,1748995244,2025-06-04 00:00 UTC,194842,270288,6.36415,9.71816,0.0752049,0.126302,8.40067e-06,0.000347289,0.147502,0.0687264,0.158663,0.0310202,0.0821679
1730,1748995544,2025-06-04 00:05 UTC,195033,270369,6.37464,9.69258,0.072916,0.123655,6.28485e-06,0.000340986,0.147502,0.0689645,0.157829,0.0292141,0.0787552
1731,1748995844,2025-06-04 00:10 UTC,195227,270453,6.38517,9.66704,0.0706293,0.12101,6.75105e-06,0.000334895,0.147502,0.0692045,0.156999,0.0274691,0.0754219
1732,1748996144,2025-06-04 00:15 UTC,195424,270538,6.39576,9.64153,0.068345,0.118367,5.00592e-06,0.000328864,0.147501,0.0694461,0.156171,0.0257796,0.0721662
1733,1748996443,2025-06-04 00:20 UTC,195624,270625,6.40636,9.61613,0.0660709,0.115736,4.52246e-06,0.000323408,0.147501,0.0696887,0.155349,0.0241557,0.068989
1734,1748996743,2025-06-04 00:25 UTC,195827,270714,6.41704,9.59068,0.0637921,0.113098,4.07961e-06,0.000317402,0.147502,0.0699339,0.154528,0.0225849,0.0658874
1735,1748997043,2025-06-04 00:30 UTC,196034,270804,6.42777,9.56526,0.0615166,0.110464,4.32651e-06,0.000312643,0.147502,0.0701809,0.15371,0.0210723,0.0628425
1736,1748997343,2025-06-04 00:35 UTC,196243,270896,6.43855,9.53987,0.0592446,0.107832,4.48475e-06,0.000307759,0.147501,0.0704296,0.152895,0.0196185,0.0598876
1737,1748997643,2025-06-04 00:40 UTC,196455,270990,6.44938,9.51787,0.0569767,0.105205,3.99024e-06,0.000303171,0.147502,0.07068,0.152191,0.0182228,0.0570033
1738,1748997943,2025-06-04 00:45 UTC,196670,271086,6.46025,9.5315,0.0547133,0.10258,4.3612e-06,0.000299224,0.147503,0.0709322,0.152627,0.0168854,0.0542011
1739,1748998242,2025-06-04 00:50 UTC,196888,271183,6.47113,9.5451,0.0524625,0.0999687,3.57233e-06,0.000294816,0.147503,0.0711853,0.153063,0.01561,0.0514712
1740,1748998542,2025-06-04 00:55 UTC,197109,271282,6.4821,9.55876,0.05021,0.0973527,3.15711e-06,0.000289479,0.147504,0.071441,0.153501,0.0143896,0.0488131
1741,1748998842,2025-06-04 01:00 UTC,197333,271383,6.49311,9.57243,0.0481899,0.0950292,3.01373e-06,0.000287782,0.147503,0.0716985,0.153941,0.0133476,0.0465141
1742,1748999142,2025-06-04 01:05 UTC,197559,271485,6.50417,9.58611,0.0475709,0.0944763,2.22341e-06,0.000287652,0.147503,0.0719577,0.154381,0.0130797,0.0459725
1743,1748999442,2025-06-04 01:10 UTC,197788,271589,6.51527,9.59981,0.0469744,0.0939238,2.53642e-06,0.000288089,0.147503,0.0722187,0.154823,0.0128225,0.0454375
1744,1748999742,2025-06-04 01:15 UTC,198020,271695,6.52642,9.61352,0.0464023,0.0933742,1.90735e-06,0.000288461,0.147503,0.0724814,0.155265,0.0125737,0.0449036
1745,1749000042,2025-06-04 01:20 UTC,198255,271802,6.53762,9.62724,0.0458565,0.0928261,2.15741e-06,0.000288635,0.147503,0.0727459,0.155709,0.0123358,0.0443785
1746,1749000341,2025-06-04 01:25 UTC,198492,271911,6.54883,9.64093,0.0453407,0.0922801,1.8499e-06,0.000288899,0.147503,0.0730112,0.156152,0.0121078,0.0438564
1747,1749000641,2025-06-04 01:30 UTC,198732,272021,6.56012,9.65467,0.0448532,0.0917326,1.67106e-06,0.000289325,0.147503,0.0732792,0.156597,0.0118892,0.0433383
1748,1749000941,2025-06-04 01:35 UTC,198974,272133,6.57145,9.66843,0.0443975,0.0911856,1.64391e-06,0.000289437,0.147503,0.0735489,0.157044,0.01168,0.0428211
1749,1749001241,2025-06-04 01:40 UTC,199219,272247,6.58284,9.6822,0.0439749,0.0906388,1.36191e-06,0.000289843,0.147503,0.0738204,0.157492,0.0114808,0.0423119
1750,1749001541,2025-06-04 01:45 UTC,199467,272362,6.59427,9.69598,0.0435861,0.0900925,1.64996e-06,0.000290298,0.147503,0.0740936,0.15794,0.0112912,0.0418019
1751,1749001841,2025-06-04 01:50 UTC,199717,272478,6.60574,9.70977,0.0432317,0.0895465,1.42398e-06,0.00029072,0.147503,0.0743686,0.15839,0.0111111,0.0413
1752,1749002141,2025-06-04 01:55 UTC,199969,272596,6.61726,9.72358,0.0429116,0.089001,1.56831e-06,0.00029112,0.147503,0.0746453,0.158841,0.0109404,0.0407941
1753,1749002440,2025-06-04 02:00 UTC,200224,272716,6.62879,9.73735,0.0428232,0.0886947,2.04625e-06,0.00029271,0.147503,0.0749228,0.159291,0.010873,0.0405124
1754,1749002740,2025-06-04 02:05 UTC,200481,272836,6.64041,9.75118,0.0440355,0.0899281,1.24949e-06,0.000296114,0.147503,0.0752031,0.159744,0.011435,0.0416485
1755,1749003040,2025-06-04 02:10 UTC,200740,272959,6.65207,9.76502,0.0452556,0.0911765,1.66898e-06,0.000299469,0.147503,0.075485,0.160197,0.0120157,0.0428112
1756,1749003340,2025-06-04 02:15 UTC,201002,273083,6.66378,9.77887,0.0464827,0.0924261,1.61154e-06,0.000302857,0.147503,0.0757687,0.160652,0.0126168,0.0439935
1757,1749003640,2025-06-04 02:20 UTC,201266,273208,6.67554,9.79273,0.0477159,0.0936767,1.61426e-06,0.000306503,0.147503,0.0760541,0.161108,0.0132378,0.0451905
1758,1749003940,2025-06-04 02:25 UTC,201532,273335,6.68736,9.80661,0.0489546,0.094928,2.06519e-06,0.000309762,0.147503,0.0763413,0.161565,0.0138783,0.0464069
1759,1749004240,2025-06-04 02:30 UTC,201801,273463,6.69923,9.82049,0.0501982,0.0961803,2.57291e-06,0.000313623,0.147503,0.0766302,0.162023,0.0145389,0.0476378
1760,1749004539,2025-06-04 02:35 UTC,202072,273592,6.71111,9.83435,0.0514421,0.0974291,1.61169e-06,0.000317217,0.147503,0.0769198,0.16248,0.0152175,0.0488836
1761,1749004839,2025-06-04 02:40 UTC,202345,273723,6.72308,9.84826,0.0526942,0.0986829,1.9034e-06,0.000321051,0.147503,0.0772122,0.16294,0.0159177,0.0501506
1762,1749005139,2025-06-04 02:45 UTC,202620,273855,6.7351,9.86218,0.05395,0.0999375,1.43873e-06,0.000324933,0.147503,0.0775063,0.163401,0.0166381,0.0514331
1763,1749005439,2025-06-04 02:50 UTC,202897,273989,6.74718,9.87611,0.0552092,0.101193,1.68252e-06,0.000328608,0.147503,0.0778021,0.163863,0.0173786,0.0527356
1764,1749005739,2025-06-04 02:55 UTC,203176,274124,6.75931,9.89005,0.0564714,0.102451,1.85059e-06,0.000332731,0.147503,0.0780996,0.164326,0.0181383,0.0540538
1765,1749006039,2025-06-04 03:00 UTC,203455,274258,6.76884,9.90345,0.0578516,0.103858,2.17249e-06,0.000336888,0.147503,0.0783371,0.164772,0.0189915,0.0555473
1766,1749006339,2025-06-04 03:05 UTC,203691,274369,6.76058,9.91313,0.0600282,0.106163,2.01029e-06,0.000345005,0.147503,0.0781625,0.165094,0.0203862,0.0580421
1767,1749006638,2025-06-04 03:10 UTC,203927,274480,6.75237,9.92278,0.0622382,0.108461,2.4667e-06,0.000353325,0.147503,0.0779893,0.165416,0.0218492,0.0605803
1768,1749006938,2025-06-04 03:15 UTC,204162,274592,6.74415,9.93247,0.0644915,0.11077,3.08437e-06,0.000361884,0.147503,0.0778162,0.165739,0.0233911,0.0631843
1769,1749007238,2025-06-04 03:20 UTC,204398,274705,6.73594,9.94216,0.0667762,0.113084,2.63147e-06,0.000372537,0.147503,0.0776439,0.166062,0.0250082,0.0658556
1770,1749007538,2025-06-04 03:25 UTC,204633,274818,6.72776,9.95185,0.0690886,0.115474,3.95268e-06,0.000381737,0.147503,0.0774723,0.166386,0.0266985,0.0686667
1771,1749007838,2025-06-04 03:30 UTC,204868,274933,6.7196,9.96155,0.0714252,0.117872,2.78178e-06,0.000390975,0.147503,0.0773015,0.16671,0.0284656,0.0715487
1772,1749008138,2025-06-04 03:35 UTC,205102,275048,6.71145,9.97124,0.0737833,0.120271,3.02495e-06,0.000400671,0.147503,0.0771314,0.167035,0.0303067,0.0744904
1773,1749008437,2025-06-04 03:40 UTC,205337,275163,6.70335,9.98091,0.0761523,0.122678,3.01003e-06,0.000410556,0.147503,0.0769626,0.167359,0.0322168,0.0775031
1774,1749008737,2025-06-04 03:45 UTC,205571,275280,6.69524,9.99062,0.078546,0.125098,3.46052e-06,0.000419116,0.147503,0.076794,0.167685,0.0342083,0.0805896
1775,1749009037,2025-06-04 03:50 UTC,205806,275397,6.68715,10.0003,0.0809546,0.127536,3.44395e-06,0.000431107,0.147503,0.0766261,0.168011,0.036276,0.083758
1776,1749009337,2025-06-04 03:55 UTC,206040,275515,6.67908,10.01,0.0833765,0.129978,4.1529e-06,0.000441887,0.147503,0.0764589,0.168337,0.0384183,0.0870024
1777,1749009637,2025-06-04 04:00 UTC,206274,275634,6.67103,10.0197,0.0857823,0.132431,3.55692e-06,0.000452847,0.147503,0.0762925,0.168664,0.04061,0.0903135
1778,1749009937,2025-06-04 04:05 UTC,206508,275753,6.663,10.0295,0.0879979,0.134933,4.01413e-06,0.000464391,0.147503,0.0761268,0.168991,0.0426726,0.0937615
1779,1749010237,2025-06-04 04:10 UTC,206742,275874,6.65499,10.0392,0.0902194,0.137517,4.2203e-06,0.000476142,0.147503,0.0759619,0.169319,0.0447931,0.0973806
1780,1749010536,2025-06-04 04:15 UTC,206976,275995,6.64703,10.0489,0.0924392,0.140147,4.58015e-06,0.000487796,0.147504,0.0757982,0.169646,0.0469646,0.101146
1781,1749010836,2025-06-04 04:20 UTC,207210,276116,6.63906,10.0586,0.0946715,0.142786,4.56349e-06,0.000500619,0.147504,0.0756347,0.169974,0.0492017,0.104984
1782,1749011136,2025-06-04 04:25 UTC,207444,276239,6.63111,10.0683,0.0969086,0.145426,3.95127e-06,0.000512779,0.147503,0.0754719,0.170303,0.0514973,0.108905
1783,1749011436,2025-06-04 04:30 UTC,207678,276362,6.62318,10.078,0.0991502,0.148067,5.30391e-06,0.000526102,0.147503,0.0753099,0.170632,0.0538492,0.1129
1784,1749011736,2025-06-04 04:35 UTC,207913,276486,6.61527,10.0878,0.101396,0.150708,4.52281e-06,0.000539514,0.147504,0.0751486,0.170962,0.0562615,0.116961
1785,1749012036,2025-06-04 04:40 UTC,208147,276610,6.60738,10.0975,0.103646,0.153363,4.86799e-06,0.000554196,0.147503,0.074988,0.171292,0.0587303,0.121115
1786,1749012336,2025-06-04 04:45 UTC,208381,276736,6.59951,10.1072,0.105899,0.156027,5.51938e-06,0.000566018,0.147503,0.0748281,0.171623,0.0612568,0.125357
1787,1749012635,2025-06-04 04:50 UTC,208616,276862,6.59169,10.117,0.108148,0.158683,4.7434e-06,0.000582714,0.147503,0.0746696,0.171953,0.0638355,0.129668
1788,1749012935,2025-06-04 04:55 UTC,208850,276989,6.58387,10.1267,0.110408,0.161349,5.29607e-06,0.000597262,0.147503,0.0745111,0.172284,0.0664783,0.134066
1789,1749013235,2025-06-04 05:00 UTC,209085,277116,6.57606,10.1364,0.112515,0.163883,4.57227e-06,0.00061135,0.147503,0.0743535,0.172616,0.0689918,0.138306
1790,1749013535,2025-06-04 05:05 UTC,209320,277244,6.56828,10.1462,0.113443,0.165418,3.4111e-06,0.000621321,0.147503,0.0741965,0.172948,0.0701031,0.140906
1791,1749013835,2025-06-04 05:10 UTC,209555,277373,6.56052,10.1559,0.114372,0.166953,3.36209e-06,0.000630674,0.147504,0.0740403,0.17328,0.0712247,0.14354
1792,1749014135,2025-06-04 05:15 UTC,209791,277503,6.55278,10.1657,0.115302,0.168488,2.82966e-06,0.000640407,0.147504,0.0738847,0.173613,0.072357,0.146187
1793,1749014435,2025-06-04 05:20 UTC,210026,277651,6.54506,10.1754,0.116232,0.170022,3.2131e-06,0.000650151,0.147504,0.0737299,0.173947,0.0734998,0.14887
1794,1749014734,2025-06-04 05:25 UTC,210262,277802,6.53739,10.1852,0.11716,0.171567,2.95128e-06,0.000660092,0.147504,0.0735763,0.174279,0.0746512,0.151581
1795,1749015034,2025-06-04 05:30 UTC,210497,277954,6.52971,10.1949,0.118091,0.173121,3.51476e-06,0.00067185,0.147504,0.0734229,0.174614,0.0758169,0.154345
1796,1749015334,2025-06-04 05:35 UTC,210733,278107,6.52206,10.2047,0.119023,0.174677,3.3413e-06,0.000681257,0.147504,0.0732702,0.174948,0.0769948,0.157135
1797,1749015634,2025-06-04 05:40 UTC,210970,278260,6.51443,10.2145,0.119956,0.176232,3.14013e-06,0.000691791,0.147503,0.0731182,0.175283,0.0781836,0.159939
1798,1749015934,2025-06-04 05:45 UTC,211206,278414,6.50683,10.2242,0.120889,0.177787,4.17138e-06,0.000702852,0.147503,0.0729669,0.175619,0.0793826,0.162778
1799,1749016234,2025-06-04 05:50 UTC,211443,278569,6.49925,10.234,0.121823,0.179342,3.14843e-06,0.00071368,0.147503,0.0728164,0.175955,0.0805954,0.165639
1800,1749016533,2025-06-04 05:55 UTC,211680,278725,6.49171,10.2437,0.122754,0.180892,3.79495e-06,0.000726143,0.147503,0.072667,0.17629,0.0818125,0.168507
1801,1749016833,2025-06-04 06:00 UTC,211913,278876,6.48402,10.2515,0.123505,0.182197,3.16148e-06,0.000735521,0.147504,0.0725133,0.176557,0.0828051,0.170955
1802,1749017133,2025-06-04 06:05 UTC,212093,278972,6.47512,10.243,0.122777,0.181486,2.5837e-06,0.000723403,0.147504,0.0723227,0.176265,0.081819,0.169637
1803,1749017433,2025-06-04 06:10 UTC,212269,279065,6.46625,10.2346,0.122049,0.180775,2.33224e-06,0.000712458,0.147503,0.0721333,0.175974,0.0808393,0.168303
1804,1749017733,2025-06-04 06:15 UTC,212442,279205,6.45739,10.2261,0.121322,0.180065,2.55526e-06,0.00070078,0.147503,0.0719452,0.175682,0.0798673,0.16698
1805,1749018033,2025-06-04 06:20 UTC,212611,279376,6.44856,10.2176,0.120595,0.179354,2.65946e-06,0.00069059,0.147503,0.0717584,0.175391,0.0789029,0.165673
1806,1749018333,2025-06-04 06:25 UTC,212777,279544,6.43974,10.2091,0.119869,0.178644,2.45097e-06,0.000679448,0.147503,0.0715727,0.1751,0.0779445,0.164353
1807,1749018632,2025-06-04 06:30 UTC,212940,279709,6.43098,10.2007,0.119145,0.177936,2.69335e-06,0.000668703,0.147503,0.071389,0.174811,0.0769989,0.16306
1808,1749018932,2025-06-04 06:35 UTC,213100,279871,6.42221,10.1922,0.11842,0.177226,2.26667e-06,0.000657878,0.147503,0.0712059,0.174521,0.0760554,0.161758
1809,1749019232,2025-06-04 06:40 UTC,213257,280031,6.41346,10.1838,0.117695,0.176531,2.59151e-06,0.000646997,0.147503,0.071024,0.174231,0.0751207,0.160495
1810,1749019532,2025-06-04 06:45 UTC,213410,280188,6.40474,10.1753,0.11697,0.175842,2.26406e-06,0.000636379,0.147504,0.0708434,0.173941,0.074193,0.159246
1811,1749019832,2025-06-04 06:50 UTC,213561,280342,6.39603,10.1668,0.116246,0.175154,2.61797e-06,0.000625553,0.147503,0.0706641,0.173652,0.0732729,0.158002
1812,1749020132,2025-06-04 06:55 UTC,213708,280495,6.38735,10.1584,0.115523,0.174465,2.43035e-06,0.000615275,0.147503,0.070486,0.173363,0.0723598,0.156761
1813,1749020432,2025-06-04 07:00 UTC,213853,280644,6.37869,10.1499,0.114615,0.173508,4.15543e-06,0.000603809,0.147503,0.0703092,0.173075,0.0712284,0.155051
1814,1749020731,2025-06-04 07:05 UTC,213995,280792,6.37008,10.1415,0.112173,0.170305,5.9572e-06,0.000582076,0.147503,0.0701342,0.17279,0.0682251,0.14938
1815,1749021031,2025-06-04 07:10 UTC,214135,280937,6.36147,10.1333,0.109725,0.167092,5.23467e-06,0.000562,0.147503,0.0699599,0.172509,0.0652754,0.143799
1816,1749021331,2025-06-04 07:15 UTC,214271,281079,6.35288,10.1251,0.107279,0.163885,5.00311e-06,0.000542093,0.147503,0.0697867,0.172228,0.0623923,0.138329
1817,1749021631,2025-06-04 07:20 UTC,214405,281220,6.34431,10.1168,0.104835,0.160683,5.63678e-06,0.000521256,0.147503,0.0696149,0.171948,0.0595783,0.132968
1818,1749021931,2025-06-04 07:25 UTC,214537,281358,6.33576,10.1086,0.102395,0.157498,5.5361e-06,0.000501918,0.147504,0.0694443,0.171667,0.05683,0.12776
1819,1749022231,2025-06-04 07:30 UTC,214665,281494,6.32724,10.1003,0.0999573,0.154314,3.94437e-06,0.000482289,0.147503,0.0692749,0.171388,0.0541463,0.122645
1820,1749022531,2025-06-04 07:35 UTC,214792,281627,6.31873,10.0921,0.0975228,0.151132,4.00577e-06,0.000463219,0.147503,0.0691069,0.171108,0.0515319,0.117639
1821,1749022830,2025-06-04 07:40 UTC,214916,281759,6.31028,10.0839,0.0950998,0.147961,5.76264e-06,0.000445676,0.147503,0.0689406,0.17083,0.0489945,0.112763
1822,1749023130,2025-06-04 07:45 UTC,215037,281888,6.30183,10.0756,0.0926724,0.144782,4.80864e-06,0.000426578,0.147503,0.068775,0.170551,0.0465124,0.107971
1823,1749023430,2025-06-04 07:50 UTC,215156,282015,6.2934,10.0674,0.0902489,0.141605,4.19052e-06,0.000407696,0.147503,0.0686106,0.170272,0.0440971,0.103268
1824,1749023730,2025-06-04 07:55 UTC,215273,282141,6.28499,10.0592,0.0878297,0.13843,4.27553e-06,0.000390045,0.147503,0.0684476,0.169994,0.0417499,0.0986918
1825,1749024030,2025-06-04 08:00 UTC,215387,282264,6.2766,10.0509,0.0852507,0.135053,5.21524e-06,0.000372295,0.147503,0.0682858,0.169716,0.0393242,0.0939405
1826,1749024330,2025-06-04 08:05 UTC,215499,282385,6.26824,10.0427,0.0811973,0.12985,5.76056e-06,0.000348263,0.147503,0.0681252,0.169438,0.0357118,0.0868403
1827,1749024629,2025-06-04 08:10 UTC,215609,282504,6.25993,10.0345,0.0771645,0.124668,6.66329e-06,0.00032477,0.147503,0.0679664,0.169161,0.032292,0.0800479
1828,1749024929,2025-06-04 08:15 UTC,215717,282621,6.25162,10.0263,0.0731263,0.119472,5.74132e-06,0.000302514,0.147503,0.0678083,0.168884,0.0290395,0.0735079
1829,1749025229,2025-06-04 08:20 UTC,215823,282736,6.24333,10.0181,0.0690977,0.11428,6.91423e-06,0.000280689,0.147503,0.0676515,0.168607,0.0259698,0.0672713
1830,1749025529,2025-06-04 08:25 UTC,215926,282850,6.23506,10.0098,0.0650804,0.109093,6.76695e-06,0.000259689,0.147503,0.0674959,0.168331,0.0230799,0.0613066
1831,1749025829,2025-06-04 08:30 UTC,216028,282961,6.22682,10.0016,0.0610764,0.103912,5.58958e-06,0.000240825,0.147503,0.0673415,0.168054,0.0203705,0.0556128
1832,1749026129,2025-06-04 08:35 UTC,216127,283071,6.2186,9.9934,0.0570886,0.0987376,4.42313e-06,0.00022379,0.147502,0.0671884,0.167778,0.0178419,0.0502116
1833,1749026429,2025-06-04 08:40 UTC,216224,283178,6.21041,9.98519,0.0531203,0.0935705,5.44802e-06,0.000206762,0.147503,0.0670366,0.167503,0.0154959,0.0450954
1834,1749026728,2025-06-04 08:45 UTC,216320,283284,6.20227,9.977,0.0491892,0.0884295,6.32604e-06,0.000190396,0.147502,0.0668865,0.167228,0.0133381,0.0402843
1835,1749027028,2025-06-04 08:50 UTC,216413,283388,6.19412,9.96879,0.0452747,0.0832819,5.65655e-06,0.000175223,0.147503,0.0667372,0.166953,0.0113534,0.0357207
1836,1749027328,2025-06-04 08:55 UTC,216504,283491,6.186,9.97482,0.0413982,0.078147,5.37834e-06,0.000161156,0.147503,0.0665891,0.167155,0.00954993,0.0314551
1837,1749027628,2025-06-04 09:00 UTC,216591,283588,6.17722,9.99006,0.0374845,0.0729222,4.00303e-06,0.000148271,0.147502,0.0664234,0.167666,0.007897,0.0273858
1838,1749027928,2025-06-04 09:05 UTC,216646,283643,6.16179,9.95934,0.0328427,0.0666979,5.77475e-06,0.000139166,0.147502,0.0660768,0.166637,0.00618446,0.0229171
1839,1749028228,2025-06-04 09:10 UTC,216696,283693,6.1464,9.92863,0.0284145,0.0605065,4.95602e-06,0.000129024,0.147502,0.0657319,0.165611,0.00475033,0.018859
1840,1749028528,2025-06-04 09:15 UTC,216743,283738,6.13105,9.89851,0.0243599,0.0543595,4.43632e-06,0.000123694,0.147502,0.0653887,0.164607,0.00359207,0.0152204
1841,1749028827,2025-06-04 09:20 UTC,216785,283779,6.11579,9.88093,0.0210337,0.0482938,3.21702e-06,0.000118485,0.147503,0.0650485,0.164023,0.00270751,0.0120114
1842,1749029127,2025-06-04 09:25 UTC,216824,283815,6.10052,9.86332,0.0188461,0.0426309,3.83697e-06,0.000114827,0.147503,0.0647089,0.163439,0.0020836,0.0093608
1843,1749029427,2025-06-04 09:30 UTC,216858,283846,6.08528,9.84571,0.0179315,0.0373701,4.17909e-06,0.000110595,0.147503,0.0643711,0.162856,0.0017271,0.00719458
1844,1749029727,2025-06-04 09:35 UTC,216888,283872,6.07009,9.82828,0.0182306,0.032839,3.40433e-06,0.000106191,0.147503,0.0640351,0.16228,0.0016768,0.0055554
1845,1749030027,2025-06-04 09:40 UTC,216915,283894,6.05495,9.8114,0.0196604,0.0327307,3.18221e-06,0.000100615,0.147502,0.0637009,0.161723,0.00196157,0.00551699
1846,1749030327,2025-06-04 09:45 UTC,216938,283912,6.03984,9.79454,0.0220876,0.0398015,2.97654e-06,9.37509e-05,0.147503,0.0633685,0.161168,0.00256129,0.00815728
1847,1749030627,2025-06-04 09:50 UTC,216957,283925,6.02477,9.77769,0.0253263,0.0469172,3.42698e-06,8.57482e-05,0.147503,0.0630378,0.160614,0.00344916,0.0113353
1848,1749030926,2025-06-04 09:55 UTC,216972,283933,6.0098,9.76091,0.0291402,0.0540362,4.60665e-06,8.52214e-05,0.147503,0.0627101,0.160063,0.00461101,0.0150341
1849,1749031226,2025-06-04 10:00 UTC,216984,283937,5.99481,9.74409,0.0333357,0.0610807,4.37773e-06,6.56009e-05,0.147502,0.062383,0.159512,0.00604388,0.0192102
1850,1749031526,2025-06-04 10:05 UTC,216992,283936,5.97987,9.72729,0.0375016,0.0669192,4.55843e-06,6.03857e-05,0.147502,0.0620577,0.158962,0.00761286,0.02306
1851,1749031826,2025-06-04 10:10 UTC,216996,283932,5.96497,9.71049,0.0418415,0.0727715,5.23458e-06,5.62467e-05,0.147502,0.0617342,0.158413,0.00942797,0.0272724
1852,1749032126,2025-06-04 10:15 UTC,216997,283923,5.95011,9.69371,0.0463026,0.0786346,5.46661e-06,5.16805e-05,0.147502,0.0614125,0.157866,0.011492,0.031838
1853,1749032426,2025-06-04 10:20 UTC,216995,283909,5.9353,9.67695,0.0508504,0.0845061,6.88092e-06,4.74421e-05,0.147502,0.0610926,0.157321,0.0138046,0.0367698
1854,1749032726,2025-06-04 10:25 UTC,216988,283891,5.92053,9.6602,0.0554619,0.0903844,7.02948e-06,0.000105159,0.147502,0.0607745,0.156777,0.0163678,0.0420649
1855,1749033025,2025-06-04 10:30 UTC,216979,283869,5.90585,9.64351,0.0601059,0.0962487,6.23862e-06,9.43626e-05,0.147502,0.0604592,0.156236,0.0191719,0.0476996
1856,1749033325,2025-06-04 10:35 UTC,216966,283843,5.89116,9.62679,0.0648023,0.102137,7.92424e-06,6.63049e-05,0.147502,0.0601447,0.155694,0.0222342,0.0537085
1857,1749033625,2025-06-04 10:40 UTC,216950,283813,5.87652,9.61008,0.0695277,0.10803,7.95527e-06,0.000151905,0.147502,0.0598319,0.155154,0.0255484,0.0600893
1858,1749033925,2025-06-04 10:45 UTC,216930,283778,5.86192,9.59339,0.0742763,0.113925,8.26082e-06,5.4658e-05,0.147502,0.0595209,0.154616,0.0291134,0.0668322
1859,1749034225,2025-06-04 10:50 UTC,216907,283739,5.84737,9.57671,0.0790436,0.119824,8.32703e-06,6.61074e-05,0.147502,0.0592118,0.154078,0.0329298,0.0739392
1860,1749034525,2025-06-04 10:55 UTC,216886,283705,5.83286,9.56004,0.0838263,0.125724,9.95923e-06,7.94131e-05,0.147502,0.0589044,0.153543,0.0369959,0.0813896
1861,1749034824,2025-06-04 11:00 UTC,216857,283659,5.81845,9.54345,0.0884785,0.13138,1.05415e-05,4.96162e-05,0.147503,0.0585998,0.15301,0.041179,0.0888696
1862,1749035124,2025-06-04 11:05 UTC,216825,283609,5.80403,9.52681,0.091695,0.134518,9.02212e-06,4.67077e-05,0.147503,0.058296,0.152477,0.0441787,0.093177
1863,1749035424,2025-06-04 11:10 UTC,216790,283555,5.78966,9.51019,0.0949223,0.13766,8.1722e-06,6.07669e-05,0.147502,0.0579939,0.151946,0.0473027,0.0975785
1864,1749035724,2025-06-04 11:15 UTC,216752,283497,5.77533,9.49359,0.0981595,0.140806,8.46225e-06,6.65999e-05,0.147502,0.0576937,0.151415,0.050551,0.102094
1865,1749036024,2025-06-04 11:20 UTC,216710,283434,5.76104,9.477,0.101406,0.143956,8.40296e-06,6.86729e-05,0.147503,0.0573953,0.150887,0.0539242,0.106711
1866,1749036324,2025-06-04 11:25 UTC,216665,283368,5.7468,9.46042,0.10466,0.14711,8.72623e-06,4.92735e-05,0.147503,0.0570986,0.150359,0.0574219,0.11145
1867,1749036624,2025-06-04 11:30 UTC,216618,283298,5.7326,9.44386,0.107922,0.150268,6.93607e-06,0.000115022,0.147502,0.0568037,0.149833,0.0610481,0.11629
1868,1749036923,2025-06-04 11:35 UTC,216567,283224,5.7185,9.42737,0.11118,0.153419,9.14844e-06,0.000187111,0.147502,0.0565117,0.149311,0.0647802,0.1212
1869,1749037223,2025-06-04 11:40 UTC,216513,283145,5.70439,9.41084,0.114456,0.156583,1.01149e-05,0.000120297,0.147502,0.0562204,0.148787,0.0686517,0.126257
1870,1749037523,2025-06-04 11:45 UTC,216456,283063,5.69032,9.39433,0.117737,0.15975,1.06105e-05,6.17817e-05,0.147503,0.0559309,0.148266,0.0726484,0.131417
1871,1749037823,2025-06-04 11:50 UTC,216396,282977,5.6763,9.37783,0.121024,0.16292,9.30518e-06,8.02804e-05,0.147503,0.0556431,0.147745,0.0767728,0.136695
1872,1749038123,2025-06-04 11:55 UTC,216334,282887,5.66232,9.36134,0.124316,0.166093,8.41071e-06,0.000164749,0.147503,0.0553572,0.147226,0.0810219,0.142059
1873,1749038423,2025-06-04 12:00 UTC,216268,282794,5.65,9.34621,0.127458,0.169072,8.16179e-06,8.53087e-05,0.147503,0.0551045,0.146751,0.0851878,0.147211
1874,1749038723,2025-06-04 12:05 UTC,216177,282682,5.65717,9.3471,0.128748,0.169694,6.0016e-06,8.81037e-05,0.147502,0.055232,0.146779,0.0869421,0.148311
1875,1749039022,2025-06-04 12:10 UTC,216078,282563,5.66434,9.34799,0.130036,0.170314,5.92622e-06,9.51367e-05,0.147503,0.05536,0.146807,0.0887074,0.149374
1876,1749039322,2025-06-04 12:15 UTC,215975,282439,5.67156,9.34888,0.131329,0.170936,4.46341e-06,9.89387e-05,0.147502,0.0554895,0.146835,0.0905029,0.15047
1877,1749039622,2025-06-04 12:20 UTC,215868,282311,5.67881,9.34978,0.132624,0.171559,5.19981e-06,0.000100931,0.147502,0.05562,0.146863,0.0923159,0.15158
1878,1749039922,2025-06-04 12:25 UTC,215755,282178,5.68608,9.35067,0.133921,0.172183,5.71745e-06,0.000109007,0.147502,0.0557514,0.146891,0.0941503,0.152677
1879,1749040222,2025-06-04 12:30 UTC,215639,282041,5.69337,9.35157,0.13522,0.172808,5.02277e-06,0.000114303,0.147502,0.0558838,0.146919,0.0960066,0.153782
1880,1749040522,2025-06-04 12:35 UTC,215517,281898,5.70069,9.35246,0.136519,0.173686,6.56654e-06,0.000120069,0.147502,0.0560172,0.146947,0.0978821,0.155358
1881,1749040822,2025-06-04 12:40 UTC,215391,281750,5.70803,9.35336,0.137821,0.174565,4.94332e-06,0.000123466,0.147502,0.0561516,0.146975,0.0997813,0.15693
1882,1749041121,2025-06-04 12:45 UTC,215261,281599,5.71537,9.35426,0.139119,0.175441,4.89063e-06,0.000127418,0.147502,0.0562865,0.147004,0.101693,0.158509
1883,1749041421,2025-06-04 12:50 UTC,215127,281442,5.72276,9.35516,0.140424,0.176319,5.97131e-06,0.000132234,0.147502,0.0564228,0.147032,0.103631,0.160103
1884,1749041721,2025-06-04 12:55 UTC,214988,281280,5.73017,9.35606,0.141729,0.177198,5.85372e-06,0.000139384,0.147502,0.0565602,0.14706,0.105591,0.161706
1885,1749042021,2025-06-04 13:00 UTC,214845,281114,5.73761,9.35696,0.142871,0.177899,3.74926e-06,0.000140211,0.147502,0.0566984,0.147088,0.107325,0.162983
1886,1749042321,2025-06-04 13:05 UTC,214698,280943,5.74507,9.35786,0.141825,0.176249,3.84726e-06,0.000138746,0.147502,0.0568376,0.147117,0.105759,0.159979
1887,1749042621,2025-06-04 13:10 UTC,214546,280768,5.75255,9.35877,0.140781,0.174716,2.66812e-06,0.000136065,0.147502,0.056978,0.147145,0.104202,0.15721
1888,1749042920,2025-06-04 13:15 UTC,214391,280588,5.76003,9.35967,0.139744,0.17414,3.37265e-06,0.00013355,0.147502,0.0571187,0.147174,0.102673,0.156174
1889,1749043220,2025-06-04 13:20 UTC,214231,280402,5.76756,9.36057,0.138707,0.173577,2.97039e-06,0.000130827,0.147502,0.057261,0.147202,0.101152,0.155167
1890,1749043520,2025-06-04 13:25 UTC,214066,280213,5.7751,9.36148,0.137672,0.173027,3.21613e-06,0.00012904,0.147502,0.0574043,0.147231,0.0996503,0.154183
1891,1749043820,2025-06-04 13:30 UTC,213898,280018,5.78268,9.36238,0.13664,0.172492,3.33397e-06,0.00012642,0.147502,0.0575485,0.147259,0.0981654,0.153233
1892,1749044120,2025-06-04 13:35 UTC,213726,279819,5.79027,9.36329,0.135611,0.171972,5.93191e-06,0.000123539,0.147502,0.0576937,0.147288,0.0966977,0.152313
1893,1749044420,2025-06-04 13:40 UTC,213549,279615,5.79789,9.3642,0.134586,0.171465,5.24114e-06,0.000121347,0.147502,0.0578399,0.147316,0.0952488,0.151426
1894,1749044720,2025-06-04 13:45 UTC,213368,279407,5.80552,9.36511,0.133563,0.170974,3.98807e-06,0.00011961,0.147502,0.0579872,0.147345,0.0938123,0.150547
1895,1749045019,2025-06-04 13:50 UTC,213183,279193,5.81316,9.36602,0.132547,0.170499,3.85579e-06,0.000116977,0.147502,0.0581348,0.147373,0.0924022,0.149714
1896,1749045319,2025-06-04 13:55 UTC,212994,278975,5.82084,9.36693,0.131531,0.170037,3.39411e-06,0.000115278,0.147503,0.058284,0.147402,0.0910024,0.1489
1897,1749045619,2025-06-04 14:00 UTC,212801,278753,5.82854,9.36784,0.130342,0.169385,4.15262e-06,0.00011273,0.147503,0.0584342,0.147431,0.0893791,0.147764
1898,1749045919,2025-06-04 14:05 UTC,212604,278525,5.83626,9.36875,0.12656,0.164978,8.03263e-06,0.000107055,0.147503,0.0585853,0.14746,0.0842434,0.140185
1899,1749046219,2025-06-04 14:10 UTC,212403,278293,5.84401,9.36967,0.122789,0.160617,8.78723e-06,9.55143e-05,0.147503,0.0587375,0.147488,0.0792712,0.13287
1900,1749046519,2025-06-04 14:15 UTC,212198,278056,5.85177,9.37058,0.119031,0.156307,6.83238e-06,8.84513e-05,0.147503,0.0588907,0.147517,0.0744631,0.125832
1901,1749046819,2025-06-04 14:20 UTC,211989,277814,5.85955,9.3715,0.115285,0.152051,7.45787e-06,8.08634e-05,0.147503,0.0590448,0.147546,0.0698263,0.11908
1902,1749047118,2025-06-04 14:25 UTC,211776,277567,5.86733,9.37241,0.111566,0.147869,8.27384e-06,7.45574e-05,0.147503,0.0591994,0.147575,0.0653725,0.112618
1903,1749047418,2025-06-04 14:30 UTC,211559,277315,5.87516,9.37333,0.107851,0.143737,7.91113e-06,6.76504e-05,0.147503,0.0593556,0.147604,0.0610702,0.106412
1904,1749047718,2025-06-04 14:35 UTC,211338,277059,5.883,9.37425,0.104152,0.139675,7.47405e-06,6.07828e-05,0.147503,0.0595127,0.147633,0.0569364,0.10049
1905,1749048018,2025-06-04 14:40 UTC,211113,276798,5.89087,9.37517,0.100471,0.135689,7.41537e-06,5.61586e-05,0.147503,0.0596709,0.147662,0.0529709,0.0948263
1906,1749048318,2025-06-04 14:45 UTC,210884,276532,5.89876,9.37609,0.0968106,0.13193,7.83993e-06,6.84004e-05,0.147502,0.05983,0.147691,0.0491746,0.0896401
1907,1749048618,2025-06-04 14:50 UTC,210652,276261,5.90666,9.37701,0.0931724,0.128382,8.08848e-06,5.70376e-05,0.147503,0.0599901,0.14772,0.0455472,0.0848928
1908,1749048918,2025-06-04 14:55 UTC,210415,275985,5.91459,9.37793,0.0895585,0.12491,7.34263e-06,6.53848e-05,0.147503,0.0601513,0.147749,0.0420876,0.080362
1909,1749049217,2025-06-04 15:00 UTC,210174,275705,5.92149,9.37747,0.085841,0.121277,6.98973e-06,5.61849e-05,0.147503,0.060292,0.147734,0.0386769,0.0757446
1910,1749049517,2025-06-04 15:05 UTC,209979,275498,5.91154,9.35406,0.0797779,0.113462,7.43582e-06,3.99392e-05,0.147503,0.0600861,0.146997,0.0333737,0.066305
1911,1749049817,2025-06-04 15:10 UTC,209788,275299,5.90159,9.33066,0.0737621,0.105765,8.39419e-06,6.90255e-05,0.147502,0.0598809,0.146263,0.0285043,0.0576157
1912,1749050117,2025-06-04 15:15 UTC,209597,275099,5.89165,9.30727,0.0678058,0.0982146,7.07079e-06,8.74992e-05,0.147502,0.0596763,0.145531,0.024066,0.0496838
1913,1749050417,2025-06-04 15:20 UTC,209404,274897,5.88173,9.2839,0.0619252,0.0908461,6.57704e-06,6.15846e-05,0.147503,0.0594724,0.1448,0.0200626,0.0425079
1914,1749050717,2025-06-04 15:25 UTC,209211,274694,5.87181,9.26053,0.0561433,0.0837079,5.93461e-06,8.44029e-05,0.147503,0.059269,0.144073,0.016493,0.0360883
1915,1749051017,2025-06-04 15:30 UTC,209016,274490,5.8619,9.23719,0.050492,0.0768643,5.70627e-06,7.9828e-05,0.147503,0.0590663,0.143347,0.0133587,0.0304286
1916,1749051316,2025-06-04 15:35 UTC,208820,274284,5.85204,9.21393,0.0450357,0.070422,5.37137e-06,8.73889e-05,0.147502,0.0588649,0.142626,0.0106677,0.0255423
1917,1749051616,2025-06-04 15:40 UTC,208623,274077,5.84215,9.1906,0.0398064,0.0644522,5.90733e-06,9.58947e-05,0.147503,0.0586634,0.141905,0.00840338,0.0213977
1918,1749051916,2025-06-04 15:45 UTC,208425,273869,5.83227,9.16729,0.0349292,0.0591272,6.53433e-06,0.000101305,0.147503,0.0584626,0.141186,0.00657584,0.018003
1919,1749052216,2025-06-04 15:50 UTC,208226,273659,5.82241,9.144,0.0305793,0.0546359,5.09506e-06,0.000107165,0.147503,0.0582624,0.140469,0.00518581,0.0153703
1920,1749052516,2025-06-04 15:55 UTC,208026,273448,5.81255,9.12072,0.0270593,0.0512884,4.4901e-06,0.000121253,0.147503,0.0580628,0.139755,0.00423104,0.0135476
1921,1749052816,2025-06-04 16:00 UTC,207825,273235,5.80271,9.09745,0.0247745,0.0493806,3.56003e-06,0.00012105,0.147503,0.0578638,0.139043,0.00369511,0.0125589
1922,1749053115,2025-06-04 16:05 UTC,207623,273021,5.7929,9.07427,0.0240009,0.0496345,4.38775e-06,0.000132714,0.147503,0.0576661,0.138335,0.00351932,0.0126878
1923,1749053415,2025-06-04 16:10 UTC,207419,272842,5.78308,9.05103,0.0254031,0.0517241,4.03186e-06,0.000151418,0.147503,0.0574684,0.137627,0.00387247,0.0137768
1924,1749053715,2025-06-04 16:15 UTC,207214,272713,5.77326,9.0278,0.0285669,0.0554443,4.88089e-06,0.000166132,0.147502,0.0572713,0.136922,0.00478078,0.0158291
1925,1749054015,2025-06-04 16:20 UTC,207008,272583,5.76346,9.00458,0.0329851,0.060495,5.24264e-06,0.000180071,0.147503,0.0570748,0.136219,0.00625648,0.0188436
1926,1749054315,2025-06-04 16:25 UTC,206801,272453,5.75367,8.98138,0.0382457,0.0665741,4.40596e-06,0.000212055,0.147502,0.056879,0.135518,0.00829885,0.0228222
1927,1749054615,2025-06-04 16:30 UTC,206593,272322,5.74389,8.9582,0.044056,0.0734265,5.67882e-06,0.000255116,0.147502,0.0566837,0.134819,0.0109025,0.0277661
1928,1749054915,2025-06-04 16:35 UTC,206384,272190,5.73412,8.93503,0.0502291,0.080856,7.15449e-06,8.38194e-05,0.147502,0.0564891,0.134122,0.0140666,0.0336629
1929,1749055214,2025-06-04 16:40 UTC,206173,272058,5.72439,8.91195,0.0566267,0.0886908,7.98708e-06,9.75297e-05,0.147502,0.0562957,0.13343,0.0177754,0.0405025
1930,1749055514,2025-06-04 16:45 UTC,205961,271925,5.71465,8.88881,0.0632179,0.0968785,9.68528e-06,0.000110333,0.147502,0.0561024,0.132738,0.0220529,0.0483154
1931,1749055814,2025-06-04 16:50 UTC,205748,271792,5.70491,8.86568,0.0699335,0.105317,1.04921e-05,0.000131902,0.147502,0.0559096,0.132048,0.026888,0.0571133
1932,1749056114,2025-06-04 16:55 UTC,205534,271658,5.69519,8.84257,0.0767415,0.113951,9.56794e-06,0.000153722,0.147502,0.0557176,0.131361,0.0322806,0.0668521
1933,1749056414,2025-06-04 17:00 UTC,205318,271524,5.68548,8.81947,0.0835836,0.122632,9.92825e-06,0.000179301,0.147502,0.0555261,0.130675,0.0381945,0.0774402
1934,1749056714,2025-06-04 17:05 UTC,205102,271389,5.67578,8.79639,0.0897329,0.129188,1.07314e-05,0.000203011,0.147502,0.0553352,0.129992,0.0438854,0.0859327
1935,1749057014,2025-06-04 17:10 UTC,204884,271253,5.6661,8.77332,0.0959056,0.135767,1.15727e-05,0.000230402,0.147502,0.055145,0.129311,0.0500022,0.0949143
1936,1749057313,2025-06-04 17:15 UTC,204664,271117,5.65646,8.75034,0.102077,0.142342,1.2571e-05,0.00026103,0.147503,0.054956,0.128635,0.0565211,0.104292
1937,1749057613,2025-06-04 17:20 UTC,204444,270980,5.6468,8.7273,0.108284,0.148955,1.45562e-05,0.000293146,0.147502,0.0547671,0.127959,0.0634855,0.114248
1938,1749057913,2025-06-04 17:25 UTC,204222,270842,5.63716,8.70428,0.114505,0.155583,1.48309e-05,0.00032843,0.147502,0.0545787,0.127284,0.0708766,0.124596
1939,1749058213,2025-06-04 17:30 UTC,203999,270704,5.62752,8.68128,0.120736,0.162222,1.53713e-05,0.000367217,0.147502,0.054391,0.126613,0.0786934,0.135477
1940,1749058513,2025-06-04 17:35 UTC,203775,270566,5.61791,8.65829,0.126977,0.168873,1.52153e-05,0.000385206,0.147502,0.0542039,0.125943,0.0869367,0.146832
1941,1749058813,2025-06-04 17:40 UTC,203549,270426,5.6083,8.63531,0.133226,0.175533,1.66933e-05,0.00045086,0.147502,0.0540174,0.125275,0.0956019,0.158655
1942,1749059113,2025-06-04 17:45 UTC,203322,270286,5.59871,8.61235,0.139483,0.182202,1.67337e-05,0.000493931,0.147502,0.0538316,0.12461,0.104696,0.170932
1943,1749059412,2025-06-04 17:50 UTC,203094,270146,5.58917,8.58949,0.145724,0.190541,1.90927e-05,0.000542461,0.147503,0.053647,0.123949,0.114178,0.186933
1944,1749059712,2025-06-04 17:55 UTC,202865,270005,5.57961,8.56656,0.151992,0.198913,2.01716e-05,0.000593631,0.147503,0.0534624,0.123288,0.124119,0.203695
1945,1749060012,2025-06-04 18:00 UTC,202634,269863,5.56949,8.544,0.158195,0.207202,1.9651e-05,0.000645711,0.147503,0.0532682,0.12264,0.13437,0.22104
1946,1749060312,2025-06-04 18:05 UTC,202509,269786,5.54579,8.52966,0.162736,0.213496,1.62237e-05,0.000691371,0.147504,0.0528288,0.122229,0.142115,0.234689
1947,1749060612,2025-06-04 18:10 UTC,202400,269718,5.52211,8.51533,0.167278,0.21979,1.75287e-05,0.000737234,0.147504,0.0523916,0.121818,0.150075,0.248759
1948,1749060912,2025-06-04 18:15 UTC,202295,269650,5.49844,8.501,0.171822,0.226085,1.70435e-05,0.000784927,0.147504,0.0519567,0.121409,0.158261,0.263174
1949,1749061211,2025-06-04 18:20 UTC,202193,269584,5.47487,8.48672,0.176353,0.232358,1.75055e-05,0.000835025,0.147504,0.0515256,0.121001,0.16664,0.277982
1950,1749061511,2025-06-04 18:25 UTC,202095,269519,5.45123,8.47239,0.1809,0.238652,1.83488e-05,0.000886483,0.147504,0.0510952,0.120593,0.175269,0.29325
1951,1749061811,2025-06-04 18:30 UTC,202001,269455,5.42761,8.45806,0.185448,0.244947,1.95134e-05,0.000936051,0.147503,0.0506672,0.120185,0.184121,0.308941
1952,1749062111,2025-06-04 18:35 UTC,201910,269391,5.40401,8.44373,0.189998,0.251241,1.8321e-05,0.000993225,0.147503,0.0502415,0.119779,0.193202,0.324987
1953,1749062411,2025-06-04 18:40 UTC,201823,269329,5.38042,8.4294,0.194549,0.257536,1.92933e-05,0.00104979,0.147503,0.049818,0.119372,0.202501,0.341519
1954,1749062711,2025-06-04 18:45 UTC,201739,269268,5.35685,8.41507,0.1991,0.263831,1.7795e-05,0.00110797,0.147504,0.0493969,0.118967,0.212028,0.358408
1955,1749063011,2025-06-04 18:50 UTC,201659,269208,5.3333,8.40074,0.203653,0.270125,2.17527e-05,0.00116711,0.147504,0.048978,0.118562,0.221765,0.375711
1956,1749063310,2025-06-04 18:55 UTC,201581,269149,5.30984,8.38646,0.208192,0.276399,2.12507e-05,0.0012335,0.147503,0.0485628,0.118159,0.231704,0.393327
1957,1749063610,2025-06-04 19:00 UTC,201507,269091,5.28632,8.37213,0.212674,0.282588,2.16148e-05,0.00129525,0.147503,0.0481485,0.117755,0.24173,0.411152
1958,1749063910,2025-06-04 19:05 UTC,201437,269034,5.26282,8.35781,0.215064,0.285721,1.26557e-05,0.00132744,0.147503,0.0477366,0.117353,0.247152,0.420387
1959,1749064210,2025-06-04 19:10 UTC,201369,268978,5.23935,8.34348,0.217455,0.288854,1.37626e-05,0.00137019,0.147503,0.0473269,0.116951,0.25261,0.429643
1960,1749064510,2025-06-04 19:15 UTC,201304,268923,5.21589,8.32916,0.219849,0.291986,1.37868e-05,0.00140746,0.147503,0.0469194,0.11655,0.258138,0.439041
1961,1749064810,2025-06-04 19:20 UTC,201243,268869,5.19245,8.31483,0.222246,0.295119,1.35657e-05,0.00144659,0.147503,0.0465143,0.116149,0.263729,0.448482
1962,1749065110,2025-06-04 19:25 UTC,201184,268816,5.16903,8.30051,0.224644,0.298252,1.48338e-05,0.00148881,0.147504,0.0461114,0.115749,0.26938,0.458011
1963,1749065409,2025-06-04 19:30 UTC,201129,268763,5.14571,8.28623,0.227037,0.301374,1.28167e-05,0.00152919,0.147506,0.0457121,0.115352,0.275085,0.467682
1964,1749065709,2025-06-04 19:35 UTC,201076,268712,5.12233,8.27191,0.22944,0.304507,1.58062e-05,0.00157207,0.147511,0.0453138,0.114953,0.28086,0.477395
1965,1749066009,2025-06-04 19:40 UTC,201026,268662,5.09898,8.25759,0.231845,0.30764,1.89947e-05,0.00161582,0.147511,0.0449177,0.114555,0.2867,0.487314
1966,1749066309,2025-06-04 19:45 UTC,200979,268612,5.07565,8.24326,0.234251,0.310773,2.26152e-05,0.00166256,0.147513,0.0445239,0.114158,0.292602,0.497239
1967,1749066609,2025-06-04 19:50 UTC,200935,268564,5.05234,8.22894,0.23666,0.313906,3.24931e-05,0.00170959,0.147522,0.0441323,0.113762,0.298554,0.507249
1968,1749066909,2025-06-04 19:55 UTC,200893,268516,5.02905,8.21462,0.23907,0.317038,3.76822e-05,0.00175993,0.147532,0.043743,0.113366,0.304579,0.517451
1969,1749067209,2025-06-04 20:00 UTC,200854,268470,5.00579,8.2003,0.241406,0.320071,3.38163e-05,0.00180708,0.147551,0.0433562,0.112971,0.3105,0.52741
1970,1749067508,2025-06-04 20:05 UTC,200818,268424,4.98263,8.18603,0.241282,0.319875,8.4587e-06,0.00181993,0.147556,0.0429734,0.112579,0.310213,0.526959
1971,1749067808,2025-06-04 20:10 UTC,200784,268379,4.95942,8.17171,0.241158,0.319677,6.92266e-06,0.00182922,0.14756,0.042591,0.112185,0.309839,0.526302
1972,1749068108,2025-06-04 20:15 UTC,200753,268335,4.93623,8.15739,0.241037,0.31948,9.99202e-06,0.00183912,0.14756,0.0422109,0.111792,0.309473,0.525655
1973,1749068408,2025-06-04 20:20 UTC,200724,268292,4.91307,8.14307,0.240916,0.319283,1.50105e-05,0.00184884,0.147583,0.0418332,0.1114,0.309123,0.525053
1974,1749068708,2025-06-04 20:25 UTC,200698,268249,4.88994,8.12875,0.240798,0.319086,9.22363e-06,0.00185926,0.147583,0.0414576,0.111009,0.308757,0.524309
1975,1749069008,2025-06-04 20:30 UTC,200675,268208,4.86684,8.11444,0.240681,0.318888,1.27413e-05,0.00186961,0.147585,0.0410844,0.110618,0.30841,0.523654
1976,1749069307,2025-06-04 20:35 UTC,200653,268167,4.84384,8.10017,0.240567,0.318692,6.57022e-06,0.00187927,0.147585,0.0407148,0.110229,0.308066,0.523062
1977,1749069607,2025-06-04 20:40 UTC,200635,268128,4.8208,8.08585,0.240453,0.318495,1.25772e-05,0.00188999,0.147591,0.040346,0.10984,0.307713,0.522398
1978,1749069907,2025-06-04 20:45 UTC,200618,268089,4.79779,8.07153,0.240342,0.318298,7.50697e-06,0.0019016,0.14759,0.0399797,0.109451,0.307374,0.52182
1979,1749070207,2025-06-04 20:50 UTC,200604,268051,4.77481,8.05722,0.240232,0.318101,9.74277e-06,0.00191181,0.147598,0.0396155,0.109063,0.307024,0.521051
1980,1749070507,2025-06-04 20:55 UTC,200592,268013,4.75187,8.0429,0.240123,0.317904,6.75969e-06,0.00192191,0.147598,0.0392537,0.108676,0.306694,0.520428
1981,1749070807,2025-06-04 21:00 UTC,200583,267977,4.72896,8.02846,0.239957,0.317644,6.60547e-06,0.00193212,0.147598,0.0388937,0.108286,0.30621,0.519581
1982,1749071107,2025-06-04 21:05 UTC,200645,268036,4.70604,8.00862,0.237301,0.314534,2.0141e-05,0.00190324,0.147603,0.0385196,0.107752,0.299556,0.509594
1983,1749071406,2025-06-04 21:10 UTC,200719,268108,4.68332,7.98885,0.234654,0.311435,1.03854e-05,0.00187024,0.147603,0.0381506,0.10722,0.292945,0.499557
1984,1749071706,2025-06-04 21:15 UTC,200798,268182,4.66065,7.96903,0.231999,0.308326,9.36338e-06,0.00184036,0.147602,0.0377845,0.106689,0.286408,0.489641
1985,1749072006,2025-06-04 21:20 UTC,200883,268258,4.6381,7.94921,0.229344,0.305217,1.05197e-05,0.00180744,0.147603,0.0374225,0.106159,0.279949,0.479737
1986,1749072306,2025-06-04 21:25 UTC,200972,268336,4.61568,7.92941,0.22669,0.302107,9.76566e-06,0.00177593,0.147602,0.0370647,0.105631,0.273568,0.470093
1987,1749072606,2025-06-04 21:30 UTC,201065,268416,4.5934,7.90961,0.224036,0.298998,1.13056e-05,0.00174275,0.147603,0.036711,0.105104,0.267265,0.460485
1988,1749072906,2025-06-04 21:35 UTC,201164,268499,4.57124,7.88983,0.221383,0.295889,1.26271e-05,0.00171244,0.147603,0.0363613,0.104579,0.261037,0.450934
1989,1749073206,2025-06-04 21:40 UTC,201267,268584,4.54922,7.87006,0.21873,0.29278,1.19329e-05,0.00167825,0.147603,0.0360158,0.104056,0.254882,0.441482
1990,1749073505,2025-06-04 21:45 UTC,201374,268670,4.52741,7.85037,0.216087,0.289681,1.09654e-05,0.00164371,0.147604,0.0356755,0.103535,0.248821,0.432212
1991,1749073805,2025-06-04 21:50 UTC,201486,268759,4.50567,7.83061,0.213435,0.286889,1.00381e-05,0.00160843,0.147603,0.0353382,0.103015,0.242818,0.423934
1992,1749074105,2025-06-04 21:55 UTC,201602,268850,4.48406,7.81088,0.210785,0.284309,9.61296e-06,0.00157847,0.147603,0.035005,0.102496,0.236891,0.416325
1993,1749074405,2025-06-04 22:00 UTC,201722,268943,4.46261,7.79115,0.208107,0.281693,9.3206e-06,0.00154133,0.147604,0.0346759,0.101979,0.230982,0.408699
1994,1749074705,2025-06-04 22:05 UTC,201846,269038,4.44129,7.77143,0.203804,0.276927,1.46286e-05,0.00147993,0.147603,0.0343509,0.101464,0.221652,0.395006
1995,1749075005,2025-06-04 22:10 UTC,201974,269135,4.42013,7.75172,0.199503,0.272161,1.43425e-05,0.00142027,0.147603,0.03403,0.10095,0.212508,0.381514
1996,1749075305,2025-06-04 22:15 UTC,202107,269234,4.39912,7.73203,0.195206,0.267395,1.73675e-05,0.00136121,0.147606,0.0337133,0.100438,0.203571,0.36826
1997,1749075604,2025-06-04 22:20 UTC,202243,269334,4.37834,7.71241,0.190927,0.262647,1.6221e-05,0.00130075,0.147606,0.0334016,0.0999285,0.194856,0.355328
1998,1749075904,2025-06-04 22:25 UTC,202383,269437,4.35764,7.69274,0.186637,0.257883,1.52067e-05,0.00124064,0.147606,0.033093,0.0994194,0.186312,0.342562
1999,1749076204,2025-06-04 22:30 UTC,202527,269542,4.33711,7.67307,0.182351,0.253119,1.51018e-05,0.00118374,0.147605,0.0327884,0.0989118,0.177969,0.330022
2000,1749076504,2025-06-04 22:35 UTC,202675,269648,4.31674,7.65342,0.17807,0.248377,1.37439e-05,0.00111878,0.147605,0.032488,0.0984058,0.169825,0.317784
2001,1749076804,2025-06-04 22:40 UTC,202827,269757,4.29654,7.63379,0.173793,0.243671,1.2739e-05,0.00106666,0.147606,0.0321916,0.0979014,0.161881,0.305835
2002,1749077104,2025-06-04 22:45 UTC,202982,269867,4.27651,7.61416,0.169522,0.238965,1.25621e-05,0.00100944,0.147605,0.0318994,0.0973987,0.154139,0.29414
2003,1749077404,2025-06-04 22:50 UTC,203141,269979,4.25665,7.59454,0.165257,0.234275,1.37252e-05,0.00095803,0.147605,0.0316112,0.0968975,0.146599,0.282716
2004,1749077703,2025-06-04 22:55 UTC,203303,270093,4.23705,7.57501,0.161011,0.229663,1.26664e-05,0.000905299,0.147605,0.031328,0.0963996,0.139281,0.271689
2005,1749078003,2025-06-04 23:00 UTC,203469,270209,4.21755,7.55541,0.156755,0.225056,1.40106e-05,0.000854477,0.147605,0.031048,0.0959016,0.132134,0.260906
2006,1749078303,2025-06-04 23:05 UTC,203639,270327,4.19825,7.53584,0.152092,0.219369,1.61031e-05,0.000794702,0.147605,0.030772,0.0954052,0.12445,0.247893
2007,1749078603,2025-06-04 23:10 UTC,203811,270446,4.17914,7.51627,0.147432,0.213685,1.54336e-05,0.00074158,0.147605,0.0305001,0.0949104,0.116995,0.235214
2008,1749078903,2025-06-04 23:15 UTC,203988,270567,4.16022,7.49671,0.142773,0.208001,1.74467e-05,0.000684522,0.147605,0.0302322,0.0944173,0.109779,0.222873
2009,1749079203,2025-06-04 23:20 UTC,204167,270690,4.1415,7.47717,0.138116,0.202331,1.53279e-05,0.000636778,0.147606,0.0299684,0.0939257,0.102789,0.210881
2010,1749079502,2025-06-04 23:25 UTC,204350,270815,4.12304,7.45771,0.133476,0.196693,1.54692e-05,0.000583662,0.147605,0.0297094,0.0934373,0.0960584,0.199295
2011,1749079802,2025-06-04 23:30 UTC,204536,270942,4.10472,7.43819,0.128824,0.191039,1.48303e-05,0.000538361,0.147605,0.0294536,0.0929489,0.0895386,0.188012
2012,1749080102,2025-06-04 23:35 UTC,204725,271070,4.08662,7.41869,0.124174,0.185387,1.31432e-05,0.000491402,0.147605,0.0292018,0.092462,0.08325,0.177043
2013,1749080402,2025-06-04 23:40 UTC,204917,271200,4.06873,7.39919,0.119527,0.179738,1.37334e-05,0.000445958,0.147605,0.028954,0.0919767,0.0771987,0.166412
2014,1749080702,2025-06-04 23:45 UTC,205112,271331,4.05105,7.37971,0.114883,0.174092,1.29718e-05,0.000403388,0.147605,0.0287103,0.0914931,0.0713792,0.156136
2015,1749081002,2025-06-04 23:50 UTC,205311,271464,4.0336,7.36025,0.110243,0.168449,1.30651e-05,0.000362587,0.147605,0.0284705,0.0910111,0.0657952,0.146174
2016,1749081302,2025-06-04 23:55 UTC,205512,271599,4.01638,7.3408,0.105607,0.162809,1.30279e-05,0.000321969,0.147606,0.0282347,0.0905306,0.0604441,0.136539
2017,1749081601,2025-06-05 00:00 UTC,205716,271736,3.99944,7.32145,0.100992,0.157193,9.94091e-06,0.000288788,0.147605,0.0280036,0.0900542,0.0553417,0.127292
2018,1749081901,2025-06-05 00:05 UTC,205906,271861,3.98204,7.31151,0.096789,0.151833,8.94403e-06,0.000251671,0.147605,0.0277842,0.0898098,0.0508665,0.118761
2019,1749082201,2025-06-05 00:10 UTC,206096,271986,3.96471,7.30167,0.0925895,0.146476,9.52925e-06,0.000226305,0.147606,0.0275673,0.0895682,0.0465867,0.110518
2020,1749082501,2025-06-05 00:15 UTC,206287,272113,3.94746,7.29192,0.0883947,0.141123,9.88936e-06,0.000197003,0.147606,0.0273529,0.0893292,0.0424983,0.102601
2021,1749082801,2025-06-05 00:20 UTC,206481,272241,3.9303,7.28228,0.084205,0.135787,9.01866e-06,0.000171734,0.147606,0.027141,0.089093,0.0386011,0.0949936
2022,1749083101,2025-06-05 00:25 UTC,206676,272371,3.91323,7.27273,0.0800214,0.130456,8.47664e-06,0.000147246,0.147606,0.0269316,0.0888595,0.0348965,0.0876727
2023,1749083401,2025-06-05 00:30 UTC,206872,272502,3.89625,7.26327,0.075845,0.125132,8.24798e-06,0.000124451,0.147605,0.0267247,0.0886287,0.0313847,0.0806544
2024,1749083700,2025-06-05 00:35 UTC,207071,272634,3.87943,7.25395,0.0716907,0.119831,8.91827e-06,0.00010413,0.147606,0.026521,0.0884013,0.0280765,0.0739668
2025,1749084000,2025-06-05 00:40 UTC,207271,272768,3.86266,7.2447,0.0675323,0.11452,7.75689e-06,8.46487e-05,0.147606,0.026319,0.0881758,0.0249477,0.0675557
2026,1749084300,2025-06-05 00:45 UTC,207473,272903,3.84601,7.23554,0.0633858,0.109218,8.39261e-06,6.6601e-05,0.147606,0.0261196,0.0879531,0.0220128,0.0614461
2027,1749084600,2025-06-05 00:50 UTC,207676,273039,3.82947,7.22648,0.0592535,0.103925,7.28301e-06,5.71409e-05,0.147606,0.0259226,0.0877331,0.0192691,0.0556478
2028,1749084900,2025-06-05 00:55 UTC,207881,273176,3.81306,7.21753,0.0551388,0.0986442,7.14102e-06,0.000146268,0.147606,0.0257281,0.0875158,0.0167181,0.0501252
2029,1749085200,2025-06-05 01:00 UTC,208088,273315,3.79678,7.20867,0.051046,0.0933765,6.16271e-06,8.00561e-05,0.147606,0.0255359,0.0873012,0.0143588,0.0449157
2030,1749085500,2025-06-05 01:05 UTC,208296,273455,3.78064,7.19992,0.0479967,0.0896618,4.25457e-06,4.66515e-05,0.147605,0.0253462,0.0870893,0.0127573,0.0414062
2031,1749085799,2025-06-05 01:09 UTC,208506,273596,3.7647,7.1913,0.0449745,0.0859692,5.3333e-06,6.76731e-05,0.147606,0.0251595,0.0868808,0.011271,0.0380695
2032,1749086099,2025-06-05 01:14 UTC,208718,273739,3.74886,7.18274,0.0419629,0.0822734,5.37505e-06,8.6578e-05,0.147605,0.0249745,0.0866743,0.00988622,0.0348674
2033,1749086399,2025-06-05 01:19 UTC,208931,273883,3.73318,7.1743,0.038977,0.0785879,3.89742e-06,4.22704e-05,0.147605,0.0247919,0.0864705,0.00860829,0.0318135
2034,1749086699,2025-06-05 01:24 UTC,209146,274028,3.71765,7.16595,0.036024,0.0749143,3.34864e-06,4.06137e-05,0.147605,0.0246115,0.0862694,0.00743843,0.0289062
2035,1749086999,2025-06-05 01:29 UTC,209362,274175,3.70228,7.1577,0.0331138,0.0712544,4.4217e-06,3.89759e-05,0.147606,0.0244335,0.086071,0.00637669,0.0261525
2036,1749087299,2025-06-05 01:34 UTC,209579,274322,3.68708,7.14956,0.0302611,0.0676105,3.47009e-06,3.86465e-05,0.147605,0.0242577,0.0858753,0.00542063,0.0235446
2037,1749087598,2025-06-05 01:39 UTC,209798,274471,3.6721,7.14155,0.0274981,0.0639973,2.84565e-06,3.82198e-05,0.147605,0.0240847,0.0856829,0.00457341,0.021096
2038,1749087898,2025-06-05 01:44 UTC,210019,274621,3.65723,7.13362,0.0248462,0.0603941,3.72187e-06,3.81171e-05,0.147605,0.0239133,0.0854927,0.00382891,0.0187917
2039,1749088198,2025-06-05 01:49 UTC,210241,274772,3.64254,7.12579,0.0223948,0.0568171,3.32886e-06,3.77251e-05,0.147605,0.023744,0.0853051,0.0031869,0.0166242
2040,1749088498,2025-06-05 01:54 UTC,210464,274924,3.62802,7.11806,0.0202648,0.0532716,3.62213e-06,3.7242e-05,0.147605,0.0235768,0.0851202,0.00264529,0.0146168
2041,1749088798,2025-06-05 01:59 UTC,210689,275078,3.61368,7.11044,0.0185324,0.0497644,2.77783e-06,3.8017e-05,0.147605,0.0234118,0.084938,0.00219756,0.0127565
2042,1749089098,2025-06-05 02:04 UTC,210916,275232,3.59951,7.10292,0.0182592,0.0483034,2.87882e-06,3.74307e-05,0.147605,0.0232488,0.0847585,0.00207424,0.0120166
2043,1749089398,2025-06-05 02:09 UTC,211144,275388,3.58552,7.09551,0.0181281,0.0468638,2.68869e-06,3.82602e-05,0.147605,0.0230879,0.0845818,0.00197324,0.0113113
2044,1749089697,2025-06-05 02:14 UTC,211373,275545,3.57177,7.08823,0.0181245,0.0454431,2.72627e-06,6.05232e-05,0.147605,0.0229295,0.0844083,0.00189579,0.0106363
2045,1749089997,2025-06-05 02:19 UTC,211603,275716,3.55814,7.08103,0.0182389,0.04403,2.67867e-06,3.9993e-05,0.147605,0.0227725,0.0842369,0.00184375,0.00998514
2046,1749090297,2025-06-05 02:24 UTC,211835,275948,3.54471,7.07394,0.0184482,0.0426276,2.56702e-06,3.93654e-05,0.147605,0.0226175,0.0840683,0.00182114,0.00935891
2047,1749090597,2025-06-05 02:29 UTC,212069,276181,3.53146,7.06695,0.0187375,0.0412371,2.12961e-06,4.08418e-05,0.147605,0.0224644,0.0839023,0.00183165,0.00875769
2048,1749090897,2025-06-05 02:34 UTC,212303,276415,3.51841,7.06008,0.0190969,0.0398597,2.63e-06,5.23174e-05,0.147605,0.0223132,0.083739,0.00187833,0.00818229
2049,1749091197,2025-06-05 02:39 UTC,212539,276651,3.50556,7.0533,0.0195203,0.0384968,2.79556e-06,4.08185e-05,0.147605,0.0221638,0.0835785,0.00196292,0.00763453
2050,1749091497,2025-06-05 02:44 UTC,212777,276889,3.49292,7.04664,0.0200038,0.0385982,2.26619e-06,4.13061e-05,0.147605,0.0220163,0.0834206,0.00208564,0.0076724
2051,1749091796,2025-06-05 02:49 UTC,213015,277128,3.48052,7.04307,0.020542,0.0415053,2.16328e-06,4.0947e-05,0.147605,0.0218711,0.0833361,0.00224521,0.00887084
2052,1749092096,2025-06-05 02:54 UTC,213255,277369,3.46829,7.04604,0.0211362,0.0444237,2.78554e-06,4.41973e-05,0.147605,0.0217272,0.0834064,0.00244106,0.0101624
2053,1749092396,2025-06-05 02:59 UTC,213496,277611,3.45626,7.0491,0.0217826,0.0473433,2.59478e-06,4.21542e-05,0.147605,0.0215851,0.0834789,0.00267089,0.0115423
2054,1749092696,2025-06-05 03:04 UTC,213702,277831,3.46491,7.05242,0.0216345,0.0461803,1.73343e-06,4.1702e-05,0.147605,0.0216792,0.0835575,0.00263475,0.0109848
2055,1749092996,2025-06-05 03:09 UTC,213903,278049,3.47387,7.05575,0.0215075,0.0450143,1.73062e-06,4.0409e-05,0.147605,0.0217774,0.0836363,0.00260573,0.0104359
2056,1749093296,2025-06-05 03:14 UTC,214103,278268,3.48287,7.05909,0.0214135,0.043905,1.41542e-06,3.99782e-05,0.147605,0.0218764,0.0837155,0.00258827,0.00992809
2057,1749093596,2025-06-05 03:19 UTC,214302,278487,3.4919,7.06244,0.0213531,0.0428567,1.69088e-06,3.89601e-05,0.147605,0.0219763,0.083795,0.00258191,0.00945679
2058,1749093895,2025-06-05 03:24 UTC,214500,278706,3.50094,7.06579,0.0213266,0.0418771,1.43833e-06,3.80787e-05,0.147605,0.0220768,0.0838746,0.002587,0.00903098
2059,1749094195,2025-06-05 03:29 UTC,214697,278926,3.51005,7.06961,0.0213342,0.0409645,1.56722e-06,3.76914e-05,0.147605,0.0221784,0.0839653,0.00260303,0.00864201
2060,1749094495,2025-06-05 03:34 UTC,214893,279146,3.51919,7.07675,0.0213762,0.0405734,1.55342e-06,3.66742e-05,0.147605,0.0222809,0.0841351,0.00263012,0.00847757
2061,1749094795,2025-06-05 03:39 UTC,215088,279367,3.52837,7.08391,0.0214528,0.0405396,1.43625e-06,3.59599e-05,0.147605,0.0223843,0.0843055,0.00266825,0.00846437
2062,1749095095,2025-06-05 03:44 UTC,215283,279588,3.53758,7.09109,0.021564,0.0406832,1.34075e-06,3.52825e-05,0.147605,0.0224886,0.0844765,0.00271697,0.00852385
2063,1749095395,2025-06-05 03:49 UTC,215476,279810,3.54681,7.09829,0.0217098,0.0408743,1.5996e-06,3.46719e-05,0.147605,0.0225937,0.084648,0.00277649,0.00860421
2064,1749095694,2025-06-05 03:54 UTC,215669,280033,3.55605,7.10548,0.0218893,0.0412995,1.36006e-06,3.38347e-05,0.147605,0.0226993,0.0848196,0.00284622,0.00878428
2065,1749095994,2025-06-05 03:59 UTC,215861,280255,3.56535,7.11271,0.0221036,0.0418112,1.64916e-06,3.32188e-05,0.147605,0.0228062,0.0849923,0.00292659,0.00900342
2066,1749096294,2025-06-05 04:04 UTC,216053,280479,3.57467,7.11996,0.0223484,0.0410258,1.44216e-06,3.25698e-05,0.147606,0.0229139,0.0851657,0.00298384,0.0086679
2067,1749096594,2025-06-05 04:09 UTC,216244,280702,3.58403,7.12723,0.0228348,0.04132,1.41227e-06,3.17968e-05,0.147606,0.0230225,0.0853396,0.00311073,0.00879373
2068,1749096894,2025-06-05 04:14 UTC,216434,280927,3.59341,7.13451,0.0235587,0.0430595,1.89525e-06,3.1537e-05,0.147605,0.023132,0.0855141,0.00330581,0.00954791
2069,1749097194,2025-06-05 04:19 UTC,216623,281153,3.60281,7.14181,0.0245049,0.0448194,1.51276e-06,3.08818e-05,0.147606,0.0232424,0.0856892,0.00356826,0.0103446
2070,1749097494,2025-06-05 04:24 UTC,216812,281408,3.61225,7.14913,0.0256521,0.0466075,1.37274e-06,3.02712e-05,0.147605,0.0233536,0.0858649,0.0038965,0.011187
2071,1749097793,2025-06-05 04:29 UTC,217000,281664,3.62167,7.15644,0.0269714,0.0484259,1.46639e-06,3.00869e-05,0.147605,0.0234653,0.0860406,0.00428831,0.0120759
2072,1749098093,2025-06-05 04:34 UTC,217188,281920,3.63115,7.16379,0.0284478,0.0502648,1.47001e-06,2.94995e-05,0.147605,0.0235783,0.0862175,0.0047464,0.0130113
2073,1749098393,2025-06-05 04:39 UTC,217375,282176,3.64066,7.17116,0.0300548,0.0521166,1.56219e-06,2.92085e-05,0.147606,0.0236921,0.086395,0.00526919,0.0139865
2074,1749098693,2025-06-05 04:44 UTC,217562,282433,3.6502,7.17855,0.0317722,0.053995,1.54256e-06,2.9154e-05,0.147606,0.0238069,0.086573,0.00585693,0.0150148
2075,1749098993,2025-06-05 04:49 UTC,217748,282690,3.65975,7.18595,0.0335826,0.055889,1.88589e-06,2.93419e-05,0.147605,0.0239225,0.0867517,0.0065099,0.0160854
2076,1749099293,2025-06-05 04:54 UTC,217934,282947,3.66934,7.19337,0.0354712,0.0577924,1.61682e-06,2.90906e-05,0.147606,0.0240389,0.086931,0.00722819,0.0171986
2077,1749099593,2025-06-05 04:59 UTC,218119,283205,3.67894,7.20081,0.0374255,0.0598446,1.81185e-06,2.92408e-05,0.147606,0.0241563,0.0871108,0.00801208,0.0184442
2078,1749099892,2025-06-05 05:04 UTC,218304,283463,3.68854,7.20824,0.0395836,0.0626004,1.86388e-06,2.99547e-05,0.147606,0.0242741,0.0872906,0.00891114,0.0201792
2079,1749100192,2025-06-05 05:09 UTC,218488,283722,3.69819,7.21571,0.0417856,0.065386,1.69873e-06,3.05182e-05,0.147606,0.0243932,0.0874716,0.00987951,0.0220166
2080,1749100492,2025-06-05 05:14 UTC,218672,283981,3.70787,7.2232,0.0440153,0.0681831,1.98711e-06,3.13708e-05,0.147605,0.0245131,0.0876533,0.0109126,0.0239412
2081,1749100792,2025-06-05 05:19 UTC,218856,284240,3.71757,7.2307,0.0462689,0.0709862,3.42721e-06,3.23727e-05,0.147606,0.024634,0.0878355,0.0120108,0.025953
2082,1749101092,2025-06-05 05:24 UTC,219039,284500,3.72729,7.23822,0.048543,0.0737935,3.15454e-06,3.92308e-05,0.147606,0.0247557,0.0880183,0.0131734,0.0280438
2083,1749101392,2025-06-05 05:29 UTC,219222,284761,3.73704,7.24576,0.0508349,0.0766045,3.03374e-06,3.47231e-05,0.147606,0.0248783,0.0882017,0.0144015,0.0302196
2084,1749101692,2025-06-05 05:34 UTC,219404,285021,3.7468,7.25331,0.0531423,0.0794271,3.14042e-06,3.6258e-05,0.147605,0.0250017,0.0883857,0.0156937,0.0324884
2085,1749101991,2025-06-05 05:39 UTC,219586,285282,3.75656,7.26085,0.0554556,0.0822613,2.74185e-06,3.75001e-05,0.147606,0.0251256,0.0885696,0.017047,0.0348492
2086,1749102291,2025-06-05 05:44 UTC,219768,285544,3.76638,7.26844,0.0577887,0.0851123,2.92548e-06,3.92431e-05,0.147605,0.0252508,0.0887548,0.0184691,0.0373091
2087,1749102591,2025-06-05 05:49 UTC,219950,285806,3.77621,7.27604,0.0601323,0.0879682,2.85054e-06,4.12446e-05,0.147605,0.0253769,0.0889405,0.0199564,0.0398484
2088,1749102891,2025-06-05 05:54 UTC,220131,286068,3.78607,7.28366,0.0624855,0.0908695,3.41749e-06,4.2924e-05,0.147606,0.0255039,0.0891268,0.0215077,0.042524
2089,1749103191,2025-06-05 05:59 UTC,220312,286331,3.79595,7.29129,0.064847,0.0937796,3.04965e-06,4.47569e-05,0.147605,0.0256317,0.0893138,0.0231253,0.0452843
2090,1749103491,2025-06-05 06:04 UTC,220446,286551,3.7895,7.27476,0.0664391,0.0960293,2.52025e-06,4.74762e-05,0.147605,0.0255428,0.0889092,0.0242349,0.0474908
2091,1749103791,2025-06-05 06:09 UTC,220572,286764,3.78256,7.25748,0.0680095,0.0982591,2.74656e-06,4.92005e-05,0.147606,0.0254479,0.0884872,0.0253547,0.0497193
2092,1749104090,2025-06-05 06:14 UTC,220694,286973,3.77569,7.24025,0.0695768,0.100482,2.51035e-06,5.30369e-05,0.147606,0.025354,0.0880677,0.0264994,0.0519977
2093,1749104390,2025-06-05 06:19 UTC,220813,287178,3.76882,7.22297,0.0711512,0.102713,2.07632e-06,5.5944e-05,0.147605,0.0252605,0.0876477,0.0276761,0.0543283
2094,1749104690,2025-06-05 06:24 UTC,220928,287380,3.76198,7.20569,0.0727275,0.104945,2.4846e-06,6.78747e-05,0.147606,0.0251676,0.0872288,0.0288806,0.056716
2095,1749104990,2025-06-05 06:29 UTC,221039,287578,3.75518,7.1884,0.0743055,0.107177,2.59783e-06,0.000100219,0.147606,0.0250755,0.0868109,0.0301136,0.0591548
2096,1749105290,2025-06-05 06:34 UTC,221147,287772,3.74841,7.17112,0.075885,0.10941,2.8368e-06,8.28759e-05,0.147606,0.024984,0.086394,0.0313748,0.0616437
2097,1749105590,2025-06-05 06:39 UTC,221252,287963,3.74166,7.15384,0.0774661,0.111643,2.30868e-06,9.43454e-05,0.147605,0.0248932,0.085978,0.0326646,0.0641892
2098,1749105889,2025-06-05 06:44 UTC,221352,288150,3.73498,7.13661,0.0790434,0.11387,2.55042e-06,0.000106039,0.147605,0.0248035,0.0855645,0.0339783,0.066774
2099,1749106189,2025-06-05 06:49 UTC,221450,288334,3.7283,7.11933,0.0806273,0.116104,2.67341e-06,0.000118176,0.147605,0.0247141,0.0851506,0.0353236,0.06942
2100,1749106489,2025-06-05 06:54 UTC,221544,288515,3.72166,7.10205,0.0822124,0.118338,3.46791e-06,0.000130473,0.147605,0.0246254,0.0847377,0.0366976,0.0721133
2101,1749106789,2025-06-05 06:59 UTC,221635,288692,3.71504,7.08477,0.0837987,0.120573,3.22108e-06,0.000143181,0.147605,0.0245375,0.0843258,0.0380998,0.0748675
2102,1749107089,2025-06-05 07:04 UTC,221723,288867,3.70846,7.06749,0.0841904,0.121028,1.64488e-06,0.000149223,0.147605,0.0244502,0.0839149,0.0384279,0.0754359
2103,1749107389,2025-06-05 07:09 UTC,221808,289038,3.70191,7.0502,0.0845369,0.121415,1.58689e-06,0.00015436,0.147606,0.0243636,0.083505,0.0387144,0.0759172
2104,1749107689,2025-06-05 07:14 UTC,221889,289206,3.6954,7.03292,0.0848839,0.121802,1.44346e-06,0.000160541,0.147605,0.0242778,0.0830961,0.0390027,0.0764019
2105,1749107988,2025-06-05 07:19 UTC,221968,289371,3.68893,7.0157,0.0852301,0.122188,1.5934e-06,0.000166465,0.147605,0.0241929,0.0826896,0.0392928,0.0768888
2106,1749108288,2025-06-05 07:24 UTC,222043,289533,3.68248,6.99842,0.0855779,0.122575,1.19387e-06,0.000172399,0.147606,0.0241084,0.0822827,0.039586,0.0773759
2107,1749108588,2025-06-05 07:29 UTC,222116,289692,3.67606,6.98113,0.0859261,0.122962,1.5278e-06,0.000178307,0.147605,0.0240247,0.0818769,0.0398809,0.0778632
2108,1749108888,2025-06-05 07:34 UTC,222185,289848,3.66968,6.96385,0.0862748,0.123349,1.65137e-06,0.000184373,0.147605,0.0239416,0.081472,0.0401783,0.0783581
2109,1749109188,2025-06-05 07:39 UTC,222252,290001,3.66332,6.94657,0.0866238,0.123736,1.2481e-06,0.000190534,0.147605,0.0238593,0.0810681,0.040478,0.0788513
2110,1749109488,2025-06-05 07:44 UTC,222316,290152,3.657,6.92929,0.0869733,0.124123,1.08925e-06,0.00019707,0.147605,0.0237776,0.0806653,0.0407795,0.079344
2111,1749109788,2025-06-05 07:49 UTC,222377,290299,3.65071,6.91201,0.0873231,0.12451,1.43337e-06,0.000200758,0.147605,0.0236967,0.0802634,0.0410831,0.0798411
2112,1749110087,2025-06-05 07:54 UTC,222435,290444,3.64448,6.89478,0.0876722,0.124896,1.43444e-06,0.000210727,0.147605,0.0236167,0.0798639,0.041388,0.0803356
2113,1749110387,2025-06-05 07:59 UTC,222491,290586,3.63825,6.8775,0.0880229,0.125296,1.31241e-06,0.000217255,0.147605,0.0235372,0.0794641,0.0416959,0.0808524
2114,1749110687,2025-06-05 08:04 UTC,222544,290726,3.63205,6.86022,0.0868834,0.123566,2.06279e-06,0.000213033,0.147605,0.0234584,0.0790653,0.0406035,0.078635
2115,1749110987,2025-06-05 08:09 UTC,222594,290863,3.62589,6.84294,0.0856794,0.121739,1.60951e-06,0.000207685,0.147605,0.0233803,0.0786674,0.0394637,0.0763292
2116,1749111287,2025-06-05 08:14 UTC,222641,290997,3.61976,6.82566,0.0844786,0.119912,1.65067e-06,0.000202523,0.147605,0.0233029,0.0782706,0.0383421,0.0740535
2117,1749111587,2025-06-05 08:19 UTC,222686,291129,3.61366,6.80838,0.0832812,0.118085,1.73562e-06,0.00019738,0.147605,0.0232262,0.0778748,0.0372387,0.0718177
2118,1749111887,2025-06-05 08:24 UTC,222728,291258,3.60759,6.7911,0.0820871,0.116259,1.86344e-06,0.000192325,0.147605,0.0231503,0.07748,0.0361527,0.0696113
2119,1749112186,2025-06-05 08:29 UTC,222768,291385,3.60157,6.77388,0.0809007,0.114438,2.40573e-06,0.000187547,0.147605,0.0230753,0.0770875,0.0350897,0.0674451
2120,1749112486,2025-06-05 08:34 UTC,222805,291510,3.59556,6.7566,0.079714,0.112612,3.634e-06,0.000182927,0.147605,0.0230007,0.0766947,0.03404,0.0653109
2121,1749112786,2025-06-05 08:39 UTC,222840,291632,3.58958,6.73932,0.0785313,0.110785,4.18045e-06,0.000178792,0.147605,0.0229269,0.0763029,0.0330084,0.0632109
2122,1749113086,2025-06-05 08:44 UTC,222872,291751,3.58363,6.72204,0.0773527,0.108959,3.63995e-06,0.000174267,0.147605,0.0228538,0.0759121,0.0319956,0.0611459
2123,1749113386,2025-06-05 08:49 UTC,222902,291868,3.57772,6.70475,0.0761785,0.107133,2.9841e-06,0.000169986,0.147605,0.0227814,0.0755223,0.0309999,0.0591077
2124,1749113686,2025-06-05 08:54 UTC,222929,291983,3.57183,6.68747,0.0750087,0.105307,3.43166e-06,0.000165769,0.147605,0.0227097,0.0751335,0.0300233,0.057116
2125,1749113985,2025-06-05 08:59 UTC,222954,292096,3.56599,6.67025,0.0738475,0.103487,2.64829e-06,0.00016178,0.147605,0.0226389,0.074747,0.029067,0.0551568
2126,1749114285,2025-06-05 09:04 UTC,222891,292162,3.56959,6.64469,0.0711187,0.0998312,3.45516e-06,0.000145784,0.147605,0.0227001,0.0741753,0.0269566,0.0513276
2127,1749114585,2025-06-05 09:09 UTC,222812,292219,3.57385,6.6187,0.0683125,0.0960798,3.33112e-06,0.000129004,0.147605,0.0227698,0.0735962,0.0248704,0.0475451
2128,1749114885,2025-06-05 09:14 UTC,222724,292269,3.5783,6.59272,0.0655122,0.092329,3.2e-06,0.000113089,0.147605,0.0228411,0.0730195,0.0228726,0.0439053
2129,1749115185,2025-06-05 09:19 UTC,222627,292313,3.58293,6.56675,0.0627185,0.088579,3.40435e-06,9.75158e-05,0.147605,0.0229142,0.0724452,0.0209632,0.0404127
2130,1749115485,2025-06-05 09:24 UTC,222521,292350,3.58775,6.54078,0.0599323,0.0848298,2.82447e-06,0.000112994,0.147605,0.0229889,0.0718734,0.0191414,0.0370643
2131,1749115785,2025-06-05 09:29 UTC,222405,292381,3.59275,6.51481,0.0571547,0.0810815,3.53106e-06,6.83757e-05,0.147605,0.0230653,0.0713039,0.017409,0.0338619
2132,1749116084,2025-06-05 09:34 UTC,222281,292407,3.59791,6.48894,0.054396,0.0773468,2.76014e-06,5.79574e-05,0.147605,0.0231432,0.0707387,0.0157693,0.0308126
2133,1749116384,2025-06-05 09:39 UTC,222148,292426,3.60329,6.46299,0.0516394,0.0736009,3.40258e-06,5.4644e-05,0.147605,0.023223,0.0701741,0.0142132,0.0278999
2134,1749116684,2025-06-05 09:44 UTC,222006,292439,3.60884,6.43705,0.0488958,0.0698565,2.84158e-06,9.67696e-05,0.147605,0.0233046,0.0696119,0.0127448,0.0251324
2135,1749116984,2025-06-05 09:49 UTC,221856,292446,3.61458,6.41112,0.0461675,0.0661138,2.67877e-06,4.81924e-05,0.147605,0.0233879,0.069052,0.0113653,0.0225128
2136,1749117284,2025-06-05 09:54 UTC,221697,292447,3.62051,6.38519,0.0434572,0.0623731,2.94002e-06,4.54018e-05,0.147605,0.0234729,0.0684946,0.0100742,0.0200365
2137,1749117584,2025-06-05 09:59 UTC,221530,292443,3.62662,6.35926,0.0407684,0.0586348,3.72857e-06,5.27982e-05,0.147605,0.0235597,0.0679396,0.0088724,0.0177115
2138,1749117884,2025-06-05 10:04 UTC,221354,292432,3.63291,6.33335,0.0371875,0.053767,3.11727e-06,3.92804e-05,0.147605,0.0236483,0.067387,0.00740848,0.0148898
2139,1749118183,2025-06-05 10:09 UTC,221169,292416,3.63936,6.30753,0.0336759,0.0488585,2.88656e-06,3.61807e-05,0.147605,0.0237383,0.0668387,0.00610119,0.0122956
2140,1749118483,2025-06-05 10:14 UTC,220977,292394,3.64602,6.28163,0.0303082,0.0440015,2.99276e-06,4.2572e-05,0.147605,0.0238304,0.0662908,0.00496218,0.00997129
2141,1749118783,2025-06-05 10:19 UTC,220775,292366,3.65286,6.25573,0.0271633,0.0397553,2.40438e-06,3.06772e-05,0.147605,0.0239243,0.0657455,0.00399608,0.00814103
2142,1749119083,2025-06-05 10:24 UTC,220566,292333,3.65988,6.22985,0.0243377,0.0361081,2.29572e-06,3.22475e-05,0.147605,0.02402,0.0652025,0.00320263,0.00671594
2143,1749119383,2025-06-05 10:29 UTC,220349,292294,3.66708,6.20397,0.0219526,0.0333276,2.36911e-06,2.98825e-05,0.147605,0.0241174,0.0646619,0.00258158,0.00572053
2144,1749119683,2025-06-05 10:34 UTC,220123,292249,3.67447,6.1781,0.0201288,0.030799,2.54012e-06,2.88268e-05,0.147605,0.0242168,0.0641238,0.00213476,0.00488543
2145,1749119983,2025-06-05 10:39 UTC,219889,292199,3.68203,6.15224,0.0189777,0.0285892,2.04729e-06,2.88145e-05,0.147605,0.0243179,0.063588,0.0018662,0.00420846
2146,1749120282,2025-06-05 10:44 UTC,219647,292144,3.68976,6.12647,0.0185636,0.0278759,2.18688e-06,2.93038e-05,0.147605,0.0244205,0.0630565,0.00178342,0.00400214
2147,1749120582,2025-06-05 10:49 UTC,219398,292082,3.69769,6.10062,0.0189137,0.0325601,2.16201e-06,3.48429e-05,0.147604,0.0245253,0.0625255,0.00188847,0.00545896
2148,1749120882,2025-06-05 10:54 UTC,219140,292016,3.7058,6.07478,0.0200504,0.0376219,2.07986e-06,2.84828e-05,0.147605,0.024632,0.061997,0.00217673,0.00728983
2149,1749121182,2025-06-05 10:59 UTC,218874,291944,3.71409,6.04895,0.0219136,0.042928,2.50009e-06,2.90245e-05,0.147605,0.0247405,0.0614709,0.0026412,0.00948946
2150,1749121482,2025-06-05 11:04 UTC,218600,291867,3.72257,6.02313,0.0240984,0.0468582,2.64101e-06,3.4243e-05,0.147604,0.0248509,0.0609472,0.00318726,0.011308
2151,1749121782,2025-06-05 11:09 UTC,218319,291784,3.73123,5.99732,0.0266931,0.0508179,2.73342e-06,2.625e-05,0.147605,0.0249632,0.0604259,0.0038844,0.0132987
2152,1749122082,2025-06-05 11:14 UTC,218029,291696,3.74006,5.97151,0.0295971,0.054878,2.85886e-06,2.62429e-05,0.147604,0.0250774,0.059907,0.00473946,0.0155089
2153,1749122381,2025-06-05 11:19 UTC,217732,291602,3.74905,5.9458,0.0327152,0.0590038,2.92915e-06,2.62848e-05,0.147605,0.025193,0.0593923,0.00575086,0.0179269
2154,1749122681,2025-06-05 11:24 UTC,217427,291503,3.75825,5.92001,0.036008,0.0632334,5.76935e-06,6.24663e-05,0.147604,0.025311,0.0588782,0.00692554,0.0205915
2155,1749122981,2025-06-05 11:29 UTC,217114,291399,3.76763,5.89423,0.0394228,0.0675251,3.95354e-06,8.95803e-05,0.147604,0.0254309,0.0583665,0.00826281,0.0234811
2156,1749123281,2025-06-05 11:34 UTC,216794,291290,3.77718,5.86846,0.0429295,0.0718594,5.53456e-06,2.23185e-05,0.147604,0.0255527,0.0578572,0.00976149,0.0265886
2157,1749123581,2025-06-05 11:39 UTC,216466,291175,3.78692,5.8427,0.0465067,0.076229,5.26868e-06,5.26351e-05,0.147607,0.0256763,0.0573504,0.0114243,0.0299271
2158,1749123881,2025-06-05 11:44 UTC,216130,291055,3.79683,5.81695,0.0501387,0.0806282,4.36464e-06,3.72272e-05,0.147607,0.025802,0.0568459,0.0132493,0.0334775
2159,1749124180,2025-06-05 11:49 UTC,215787,290930,3.80688,5.81326,0.0538017,0.0850377,4.84336e-06,9.23884e-05,0.147607,0.0259291,0.056774,0.0152305,0.037243
2160,1749124480,2025-06-05 11:54 UTC,215436,290800,3.81714,5.8132,0.0575118,0.0894832,5.03565e-06,2.58843e-05,0.147607,0.0260585,0.0567727,0.0173803,0.0412348
2161,1749124780,2025-06-05 11:59 UTC,215078,290664,3.82757,5.81316,0.0612502,0.093994,6.16642e-06,9.11659e-05,0.147607,0.02619,0.0567719,0.0196927,0.0454919
2162,1749125080,2025-06-05 12:04 UTC,214822,290518,3.84664,5.81131,0.0637823,0.0963836,4.25165e-06,2.72257e-05,0.147607,0.0264236,0.0567358,0.0213237,0.047843
2163,1749125380,2025-06-05 12:09 UTC,214573,290365,3.86637,5.80934,0.0662467,0.0986056,4.5725e-06,8.25334e-05,0.147607,0.0266667,0.0566973,0.0229784,0.050072
2164,1749125680,2025-06-05 12:14 UTC,214324,290208,3.88614,5.80738,0.0687294,0.100838,4.23859e-06,5.76478e-05,0.147607,0.0269121,0.0566592,0.0247172,0.0523697
2165,1749125980,2025-06-05 12:19 UTC,214073,290044,3.90596,5.80544,0.0712288,0.103081,5.60752e-06,0.000120262,0.147608,0.0271596,0.0566214,0.026537,0.0547252
2166,1749126279,2025-06-05 12:24 UTC,213820,289875,3.92576,5.81571,0.073735,0.105325,5.20741e-06,0.000116717,0.147608,0.0274086,0.0568217,0.0284358,0.0571239
2167,1749126579,2025-06-05 12:29 UTC,213566,289701,3.94566,5.82931,0.0762634,0.107586,4.6037e-06,4.04193e-05,0.147608,0.0276606,0.0570878,0.0304231,0.0596083
2168,1749126879,2025-06-05 12:34 UTC,213311,289521,3.96561,5.84291,0.0788046,0.109855,6.22338e-06,4.2098e-05,0.147608,0.0279149,0.0573547,0.0324914,0.0621481
2169,1749127179,2025-06-05 12:39 UTC,213054,289335,3.98559,5.85653,0.0813575,0.112132,6.12124e-06,4.50119e-05,0.147608,0.0281713,0.0576224,0.0346444,0.0647489
2170,1749127479,2025-06-05 12:44 UTC,212848,289183,4.0056,5.87016,0.0839212,0.114416,4.36538e-06,4.899e-05,0.147608,0.0284301,0.0578907,0.0368807,0.0674209
2171,1749127779,2025-06-05 12:49 UTC,212589,288987,4.02566,5.8838,0.0864949,0.116707,5.36399e-06,9.18972e-05,0.147607,0.028691,0.0581601,0.039197,0.0701451
2172,1749128079,2025-06-05 12:54 UTC,212328,288786,4.04574,5.89744,0.0890779,0.119004,5.6208e-06,5.63589e-05,0.147607,0.0289543,0.0584302,0.0415959,0.0729276
2173,1749128378,2025-06-05 12:59 UTC,212066,288579,4.06579,5.91183,0.0916608,0.1213,5.70561e-06,7.72797e-05,0.147607,0.0292188,0.0587156,0.0440694,0.0757672
2174,1749128678,2025-06-05 13:04 UTC,211802,288367,4.08594,5.92642,0.0926881,0.121797,3.53327e-06,7.01271e-05,0.147607,0.0294865,0.0590057,0.0450855,0.0763866
2175,1749128978,2025-06-05 13:09 UTC,211536,288149,4.10612,5.94101,0.0935929,0.122174,3.83904e-06,6.13679e-05,0.147607,0.0297565,0.0592966,0.0459889,0.0768714
2176,1749129278,2025-06-05 13:14 UTC,211269,287926,4.12632,5.9556,0.0944992,0.122698,3.32597e-06,6.16301e-05,0.147607,0.0300286,0.0595883,0.0469044,0.0775343
2177,1749129578,2025-06-05 13:19 UTC,211001,287697,4.14655,5.9702,0.0954071,0.123221,2.84285e-06,6.23773e-05,0.147609,0.0303031,0.0598807,0.0478297,0.0781935
2178,1749129878,2025-06-05 13:24 UTC,210730,287462,4.16681,5.9848,0.0963165,0.123978,5.41028e-06,7.21637e-05,0.147612,0.0305798,0.060174,0.0487648,0.0791455
2179,1749130178,2025-06-05 13:29 UTC,210458,287222,4.1871,5.9994,0.0972274,0.12534,4.03463e-06,6.44428e-05,0.147611,0.0308587,0.060468,0.049711,0.0809025
2180,1749130477,2025-06-05 13:34 UTC,210185,286976,4.20734,6.01396,0.0981366,0.126697,4.54589e-06,7.25334e-05,0.147612,0.031139,0.0607618,0.0506655,0.0826603
2181,1749130777,2025-06-05 13:39 UTC,209910,286725,4.22767,6.02857,0.0990502,0.128059,1.06354e-05,0.00013864,0.147611,0.0314224,0.0610573,0.0516341,0.0844446
2182,1749131077,2025-06-05 13:44 UTC,209633,286468,4.24802,6.04318,0.0999652,0.129421,1.04608e-05,7.00568e-05,0.147611,0.0317081,0.0613537,0.0526125,0.0862671
2183,1749131377,2025-06-05 13:49 UTC,209354,286205,4.2684,6.0578,0.100881,0.130794,8.73364e-06,7.7591e-05,0.147612,0.031996,0.0616508,0.0536032,0.088102
2184,1749131677,2025-06-05 13:54 UTC,209073,285937,4.2888,6.07241,0.101799,0.132173,7.50457e-06,6.90446e-05,0.147612,0.0322862,0.0619487,0.0546027,0.0899672
2185,1749131977,2025-06-05 13:59 UTC,208791,285662,4.30922,6.08704,0.102718,0.133552,6.76657e-06,6.98706e-05,0.147611,0.0325786,0.0622474,0.0556144,0.0918566
2186,1749132276,2025-06-05 14:04 UTC,208507,285382,4.32959,6.10161,0.101646,0.132096,6.25272e-06,6.71038e-05,0.147611,0.0328723,0.0625458,0.0544622,0.0898619
2187,1749132576,2025-06-05 14:09 UTC,208221,285097,4.35005,6.11624,0.10041,0.130398,5.70261e-06,6.51657e-05,0.147612,0.0331692,0.0628461,0.0531441,0.0875656
2188,1749132876,2025-06-05 14:14 UTC,207934,284806,4.37053,6.13087,0.0991785,0.1287,5.29203e-06,6.26266e-05,0.147612,0.0334684,0.0631471,0.0518489,0.0852954
2189,1749133176,2025-06-05 14:19 UTC,207645,284509,4.39103,6.1455,0.0979528,0.127002,4.6607e-06,6.0277e-05,0.147612,0.0337699,0.0634489,0.0505787,0.0830666
2190,1749133476,2025-06-05 14:24 UTC,207353,284206,4.41154,6.16014,0.0967327,0.125304,4.2812e-06,5.71791e-05,0.147612,0.0340736,0.0637514,0.0493304,0.0808564
2191,1749133776,2025-06-05 14:29 UTC,207061,283897,4.43208,6.17478,0.0955181,0.123606,3.734e-06,5.37423e-05,0.147612,0.0343795,0.0640548,0.0481062,0.0786882
2192,1749134076,2025-06-05 14:34 UTC,206766,283583,4.45263,6.18942,0.0943093,0.121908,4.33067e-06,5.30275e-05,0.147612,0.0346877,0.0643589,0.0469078,0.0765376
2193,1749134375,2025-06-05 14:39 UTC,206469,283262,4.47313,6.20401,0.0931103,0.1211,3.68205e-06,5.01888e-05,0.147612,0.0349972,0.0646628,0.045734,0.0755232
2194,1749134675,2025-06-05 14:44 UTC,206171,282936,4.49371,6.21866,0.0919132,0.120664,3.32501e-06,4.70154e-05,0.147612,0.0353099,0.0649685,0.0445809,0.0749839
2195,1749134975,2025-06-05 14:49 UTC,205871,282604,4.51432,6.23373,0.0907221,0.120271,3.98574e-06,4.45555e-05,0.147612,0.0356248,0.0652839,0.0434535,0.0744991
2196,1749135275,2025-06-05 14:54 UTC,205568,282266,4.53493,6.25006,0.089537,0.119906,3.08269e-06,9.27093e-05,0.147614,0.0359421,0.0656264,0.0423474,0.0740506
2197,1749135575,2025-06-05 14:59 UTC,205264,281922,4.55557,6.26641,0.0883582,0.11957,3.51593e-06,3.90522e-05,0.147614,0.0362615,0.0659699,0.0412669,0.0736308
2198,1749135875,2025-06-05 15:04 UTC,205055,281645,4.54936,6.278,0.0847638,0.115461,4.81419e-06,3.69098e-05,0.147614,0.0361484,0.0662144,0.0379738,0.0686647
2199,1749136175,2025-06-05 15:09 UTC,204884,281392,4.54075,6.29346,0.0809695,0.11108,5.17266e-06,4.55252e-05,0.147614,0.0359974,0.0665407,0.0346443,0.0635529
2200,1749136474,2025-06-05 15:14 UTC,204716,281137,4.53221,6.30885,0.077211,0.106931,4.77748e-06,3.19746e-05,0.147614,0.0358485,0.0668668,0.0314999,0.0588931
2201,1749136774,2025-06-05 15:19 UTC,204552,280881,4.52367,6.32431,0.0734664,0.102935,4.16764e-06,3.31507e-05,0.147615,0.0357006,0.0671947,0.0285194,0.0545709
2202,1749137074,2025-06-05 15:24 UTC,204391,280624,4.51516,6.33976,0.0697521,0.0990235,4.85439e-06,2.76155e-05,0.147615,0.0355543,0.0675234,0.0257164,0.0505073
2203,1749137374,2025-06-05 15:29 UTC,204233,280364,4.50669,6.35521,0.0660725,0.0952062,4.84811e-06,6.55856e-05,0.147615,0.0354095,0.067853,0.0230883,0.0466856
2204,1749137674,2025-06-05 15:34 UTC,204079,280104,4.49826,6.37066,0.0624328,0.0914953,4.21246e-06,2.66669e-05,0.147614,0.0352664,0.0681833,0.0206365,0.0431126
2205,1749137974,2025-06-05 15:39 UTC,203928,279841,4.48986,6.38611,0.0588395,0.0879041,4.30491e-06,6.25212e-05,0.147615,0.0351248,0.0685145,0.0183621,0.0397972
2206,1749138274,2025-06-05 15:44 UTC,203780,279577,4.48149,6.40156,0.0553001,0.084448,4.52982e-06,2.85276e-05,0.147615,0.0349848,0.0688464,0.0162651,0.0367275
2207,1749138573,2025-06-05 15:49 UTC,203636,279311,4.47319,6.41696,0.0518355,0.081155,4.19445e-06,4.52054e-05,0.147614,0.0348468,0.0691781,0.0143521,0.0339184
2208,1749138873,2025-06-05 15:54 UTC,203494,279043,4.46489,6.43241,0.048434,0.0780223,4.32713e-06,6.74307e-05,0.147614,0.03471,0.0695116,0.0126117,0.0313528
2209,1749139173,2025-06-05 15:59 UTC,203355,278774,4.45662,6.44787,0.0451221,0.0750827,4.80179e-06,2.9326e-05,0.147614,0.0345747,0.0698459,0.0110517,0.029032
2210,1749139473,2025-06-05 16:04 UTC,203220,278503,4.44839,6.46332,0.039968,0.0687202,4.26642e-06,3.04421e-05,0.147614,0.034441,0.0701811,0.00876739,0.0243269
2211,1749139773,2025-06-05 16:09 UTC,203087,278230,4.44019,6.47877,0.034906,0.0624291,4.79802e-06,2.24079e-05,0.147614,0.0343089,0.0705171,0.00680618,0.0200734
2212,1749140073,2025-06-05 16:14 UTC,202957,277956,4.43202,6.49422,0.030292,0.0567214,3.89057e-06,2.40431e-05,0.147614,0.0341783,0.0708538,0.00526663,0.0165695
2213,1749140372,2025-06-05 16:19 UTC,202830,277680,4.42391,6.50962,0.026417,0.0522288,3.74944e-06,5.93896e-05,0.147614,0.0340498,0.0711903,0.00414944,0.0140488
2214,1749140672,2025-06-05 16:24 UTC,202706,277402,4.41581,6.52507,0.023656,0.0491199,3.14491e-06,3.18536e-05,0.147614,0.0339224,0.0715286,0.00343681,0.012427
2215,1749140972,2025-06-05 16:29 UTC,202584,277123,4.40775,6.54052,0.022432,0.0475407,3.51431e-06,3.32453e-05,0.147619,0.0337966,0.0718678,0.00311927,0.0116393
2216,1749141272,2025-06-05 16:34 UTC,202465,276841,4.39971,6.55597,0.023,0.0476624,3.28716e-06,3.57782e-05,0.147619,0.0336723,0.0722078,0.00319202,0.0117005
2217,1749141572,2025-06-05 16:39 UTC,202349,276558,4.39171,6.57143,0.025163,0.0494476,3.4303e-06,3.67998e-05,0.147619,0.0335497,0.0725485,0.00366947,0.012594
2218,1749141872,2025-06-05 16:44 UTC,202235,276273,4.38375,6.58688,0.0285177,0.0527276,3.63683e-06,0.000101931,0.147619,0.0334286,0.0728901,0.00457203,0.0143178
2219,1749142172,2025-06-05 16:49 UTC,202124,275987,4.37581,6.60233,0.0326857,0.0572461,3.87506e-06,4.04321e-05,0.147619,0.033309,0.0732325,0.00590685,0.0168751
2220,1749142471,2025-06-05 16:54 UTC,202015,275698,4.36794,6.61773,0.0373891,0.0627163,4.2056e-06,4.234e-05,0.14762,0.0331915,0.0735745,0.00766501,0.020255
2221,1749142771,2025-06-05 16:59 UTC,201909,275408,4.36007,6.63318,0.0424859,0.0689439,4.37073e-06,4.17175e-05,0.147619,0.0330751,0.0739185,0.00985387,0.0244823
2222,1749143071,2025-06-05 17:04 UTC,201805,275116,4.35224,6.64863,0.0483332,0.0755028,5.72333e-06,0.000105777,0.147619,0.0329603,0.0742632,0.0126916,0.0293545
2223,1749143371,2025-06-05 17:09 UTC,201704,274821,4.34444,6.66409,0.0544538,0.0824736,6.08368e-06,8.34335e-05,0.14762,0.0328471,0.0746089,0.0160586,0.0350193
2224,1749143671,2025-06-05 17:14 UTC,201604,274526,4.33668,6.67954,0.0607336,0.0897797,6.41397e-06,5.07783e-05,0.14762,0.0327355,0.0749553,0.0199325,0.0415084
2225,1749143971,2025-06-05 17:19 UTC,201507,274228,4.32895,6.69499,0.0671297,0.0973455,7.23036e-06,5.89767e-05,0.14762,0.0326254,0.0753024,0.0243125,0.0487923
2226,1749144271,2025-06-05 17:24 UTC,201413,273928,4.32125,6.71044,0.0736129,0.105115,8.85679e-06,0.000105968,0.14762,0.032517,0.0756504,0.0291978,0.0568965
2227,1749144570,2025-06-05 17:29 UTC,201320,273627,4.31362,6.72584,0.0801409,0.11302,9.99761e-06,0.00012007,0.14763,0.0324104,0.0759981,0.0345699,0.0657798
2228,1749144870,2025-06-05 17:34 UTC,201230,273323,4.306,6.74129,0.0867425,0.121081,1.04892e-05,0.000156199,0.14763,0.0323051,0.0763477,0.0404644,0.075485
2229,1749145170,2025-06-05 17:39 UTC,201142,273017,4.29841,6.75675,0.0933854,0.129247,1.02415e-05,0.000209712,0.14763,0.0322013,0.076698,0.0468644,0.0859998
2230,1749145470,2025-06-05 17:44 UTC,201056,272710,4.29085,6.7722,0.100061,0.137501,1.07163e-05,0.000262687,0.14763,0.0320991,0.0770492,0.0537685,0.0973679
2231,1749145770,2025-06-05 17:49 UTC,200972,272401,4.28334,6.78765,0.106764,0.145826,1.31947e-05,0.000321782,0.14763,0.0319985,0.0774013,0.0611753,0.109494
2232,1749146070,2025-06-05 17:54 UTC,200890,272090,4.27586,6.8031,0.11349,0.154212,1.51214e-05,0.000379871,0.14763,0.0318995,0.0777541,0.0690869,0.122437
2233,1749146370,2025-06-05 17:59 UTC,200810,271776,4.26841,6.81855,0.120234,0.162649,1.59358e-05,0.000446641,0.14763,0.031802,0.0781078,0.0775041,0.136189
2234,1749146669,2025-06-05 18:04 UTC,200763,271607,4.29272,6.85013,0.126152,0.16889,1.53791e-05,0.000510666,0.147629,0.0321616,0.0788327,0.0852541,0.146861
2235,1749146969,2025-06-05 18:09 UTC,200730,271492,4.32072,6.88362,0.132004,0.174908,1.6191e-05,0.000579888,0.147632,0.0325772,0.0796057,0.0932769,0.157517
2236,1749147269,2025-06-05 18:14 UTC,200700,271380,4.34879,6.91713,0.137861,0.180928,1.72248e-05,0.000637414,0.147631,0.0329967,0.0803824,0.101671,0.168546
2237,1749147569,2025-06-05 18:19 UTC,200674,271278,4.37692,6.95065,0.143721,0.186951,1.85266e-05,0.00071391,0.147632,0.0334201,0.0811633,0.110436,0.17995
2238,1749147869,2025-06-05 18:24 UTC,200651,271192,4.40512,6.98417,0.149585,0.192975,1.96905e-05,0.000788702,0.147632,0.0338474,0.0819482,0.119573,0.191742
2239,1749148169,2025-06-05 18:29 UTC,200631,271107,4.43337,7.01771,0.155452,0.199028,1.91402e-05,0.000864929,0.147635,0.0342787,0.0827369,0.129081,0.203899
2240,1749148469,2025-06-05 18:34 UTC,200614,271026,4.46168,7.05126,0.161321,0.205831,1.99549e-05,0.000947221,0.147634,0.0347139,0.0835302,0.138961,0.218112
2241,1749148768,2025-06-05 18:39 UTC,200601,270947,4.48995,7.08471,0.167173,0.213785,2.12877e-05,0.00102861,0.147634,0.0351515,0.0843244,0.149175,0.235317
2242,1749149068,2025-06-05 18:44 UTC,200591,270871,4.51837,7.11828,0.173047,0.221766,2.07333e-05,0.00111613,0.147634,0.0355946,0.0851256,0.159796,0.253206
2243,1749149368,2025-06-05 18:49 UTC,200584,270797,4.54684,7.15186,0.178922,0.229747,2.12891e-05,0.0012068,0.147634,0.0360415,0.0859306,0.170787,0.271743
2244,1749149668,2025-06-05 18:54 UTC,200580,270725,4.57536,7.18545,0.1848,0.237727,2.18975e-05,0.00128908,0.147634,0.0364925,0.0867396,0.182151,0.290979
2245,1749149968,2025-06-05 18:59 UTC,200579,270656,4.60394,7.21905,0.190679,0.245708,2.41748e-05,0.00139336,0.147634,0.0369473,0.0875527,0.19388,0.310844
2246,1749150268,2025-06-05 19:04 UTC,200581,270590,4.63256,7.25266,0.194943,0.251583,1.65962e-05,0.001466,0.147634,0.0374063,0.0883697,0.202616,0.325919
2247,1749150567,2025-06-05 19:09 UTC,200586,270526,4.66114,7.28617,0.199002,0.257186,1.78383e-05,0.00153648,0.147634,0.0378675,0.0891882,0.211091,0.340563
2248,1749150867,2025-06-05 19:14 UTC,200594,270464,4.68986,7.3198,0.203075,0.262809,1.81509e-05,0.0016036,0.147647,0.0383342,0.0900135,0.219774,0.35568
2249,1749151167,2025-06-05 19:19 UTC,200605,270405,4.71863,7.35344,0.207149,0.268432,1.94336e-05,0.00167404,0.147649,0.0388048,0.0908426,0.228632,0.370974
2250,1749151467,2025-06-05 19:24 UTC,200619,270348,4.74745,7.38708,0.211224,0.274054,1.91169e-05,0.00174928,0.147658,0.0392794,0.0916759,0.237674,0.386759
2251,1749151767,2025-06-05 19:29 UTC,200636,270294,4.7763,7.42074,0.2153,0.279677,1.95471e-05,0.00181892,0.147659,0.039758,0.0925131,0.246892,0.40273
2252,1749152067,2025-06-05 19:34 UTC,200655,270242,4.80521,7.4544,0.219376,0.285299,2.01447e-05,0.00189057,0.147659,0.0402405,0.0933543,0.256288,0.419111
2253,1749152367,2025-06-05 19:39 UTC,200677,270192,4.83415,7.48808,0.223453,0.290922,2.05326e-05,0.00196514,0.147659,0.040727,0.0941996,0.265863,0.435796
2254,1749152666,2025-06-05 19:44 UTC,200702,270144,4.86304,7.52165,0.227517,0.296526,2.15007e-05,0.00203638,0.147663,0.0412157,0.0950463,0.275583,0.452671
2255,1749152966,2025-06-05 19:49 UTC,200730,270099,4.89207,7.55534,0.231596,0.302149,2.33241e-05,0.00210795,0.147671,0.0417101,0.0958992,0.285511,0.470055
2256,1749153266,2025-06-05 19:54 UTC,200760,270056,4.92114,7.58904,0.235674,0.307771,2.68444e-05,0.00218076,0.147674,0.0422083,0.096757,0.295613,0.487699
2257,1749153566,2025-06-05 19:59 UTC,200793,270015,4.95025,7.62275,0.239754,0.313394,3.01949e-05,0.00225388,0.147696,0.0427106,0.0976185,0.305899,0.505685
2258,1749153866,2025-06-05 20:04 UTC,200829,269976,4.97939,7.65646,0.241751,0.315959,1.67963e-05,0.0022819,0.147745,0.0432171,0.098484,0.311005,0.514123
2259,1749154166,2025-06-05 20:09 UTC,200867,269940,5.00858,7.69019,0.243484,0.318133,1.68126e-05,0.00230056,0.147751,0.0437273,0.0993533,0.315405,0.521142
2260,1749154466,2025-06-05 20:14 UTC,200907,269906,5.0378,7.72392,0.245219,0.320307,1.81455e-05,0.00231884,0.147771,0.0442414,0.100227,0.319851,0.528337
2261,1749154765,2025-06-05 20:19 UTC,200951,269873,5.06696,7.75754,0.246951,0.322474,2.33387e-05,0.0023369,0.147792,0.0447577,0.101101,0.3243,0.535457
2262,1749155065,2025-06-05 20:24 UTC,200996,269844,5.09626,7.79129,0.248691,0.324648,2.16112e-05,0.00235359,0.147846,0.0452799,0.101983,0.328833,0.542672
2263,1749155365,2025-06-05 20:29 UTC,201044,269816,5.12559,7.84147,0.250433,0.326822,3.1911e-05,0.00236624,0.147881,0.0458057,0.1033,0.333357,0.549931
2264,1749155665,2025-06-05 20:34 UTC,201095,269790,5.15495,7.89395,0.252177,0.328996,3.01951e-05,0.00238215,0.147888,0.0463358,0.104688,0.337945,0.557299
2265,1749155965,2025-06-05 20:39 UTC,201148,269766,5.18435,7.94644,0.253923,0.331171,5.13531e-05,0.0023907,0.147963,0.0468694,0.106084,0.342521,0.564505
2266,1749156265,2025-06-05 20:44 UTC,201203,269745,5.21378,8.01252,0.255671,0.333345,6.87201e-05,0.00240858,0.14801,0.047407,0.107857,0.347125,0.571668
2267,1749156565,2025-06-05 20:49 UTC,201261,269725,5.24324,8.08922,0.257421,0.335519,3.89487e-05,0.00244054,0.148035,0.0479495,0.109932,0.351914,0.579919
2268,1749156864,2025-06-05 20:54 UTC,201321,269708,5.27264,8.16567,0.259167,0.337686,4.19732e-05,0.00243911,0.148073,0.0484934,0.112018,0.356607,0.586938
2269,1749157164,2025-06-05 20:59 UTC,201384,269692,5.30217,8.24238,0.260921,0.33986,7.3077e-05,0.00244957,0.148225,0.0490429,0.114134,0.361331,0.594738
2270,1749157464,2025-06-05 21:04 UTC,201488,269722,5.3138,8.25339,0.260169,0.338857,1.88764e-05,0.00240785,0.148399,0.0492427,0.114439,0.359363,0.591234
2271,1749157764,2025-06-05 21:09 UTC,201610,269769,5.32308,8.25544,0.259075,0.337421,9.15985e-06,0.00235906,0.148399,0.049395,0.114496,0.356293,0.586357
2272,1749158064,2025-06-05 21:14 UTC,201737,269820,5.33246,8.2575,0.257983,0.335984,8.01439e-06,0.00231188,0.148399,0.0495494,0.114553,0.353252,0.581388
2273,1749158364,2025-06-05 21:19 UTC,201868,269872,5.34193,8.25956,0.256892,0.334548,6.60558e-06,0.0022651,0.148398,0.0497057,0.11461,0.350214,0.576374
2274,1749158663,2025-06-05 21:24 UTC,202004,269928,5.35146,8.26163,0.255806,0.333116,1.05257e-05,0.00221946,0.148406,0.0498635,0.114668,0.347215,0.571471
2275,1749158963,2025-06-05 21:29 UTC,202144,269986,5.36111,8.2637,0.254718,0.33168,6.67028e-06,0.00217459,0.148406,0.0500238,0.114725,0.34422,0.566592
2276,1749159263,2025-06-05 21:34 UTC,202289,270046,5.37086,8.26579,0.253631,0.330243,1.33634e-05,0.00213221,0.148406,0.050186,0.114783,0.34123,0.561622
2277,1749159563,2025-06-05 21:39 UTC,202437,270110,5.3807,8.26788,0.252546,0.328807,1.29897e-05,0.00208925,0.148428,0.0503502,0.114841,0.338263,0.556719
2278,1749159863,2025-06-05 21:44 UTC,202590,270176,5.39062,8.26997,0.251462,0.32737,1.30084e-05,0.00204816,0.148428,0.0505164,0.114899,0.335318,0.551943
2279,1749160163,2025-06-05 21:49 UTC,202746,270244,5.40064,8.27208,0.250379,0.325934,1.23781e-05,0.00200843,0.148428,0.0506845,0.114958,0.33238,0.547015
2280,1749160463,2025-06-05 21:54 UTC,202907,270315,5.41074,8.2761,0.249297,0.324498,1.254e-05,0.00196914,0.148428,0.0508547,0.11507,0.329464,0.542332
2281,1749160762,2025-06-05 21:59 UTC,203071,270388,5.42089,8.28013,0.248221,0.323066,1.06454e-05,0.00193103,0.148428,0.0510261,0.115182,0.32656,0.537494
2282,1749161062,2025-06-05 22:04 UTC,203240,270464,5.43116,8.28418,0.244711,0.318875,1.62698e-05,0.00186215,0.148428,0.0512004,0.115295,0.317454,0.523695
2283,1749161362,2025-06-05 22:09 UTC,203412,270543,5.44152,8.28824,0.240849,0.314285,1.68451e-05,0.00178546,0.148428,0.0513764,0.115408,0.307569,0.508762
2284,1749161662,2025-06-05 22:14 UTC,203588,270624,5.45196,8.29231,0.236987,0.309694,1.57371e-05,0.00172009,0.148428,0.0515544,0.115521,0.297837,0.494046
2285,1749161962,2025-06-05 22:19 UTC,203767,270707,5.46248,8.29639,0.233126,0.305103,1.6934e-05,0.00164883,0.148428,0.0517344,0.115635,0.288272,0.4795
2286,1749162262,2025-06-05 22:24 UTC,203950,270793,5.47308,8.30048,0.229266,0.30102,1.64324e-05,0.00158148,0.148429,0.0519163,0.115748,0.278856,0.466679
2287,1749162562,2025-06-05 22:29 UTC,204137,270881,5.48376,8.30457,0.225406,0.296957,1.26157e-05,0.00152002,0.148428,0.0521002,0.115863,0.269601,0.454182
2288,1749162861,2025-06-05 22:34 UTC,204327,270971,5.49448,8.30866,0.22156,0.292907,1.58557e-05,0.00145966,0.148428,0.0522856,0.115977,0.260551,0.441936
2289,1749163161,2025-06-05 22:39 UTC,204520,271064,5.50532,8.31278,0.217702,0.288845,1.42847e-05,0.00140073,0.14843,0.0524734,0.116092,0.251619,0.429777
2290,1749163461,2025-06-05 22:44 UTC,204717,271159,5.51624,8.3169,0.213845,0.284783,1.36905e-05,0.00134875,0.148431,0.0526632,0.116207,0.242849,0.417743
2291,1749163761,2025-06-05 22:49 UTC,204917,271256,5.52723,8.32103,0.209989,0.280722,1.32281e-05,0.00129488,0.148431,0.052855,0.116322,0.234237,0.405917
2292,1749164061,2025-06-05 22:54 UTC,205121,271356,5.5383,8.32516,0.206133,0.276661,1.37952e-05,0.00124474,0.148431,0.0530488,0.116438,0.225787,0.394247
2293,1749164361,2025-06-05 22:59 UTC,205327,271457,5.54945,8.32931,0.202279,0.272601,1.30151e-05,0.00116943,0.148431,0.0532446,0.116554,0.2175,0.382763
2294,1749164661,2025-06-05 23:04 UTC,205537,271562,5.56067,8.33346,0.196943,0.266526,2.00005e-05,0.00112952,0.148431,0.0534425,0.11667,0.20628,0.365877
2295,1749164960,2025-06-05 23:09 UTC,205750,271668,5.57193,8.33761,0.191406,0.260171,1.94508e-05,0.00107063,0.148434,0.0536415,0.116787,0.194935,0.348679
2296,1749165260,2025-06-05 23:14 UTC,205966,271776,5.5833,8.34179,0.185853,0.253796,1.77111e-05,0.00100876,0.148433,0.0538432,0.116903,0.18388,0.331811
2297,1749165560,2025-06-05 23:19 UTC,206185,271887,5.59474,8.34597,0.180304,0.247421,1.90951e-05,0.000950816,0.148434,0.0540469,0.117021,0.173161,0.315353
2298,1749165860,2025-06-05 23:24 UTC,206407,271999,5.60626,8.35016,0.174758,0.241048,1.77948e-05,0.000904597,0.148433,0.0542525,0.117138,0.162768,0.299299
2299,1749166160,2025-06-05 23:29 UTC,206632,272114,5.61784,8.35435,0.169217,0.234675,1.81796e-05,0.000849116,0.148438,0.0544602,0.117256,0.15271,0.283708
2300,1749166460,2025-06-05 23:34 UTC,206859,272231,5.6295,8.35856,0.16368,0.228316,2.28176e-05,0.000800797,0.148437,0.0546698,0.117374,0.142983,0.268542
2301,1749166759,2025-06-05 23:39 UTC,207090,272350,5.64119,8.36276,0.158166,0.222021,2.29307e-05,0.000755269,0.148438,0.0548807,0.117492,0.133614,0.25393
2302,1749167059,2025-06-05 23:44 UTC,207323,272473,5.65299,8.36698,0.152639,0.215706,1.97652e-05,0.000708575,0.148438,0.0550942,0.117611,0.124542,0.239682
2303,1749167359,2025-06-05 23:49 UTC,207559,272626,5.66485,8.37121,0.147118,0.209393,1.90404e-05,0.000668741,0.148438,0.0553097,0.11773,0.115801,0.22586
2304,1749167659,2025-06-05 23:54 UTC,207798,272932,5.67679,8.37545,0.141605,0.203101,1.86836e-05,0.000628585,0.148438,0.0555272,0.117849,0.10739,0.212511
2305,1749167959,2025-06-05 23:59 UTC,208039,273258,5.68879,8.3797,0.136099,0.196888,2.47716e-05,0.000597376,0.148438,0.0557467,0.117968,0.0993182,0.19967
2306,1749168259,2025-06-06 00:04 UTC,208305,273587,5.67964,8.38698,0.130289,0.189782,2.67289e-05,0.000555353,0.148441,0.0555614,0.118174,0.0910707,0.185656
2307,1749168559,2025-06-06 00:09 UTC,208581,273919,5.66718,8.39475,0.124431,0.182535,2.26736e-05,0.00051791,0.148441,0.055313,0.118393,0.0830906,0.171636
2308,1749168858,2025-06-06 00:14 UTC,208861,274255,5.65479,8.40249,0.118597,0.175314,1.96616e-05,0.000483968,0.14844,0.0550674,0.118611,0.075537,0.158326
2309,1749169158,2025-06-06 00:19 UTC,209144,274593,5.6424,8.41026,0.112746,0.168072,2.3528e-05,0.000451886,0.148441,0.0548225,0.118831,0.06833,0.145599
2310,1749169458,2025-06-06 00:24 UTC,209431,274934,5.63005,8.42012,0.106898,0.160848,1.82221e-05,0.000421063,0.148441,0.0545787,0.119109,0.0614575,0.133276
2311,1749169758,2025-06-06 00:29 UTC,209722,275278,5.61774,8.43159,0.101056,0.153638,2.60187e-05,0.000393146,0.14844,0.0543369,0.119434,0.0549911,0.121606
2312,1749170058,2025-06-06 00:34 UTC,210016,275624,5.60547,8.44305,0.0952187,0.146432,1.48971e-05,0.000367333,0.148441,0.0540962,0.119759,0.0488654,0.11048
2313,1749170358,2025-06-06 00:39 UTC,210313,275973,5.59324,8.45452,0.0893881,0.139231,2.28513e-05,0.000343198,0.148441,0.0538575,0.120085,0.0431305,0.0999064
2314,1749170658,2025-06-06 00:44 UTC,210614,276325,5.58105,8.46599,0.0835652,0.132037,1.26097e-05,0.000321053,0.148441,0.0536198,0.120411,0.0377411,0.0898013
2315,1749170957,2025-06-06 00:49 UTC,210918,276679,5.56893,8.47742,0.0777711,0.124873,1.09026e-05,0.000301378,0.14844,0.0533846,0.120736,0.0327464,0.0803149
2316,1749171257,2025-06-06 00:54 UTC,211226,277036,5.55682,8.48889,0.0719695,0.117693,1.38697e-05,0.000284018,0.14844,0.0531502,0.121063,0.0281082,0.0713684
2317,1749171557,2025-06-06 00:59 UTC,211537,277396,5.54474,8.50036,0.0661827,0.110524,1.24383e-05,0.000269501,0.14844,0.0529173,0.12139,0.0238326,0.0629389
2318,1749171857,2025-06-06 01:04 UTC,211851,277758,5.53271,8.51183,0.0609558,0.103886,9.48584e-06,0.000257766,0.14844,0.0526859,0.121718,0.0202696,0.055596
2319,1749172157,2025-06-06 01:09 UTC,212168,278122,5.52071,8.5233,0.0558363,0.0973458,6.82943e-06,0.000246626,0.14844,0.052456,0.122046,0.0170583,0.0488011
2320,1749172457,2025-06-06 01:14 UTC,212488,278489,5.50876,8.53477,0.0507377,0.0908316,9.65674e-06,0.000239301,0.148441,0.0522277,0.122375,0.0141445,0.0425121
2321,1749172757,2025-06-06 01:19 UTC,212811,278858,5.49684,8.54624,0.045667,0.0843347,9.99534e-06,0.000231849,0.14844,0.0520009,0.122704,0.0115196,0.0366524
2322,1749173056,2025-06-06 01:24 UTC,213137,279229,5.485,8.55767,0.0406513,0.0778807,8.16372e-06,0.000225875,0.14844,0.0517764,0.123033,0.00919142,0.0312471
2323,1749173356,2025-06-06 01:29 UTC,213466,279603,5.47317,8.56914,0.0356729,0.0714324,6.46671e-06,0.000221605,0.14844,0.0515526,0.123363,0.00714737,0.0262874
2324,1749173656,2025-06-06 01:34 UTC,213798,279979,5.46137,8.58062,0.0307755,0.0650195,6.0134e-06,0.000219625,0.14844,0.0513303,0.123693,0.00539502,0.021776
2325,1749173956,2025-06-06 01:39 UTC,214132,280357,5.44962,8.59209,0.0260078,0.0586536,6.28614e-06,0.000217598,0.14844,0.0511096,0.124024,0.00393499,0.0177238
2326,1749174256,2025-06-06 01:44 UTC,214470,280738,5.4379,8.60356,0.0214701,0.0523712,5.03244e-06,0.000221005,0.14844,0.0508903,0.124356,0.00276404,0.014132
2327,1749174556,2025-06-06 01:49 UTC,214810,281121,5.42623,8.61503,0.0174215,0.0461961,5.33184e-06,0.000219992,0.14844,0.0506727,0.124687,0.00187746,0.0109988
2328,1749174856,2025-06-06 01:54 UTC,215152,281506,5.4146,8.6265,0.0144169,0.0402036,4.51731e-06,0.00022237,0.14844,0.0504565,0.12502,0.00125644,0.00832503
2329,1749175155,2025-06-06 01:59 UTC,215498,281893,5.40305,8.63793,0.013044,0.0344678,4.15949e-06,0.00022433,0.14844,0.0502426,0.125351,0.000878144,0.00612173
2330,1749175455,2025-06-06 02:04 UTC,215846,282282,5.3915,8.6494,0.0134343,0.0304309,4.87766e-06,0.000227381,0.14844,0.0500295,0.125684,0.000796209,0.00477088
2331,1749175755,2025-06-06 02:09 UTC,216196,282673,5.37999,8.66088,0.0147966,0.0282679,4.34437e-06,0.000230221,0.14844,0.0498179,0.126018,0.000920174,0.00411511
2332,1749176055,2025-06-06 02:14 UTC,216549,283067,5.36853,8.67235,0.0167675,0.0300297,3.36931e-06,0.000231045,0.14844,0.0496078,0.126352,0.00124245,0.00464336
2333,1749176355,2025-06-06 02:19 UTC,216905,283462,5.35711,8.68382,0.0191772,0.035057,3.85796e-06,0.000232329,0.14844,0.0493992,0.126687,0.00173669,0.00632774
2334,1749176655,2025-06-06 02:24 UTC,217263,283859,5.34573,8.69529,0.0219181,0.0401129,4.28744e-06,0.000232177,0.14844,0.0491922,0.127022,0.00238564,0.00828664
2335,1749176954,2025-06-06 02:29 UTC,217623,284259,5.33444,8.70673,0.024895,0.045171,4.01549e-06,0.000231877,0.14844,0.0489874,0.127356,0.00318091,0.0105059
2336,1749177254,2025-06-06 02:34 UTC,217986,284660,5.32315,8.7182,0.0280667,0.0503326,3.90825e-06,0.000231182,0.14844,0.0487834,0.127692,0.00412773,0.0130434
2337,1749177554,2025-06-06 02:39 UTC,218351,285063,5.3119,8.72967,0.0313773,0.0555088,3.64677e-06,0.000228908,0.14844,0.0485809,0.128028,0.00522461,0.0158659
2338,1749177854,2025-06-06 02:44 UTC,218719,285469,5.3007,8.74115,0.0347915,0.0606922,4.44875e-06,0.000227414,0.14844,0.04838,0.128365,0.00647236,0.0189698
2339,1749178154,2025-06-06 02:49 UTC,219088,285876,5.28955,8.75262,0.0382829,0.0658811,5.02206e-06,0.000223959,0.14844,0.0481806,0.128702,0.00787189,0.022351
2340,1749178454,2025-06-06 02:54 UTC,219460,286285,5.27844,8.76409,0.0418323,0.0710749,4.95673e-06,0.00021983,0.14844,0.0479827,0.12904,0.00942429,0.0260176
2341,1749178754,2025-06-06 02:59 UTC,219834,286696,5.26737,8.77557,0.0454254,0.0762746,4.05818e-06,0.000216613,0.14844,0.0477862,0.129378,0.0111303,0.0299622
2342,1749179053,2025-06-06 03:04 UTC,220191,287060,5.24211,8.7316,0.0472173,0.0789637,3.84614e-06,0.000213935,0.14844,0.0473039,0.128085,0.0120441,0.0321088
2343,1749179353,2025-06-06 03:09 UTC,220541,287404,5.21434,8.67742,0.0486965,0.0812438,3.64115e-06,0.000212685,0.14844,0.0467724,0.1265,0.0128283,0.03399
2344,1749179653,2025-06-06 03:14 UTC,220893,287762,5.18676,8.62329,0.050187,0.0835612,3.71999e-06,0.000211734,0.14844,0.0462464,0.124927,0.0136411,0.0359544
2345,1749179953,2025-06-06 03:19 UTC,221245,288119,5.15937,8.56921,0.0516878,0.0859128,3.86317e-06,0.000209143,0.14844,0.0457258,0.123365,0.0144826,0.0380093
2346,1749180253,2025-06-06 03:24 UTC,221597,288468,5.13217,8.51518,0.0531981,0.0882959,4.46637e-06,0.000207927,0.14844,0.0452107,0.121814,0.0153525,0.0401521
2347,1749180553,2025-06-06 03:29 UTC,221950,288809,5.10515,8.4612,0.0547169,0.090708,3.79377e-06,0.000206298,0.14844,0.0447011,0.120274,0.0162518,0.0423662
2348,1749180853,2025-06-06 03:34 UTC,222303,289144,5.07833,8.40727,0.0562435,0.0931469,4.72515e-06,0.000204513,0.14844,0.0441969,0.118746,0.0171788,0.0446787
2349,1749181152,2025-06-06 03:39 UTC,222656,289472,5.05177,8.35357,0.0577722,0.0956023,3.72266e-06,0.000202921,0.14844,0.0436999,0.117234,0.0181326,0.0470392
2350,1749181452,2025-06-06 03:44 UTC,223011,289793,5.02531,8.29975,0.0593127,0.0980887,4.39057e-06,0.000199937,0.14844,0.0432066,0.115728,0.0191176,0.0495402
2351,1749181752,2025-06-06 03:49 UTC,223365,290107,4.99904,8.24598,0.0608591,0.100596,4.38656e-06,0.000199763,0.14844,0.0427189,0.114234,0.0201316,0.052114
2352,1749182052,2025-06-06 03:54 UTC,223720,290415,4.97295,8.19227,0.0624112,0.103123,3.62133e-06,0.000197853,0.14844,0.0422366,0.11275,0.0211751,0.0547658
2353,1749182352,2025-06-06 03:59 UTC,224076,290718,4.94705,8.13861,0.0639684,0.105669,4.46543e-06,0.000195785,0.14844,0.0417598,0.111278,0.0222461,0.0574987
2354,1749182652,2025-06-06 04:04 UTC,224432,291014,4.92133,8.08502,0.063272,0.10399,2.26918e-06,0.000201077,0.14844,0.0412885,0.109817,0.0217332,0.0556918
2355,1749182952,2025-06-06 04:09 UTC,224789,291304,4.89579,8.03148,0.0621493,0.101514,1.89866e-06,0.000206312,0.14844,0.0408227,0.108368,0.0209314,0.0530721
2356,1749183251,2025-06-06 04:14 UTC,225147,291589,4.87053,7.97818,0.0610344,0.0990549,1.54026e-06,0.000211912,0.14844,0.0403639,0.106934,0.0201497,0.0505341
2357,1749183551,2025-06-06 04:19 UTC,225504,291869,4.84536,7.95866,0.05992,0.0965983,1.78087e-06,0.000217519,0.14844,0.0399092,0.106412,0.0193829,0.0480566
2358,1749183851,2025-06-06 04:24 UTC,225863,292143,4.82038,7.96098,0.0588101,0.0941538,1.80105e-06,0.00022291,0.14844,0.0394599,0.106474,0.0186358,0.0456559
2359,1749184151,2025-06-06 04:29 UTC,226222,292412,4.79558,7.9633,0.0577052,0.0917229,1.49722e-06,0.000228281,0.14844,0.0390162,0.106536,0.0179055,0.0433272
2360,1749184451,2025-06-06 04:34 UTC,226582,292675,4.77097,7.96562,0.0566054,0.0893051,1.57233e-06,0.000233674,0.14844,0.0385779,0.106598,0.0171946,0.0410751
2361,1749184751,2025-06-06 04:39 UTC,226942,292934,4.74655,7.96794,0.0555112,0.0869014,1.39221e-06,0.000239139,0.14844,0.0381453,0.10666,0.0165011,0.0388904
2362,1749185050,2025-06-06 04:44 UTC,227303,293188,4.72239,7.97025,0.0544266,0.084521,1.5322e-06,0.000244496,0.14844,0.0377195,0.106722,0.0158286,0.0367906
2363,1749185350,2025-06-06 04:49 UTC,227664,293438,4.69835,7.97258,0.0533448,0.082173,1.19412e-06,0.000249872,0.14844,0.037298,0.106784,0.0151716,0.0347754
2364,1749185650,2025-06-06 04:54 UTC,228026,293682,4.67449,7.9749,0.0522698,0.0798741,1.38385e-06,0.000255136,0.14844,0.0368819,0.106846,0.0145328,0.0328556
2365,1749185950,2025-06-06 04:59 UTC,228388,293923,4.65082,7.97723,0.0512022,0.0775942,1.38945e-06,0.000260489,0.14844,0.0364715,0.106909,0.0139126,0.0310079
2366,1749186250,2025-06-06 05:04 UTC,228751,294158,4.62734,7.97956,0.0486139,0.0731441,1.63766e-06,0.000269149,0.14844,0.0360666,0.106971,0.0125136,0.0275538
2367,1749186550,2025-06-06 05:09 UTC,229115,294390,4.60405,7.98189,0.0457386,0.0682733,1.94659e-06,0.000278465,0.14844,0.0356673,0.107034,0.0110509,0.0240074
2368,1749186850,2025-06-06 05:14 UTC,229479,294617,4.58095,7.98422,0.0428865,0.0634301,1.48549e-06,0.000287157,0.14844,0.0352737,0.107096,0.00968974,0.0207205
2369,1749187149,2025-06-06 05:19 UTC,229844,294841,4.55813,7.98655,0.0400724,0.0586741,1.77061e-06,0.00029563,0.14844,0.0348869,0.107159,0.00843567,0.0177307
2370,1749187449,2025-06-06 05:24 UTC,230210,295060,4.53542,7.98888,0.037284,0.0540701,1.67506e-06,0.000303622,0.14844,0.0345044,0.107221,0.00727897,0.015057
2371,1749187749,2025-06-06 05:29 UTC,230576,295275,4.51291,7.99122,0.0345394,0.0499594,1.49537e-06,0.000311293,0.14844,0.0341276,0.107284,0.00622464,0.0128552
2372,1749188049,2025-06-06 05:34 UTC,230942,295486,4.4906,7.99356,0.0318507,0.0459283,1.70073e-06,0.000318676,0.14844,0.0337564,0.107347,0.00527244,0.0108643
2373,1749188349,2025-06-06 05:39 UTC,231309,295694,4.46849,7.9959,0.0292336,0.0419998,1.58673e-06,0.000325711,0.14844,0.0333909,0.10741,0.00442199,0.00908492
2374,1749188649,2025-06-06 05:44 UTC,231677,295898,4.44657,7.99824,0.0267104,0.0382055,1.45486e-06,0.000332369,0.14844,0.0330311,0.107473,0.00367336,0.00751761
2375,1749188949,2025-06-06 05:49 UTC,232046,296098,4.42486,8.00058,0.0243116,0.0352925,1.21956e-06,0.000338515,0.14844,0.032677,0.107536,0.00302592,0.0064146
2376,1749189248,2025-06-06 05:54 UTC,232415,296295,4.40343,8.00292,0.0220866,0.0328603,1.30464e-06,0.000344431,0.14844,0.0323297,0.107598,0.00248105,0.00556042
2377,1749189548,2025-06-06 05:59 UTC,232784,296488,4.38213,8.00526,0.0200779,0.0306218,1.51958e-06,0.000349984,0.14844,0.0319869,0.107661,0.0020347,0.0048293
2378,1749189848,2025-06-06 06:04 UTC,233100,296662,4.37662,8.01346,0.0183332,0.0291511,1.5364e-06,0.000350761,0.14844,0.0319006,0.107882,0.00170241,0.00437641
2379,1749190148,2025-06-06 06:09 UTC,233393,296826,4.37449,8.02298,0.0170581,0.0292991,1.26996e-06,0.000349915,0.14844,0.0318695,0.108139,0.00149306,0.00442096
2380,1749190448,2025-06-06 06:14 UTC,233680,296984,4.37248,8.03261,0.0163849,0.0300052,1.48331e-06,0.000348553,0.14844,0.0318405,0.108398,0.00140621,0.00463627
2381,1749190748,2025-06-06 06:19 UTC,233960,297136,4.37058,8.04233,0.0163645,0.0312315,1.25314e-06,0.000346845,0.14844,0.0318138,0.108661,0.00144049,0.00502339
2382,1749191048,2025-06-06 06:24 UTC,234234,297283,4.36878,8.05215,0.016997,0.0329201,1.38461e-06,0.000345028,0.14844,0.0317893,0.108926,0.00159322,0.00558103
2383,1749191347,2025-06-06 06:29 UTC,234502,297424,4.36711,8.06203,0.0182202,0.0349965,1.17251e-06,0.000342691,0.14844,0.031767,0.109194,0.00186122,0.00630783
2384,1749191647,2025-06-06 06:34 UTC,234764,297559,4.36555,8.07205,0.0199444,0.0374088,1.42993e-06,0.000340876,0.14844,0.0317469,0.109465,0.00224551,0.00720706
2385,1749191947,2025-06-06 06:39 UTC,235020,297689,4.36409,8.08216,0.0220553,0.0400912,1.4343e-06,0.000339477,0.14844,0.0317289,0.10974,0.00274597,0.00827719
2386,1749192247,2025-06-06 06:44 UTC,235271,297814,4.36275,8.09238,0.0244526,0.0429932,1.1659e-06,0.000338417,0.14844,0.0317132,0.110017,0.00336341,0.00951967
2387,1749192547,2025-06-06 06:49 UTC,235516,297933,4.36153,8.10269,0.027058,0.0460734,1.94465e-06,0.000337928,0.14844,0.0316997,0.110298,0.00409811,0.0109315
2388,1749192847,2025-06-06 06:54 UTC,235755,298048,4.36042,8.11309,0.0298146,0.0492983,1.98653e-06,0.000338068,0.14844,0.0316883,0.110581,0.00495072,0.0125159
2389,1749193147,2025-06-06 06:59 UTC,235989,298157,4.35942,8.1236,0.0326826,0.0526413,1.93624e-06,0.000338842,0.14844,0.0316791,0.110868,0.00592152,0.0142715
2390,1749193446,2025-06-06 07:04 UTC,236218,298261,4.35854,8.13416,0.0352104,0.0549976,1.95888e-06,0.000339603,0.14844,0.0316722,0.111156,0.00683989,0.0155766
2391,1749193746,2025-06-06 07:09 UTC,236442,298360,4.35778,8.14486,0.0376965,0.0571434,2.14549e-06,0.000340664,0.14844,0.0316674,0.111449,0.00780543,0.016817
2392,1749194046,2025-06-06 07:14 UTC,236661,298454,4.35713,8.15565,0.0402116,0.0592946,2.07951e-06,0.000342209,0.14844,0.0316647,0.111745,0.00884747,0.0181069
2393,1749194346,2025-06-06 07:19 UTC,236875,298544,4.3566,8.16653,0.0427501,0.0614506,2.24142e-06,0.00034415,0.14844,0.0316642,0.112043,0.00996621,0.0194468
2394,1749194646,2025-06-06 07:24 UTC,237084,298628,4.35618,8.17812,0.0453076,0.063611,2.59857e-06,0.000346785,0.148439,0.0316659,0.112361,0.0111618,0.0208391
2395,1749194946,2025-06-06 07:29 UTC,237288,298708,4.35588,8.19056,0.0478809,0.0660522,2.49838e-06,0.000349769,0.14844,0.0316698,0.112703,0.0124342,0.0224685
2396,1749195245,2025-06-06 07:34 UTC,237487,298783,4.3557,8.20305,0.0504587,0.0685087,2.56078e-06,0.000352828,0.14844,0.0316758,0.113047,0.0137788,0.0241703
2397,1749195545,2025-06-06 07:39 UTC,237682,298854,4.35564,8.21569,0.0530561,0.0709788,3.52936e-06,0.000356125,0.14844,0.0316839,0.113396,0.0152043,0.0259422
2398,1749195845,2025-06-06 07:44 UTC,237872,298920,4.3557,8.22843,0.055663,0.0745651,2.67806e-06,0.000360967,0.14844,0.0316943,0.113748,0.0167077,0.0286324
2399,1749196145,2025-06-06 07:49 UTC,238058,298982,4.35588,8.24126,0.0582779,0.078202,3.29743e-06,0.000364529,0.14844,0.0317067,0.114103,0.0182873,0.031491
2400,1749196445,2025-06-06 07:54 UTC,238239,299039,4.35618,8.25419,0.0608997,0.0818437,3.08572e-06,0.000370137,0.148439,0.0317213,0.114461,0.0199447,0.0344948
2401,1749196745,2025-06-06 07:59 UTC,238416,299091,4.3566,8.26722,0.0635276,0.0854896,3.06902e-06,0.000375397,0.14844,0.0317381,0.114823,0.0216791,0.0376367
2402,1749197045,2025-06-06 08:04 UTC,238589,299140,4.35714,8.28034,0.0651465,0.0876017,2.87762e-06,0.000377673,0.14844,0.0317569,0.115188,0.0227785,0.039519
2403,1749197344,2025-06-06 08:09 UTC,238758,299184,4.3578,8.29352,0.0665387,0.0893639,2.93938e-06,0.000379238,0.14844,0.0317778,0.115554,0.0237436,0.041127
2404,1749197644,2025-06-06 08:14 UTC,238922,299223,4.35858,8.30683,0.0679411,0.0911327,2.9229e-06,0.000381646,0.14844,0.031801,0.115926,0.0247366,0.0427759
2405,1749197944,2025-06-06 08:19 UTC,239082,299259,4.35949,8.32024,0.0693487,0.0929023,2.90749e-06,0.000384009,0.148439,0.0318262,0.1163,0.0257534,0.0444496
2406,1749198244,2025-06-06 08:24 UTC,239238,299290,4.36052,8.33374,0.0707612,0.0946727,3.16232e-06,0.000385891,0.14844,0.0318535,0.116678,0.0267942,0.0461607
2407,1749198544,2025-06-06 08:29 UTC,239391,299317,4.36167,8.34734,0.0721783,0.0964436,2.64314e-06,0.000389135,0.14844,0.031883,0.117059,0.0278599,0.0478993
2408,1749198844,2025-06-06 08:34 UTC,239539,299340,4.36295,8.36103,0.0735997,0.0982152,4.09004e-06,0.000392526,0.14844,0.0319146,0.117444,0.0289488,0.0496714
2409,1749199144,2025-06-06 08:39 UTC,239683,299359,4.36436,8.37482,0.0750253,0.0999874,5.93773e-06,0.000394637,0.14844,0.0319482,0.117831,0.0300622,0.0514864
2410,1749199443,2025-06-06 08:44 UTC,239823,299373,4.36588,8.38865,0.07645,0.101754,4.87227e-06,0.000397587,0.14844,0.0319839,0.118221,0.0311966,0.0533194
2411,1749199743,2025-06-06 08:49 UTC,239960,299384,4.36754,8.40262,0.0778832,0.103528,4.06071e-06,0.000400133,0.14844,0.0320217,0.118615,0.0323598,0.0551904
2412,1749200043,2025-06-06 08:54 UTC,240093,299391,4.36932,8.41668,0.0793198,0.105301,3.61115e-06,0.000403514,0.14844,0.0320617,0.119012,0.0335466,0.0570997
2413,1749200343,2025-06-06 08:59 UTC,240222,299393,4.37123,8.43083,0.0807598,0.107076,3.69062e-06,0.00040664,0.148439,0.0321037,0.119413,0.0347573,0.0590378
2414,1749200643,2025-06-06 09:04 UTC,240334,299408,4.38919,8.42984,0.080812,0.106938,2.62168e-06,0.000406009,0.14844,0.032384,0.119385,0.0347871,0.0588942
2415,1749200943,2025-06-06 09:09 UTC,240436,299425,4.41102,8.4254,0.0805428,0.106351,2.44051e-06,0.000404782,0.14844,0.0327245,0.119259,0.0345378,0.0582472
2416,1749201243,2025-06-06 09:14 UTC,240532,299440,4.43298,8.42108,0.0802788,0.105765,2.33534e-06,0.000403212,0.14844,0.0330701,0.119136,0.034294,0.0576074
2417,1749201542,2025-06-06 09:19 UTC,240622,299453,4.45501,8.41689,0.0800209,0.105181,2.6813e-06,0.000402608,0.14844,0.0334195,0.119018,0.0340539,0.0569741
2418,1749201842,2025-06-06 09:24 UTC,240707,299465,4.47723,8.41281,0.0797674,0.104594,2.24773e-06,0.000401572,0.14844,0.0337752,0.118903,0.033818,0.0563449
2419,1749202142,2025-06-06 09:29 UTC,240787,299474,4.49959,8.40886,0.0795194,0.104008,2.48475e-06,0.000400424,0.14844,0.0341359,0.118791,0.0335852,0.0557037
2420,1749202442,2025-06-06 09:34 UTC,240861,299482,4.52208,8.40502,0.0792767,0.103422,2.36487e-06,0.000399106,0.14844,0.0345017,0.118683,0.0333573,0.0550813
2421,1749202742,2025-06-06 09:39 UTC,240929,299487,4.5447,8.40131,0.0790395,0.102835,2.06771e-06,0.000398025,0.14844,0.0348726,0.118578,0.033134,0.0544608
2422,1749203042,2025-06-06 09:44 UTC,240992,299491,4.56744,8.39772,0.0788078,0.102249,2.56e-06,0.000396963,0.14844,0.0352486,0.118476,0.0329135,0.0538389
2423,1749203341,2025-06-06 09:49 UTC,241050,299492,4.59023,8.39426,0.0785823,0.101665,2.4093e-06,0.000396207,0.14844,0.0356285,0.118379,0.0326989,0.0532267
2424,1749203641,2025-06-06 09:54 UTC,241103,299492,4.61322,8.39092,0.0783616,0.101078,1.78546e-06,0.000395099,0.14844,0.0360147,0.118285,0.0324878,0.0526155
2425,1749203941,2025-06-06 09:59 UTC,241150,299490,4.63634,8.3877,0.0781465,0.100492,1.83777e-06,0.000394337,0.14844,0.0364061,0.118194,0.0322799,0.0520071
2426,1749204241,2025-06-06 10:04 UTC,241193,299486,4.65958,8.3846,0.076389,0.0981998,1.77526e-06,0.00038838,0.14844,0.0368026,0.118106,0.0308349,0.0496624
2427,1749204541,2025-06-06 10:09 UTC,241230,299480,4.68295,8.38162,0.0742553,0.0954897,1.86678e-06,0.000381341,0.14844,0.0372043,0.118023,0.0291309,0.0469591
2428,1749204841,2025-06-06 10:14 UTC,241262,299472,4.70644,8.37877,0.0721241,0.0927797,2.34875e-06,0.000374652,0.14844,0.0376111,0.117942,0.027478,0.0443343
2429,1749205141,2025-06-06 10:19 UTC,241290,299462,4.73005,8.37604,0.0699959,0.0900697,1.6774e-06,0.000368197,0.14844,0.038023,0.117866,0.0258748,0.0417823
2430,1749205440,2025-06-06 10:24 UTC,241312,299450,4.75371,8.37344,0.0678778,0.0873687,1.86668e-06,0.000361788,0.14844,0.0384387,0.117792,0.0243279,0.0393118
2431,1749205740,2025-06-06 10:29 UTC,241330,299436,4.77757,8.37096,0.0657561,0.0846587,1.55159e-06,0.000355762,0.14844,0.038861,0.117723,0.0228264,0.0369118
2432,1749206040,2025-06-06 10:34 UTC,241342,299420,4.80155,8.3686,0.0636381,0.0819487,2.73591e-06,0.000350015,0.14844,0.0392885,0.117656,0.0213765,0.0345876
2433,1749206340,2025-06-06 10:39 UTC,241350,299402,4.82565,8.36637,0.0615243,0.0792628,2.15425e-06,0.000344679,0.14844,0.0397212,0.117593,0.0199765,0.0323553
2434,1749206640,2025-06-06 10:44 UTC,241354,299383,4.84988,8.36426,0.0594151,0.0765781,2.30665e-06,0.000339318,0.14844,0.0401591,0.117534,0.0186278,0.0302022
2435,1749206940,2025-06-06 10:49 UTC,241352,299361,4.87423,8.36227,0.0573109,0.0738936,2.01172e-06,0.000334462,0.14844,0.0406022,0.117478,0.0173299,0.028121
2436,1749207240,2025-06-06 10:54 UTC,241346,299338,4.8987,8.36041,0.0552124,0.0712094,2.86808e-06,0.000329218,0.14844,0.0410506,0.117426,0.0160832,0.0261173
2437,1749207539,2025-06-06 10:58 UTC,241335,299312,4.92321,8.37707,0.0531272,0.0685344,2.88747e-06,0.000325244,0.14844,0.0415026,0.117895,0.0148906,0.0241909
2438,1749207839,2025-06-06 11:03 UTC,241320,299285,4.94792,8.39933,0.0500646,0.064685,3.51762e-06,0.000318444,0.14844,0.0419614,0.118522,0.0132344,0.0215527
2439,1749208139,2025-06-06 11:08 UTC,241299,299255,4.97276,8.42162,0.0467899,0.0605395,2.88604e-06,0.000312312,0.14844,0.0424254,0.119152,0.0115724,0.0188784
2440,1749208439,2025-06-06 11:13 UTC,241275,299224,4.99773,8.44393,0.0435658,0.0563959,3.37471e-06,0.000305991,0.14844,0.0428947,0.119784,0.0100431,0.0163818
2441,1749208739,2025-06-06 11:18 UTC,241246,299191,5.02281,8.46626,0.0404062,0.052266,2.80769e-06,0.000299976,0.14844,0.0433693,0.120418,0.00864601,0.0140713
2442,1749209039,2025-06-06 11:23 UTC,241212,299156,5.04802,8.48862,0.0373299,0.048736,2.95e-06,0.000295156,0.14844,0.0438491,0.121055,0.00738166,0.0122334
2443,1749209339,2025-06-06 11:28 UTC,241174,299118,5.07336,8.51101,0.034362,0.0456092,3.35476e-06,0.0002904,0.14844,0.0443342,0.121695,0.00624991,0.0107134
2444,1749209638,2025-06-06 11:33 UTC,241131,299080,5.09873,8.53335,0.0315452,0.042554,2.8389e-06,0.000286286,0.14844,0.044823,0.122334,0.00525315,0.0093268
2445,1749209938,2025-06-06 11:38 UTC,241084,299038,5.12432,8.55579,0.0289023,0.039573,2.9546e-06,0.00032564,0.14844,0.0453186,0.122978,0.00438443,0.0080658
2446,1749210238,2025-06-06 11:43 UTC,241032,298996,5.15003,8.57825,0.0264921,0.0366859,2.48811e-06,0.000357226,0.14844,0.0458196,0.123625,0.00364751,0.00693022
2447,1749210538,2025-06-06 11:48 UTC,240976,298951,5.17587,8.60073,0.0243667,0.0339124,3.8382e-06,0.000382963,0.14844,0.0463259,0.124274,0.00304266,0.00592118
2448,1749210838,2025-06-06 11:53 UTC,240916,298904,5.20184,8.62324,0.0225808,0.0312825,4.45908e-06,0.000412629,0.148439,0.0468375,0.124925,0.00257239,0.00503944
2449,1749211138,2025-06-06 11:58 UTC,240851,298855,5.22793,8.64578,0.0211931,0.0323175,3.60017e-06,0.000434448,0.14844,0.0473543,0.125579,0.00224153,0.00537775
2450,1749211437,2025-06-06 12:03 UTC,240797,298808,5.25359,8.64651,0.019911,0.0337578,3.09399e-06,0.000446417,0.14844,0.0478039,0.1256,0.00199444,0.00587039
2451,1749211737,2025-06-06 12:08 UTC,240743,298759,5.27951,8.64154,0.0190184,0.0352536,2.76879e-06,0.00044583,0.14844,0.0482438,0.125456,0.00186781,0.00639845
2452,1749212037,2025-06-06 12:13 UTC,240686,298709,5.30576,8.63658,0.0187028,0.0371091,2.55062e-06,0.000431899,0.14844,0.0486913,0.125312,0.00187338,0.00709252
2453,1749212337,2025-06-06 12:18 UTC,240626,298657,5.33232,8.63163,0.0190743,0.0393044,3.04304e-06,0.000418181,0.14844,0.0491464,0.125169,0.00200212,0.00795592
2454,1749212637,2025-06-06 12:23 UTC,240562,298603,5.35919,8.62669,0.0201468,0.0417662,2.83877e-06,0.00039783,0.14844,0.0496092,0.125025,0.00225024,0.00898407
2455,1749212937,2025-06-06 12:28 UTC,240496,298548,5.38636,8.62175,0.0217739,0.0444477,2.33437e-06,0.000879875,0.14844,0.0500797,0.124882,0.00261914,0.0101749
2456,1749213237,2025-06-06 12:33 UTC,240426,298491,5.41384,8.61682,0.0238294,0.047328,2.35383e-06,0.00146656,0.14844,0.0505579,0.124739,0.00311142,0.0115365
2457,1749213536,2025-06-06 12:38 UTC,240353,298433,5.44151,8.61192,0.0262008,0.0503737,2.14283e-06,0.00210768,0.14844,0.0510422,0.124597,0.00372737,0.013069
2458,1749213836,2025-06-06 12:43 UTC,240278,298373,5.46957,8.60701,0.0288207,0.0535575,3.26192e-06,0.00252732,0.14844,0.0515359,0.124455,0.00447245,0.0147712
2459,1749214136,2025-06-06 12:48 UTC,240199,298311,5.49791,8.6021,0.0316187,0.0568491,3.75668e-06,0.00281236,0.14844,0.0520373,0.124314,0.00534653,0.0166443
2460,1749214436,2025-06-06 12:53 UTC,240116,298248,5.52653,8.5972,0.0345493,0.0602279,3.00276e-06,0.00305056,0.14844,0.0525465,0.124172,0.00635034,0.0186797
2461,1749214736,2025-06-06 12:58 UTC,240031,298183,5.55542,8.59231,0.03758,0.0641067,3.44515e-06,0.000245549,0.14844,0.0530635,0.124031,0.0074837,0.021163
2462,1749215036,2025-06-06 13:03 UTC,239943,298116,5.58459,8.58743,0.0397667,0.0663009,2.81308e-06,0.000242457,0.14844,0.0535883,0.12389,0.00834041,0.022635
2463,1749215336,2025-06-06 13:08 UTC,239851,298048,5.61402,8.58256,0.0417521,0.0680052,2.87678e-06,0.000239472,0.14844,0.0541209,0.123749,0.00916032,0.0238168
2464,1749215635,2025-06-06 13:13 UTC,239757,297978,5.64362,8.57771,0.0437712,0.0697255,5.5542e-06,0.000235292,0.14844,0.0546596,0.123609,0.0100434,0.0250386
2465,1749215935,2025-06-06 13:18 UTC,239659,297907,5.67358,8.57285,0.0458325,0.0714717,6.23367e-06,0.000232589,0.14844,0.0552079,0.123469,0.0109951,0.0263052
2466,1749216235,2025-06-06 13:23 UTC,239559,297833,5.70379,8.568,0.0479253,0.0732366,6.29608e-06,0.000228636,0.14844,0.055764,0.12333,0.012014,0.0276261
2467,1749216535,2025-06-06 13:28 UTC,239455,297759,5.73425,8.56315,0.050046,0.0750189,4.97841e-06,0.000223738,0.14844,0.0563281,0.12319,0.0130985,0.0289839
2468,1749216835,2025-06-06 13:33 UTC,239348,297682,5.76495,8.55832,0.0521916,0.0770949,4.62488e-06,0.000220339,0.14844,0.0569001,0.123051,0.0142475,0.0306104
2469,1749217135,2025-06-06 13:38 UTC,239238,297604,5.7959,8.55349,0.0543596,0.0796891,3.95533e-06,0.000215656,0.14844,0.0574799,0.122912,0.0154628,0.0327039
2470,1749217435,2025-06-06 13:43 UTC,239125,297524,5.82709,8.54867,0.0565476,0.0822974,4.72081e-06,0.000211357,0.14844,0.0580678,0.122774,0.0167426,0.034879
2471,1749217734,2025-06-06 13:48 UTC,239009,297443,5.85841,8.54387,0.0587465,0.0849098,5.41111e-06,0.000264919,0.148439,0.0586615,0.122636,0.0180829,0.0371313
2472,1749218034,2025-06-06 13:53 UTC,238890,297360,5.89006,8.53907,0.0609691,0.0875497,7.30589e-06,0.000384713,0.148439,0.0592652,0.122498,0.0194934,0.0394742
2473,1749218334,2025-06-06 13:58 UTC,238768,297275,5.92195,8.53427,0.0632067,0.0902319,6.07573e-06,0.000545602,0.14844,0.0598768,0.122361,0.0209686,0.0419308
2474,1749218634,2025-06-06 14:03 UTC,238643,297189,5.95405,8.52948,0.0642242,0.0911848,5.55834e-06,0.000567618,0.14844,0.0604964,0.122223,0.0216624,0.0428203
2475,1749218934,2025-06-06 14:08 UTC,238515,297101,5.98638,8.5247,0.0648963,0.0917351,6.22922e-06,0.000343899,0.14844,0.061124,0.122087,0.02213,0.043337
2476,1749219234,2025-06-06 14:13 UTC,238383,297011,6.01891,8.51993,0.0655694,0.0924361,5.76942e-06,0.000191574,0.148439,0.0617596,0.12195,0.0226038,0.0440041
2477,1749219534,2025-06-06 14:18 UTC,238249,296920,6.05166,8.51517,0.0662436,0.0931685,6.05582e-06,0.000190351,0.14844,0.0624032,0.121814,0.023082,0.0447051
2478,1749219833,2025-06-06 14:23 UTC,238112,296827,6.08451,8.51042,0.0669167,0.0938995,5.10098e-06,0.000188056,0.14844,0.0630527,0.121678,0.0235665,0.0454098
2479,1749220133,2025-06-06 14:28 UTC,237971,296732,6.11767,8.50568,0.0675929,0.0946339,5.34064e-06,0.000186523,0.148439,0.0637123,0.121542,0.024056,0.0461179
2480,1749220433,2025-06-06 14:33 UTC,237857,296655,6.15103,8.50093,0.0682701,0.0953693,4.89768e-06,0.000185872,0.148439,0.0643799,0.121407,0.0245548,0.0468397
2481,1749220733,2025-06-06 14:38 UTC,237711,296558,6.18458,8.4962,0.0689482,0.0961057,1.0364e-05,0.000184408,0.148439,0.0650555,0.121272,0.0250598,0.0475596
2482,1749221033,2025-06-06 14:43 UTC,237562,296458,6.21832,8.49148,0.0696273,0.0968431,1.59203e-05,0.000182222,0.148439,0.0657392,0.121137,0.0255657,0.0483005
2483,1749221333,2025-06-06 14:48 UTC,237410,296358,6.25224,8.48676,0.0703071,0.0975813,1.39807e-05,0.000182511,0.14844,0.0664309,0.121002,0.0260808,0.0490459
2484,1749221632,2025-06-06 14:53 UTC,237255,296255,6.28624,8.48207,0.0709856,0.098318,1.19659e-05,0.000180258,0.148439,0.0671282,0.120868,0.0266049,0.0497804
2485,1749221932,2025-06-06 14:58 UTC,237097,296151,6.32052,8.47737,0.0716671,0.099058,1.12051e-05,0.000178879,0.14844,0.067836,0.120734,0.027129,0.0505339
2486,1749222232,2025-06-06 15:03 UTC,236972,296087,6.33951,8.49933,0.0706753,0.0976134,1.17019e-05,0.000182782,0.14844,0.0682268,0.121361,0.0263967,0.0490737
2487,1749222532,2025-06-06 15:08 UTC,236873,296058,6.35404,8.5291,0.069202,0.0955286,1.25867e-05,0.00018821,0.148439,0.0685254,0.122212,0.025317,0.0469936
2488,1749222832,2025-06-06 15:13 UTC,236775,296031,6.36863,8.55889,0.0677394,0.0934439,1.57499e-05,0.000192117,0.148439,0.0688262,0.123067,0.0242678,0.0449682
2489,1749223132,2025-06-06 15:18 UTC,236677,296008,6.38328,8.58868,0.0662879,0.0913596,1.10413e-05,0.000197405,0.148439,0.0691293,0.123926,0.0232544,0.0429773
2490,1749223432,2025-06-06 15:23 UTC,236579,295989,6.39798,8.61848,0.0648478,0.0892756,1.0665e-05,0.000201932,0.148439,0.0694345,0.124787,0.0222752,0.0410446
2491,1749223731,2025-06-06 15:28 UTC,236481,295973,6.4127,8.64819,0.0634243,0.0871988,9.81024e-06,0.00020685,0.148439,0.0697408,0.125649,0.0213316,0.0391625
2492,1749224031,2025-06-06 15:33 UTC,236384,295960,6.42752,8.678,0.0620085,0.085468,8.18536e-06,0.000211565,0.148439,0.0700506,0.126517,0.0204169,0.0376316
2493,1749224331,2025-06-06 15:38 UTC,236287,295950,6.4424,8.70782,0.0606054,0.0849391,9.01538e-06,0.000215959,0.148439,0.0703624,0.127388,0.0195364,0.0371536
2494,1749224631,2025-06-06 15:43 UTC,236190,295944,6.45734,8.7377,0.0592156,0.0844647,7.94186e-06,0.000221042,0.148439,0.0706766,0.128264,0.0186883,0.0367468
2495,1749224931,2025-06-06 15:48 UTC,236094,295940,6.47234,8.76794,0.0578396,0.0840458,5.99835e-06,0.000224675,0.14844,0.0709929,0.129153,0.0178738,0.0363791
2496,1749225231,2025-06-06 15:53 UTC,235997,295940,6.48739,8.7982,0.056478,0.0836832,6.41055e-06,0.000229064,0.14844,0.0713115,0.130046,0.0170954,0.0360696
2497,1749225531,2025-06-06 15:58 UTC,235901,295943,6.5025,8.82846,0.0551313,0.0833776,7.92903e-06,0.000232965,0.148439,0.0716323,0.130942,0.0163491,0.0358065
2498,1749225830,2025-06-06 16:03 UTC,235805,295948,6.51761,8.85862,0.0518175,0.0798128,6.66084e-06,0.000239983,0.14844,0.0719541,0.131838,0.0144939,0.0328075
2499,1749226130,2025-06-06 16:08 UTC,235709,295956,6.53284,8.88889,0.0479485,0.0753817,7.71668e-06,0.00024616,0.148439,0.0722794,0.132741,0.0124633,0.0292729
2500,1749226430,2025-06-06 16:13 UTC,235613,295967,6.54811,8.91916,0.0441522,0.071133,1.85789e-05,0.000253214,0.148439,0.0726067,0.133646,0.0106344,0.0260596
2501,1749226730,2025-06-06 16:18 UTC,235518,295981,6.56345,8.94945,0.040449,0.0671012,2.3823e-05,0.000255237,0.148439,0.0729363,0.134555,0.00900379,0.0231718
2502,1749227030,2025-06-06 16:23 UTC,235422,295997,6.57883,8.97973,0.0368678,0.0633279,1.84163e-05,0.000264151,0.14844,0.0732682,0.135468,0.00757489,0.0206677
2503,1749227330,2025-06-06 16:28 UTC,235326,296016,6.59428,9.01002,0.033452,0.0598619,2.03246e-05,0.000267117,0.14844,0.0736022,0.136383,0.00634359,0.0184585
2504,1749227630,2025-06-06 16:33 UTC,235231,296038,6.60977,9.04032,0.0302699,0.0567765,1.77482e-05,0.000270768,0.14844,0.0739386,0.137302,0.00531199,0.0166033
2505,1749227929,2025-06-06 16:38 UTC,235135,296062,6.62527,9.07052,0.027434,0.0541298,1.76966e-05,0.000272104,0.14844,0.0742757,0.138221,0.00448681,0.0150913
2506,1749228229,2025-06-06 16:43 UTC,235039,296088,6.64088,9.10082,0.025052,0.0519599,1.50378e-05,0.000277209,0.148439,0.0746164,0.139146,0.00384654,0.0138954
2507,1749228529,2025-06-06 16:48 UTC,234944,296117,6.65653,9.13113,0.0232656,0.0503394,1.40493e-05,0.000279251,0.148439,0.0749593,0.140074,0.00339799,0.0130511
2508,1749228829,2025-06-06 16:53 UTC,234848,296149,6.67224,9.16145,0.0222166,0.0493223,1.30828e-05,0.000281969,0.14844,0.0753043,0.141006,0.00312778,0.0125282
2509,1749229129,2025-06-06 16:58 UTC,234753,296182,6.68801,9.19407,0.0220192,0.0489465,1.20312e-05,0.000285062,0.148439,0.0756515,0.142012,0.0030369,0.0123379
2510,1749229429,2025-06-06 17:03 UTC,234657,296218,6.70382,9.22697,0.0226274,0.0474904,1.26091e-05,0.000288202,0.148439,0.076001,0.14303,0.00301622,0.011612
2511,1749229728,2025-06-06 17:08 UTC,234561,296256,6.71963,9.26587,0.0246867,0.0470967,1.09872e-05,0.000293237,0.14844,0.0763515,0.144239,0.00337404,0.0114229
2512,1749230028,2025-06-06 17:13 UTC,234465,296297,6.73555,9.30635,0.0279521,0.0484188,8.67392e-06,0.00029968,0.148439,0.0767053,0.145502,0.00419599,0.012073
2513,1749230328,2025-06-06 17:18 UTC,234369,296339,6.75152,9.34684,0.0320639,0.0513177,8.19402e-06,0.000307944,0.14844,0.0770613,0.146771,0.00547684,0.01356
2514,1749230628,2025-06-06 17:23 UTC,234273,296384,6.76754,9.38735,0.0367664,0.0555471,7.2895e-06,0.000316435,0.14844,0.0774195,0.148046,0.00720341,0.0158924
2515,1749230928,2025-06-06 17:28 UTC,234177,296431,6.78362,9.42788,0.0418817,0.0608302,9.04435e-06,0.000326603,0.14844,0.0777798,0.149327,0.00936475,0.0190548
2516,1749231228,2025-06-06 17:33 UTC,234081,296480,6.79974,9.46842,0.0472873,0.0669178,7.98892e-06,0.00033807,0.14844,0.0781424,0.150614,0.0119607,0.023057
2517,1749231528,2025-06-06 17:38 UTC,233984,296531,6.81591,9.50898,0.0528996,0.0736107,8.93526e-06,0.000350177,0.148439,0.0785072,0.151907,0.0149866,0.0279046
2518,1749231827,2025-06-06 17:43 UTC,233888,296584,6.83208,9.54942,0.0586421,0.080734,8.79912e-06,0.000364439,0.148439,0.0788729,0.153201,0.0184305,0.0335652
2519,1749232127,2025-06-06 17:48 UTC,233791,296638,6.84835,9.59001,0.0645141,0.0882251,8.8826e-06,0.000378841,0.14844,0.079242,0.154507,0.0223148,0.0400773
2520,1749232427,2025-06-06 17:53 UTC,233694,296695,6.86467,9.63062,0.0704692,0.0959803,1.01762e-05,0.000394699,0.14844,0.0796133,0.155818,0.0266286,0.0474306
2521,1749232727,2025-06-06 17:58 UTC,233597,296754,6.88104,9.67124,0.0764879,0.10394,1.07048e-05,0.000412317,0.148439,0.0799868,0.157135,0.0313729,0.0556348
2522,1749233027,2025-06-06 18:03 UTC,233521,296784,6.87714,9.655,0.0828257,0.111598,1.05316e-05,0.000431185,0.14844,0.0799029,0.156608,0.0367682,0.0641058
2523,1749233327,2025-06-06 18:08 UTC,233460,296792,6.86675,9.62048,0.0892889,0.11921,1.16224e-05,0.000448844,0.14844,0.0796727,0.15549,0.0427028,0.0731719
2524,1749233627,2025-06-06 18:13 UTC,233402,296797,6.8564,9.58598,0.0957832,0.126904,1.121e-05,0.000474908,0.14844,0.0794437,0.154377,0.0491141,0.0829114
2525,1749233926,2025-06-06 18:18 UTC,233344,296800,6.84612,9.55162,0.102281,0.134641,1.24144e-05,0.000497152,0.14844,0.0792166,0.153272,0.0559754,0.0933407
2526,1749234226,2025-06-06 18:23 UTC,233289,296801,6.83584,9.51716,0.108821,0.142461,1.44354e-05,0.000523268,0.14844,0.0789901,0.152168,0.063334,0.10449
2527,1749234526,2025-06-06 18:28 UTC,233234,296800,6.82559,9.48272,0.115379,0.150328,1.49306e-05,0.000549406,0.14844,0.0787649,0.151069,0.0711678,0.116342
2528,1749234826,2025-06-06 18:33 UTC,233181,296796,6.81538,9.4483,0.121951,0.158237,1.67171e-05,0.000576415,0.14844,0.0785409,0.149974,0.0794742,0.128934
2529,1749235126,2025-06-06 18:38 UTC,233130,296791,6.80521,9.4139,0.128536,0.166181,1.59551e-05,0.000604624,0.148441,0.0783182,0.148884,0.0882613,0.142195
2530,1749235426,2025-06-06 18:43 UTC,233079,296784,6.79508,9.37952,0.135131,0.174155,1.58478e-05,0.000633526,0.14844,0.0780968,0.147798,0.0975211,0.156195
2531,1749235726,2025-06-06 18:48 UTC,233030,296774,6.78498,9.34516,0.141735,0.182156,1.86272e-05,0.00066557,0.148441,0.0778765,0.146717,0.107251,0.170815
2532,1749236025,2025-06-06 18:53 UTC,232983,296763,6.77495,9.31093,0.148325,0.190153,1.78691e-05,0.000696083,0.148441,0.0776583,0.145645,0.117428,0.186194
2533,1749236325,2025-06-06 18:58 UTC,232936,296749,6.76493,9.27661,0.154944,0.198203,1.96658e-05,0.000729443,0.14844,0.0774406,0.144573,0.128108,0.20226
2534,1749236625,2025-06-06 19:03 UTC,232891,296734,6.75495,9.24231,0.160686,0.204984,1.74351e-05,0.0007568,0.14844,0.0772242,0.143506,0.137741,0.216337
2535,1749236925,2025-06-06 19:08 UTC,232847,296717,6.74501,9.20804,0.166136,0.212452,1.7721e-05,0.000788415,0.14844,0.0770091,0.142443,0.147195,0.232379
2536,1749237225,2025-06-06 19:13 UTC,232804,296698,6.73511,9.17953,0.171587,0.21992,1.87027e-05,0.000817383,0.14844,0.0767951,0.141563,0.156969,0.249022
2537,1749237525,2025-06-06 19:18 UTC,232763,296677,6.72525,9.15126,0.177039,0.227388,1.7916e-05,0.000847676,0.14844,0.0765825,0.140693,0.167065,0.266213
2538,1749237824,2025-06-06 19:23 UTC,232722,296655,6.71546,9.12309,0.182474,0.234832,1.79637e-05,0.000876961,0.148439,0.0763718,0.139828,0.177441,0.28394
2539,1749238124,2025-06-06 19:28 UTC,232683,296631,6.70567,9.09599,0.187929,0.2423,1.88941e-05,0.000909206,0.14844,0.0761617,0.138998,0.18817,0.302271
2540,1749238424,2025-06-06 19:33 UTC,232645,296605,6.69593,9.0697,0.193383,0.249768,1.93618e-05,0.00094454,0.148439,0.0759528,0.138196,0.199219,0.321223
2541,1749238724,2025-06-06 19:38 UTC,232608,296577,6.68623,9.04341,0.198839,0.257236,2.32486e-05,0.000975285,0.148439,0.0757451,0.137396,0.21058,0.340666
2542,1749239024,2025-06-06 19:43 UTC,232572,296548,6.67657,9.01713,0.204296,0.264704,2.51061e-05,0.00100725,0.148439,0.0755387,0.136599,0.222263,0.360725
2543,1749239324,2025-06-06 19:48 UTC,232537,296518,6.66696,8.99086,0.209753,0.272173,2.54491e-05,0.0010409,0.148439,0.0753336,0.135804,0.234268,0.381414
2544,1749239624,2025-06-06 19:53 UTC,232503,296485,6.65738,8.96459,0.21521,0.279641,2.523e-05,0.00107533,0.148439,0.0751297,0.135011,0.246594,0.402595
2545,1749239923,2025-06-06 19:58 UTC,232470,296451,6.64789,8.93841,0.22065,0.287084,2.68694e-05,0.00110668,0.148438,0.0749277,0.134224,0.259192,0.424321
2546,1749240223,2025-06-06 20:03 UTC,232439,296416,6.6384,8.91214,0.224564,0.292429,1.69454e-05,0.00112734,0.148438,0.0747266,0.133436,0.268459,0.440342
2547,1749240523,2025-06-06 20:08 UTC,232408,296379,6.62895,8.88588,0.227945,0.29704,1.64053e-05,0.00114761,0.148438,0.0745265,0.132651,0.276566,0.454344
2548,1749240823,2025-06-06 20:13 UTC,232378,296341,6.61955,8.85963,0.231326,0.301651,1.97068e-05,0.0011658,0.148438,0.0743276,0.131868,0.284785,0.468545
2549,1749241123,2025-06-06 20:18 UTC,232349,296301,6.6102,8.83338,0.234708,0.306263,1.75408e-05,0.00118691,0.148438,0.07413,0.131088,0.293141,0.482963
2550,1749241423,2025-06-06 20:23 UTC,232321,296260,6.60089,8.80713,0.238091,0.310874,1.90564e-05,0.00123209,0.14844,0.0739337,0.13031,0.30161,0.497609
2551,1749241723,2025-06-06 20:28 UTC,232294,296217,6.59162,8.78089,0.241473,0.315485,2.23096e-05,0.00125236,0.14844,0.0737385,0.129535,0.310197,0.512433
2552,1749242022,2025-06-06 20:33 UTC,232268,296173,6.58243,8.75474,0.244845,0.320081,2.13946e-05,0.00126958,0.14844,0.0735453,0.128764,0.318888,0.52748
2553,1749242322,2025-06-06 20:38 UTC,232243,296127,6.57326,8.72851,0.248229,0.324693,2.77922e-05,0.00128896,0.14844,0.0733526,0.127994,0.32771,0.542729
2554,1749242622,2025-06-06 20:43 UTC,232219,296080,6.56413,8.70228,0.251613,0.329304,3.83355e-05,0.00131072,0.14844,0.073161,0.127226,0.336644,0.558174
2555,1749242922,2025-06-06 20:48 UTC,232195,296032,6.55505,8.67606,0.254997,0.333916,5.93677e-05,0.00132466,0.148446,0.0729706,0.12646,0.345684,0.573819
2556,1749243222,2025-06-06 20:53 UTC,232173,295982,6.54602,8.64984,0.258382,0.338527,8.91079e-05,0.00135449,0.148506,0.0727811,0.125697,0.354798,0.589588
2557,1749243522,2025-06-06 20:58 UTC,232151,295931,6.53703,8.62363,0.261767,0.343139,0.000105383,0.00136583,0.14857,0.0725932,0.124936,0.364086,0.605925
2558,1749243822,2025-06-06 21:03 UTC,232168,295921,6.52236,8.61838,0.263134,0.344855,4.09199e-05,0.00135304,0.148652,0.0722941,0.124784,0.368096,0.61217
2559,1749244121,2025-06-06 21:08 UTC,232215,295943,6.50575,8.6205,0.263791,0.345553,3.55546e-05,0.00134714,0.148727,0.0719555,0.124846,0.369832,0.614797
2560,1749244421,2025-06-06 21:13 UTC,232266,295968,6.48911,8.62265,0.264453,0.346253,2.01639e-05,0.00133407,0.148747,0.0716179,0.124908,0.371643,0.61744
2561,1749244721,2025-06-06 21:18 UTC,232320,295998,6.47249,8.62482,0.265117,0.346953,3.21938e-05,0.001323,0.148763,0.0712819,0.124971,0.37343,0.619939
2562,1749245021,2025-06-06 21:23 UTC,232378,296031,6.45589,8.62701,0.265782,0.347653,5.19321e-05,0.0020817,0.148827,0.0709473,0.125034,0.375189,0.6225
2563,1749245321,2025-06-06 21:28 UTC,232440,296068,6.43931,8.62922,0.26645,0.348354,1.24714e-05,0.00271852,0.148835,0.0706155,0.125098,0.377082,0.624912
2564,1749245621,2025-06-06 21:33 UTC,232505,296109,6.42275,8.6368,0.26712,0.349054,6.13561e-05,0.0049075,0.148868,0.0702842,0.125319,0.378812,0.626925
2565,1749245921,2025-06-06 21:38 UTC,232574,296153,6.40621,8.64546,0.267792,0.349754,1.52479e-05,0.0067155,0.148877,0.0699558,0.12557,0.380726,0.629961
2566,1749246220,2025-06-06 21:43 UTC,232649,296200,6.38975,8.6541,0.268463,0.350452,2.64607e-05,0.0078462,0.148899,0.0696294,0.125821,0.382521,0.632287
2567,1749246520,2025-06-06 21:48 UTC,232725,296251,6.37325,8.66279,0.269139,0.351153,3.10429e-05,0.00847641,0.148912,0.0693038,0.126074,0.384348,0.635131
2568,1749246820,2025-06-06 21:53 UTC,232804,296305,6.35678,8.6715,0.269816,0.351853,4.91242e-05,0.00875335,0.148965,0.0689803,0.126327,0.386226,0.637433
2569,1749247120,2025-06-06 21:58 UTC,232886,296362,6.34033,8.68429,0.270496,0.352554,8.16763e-05,0.00771645,0.149,0.0686582,0.1267,0.388057,0.638926
2570,1749247420,2025-06-06 22:03 UTC,232971,296422,6.3239,8.70134,0.268825,0.350355,5.0255e-05,0.00423997,0.149075,0.0683385,0.127198,0.3833,0.631927
2571,1749247720,2025-06-06 22:08 UTC,233060,296486,6.3075,8.71841,0.266301,0.347102,5.03635e-05,0.00342352,0.149075,0.0680203,0.127698,0.376111,0.62101
2572,1749248019,2025-06-06 22:13 UTC,233152,296552,6.29117,8.73545,0.263786,0.343861,2.05797e-05,0.00280998,0.149075,0.0677045,0.128198,0.368988,0.608963
2573,1749248319,2025-06-06 22:18 UTC,233247,296622,6.27481,8.75257,0.261263,0.340608,1.71009e-05,0.00115978,0.149075,0.0673897,0.1287,0.36193,0.597605
2574,1749248619,2025-06-06 22:23 UTC,233345,296694,6.25848,8.76971,0.258741,0.337356,1.76753e-05,0.00110449,0.149076,0.0670766,0.129205,0.35493,0.586172
2575,1749248919,2025-06-06 22:28 UTC,233445,296770,6.24216,8.78688,0.256221,0.334103,1.54956e-05,0.00107808,0.149075,0.0667651,0.129711,0.347995,0.574929
2576,1749249219,2025-06-06 22:33 UTC,233549,296848,6.22588,8.80407,0.253701,0.330851,1.4079e-05,0.00105068,0.149078,0.0664554,0.13022,0.341123,0.563816
2577,1749249519,2025-06-06 22:38 UTC,233656,296929,6.20961,8.82128,0.251182,0.327821,1.49419e-05,0.00102489,0.149079,0.0661475,0.130729,0.334343,0.553534
2578,1749249819,2025-06-06 22:43 UTC,233766,297019,6.19337,8.83852,0.248665,0.32504,1.39077e-05,0.00100075,0.149079,0.0658414,0.131241,0.327619,0.544172
2579,1749250118,2025-06-06 22:48 UTC,233878,297119,6.17721,8.85572,0.246156,0.32227,1.44265e-05,0.000973358,0.149079,0.065538,0.131752,0.320992,0.53495
2580,1749250418,2025-06-06 22:53 UTC,233993,297222,6.16102,8.873,0.243641,0.319505,1.4805e-05,0.000947966,0.149078,0.0652354,0.132267,0.314413,0.525856
2581,1749250718,2025-06-06 22:58 UTC,234111,297326,6.14485,8.89031,0.241127,0.316744,1.3136e-05,0.00092379,0.149079,0.0649345,0.132783,0.3079,0.516771
2582,1749251018,2025-06-06 23:03 UTC,234232,297431,6.12871,8.90763,0.236507,0.311627,2.77488e-05,0.000887432,0.149079,0.0646356,0.133301,0.296279,0.500245
2583,1749251318,2025-06-06 23:08 UTC,234352,297539,6.11259,8.92498,0.231097,0.305626,2.55555e-05,0.000854702,0.149079,0.0643382,0.133821,0.282932,0.481163
2584,1749251618,2025-06-06 23:13 UTC,234478,297647,6.0965,8.94236,0.225687,0.299626,2.00798e-05,0.000813952,0.149078,0.0640425,0.134342,0.269889,0.462475
2585,1749251918,2025-06-06 23:18 UTC,234606,297758,6.08044,8.95975,0.220278,0.293626,2.38481e-05,0.000779768,0.149081,0.0637487,0.134866,0.257183,0.444169
2586,1749252217,2025-06-06 23:23 UTC,234737,297870,6.06446,8.97711,0.214889,0.287648,2.36109e-05,0.000743565,0.14908,0.0634576,0.135389,0.244821,0.426255
2587,1749252517,2025-06-06 23:28 UTC,234871,297983,6.04844,8.9952,0.209483,0.28165,2.36603e-05,0.000710254,0.14908,0.0631672,0.135935,0.23273,0.408645
2588,1749252817,2025-06-06 23:33 UTC,235007,298098,6.03246,9.01378,0.204078,0.275654,2.34692e-05,0.000676507,0.14908,0.0628786,0.136497,0.220952,0.391449
2589,1749253117,2025-06-06 23:38 UTC,235145,298215,6.0165,9.03238,0.198675,0.269659,2.13315e-05,0.00064624,0.14908,0.0625918,0.137061,0.209483,0.374604
2590,1749253417,2025-06-06 23:43 UTC,235286,298333,6.00057,9.05101,0.193274,0.263665,2.00478e-05,0.000614538,0.14908,0.0623067,0.137627,0.198329,0.358139
2591,1749253717,2025-06-06 23:48 UTC,235429,298452,5.98467,9.06965,0.187875,0.257672,2.11042e-05,0.000583879,0.14908,0.0620234,0.138195,0.187493,0.34201
2592,1749254017,2025-06-06 23:53 UTC,235575,298573,5.96879,9.08832,0.182477,0.251681,2.08938e-05,0.000559137,0.149079,0.0617418,0.138764,0.176967,0.32632
2593,1749254316,2025-06-06 23:58 UTC,235723,298696,5.953,9.10696,0.1771,0.245711,2.06632e-05,0.000533496,0.14908,0.0614629,0.139334,0.166786,0.311016
2594,1749254616,2025-06-07 00:03 UTC,235891,298838,5.93341,9.10512,0.170598,0.238123,2.47461e-05,0.000494507,0.14908,0.0610784,0.139277,0.154864,0.292115
2595,1749254916,2025-06-07 00:08 UTC,236075,298997,5.91241,9.09532,0.163667,0.229914,2.49424e-05,0.000471201,0.14908,0.0606547,0.138978,0.142631,0.272357
2596,1749255216,2025-06-07 00:13 UTC,236262,299160,5.89146,9.08557,0.156741,0.221707,2.51536e-05,0.000444719,0.14908,0.0602337,0.13868,0.13091,0.25323
2597,1749255516,2025-06-07 00:18 UTC,236452,299340,5.87056,9.07586,0.14982,0.213505,2.59378e-05,0.000417232,0.14908,0.0598151,0.138384,0.119706,0.234854
2598,1749255816,2025-06-07 00:23 UTC,236646,299557,5.84972,9.06619,0.142904,0.205314,2.25483e-05,0.000393023,0.14908,0.0593991,0.138089,0.109006,0.217176
2599,1749256115,2025-06-07 00:28 UTC,236843,299781,5.829,9.05659,0.136017,0.197154,2.27514e-05,0.000366893,0.149081,0.058987,0.137797,0.0988595,0.200236
2600,1749256415,2025-06-07 00:33 UTC,237044,300011,5.80827,9.047,0.129115,0.188969,2.1317e-05,0.000344389,0.149081,0.0585761,0.137505,0.0891893,0.183988
2601,1749256715,2025-06-07 00:38 UTC,237247,300247,5.78759,9.03745,0.122221,0.180792,2.01685e-05,0.000322528,0.149084,0.0581677,0.137215,0.080032,0.168397
2602,1749257015,2025-06-07 00:43 UTC,237454,300489,5.76696,9.02795,0.115338,0.172644,1.99485e-05,0.000302703,0.149083,0.0577619,0.136926,0.0713897,0.153566
2603,1749257315,2025-06-07 00:48 UTC,237664,300738,5.74639,9.01848,0.108468,0.164502,1.75581e-05,0.000285214,0.149083,0.0573586,0.136639,0.063258,0.139429
2604,1749257615,2025-06-07 00:53 UTC,237877,300992,5.72588,9.00906,0.101613,0.156366,1.74443e-05,0.000268113,0.149083,0.0569578,0.136354,0.0556423,0.12596
2605,1749257915,2025-06-07 00:58 UTC,238092,301251,5.70541,8.99967,0.094778,0.148256,1.65226e-05,0.000247259,0.149083,0.0565596,0.13607,0.0485384,0.113254
2606,1749258214,2025-06-07 01:03 UTC,238311,301516,5.68507,8.99036,0.087963,0.139802,1.51257e-05,0.000235966,0.149083,0.0561652,0.135789,0.0419024,0.100693
2607,1749258514,2025-06-07 01:08 UTC,238533,301787,5.66472,8.98106,0.0811281,0.131212,1.6473e-05,0.000208513,0.149083,0.0557721,0.135508,0.0357292,0.088723
2608,1749258814,2025-06-07 01:13 UTC,238757,302063,5.64442,8.97181,0.0743075,0.122636,1.56667e-05,0.0002091,0.149084,0.0553815,0.135229,0.0300623,0.077488
2609,1749259114,2025-06-07 01:18 UTC,238985,302344,5.62418,8.96259,0.0675054,0.114074,1.38948e-05,0.000196167,0.149084,0.0549934,0.134951,0.0249037,0.0670523
2610,1749259414,2025-06-07 01:23 UTC,239215,302631,5.60399,8.95342,0.0607282,0.105532,1.25924e-05,0.000185865,0.149083,0.0546079,0.134675,0.020254,0.0573773
2611,1749259714,2025-06-07 01:28 UTC,239448,302922,5.58385,8.94429,0.0539853,0.097046,1.10176e-05,0.000175829,0.149086,0.0542248,0.1344,0.0161127,0.0485238
2612,1749260014,2025-06-07 01:33 UTC,239683,303219,5.56377,8.9352,0.0472919,0.0885929,1.08155e-05,0.00016305,0.149086,0.0538444,0.134127,0.012482,0.0404454
2613,1749260313,2025-06-07 01:38 UTC,239922,303520,5.54381,8.92618,0.0406963,0.0802098,7.8432e-06,0.000160722,0.149087,0.0534676,0.133857,0.00936787,0.0331501
2614,1749260613,2025-06-07 01:43 UTC,240162,303826,5.52384,8.91718,0.0342057,0.0718555,9.18924e-06,0.000155512,0.149087,0.0530922,0.133587,0.00675291,0.0266096
2615,1749260913,2025-06-07 01:48 UTC,240406,304137,5.50392,8.90822,0.027962,0.0635942,6.63132e-06,0.000150692,0.149087,0.0527192,0.133319,0.00464319,0.0208404
2616,1749261213,2025-06-07 01:53 UTC,240652,304452,5.48406,8.8993,0.0222895,0.0554903,6.67912e-06,0.000148115,0.149087,0.0523487,0.133052,0.00303362,0.0158611
2617,1749261513,2025-06-07 01:58 UTC,240900,304772,5.46425,8.89043,0.0178509,0.0475601,5.85296e-06,0.000145354,0.149087,0.0519808,0.132787,0.00189699,0.0116557
2618,1749261813,2025-06-07 02:03 UTC,241151,305096,5.4445,8.8816,0.0154353,0.0406192,5.305e-06,0.000145573,0.149087,0.0516154,0.132523,0.00125671,0.00849877
2619,1749262113,2025-06-07 02:08 UTC,241405,305425,5.42481,8.87281,0.0148933,0.0342954,5.64474e-06,0.000144107,0.149087,0.0512526,0.132261,0.00100964,0.00605965
2620,1749262412,2025-06-07 02:13 UTC,241661,305758,5.40523,8.8641,0.0163143,0.0343421,4.34331e-06,0.00014299,0.149087,0.0508934,0.132001,0.00119829,0.00607262
2621,1749262712,2025-06-07 02:18 UTC,241919,306095,5.38565,8.85539,0.0193078,0.0402484,5.06888e-06,0.000142323,0.149087,0.0505355,0.131742,0.00180258,0.00834317
2622,1749263012,2025-06-07 02:23 UTC,242180,306436,5.36612,8.84674,0.0233171,0.046215,4.774e-06,0.00013926,0.149087,0.0501801,0.131485,0.00276387,0.0109978
2623,1749263312,2025-06-07 02:28 UTC,242442,306781,5.34665,8.83813,0.0279479,0.0522212,5.45371e-06,0.000136354,0.149087,0.0498272,0.131229,0.00406791,0.014043
2624,1749263612,2025-06-07 02:33 UTC,242708,307130,5.32724,8.82956,0.0329605,0.0582548,5.65567e-06,0.000131895,0.149086,0.0494768,0.130975,0.00571856,0.0174733
2625,1749263912,2025-06-07 02:38 UTC,242975,307483,5.30789,8.82103,0.0382106,0.0643081,5.43082e-06,0.000128512,0.149087,0.0491289,0.130722,0.00771987,0.0212957
2626,1749264212,2025-06-07 02:43 UTC,243245,307840,5.28859,8.81255,0.0436109,0.070376,9.77063e-06,0.000123046,0.149087,0.0487835,0.130471,0.0100732,0.0255079
2627,1749264511,2025-06-07 02:48 UTC,243517,308201,5.26941,8.80414,0.0490907,0.0764347,8.10234e-06,0.000116593,0.149087,0.0484417,0.130222,0.0127739,0.0300775
2628,1749264811,2025-06-07 02:53 UTC,243790,308565,5.25023,8.79575,0.0546553,0.082657,1.12462e-05,0.000133936,0.149087,0.0481013,0.129974,0.0158367,0.035176
2629,1749265111,2025-06-07 02:58 UTC,244067,308933,5.2311,8.78741,0.0602665,0.0892082,1.0637e-05,0.000100129,0.149087,0.0477633,0.129727,0.0192582,0.0409794
2630,1749265411,2025-06-07 03:03 UTC,244311,309241,5.21945,8.77842,0.0645286,0.0946579,5.52132e-06,9.55395e-05,0.149087,0.047506,0.129462,0.022101,0.0461414
2631,1749265711,2025-06-07 03:08 UTC,244531,309498,5.21102,8.76914,0.0682237,0.0996633,7.34949e-06,9.09826e-05,0.149088,0.0472856,0.129188,0.0247273,0.0511562
2632,1749266011,2025-06-07 03:13 UTC,244749,309742,5.20271,8.75987,0.0719308,0.10469,7.93621e-06,8.53311e-05,0.149088,0.0470691,0.128915,0.0275069,0.0564324
2633,1749266310,2025-06-07 03:18 UTC,244965,309975,5.19453,8.75062,0.0756358,0.10972,9.65018e-06,0.000100367,0.149087,0.0468572,0.128643,0.0304299,0.0620032
2634,1749266610,2025-06-07 03:23 UTC,245178,310196,5.18644,8.74135,0.0793619,0.114782,6.91248e-06,7.31698e-05,0.149087,0.0466485,0.128371,0.0335195,0.067845
2635,1749266910,2025-06-07 03:28 UTC,245390,310406,5.17845,8.73208,0.0830957,0.119859,8.39523e-06,6.50541e-05,0.149087,0.0464438,0.128099,0.0367594,0.073971
2636,1749267210,2025-06-07 03:33 UTC,245600,310606,5.17058,8.7228,0.086836,0.124948,8.99496e-06,5.82008e-05,0.149087,0.0462431,0.127827,0.0401532,0.0803833
2637,1749267510,2025-06-07 03:38 UTC,245808,310795,5.16282,8.71353,0.0905821,0.130048,8.60994e-06,5.16149e-05,0.149088,0.0460462,0.127555,0.043701,0.0870942
2638,1749267810,2025-06-07 03:43 UTC,246014,310974,5.15518,8.70425,0.0943333,0.135159,1.11865e-05,0.000226886,0.149087,0.0458534,0.127284,0.0474002,0.094047
2639,1749268110,2025-06-07 03:48 UTC,246218,311143,5.14764,8.69498,0.0980889,0.140278,1.13256e-05,0.000123219,0.149087,0.0456645,0.127013,0.0512548,0.10132
2640,1749268409,2025-06-07 03:53 UTC,246421,311302,5.14024,8.68574,0.101836,0.145387,9.57376e-06,0.000108345,0.149088,0.0454801,0.126743,0.0552525,0.108842
2641,1749268709,2025-06-07 03:58 UTC,246622,311452,5.13293,8.67646,0.105599,0.150552,9.2136e-06,8.2137e-05,0.149087,0.0452991,0.126472,0.0594143,0.116711
2642,1749269009,2025-06-07 04:03 UTC,246822,311593,5.12573,8.66719,0.107348,0.152889,3.87978e-06,4.65532e-05,0.149087,0.0451219,0.126202,0.0613967,0.120384
2643,1749269309,2025-06-07 04:08 UTC,247020,311725,5.11865,8.65791,0.108222,0.15401,4.73898e-06,5.18894e-05,0.149088,0.0449488,0.125932,0.0623845,0.122146
2644,1749269609,2025-06-07 04:13 UTC,247216,311848,5.11168,8.64864,0.109102,0.155153,4.95531e-06,0.000134028,0.149088,0.0447797,0.125662,0.0633864,0.123973
2645,1749269909,2025-06-07 04:18 UTC,247411,311970,5.10483,8.63937,0.109986,0.156318,4.23058e-06,4.83927e-05,0.149088,0.0446146,0.125393,0.0644014,0.125831
2646,1749270209,2025-06-07 04:23 UTC,247605,312105,5.09809,8.63009,0.110875,0.157504,4.74856e-06,5.11641e-05,0.149088,0.0444534,0.125124,0.065427,0.127748
2647,1749270508,2025-06-07 04:28 UTC,247797,312231,5.09149,8.62085,0.111765,0.158706,4.72403e-06,6.29002e-05,0.149088,0.0442967,0.124856,0.066463,0.129709
2648,1749270808,2025-06-07 04:33 UTC,247988,312347,5.08498,8.61158,0.112663,0.159933,4.13053e-06,5.9446e-05,0.149087,0.0441435,0.124587,0.0675147,0.131728
2649,1749271108,2025-06-07 04:38 UTC,248178,312453,5.07859,8.6023,0.113565,0.161179,4.73539e-06,6.02515e-05,0.149088,0.0439942,0.124319,0.0685776,0.133782
2650,1749271408,2025-06-07 04:43 UTC,248366,312551,5.07232,8.59303,0.114471,0.162444,4.82393e-06,6.33943e-05,0.149087,0.043849,0.124051,0.0696533,0.135909
2651,1749271708,2025-06-07 04:48 UTC,248553,312640,5.06617,8.58375,0.115381,0.163728,4.80288e-06,5.76714e-05,0.149087,0.0437077,0.123784,0.0707402,0.138048
2652,1749272008,2025-06-07 04:53 UTC,248739,312720,5.06013,8.57448,0.116295,0.165031,4.9355e-06,7.66033e-05,0.149087,0.0435704,0.123517,0.0718414,0.140251
2653,1749272308,2025-06-07 04:58 UTC,248924,312791,5.05422,8.56521,0.117212,0.166351,4.39852e-06,5.57564e-05,0.149087,0.0434371,0.123249,0.0729536,0.142508
2654,1749272607,2025-06-07 05:03 UTC,249107,312854,5.04845,8.55596,0.11594,0.163903,5.37843e-06,5.52708e-05,0.149087,0.043308,0.122984,0.0713336,0.138364
2655,1749272907,2025-06-07 05:08 UTC,249290,312909,5.04279,8.54669,0.113689,0.159767,3.31799e-06,5.40685e-05,0.149087,0.0431827,0.122717,0.0685245,0.131465
2656,1749273207,2025-06-07 05:13 UTC,249471,312955,5.03724,8.53741,0.11144,0.155635,4.07584e-06,5.28756e-05,0.149087,0.0430613,0.122451,0.0657783,0.124751
2657,1749273507,2025-06-07 05:18 UTC,249652,312994,5.03183,8.52814,0.109192,0.151513,4.11514e-06,5.207e-05,0.149087,0.0429439,0.122185,0.0630911,0.118234
2658,1749273807,2025-06-07 05:23 UTC,249831,313025,5.02654,8.51887,0.106947,0.147424,3.05208e-06,5.10412e-05,0.149087,0.0428305,0.121919,0.0604619,0.111934
2659,1749274107,2025-06-07 05:28 UTC,250009,313048,5.02137,8.50959,0.104704,0.143341,3.98837e-06,4.94648e-05,0.149087,0.0427211,0.121654,0.0578951,0.105815
2660,1749274406,2025-06-07 05:33 UTC,250187,313064,5.01635,8.50035,0.102471,0.139276,3.66841e-06,4.89347e-05,0.149087,0.0426159,0.12139,0.0553946,0.099901
2661,1749274706,2025-06-07 05:38 UTC,250363,313072,5.01145,8.49108,0.100233,0.135204,3.97014e-06,5.04717e-05,0.149087,0.0425144,0.121125,0.0529454,0.0941718
2662,1749275006,2025-06-07 05:43 UTC,250539,313074,5.00668,8.4818,0.097998,0.131138,3.54743e-06,4.83037e-05,0.149087,0.0424169,0.120861,0.0505557,0.0885779
2663,1749275306,2025-06-07 05:48 UTC,250713,313067,5.00204,8.47253,0.095766,0.12708,4.10643e-06,4.59209e-05,0.149088,0.0423233,0.120597,0.048227,0.0831722
2664,1749275606,2025-06-07 05:53 UTC,250887,313054,4.99753,8.46325,0.0935375,0.123029,3.24382e-06,4.67104e-05,0.149088,0.0422337,0.120333,0.0459558,0.0779514
2665,1749275906,2025-06-07 05:58 UTC,251060,313033,4.99316,8.45398,0.0913126,0.119269,3.31388e-06,4.88278e-05,0.149087,0.0421481,0.120069,0.0437457,0.0732643
2666,1749276206,2025-06-07 06:03 UTC,251221,313075,4.99441,8.42271,0.0877138,0.114114,7.66231e-06,5.61634e-05,0.149087,0.0421656,0.119183,0.0403292,0.0670702
2667,1749276505,2025-06-07 06:08 UTC,251374,313165,4.99821,8.38154,0.0835064,0.108167,6.96653e-06,0.000184772,0.149087,0.0422304,0.11802,0.0365163,0.0602662
2668,1749276805,2025-06-07 06:13 UTC,251525,313262,5.00208,8.34023,0.0792923,0.10222,6.16613e-06,6.65694e-05,0.149088,0.042297,0.11686,0.0328881,0.053814
2669,1749277105,2025-06-07 06:18 UTC,251673,313365,5.006,8.29893,0.0750867,0.0962962,6.48912e-06,7.31629e-05,0.149087,0.0423652,0.115705,0.0294591,0.047759
2670,1749277405,2025-06-07 06:23 UTC,251819,313474,5.00997,8.25763,0.0708914,0.0908087,5.96042e-06,0.00011396,0.149087,0.0424351,0.114557,0.0262272,0.0424731
2671,1749277705,2025-06-07 06:28 UTC,251964,313589,5.01398,8.21632,0.0667082,0.0859123,5.60827e-06,8.22769e-05,0.149087,0.0425067,0.113413,0.0231937,0.0380208
2672,1749278005,2025-06-07 06:33 UTC,252106,313710,5.01804,8.17502,0.0625399,0.0810328,4.69687e-06,0.000115286,0.149087,0.0425799,0.112276,0.0203573,0.0338224
2673,1749278305,2025-06-07 06:38 UTC,252246,313914,5.02214,8.13372,0.0583897,0.0761737,4.77998e-06,9.09772e-05,0.149088,0.0426548,0.111144,0.0177195,0.0298872
2674,1749278604,2025-06-07 06:43 UTC,252384,314131,5.02628,8.09256,0.0542759,0.0714285,4.99794e-06,9.44056e-05,0.149088,0.0427311,0.110022,0.0152875,0.0262786
2675,1749278904,2025-06-07 06:48 UTC,252520,314349,5.03048,8.05244,0.0501771,0.0667379,4.81694e-06,9.72465e-05,0.149087,0.0428093,0.108934,0.0130442,0.0229436
2676,1749279204,2025-06-07 06:53 UTC,252654,314570,5.03472,8.01808,0.0461156,0.0620663,3.59583e-06,0.000100213,0.149088,0.0428892,0.108006,0.0109979,0.0198383
2677,1749279504,2025-06-07 06:58 UTC,252787,314792,5.03901,8.00823,0.0421036,0.0574185,3.68743e-06,0.000101151,0.149087,0.0429707,0.107741,0.00914989,0.0169814
2678,1749279804,2025-06-07 07:03 UTC,252917,315017,5.04334,7.99839,0.0380336,0.052466,3.79086e-06,0.000143805,0.149087,0.0430539,0.107477,0.00743474,0.0141772
2679,1749280104,2025-06-07 07:08 UTC,253046,315244,5.04771,7.98855,0.0340234,0.0474287,3.74368e-06,0.00010588,0.149087,0.0431388,0.107213,0.00591128,0.0115875
2680,1749280404,2025-06-07 07:13 UTC,253173,315472,5.05213,7.97872,0.030181,0.0424968,3.42403e-06,0.000107788,0.149088,0.0432254,0.106949,0.00461428,0.00930289
2681,1749280703,2025-06-07 07:18 UTC,253298,315702,5.05657,7.96894,0.0265826,0.0377274,3.44241e-06,0.000108242,0.149087,0.0433133,0.106687,0.00354818,0.00733062
2682,1749281003,2025-06-07 07:23 UTC,253421,315934,5.06107,7.95912,0.0232976,0.0333364,2.90294e-06,0.000109155,0.149087,0.0434032,0.106424,0.00270766,0.00572304
2683,1749281303,2025-06-07 07:28 UTC,253543,316168,5.06562,7.94931,0.020477,0.031015,2.34685e-06,0.000108542,0.149087,0.0434948,0.106162,0.00210098,0.00495363
2684,1749281603,2025-06-07 07:33 UTC,253663,316404,5.0702,7.93951,0.0183286,0.0313914,2.59919e-06,0.000108272,0.149087,0.0435881,0.1059,0.00173115,0.00507483
2685,1749281903,2025-06-07 07:38 UTC,253781,316641,5.07482,7.92972,0.0171563,0.0326292,2.52621e-06,0.000108215,0.149087,0.043683,0.105639,0.00159499,0.00548428
2686,1749282203,2025-06-07 07:43 UTC,253897,316880,5.07949,7.91993,0.0172617,0.0346117,1.96217e-06,0.000107028,0.149087,0.0437797,0.105378,0.00168331,0.00616851
2687,1749282502,2025-06-07 07:48 UTC,254012,317120,5.08418,7.91018,0.018605,0.0372106,2.08263e-06,0.000106013,0.149087,0.0438776,0.105119,0.00198839,0.00713065
2688,1749282802,2025-06-07 07:53 UTC,254125,317362,5.08892,7.9004,0.02095,0.0403222,2.27825e-06,0.000106426,0.149087,0.0439776,0.10486,0.00251261,0.00837327
2689,1749283102,2025-06-07 07:58 UTC,254237,317605,5.09371,7.89064,0.0239936,0.0438316,2.49279e-06,0.000107488,0.149087,0.0440793,0.1046,0.00325869,0.0098935
2690,1749283402,2025-06-07 08:03 UTC,254347,317850,5.09854,7.88087,0.0271571,0.0471539,2.65917e-06,0.000108682,0.149087,0.0441826,0.104342,0.00412698,0.0114479
2691,1749283702,2025-06-07 08:08 UTC,254456,318096,5.1034,7.87112,0.0303841,0.0503672,2.80586e-06,0.000108881,0.149087,0.0442876,0.104084,0.00511481,0.0130619
2692,1749284002,2025-06-07 08:13 UTC,254563,318343,5.1083,7.86232,0.0337557,0.053668,3.30088e-06,0.000109734,0.149087,0.0443943,0.103851,0.0062618,0.0148333
2693,1749284302,2025-06-07 08:18 UTC,254668,318592,5.11325,7.85412,0.0372304,0.057041,3.92832e-06,0.000113792,0.149087,0.0445027,0.103635,0.00756844,0.0167542
2694,1749284601,2025-06-07 08:23 UTC,254772,318842,5.11821,7.84596,0.0407687,0.0604626,2.87857e-06,0.000114454,0.149088,0.0446124,0.103419,0.00903052,0.0188269
2695,1749284901,2025-06-07 08:28 UTC,254874,319093,5.12323,7.83777,0.0443755,0.063946,3.69374e-06,0.000117398,0.149087,0.0447241,0.103203,0.0106566,0.0210584
2696,1749285201,2025-06-07 08:33 UTC,254975,319345,5.12829,7.82959,0.0480259,0.0674721,4.01092e-06,0.000120399,0.149087,0.0448375,0.102988,0.012443,0.0234443
2697,1749285501,2025-06-07 08:38 UTC,255075,319598,5.13338,7.82141,0.0517104,0.0710345,4.18986e-06,0.000123899,0.149087,0.0449526,0.102773,0.0143897,0.0259855
2698,1749285801,2025-06-07 08:43 UTC,255173,319853,5.13851,7.81325,0.0554221,0.074628,4.44978e-06,0.00012822,0.149087,0.0450694,0.102559,0.016497,0.0286785
2699,1749286101,2025-06-07 08:48 UTC,255269,320109,5.14369,7.80509,0.0591559,0.0785004,4.7812e-06,0.000134225,0.149087,0.0451879,0.102345,0.0187645,0.031728
2700,1749286401,2025-06-07 08:53 UTC,255364,320366,5.14889,7.79693,0.0629077,0.0836278,5.16473e-06,0.000137281,0.149087,0.045308,0.102131,0.0211919,0.036015
2701,1749286700,2025-06-07 08:58 UTC,255458,320624,5.15412,7.78882,0.0666619,0.0887463,6.81578e-06,0.000143329,0.149087,0.0454294,0.101918,0.0237698,0.0405494
2702,1749287000,2025-06-07 09:03 UTC,255527,320836,5.14567,7.78103,0.0694172,0.092359,3.88423e-06,0.000146411,0.149087,0.0453159,0.101715,0.0257609,0.0439298
2703,1749287300,2025-06-07 09:08 UTC,255577,321008,5.13041,7.77343,0.0716741,0.0952094,3.61856e-06,0.00015058,0.149087,0.0450857,0.101516,0.0274489,0.0466821
2704,1749287600,2025-06-07 09:13 UTC,255621,321167,5.1152,7.76583,0.073944,0.0980616,3.57951e-06,0.000153646,0.149087,0.0448575,0.101318,0.0292008,0.0495199
2705,1749287900,2025-06-07 09:18 UTC,255662,321314,5.10006,7.75824,0.0762257,0.100915,3.16603e-06,0.000157622,0.149088,0.0446313,0.10112,0.0310158,0.0524476
2706,1749288200,2025-06-07 09:23 UTC,255697,321450,5.08497,7.75065,0.0785183,0.103771,4.23079e-06,0.000161932,0.149087,0.0444069,0.100922,0.0328926,0.0554517
2707,1749288500,2025-06-07 09:28 UTC,255729,321574,5.06994,7.74306,0.080821,0.106628,4.51934e-06,0.000165209,0.149087,0.0441845,0.100724,0.0348338,0.0585476
2708,1749288799,2025-06-07 09:33 UTC,255755,321687,5.05503,7.73551,0.0831252,0.109476,3.86139e-06,0.000170308,0.149088,0.0439648,0.100528,0.0368317,0.0617109
2709,1749289099,2025-06-07 09:38 UTC,255777,321789,5.04012,7.72793,0.0854455,0.112335,4.77548e-06,0.000175159,0.149087,0.0437463,0.100331,0.0388982,0.0649839
2710,1749289399,2025-06-07 09:43 UTC,255795,321880,5.02529,7.72036,0.0877737,0.115196,4.90689e-06,0.000181974,0.149087,0.0435298,0.100135,0.0410293,0.0683398
2711,1749289699,2025-06-07 09:48 UTC,255808,321961,5.01052,7.71279,0.0901092,0.118057,5.502e-06,0.000184742,0.149087,0.0433152,0.0999384,0.0432217,0.0717659
2712,1749289999,2025-06-07 09:53 UTC,255818,322032,4.99582,7.70523,0.0924514,0.120919,4.59069e-06,0.000189382,0.149087,0.0431026,0.0997425,0.0454798,0.0752951
2713,1749290299,2025-06-07 09:58 UTC,255823,322093,4.98119,7.69767,0.0947998,0.123782,4.36831e-06,0.000195019,0.149087,0.0428919,0.0995468,0.0478002,0.0789001
2714,1749290599,2025-06-07 10:03 UTC,255823,322144,4.96664,7.69011,0.0957543,0.124819,2.56577e-06,0.00019574,0.149087,0.0426832,0.0993515,0.0487531,0.0802353
2715,1749290898,2025-06-07 10:08 UTC,255820,322185,4.9522,7.68258,0.096003,0.124927,2.20645e-06,0.000196236,0.149087,0.042477,0.0991571,0.0489863,0.0803764
2716,1749291198,2025-06-07 10:13 UTC,255813,322217,4.9378,7.68568,0.0962578,0.125036,1.73976e-06,0.000196785,0.149087,0.0422721,0.0992369,0.0492281,0.0805168
2717,1749291498,2025-06-07 10:18 UTC,255801,322240,4.92348,7.68878,0.096518,0.125144,1.72702e-06,0.000196896,0.149087,0.0420692,0.0993172,0.0494726,0.0806539
2718,1749291798,2025-06-07 10:23 UTC,255786,322254,4.90923,7.6919,0.0967834,0.125253,1.60123e-06,0.000196626,0.149087,0.0418682,0.0993976,0.0497221,0.0807963
2719,1749292098,2025-06-07 10:28 UTC,255767,322259,4.89508,7.69501,0.0970541,0.125363,1.9792e-06,0.000196495,0.149087,0.0416691,0.0994783,0.0499776,0.0809389
2720,1749292398,2025-06-07 10:33 UTC,255743,322256,4.881,7.69814,0.0973299,0.125472,1.57325e-06,0.000197164,0.149087,0.041472,0.0995591,0.0502364,0.0810762
2721,1749292697,2025-06-07 10:38 UTC,255716,322243,4.86707,7.70128,0.09761,0.125581,1.35674e-06,0.000197524,0.149087,0.0412775,0.0996402,0.0504999,0.0812172
2722,1749292997,2025-06-07 10:43 UTC,255685,322222,4.85318,7.70452,0.097896,0.12569,1.34455e-06,0.000197804,0.149087,0.0410842,0.0997243,0.0507683,0.081357
2723,1749293297,2025-06-07 10:48 UTC,255650,322193,4.83938,7.70778,0.0981871,0.1258,1.25011e-06,0.000197684,0.149086,0.0408929,0.0998085,0.0510421,0.0815018
2724,1749293597,2025-06-07 10:53 UTC,255612,322156,4.82568,7.71104,0.0984832,0.12591,1.45731e-06,0.000197888,0.149087,0.0407036,0.099893,0.0513197,0.0816425
2725,1749293897,2025-06-07 10:58 UTC,255569,322110,4.81208,7.71431,0.0987842,0.12602,1.30121e-06,0.00019847,0.149086,0.0405162,0.0999777,0.0516028,0.0817876
2726,1749294197,2025-06-07 11:03 UTC,255523,322056,4.79859,7.71758,0.0975918,0.124486,3.5087e-06,0.000195203,0.149086,0.0403308,0.100063,0.0503517,0.0798116
2727,1749294497,2025-06-07 11:08 UTC,255474,321995,4.7852,7.72086,0.0956181,0.122093,2.37438e-06,0.000190213,0.149087,0.0401472,0.100148,0.0483266,0.0767735
2728,1749294796,2025-06-07 11:13 UTC,255420,321925,4.77196,7.72414,0.0936525,0.119707,3.19736e-06,0.000185759,0.149087,0.0399662,0.100233,0.0463533,0.0738032
2729,1749295096,2025-06-07 11:18 UTC,255363,321848,4.7588,7.72743,0.0916821,0.117335,2.87676e-06,0.000180712,0.149088,0.0397866,0.100318,0.0444163,0.0709054
2730,1749295396,2025-06-07 11:23 UTC,255302,321763,4.74574,7.73073,0.0897135,0.114987,2.48482e-06,0.00017649,0.149087,0.0396089,0.100404,0.0425229,0.0680945
2731,1749295696,2025-06-07 11:28 UTC,255238,321670,4.73281,7.73404,0.0877469,0.112638,3.37502e-06,0.000172389,0.149087,0.0394331,0.10049,0.0406748,0.0653438
2732,1749295996,2025-06-07 11:33 UTC,255170,321570,4.71999,7.73735,0.0857823,0.11029,2.90354e-06,0.00016811,0.149088,0.0392592,0.100576,0.038869,0.0626447
2733,1749296296,2025-06-07 11:38 UTC,255099,321463,4.7073,7.74067,0.08382,0.107942,2.88965e-06,0.000164038,0.149087,0.0390873,0.100662,0.0371072,0.0600082
2734,1749296596,2025-06-07 11:43 UTC,255024,321348,4.69474,7.744,0.0818601,0.105594,3.35033e-06,0.000159193,0.149087,0.0389173,0.100749,0.0353901,0.057425
2735,1749296895,2025-06-07 11:48 UTC,254946,321225,4.68234,7.74732,0.0799094,0.103253,3.57992e-06,0.000155969,0.149087,0.0387498,0.100835,0.0337219,0.0549079
2736,1749297195,2025-06-07 11:53 UTC,254864,321095,4.67003,7.75066,0.0779549,0.100905,2.82015e-06,0.000151866,0.149088,0.0385837,0.100922,0.0320907,0.0524385
2737,1749297495,2025-06-07 11:58 UTC,254779,320959,4.65785,7.75401,0.0760036,0.0985571,2.72293e-06,0.000148315,0.149088,0.0384194,0.101009,0.0305036,0.0500284
2738,1749297795,2025-06-07 12:03 UTC,254681,320829,4.66723,7.74888,0.0731294,0.0950925,3.86733e-06,0.000141116,0.149087,0.0385537,0.100876,0.0282512,0.0465739
2739,1749298095,2025-06-07 12:08 UTC,254573,320704,4.68834,7.73918,0.0697716,0.0910359,3.66926e-06,0.000133639,0.149087,0.0388526,0.100624,0.0257303,0.0426853
2740,1749298395,2025-06-07 12:13 UTC,254460,320575,4.70966,7.72949,0.0664341,0.0869831,4.19222e-06,0.000126764,0.149088,0.0391569,0.100372,0.0233415,0.0389695
2741,1749298695,2025-06-07 12:18 UTC,254343,320442,4.7312,7.75154,0.0631204,0.0829308,4.26722e-06,0.000119759,0.149088,0.0394669,0.100945,0.0210835,0.0354246
2742,1749298994,2025-06-07 12:23 UTC,254221,320305,4.75287,7.77882,0.059846,0.0789505,4.07427e-06,0.000112854,0.149088,0.0397813,0.101657,0.0189635,0.0321033
2743,1749299294,2025-06-07 12:28 UTC,254094,320164,4.77483,7.80619,0.0565948,0.0749925,3.1645e-06,0.000106154,0.149088,0.0401023,0.102374,0.0169667,0.0289668
2744,1749299594,2025-06-07 12:33 UTC,253963,320019,4.797,7.83356,0.0533848,0.0710354,3.24014e-06,0.000100546,0.149088,0.0404289,0.103093,0.0151017,0.0259869
2745,1749299894,2025-06-07 12:38 UTC,253827,319870,4.81937,7.86094,0.0502252,0.0670795,3.26507e-06,9.49342e-05,0.149088,0.0407611,0.103815,0.0133672,0.0231759
2746,1749300194,2025-06-07 12:43 UTC,253687,319717,4.84194,7.88831,0.0471274,0.0635256,2.75837e-06,8.92901e-05,0.149088,0.0410988,0.104539,0.0117629,0.020782
2747,1749300494,2025-06-07 12:48 UTC,253543,319560,4.86472,7.91569,0.0441057,0.0601175,2.50955e-06,8.50889e-05,0.149087,0.0414421,0.105266,0.0102896,0.0186151
2748,1749300793,2025-06-07 12:53 UTC,253393,319399,4.88761,7.94298,0.0411876,0.0567295,2.73748e-06,8.0281e-05,0.149087,0.0417899,0.105993,0.00895057,0.0165756
2749,1749301093,2025-06-07 12:58 UTC,253240,319234,4.91078,7.97036,0.0383751,0.0533389,2.3692e-06,7.64372e-05,0.149088,0.0421444,0.106725,0.00773612,0.0146534
2750,1749301393,2025-06-07 13:03 UTC,253082,319065,4.93415,7.99774,0.0355278,0.04968,2.36003e-06,7.18624e-05,0.149087,0.0425045,0.107459,0.0065973,0.0127114
2751,1749301693,2025-06-07 13:08 UTC,252919,318892,4.9577,8.02512,0.0326937,0.0458733,1.97818e-06,6.8307e-05,0.149088,0.0428702,0.108196,0.0055553,0.0108398
2752,1749301993,2025-06-07 13:13 UTC,252752,318714,4.98145,8.05251,0.0299846,0.0420687,2.05641e-06,6.53498e-05,0.149088,0.0432415,0.108936,0.0046397,0.009116
2753,1749302293,2025-06-07 13:18 UTC,252581,318533,5.00539,8.0799,0.0274345,0.0382669,1.72772e-06,6.19414e-05,0.149088,0.0436184,0.109678,0.0038508,0.00754257
2754,1749302593,2025-06-07 13:23 UTC,252405,318347,5.02952,8.10728,0.0250882,0.0347555,1.56306e-06,5.93404e-05,0.149088,0.044001,0.110423,0.00318883,0.00622198
2755,1749302892,2025-06-07 13:28 UTC,252225,318158,5.05375,8.13458,0.0230135,0.0326736,1.89292e-06,5.73879e-05,0.149088,0.0443878,0.111168,0.00265605,0.00549781
2756,1749303192,2025-06-07 13:33 UTC,252040,317964,5.07824,8.16197,0.0212652,0.0325682,1.75135e-06,5.56704e-05,0.149088,0.0447816,0.111918,0.00224973,0.0054626
2757,1749303492,2025-06-07 13:38 UTC,251851,317766,5.10291,8.18936,0.019925,0.0329045,1.44243e-06,5.42468e-05,0.149088,0.045181,0.11267,0.0019726,0.00557576
2758,1749303792,2025-06-07 13:43 UTC,251658,317564,5.12776,8.21676,0.0190776,0.0336694,1.18526e-06,5.29639e-05,0.149087,0.045586,0.113425,0.00182491,0.00583789
2759,1749304092,2025-06-07 13:48 UTC,251460,317358,5.15279,8.24415,0.0188155,0.0348594,1.53786e-06,5.18681e-05,0.149088,0.0459966,0.114183,0.00180467,0.00625834
2760,1749304392,2025-06-07 13:53 UTC,251258,317148,5.17799,8.27155,0.0191995,0.0364843,1.59584e-06,5.118e-05,0.149087,0.0464129,0.114943,0.00190844,0.00685567
2761,1749304692,2025-06-07 13:58 UTC,251052,316934,5.20337,8.29945,0.0202047,0.0393623,1.31382e-06,5.08108e-05,0.149087,0.0468348,0.11572,0.00213457,0.00797926
2762,1749304991,2025-06-07 14:03 UTC,250841,316715,5.22883,8.32744,0.0211881,0.0416426,1.2271e-06,5.04785e-05,0.149087,0.0472609,0.116502,0.00234484,0.00893062
2763,1749305291,2025-06-07 14:08 UTC,250626,316493,5.25454,8.35553,0.022134,0.0434374,1.42146e-06,5.04506e-05,0.149087,0.0476941,0.117289,0.00254663,0.00971463
2764,1749305591,2025-06-07 14:13 UTC,250406,316266,5.28042,8.38362,0.0232729,0.0452946,1.29493e-06,5.02858e-05,0.149088,0.0481329,0.118079,0.0028062,0.0105658
2765,1749305891,2025-06-07 14:18 UTC,250182,316035,5.30646,8.41171,0.0245784,0.047207,1.3017e-06,5.02528e-05,0.149088,0.0485773,0.118871,0.00312412,0.0114768
2766,1749306191,2025-06-07 14:23 UTC,249954,315800,5.33266,8.4398,0.0260256,0.0491779,1.31282e-06,5.05327e-05,0.149087,0.0490274,0.119667,0.00350062,0.0124552
2767,1749306491,2025-06-07 14:28 UTC,249721,315561,5.35902,8.46789,0.0275919,0.0511991,1.23939e-06,5.05131e-05,0.149087,0.0494831,0.120465,0.00393601,0.0135
2768,1749306791,2025-06-07 14:33 UTC,249484,315317,5.38553,8.49599,0.0292578,0.0532569,1.308e-06,5.02793e-05,0.149088,0.0499444,0.121265,0.00442995,0.0146069
2769,1749307090,2025-06-07 14:38 UTC,249243,315069,5.41211,8.52399,0.0310013,0.0553402,1.34327e-06,5.03428e-05,0.149087,0.0504098,0.122066,0.00498079,0.015772
2770,1749307390,2025-06-07 14:43 UTC,248997,314818,5.43893,8.55209,0.0328204,0.0574594,1.42113e-06,5.01342e-05,0.149088,0.0508823,0.122872,0.00559189,0.0170031
2771,1749307690,2025-06-07 14:48 UTC,248747,314561,5.4659,8.58019,0.0346986,0.0596044,1.51653e-06,4.99974e-05,0.149087,0.0513605,0.123681,0.00626133,0.0182963
2772,1749307990,2025-06-07 14:53 UTC,248493,314301,5.49302,8.60829,0.0366269,0.0617726,1.54359e-06,4.97625e-05,0.149088,0.0518443,0.124492,0.006989,0.019652
2773,1749308290,2025-06-07 14:58 UTC,248233,314036,5.52028,8.63639,0.0385977,0.0639616,1.9906e-06,4.94286e-05,0.149088,0.0523338,0.125307,0.00777456,0.0210688
2774,1749308590,2025-06-07 15:03 UTC,248050,313856,5.54292,8.64447,0.0395795,0.0646746,2.11052e-06,4.88355e-05,0.149088,0.0527297,0.125541,0.00818659,0.0215416
2775,1749308889,2025-06-07 15:08 UTC,247916,313774,5.56278,8.64096,0.0399733,0.0645281,2.15403e-06,4.78616e-05,0.149088,0.0530699,0.125439,0.00835972,0.0214439
2776,1749309189,2025-06-07 15:13 UTC,247785,313694,5.58274,8.63744,0.0403695,0.064458,2.19148e-06,4.67371e-05,0.149088,0.0534135,0.125337,0.00853634,0.0213974
2777,1749309489,2025-06-07 15:18 UTC,247656,313617,5.60274,8.63392,0.0407668,0.0644685,2.25477e-06,4.53591e-05,0.149087,0.0537593,0.125235,0.00871538,0.0214046
2778,1749309789,2025-06-07 15:23 UTC,247530,313543,5.62277,8.63041,0.0411652,0.0645434,2.19718e-06,4.42735e-05,0.149088,0.0541074,0.125133,0.00889733,0.0214541
2779,1749310089,2025-06-07 15:28 UTC,247406,313471,5.64283,8.62689,0.0415646,0.0646333,2.04988e-06,4.34162e-05,0.149087,0.0544577,0.125031,0.00908203,0.0215138
2780,1749310389,2025-06-07 15:33 UTC,247284,313401,5.66292,8.62338,0.0419649,0.0647381,2.02626e-06,4.22111e-05,0.149087,0.0548102,0.124929,0.00926966,0.0215837
2781,1749310689,2025-06-07 15:38 UTC,247165,313334,5.68305,8.61987,0.0423662,0.0648577,1.89317e-06,4.08597e-05,0.149087,0.055165,0.124828,0.0094594,0.0216635
2782,1749310988,2025-06-07 15:43 UTC,247048,313268,5.70314,8.61637,0.042767,0.0649915,1.70701e-06,3.96608e-05,0.149088,0.0555208,0.124726,0.00965149,0.0217532
2783,1749311288,2025-06-07 15:48 UTC,246933,313206,5.72333,8.61286,0.0431701,0.0651404,1.58459e-06,3.83481e-05,0.149087,0.0558801,0.124625,0.0098471,0.0218531
2784,1749311588,2025-06-07 15:53 UTC,246819,313145,5.74355,8.6095,0.0435741,0.0653039,1.58649e-06,3.74398e-05,0.149087,0.0562416,0.124527,0.0100453,0.0219625
2785,1749311888,2025-06-07 15:58 UTC,246709,313086,5.7638,8.60881,0.0439789,0.0654818,1.61971e-06,3.62894e-05,0.149087,0.0566053,0.124507,0.0102462,0.0220825
2786,1749312188,2025-06-07 16:03 UTC,246600,313030,5.78408,8.60813,0.0429925,0.0635075,2.87989e-06,3.61229e-05,0.149088,0.0569713,0.124488,0.00981035,0.020771
2787,1749312488,2025-06-07 16:08 UTC,246493,312975,5.80439,8.60744,0.0412035,0.0602596,2.24428e-06,3.68814e-05,0.149087,0.0573395,0.124468,0.00903402,0.0187008
2788,1749312788,2025-06-07 16:13 UTC,246387,312923,5.82472,8.60677,0.0394503,0.0573312,2.17854e-06,7.35518e-05,0.149087,0.0577099,0.124448,0.00830955,0.0169274
2789,1749313087,2025-06-07 16:18 UTC,246284,312872,5.84502,8.6061,0.0377431,0.0554296,2.42985e-06,3.71024e-05,0.149087,0.0580814,0.124429,0.00763879,0.0158235
2790,1749313387,2025-06-07 16:23 UTC,246203,312833,5.86542,8.60543,0.0360762,0.0546238,2.20877e-06,3.78331e-05,0.149088,0.0584563,0.12441,0.00701728,0.0153671
2791,1749313687,2025-06-07 16:28 UTC,246103,312786,5.88584,8.60477,0.0344619,0.0539342,1.83757e-06,3.77934e-05,0.149088,0.0588335,0.124391,0.00644766,0.0149808
2792,1749313987,2025-06-07 16:33 UTC,246005,312740,5.90629,8.60411,0.0329085,0.0533654,4.47742e-06,3.756e-05,0.149088,0.0592129,0.124372,0.00593058,0.0146671
2793,1749314287,2025-06-07 16:38 UTC,245908,312697,5.92677,8.60346,0.031426,0.0529212,7.22596e-06,4.62297e-05,0.149087,0.0595945,0.124353,0.0054658,0.0144291
2794,1749314587,2025-06-07 16:43 UTC,245814,312655,5.94728,8.60281,0.0300261,0.0526048,4.68174e-06,5.77561e-05,0.149088,0.0599784,0.124334,0.00505308,0.0142512
2795,1749314887,2025-06-07 16:48 UTC,245720,312614,5.96781,8.60217,0.0287222,0.0524186,4.94615e-06,3.36549e-05,0.149087,0.0603646,0.124315,0.00469202,0.0141514
2796,1749315186,2025-06-07 16:53 UTC,245629,312576,5.98831,8.60153,0.0275323,0.0523638,4.1839e-06,3.0267e-05,0.149087,0.0607516,0.124297,0.00438362,0.0141204
2797,1749315486,2025-06-07 16:58 UTC,245539,312539,6.00889,8.60194,0.0264634,0.0524405,3.60221e-06,2.69236e-05,0.149088,0.0611422,0.124309,0.00412515,0.0141637
2798,1749315786,2025-06-07 17:03 UTC,245450,312504,6.02951,8.60628,0.0244419,0.0501802,4.0729e-06,3.09208e-05,0.149087,0.061535,0.124434,0.00355889,0.0129685
2799,1749316086,2025-06-07 17:08 UTC,245363,312470,6.05015,8.61063,0.0223538,0.0468983,3.31117e-06,2.33264e-05,0.149087,0.0619301,0.12456,0.00296823,0.0113272
2800,1749316386,2025-06-07 17:13 UTC,245278,312438,6.07081,8.61499,0.021136,0.0443045,3.08071e-06,2.19653e-05,0.149087,0.0623274,0.124686,0.00260632,0.0101106
2801,1749316686,2025-06-07 17:18 UTC,245194,312407,6.0915,8.61936,0.0209594,0.0425203,3.5083e-06,3.90969e-05,0.149088,0.0627269,0.124813,0.00247903,0.00931116
2802,1749316986,2025-06-07 17:23 UTC,245111,312378,6.11221,8.62375,0.0218309,0.0416484,3.75082e-06,2.56522e-05,0.149088,0.0631287,0.12494,0.00259779,0.00893453
2803,1749317285,2025-06-07 17:28 UTC,245030,312350,6.13289,8.62812,0.0236104,0.0417536,2.91719e-06,2.42359e-05,0.149087,0.0635314,0.125067,0.002974,0.00897871
2804,1749317585,2025-06-07 17:33 UTC,244950,312323,6.15365,8.63253,0.0261136,0.0428236,3.01382e-06,2.97362e-05,0.149087,0.0639376,0.125194,0.00361245,0.00944489
2805,1749317885,2025-06-07 17:38 UTC,244872,312298,6.17444,8.63694,0.0291548,0.045615,3.55802e-06,2.67076e-05,0.149088,0.0643461,0.125323,0.00450731,0.0107146
2806,1749318185,2025-06-07 17:43 UTC,244794,312275,6.19525,8.6522,0.032594,0.0504351,4.09067e-06,3.36325e-05,0.149087,0.0647568,0.125766,0.00565274,0.0130958
2807,1749318485,2025-06-07 17:48 UTC,244718,312252,6.21609,8.69198,0.036326,0.0553333,3.75796e-06,5.82195e-05,0.149087,0.0651698,0.126925,0.00704483,0.0157683
2808,1749318785,2025-06-07 17:53 UTC,244643,312231,6.23695,8.73176,0.0402743,0.0603672,5.17184e-06,3.9629e-05,0.149089,0.065585,0.128089,0.00868119,0.0187609
2809,1749319084,2025-06-07 17:58 UTC,244570,312212,6.25776,8.77141,0.04437,0.0654071,5.44021e-06,4.68276e-05,0.149089,0.066001,0.129255,0.0105546,0.0220266
2810,1749319384,2025-06-07 18:03 UTC,244514,312197,6.26476,8.76782,0.0493927,0.0714993,7.54762e-06,6.06674e-05,0.149089,0.0661461,0.129149,0.0131035,0.0263156
2811,1749319684,2025-06-07 18:08 UTC,244482,312190,6.26303,8.73695,0.0551211,0.0784146,7.6405e-06,7.09561e-05,0.149089,0.06612,0.128242,0.0163417,0.0316499
2812,1749319984,2025-06-07 18:13 UTC,244453,312185,6.26135,8.70613,0.0610263,0.0853919,7.98699e-06,8.13904e-05,0.149089,0.0660955,0.127338,0.02004,0.0375358
2813,1749320284,2025-06-07 18:18 UTC,244426,312182,6.25972,8.67537,0.067063,0.0924201,9.00605e-06,9.39422e-05,0.149088,0.0660726,0.12644,0.0241991,0.0439752
2814,1749320584,2025-06-07 18:23 UTC,244401,312181,6.25813,8.64468,0.0731989,0.0995104,8.65544e-06,0.000105697,0.149088,0.0660512,0.125547,0.0288209,0.0509767
2815,1749320884,2025-06-07 18:28 UTC,244379,312181,6.2566,8.61404,0.0794107,0.106627,1.23081e-05,0.000154549,0.149088,0.0660314,0.124659,0.0339004,0.0585309
2816,1749321183,2025-06-07 18:33 UTC,244358,312184,6.25512,8.58505,0.0856606,0.11386,1.189e-05,0.000137514,0.149088,0.0660133,0.123821,0.0394264,0.066739
2817,1749321483,2025-06-07 18:38 UTC,244340,312188,6.25369,8.57391,0.091978,0.121416,1.21554e-05,0.000152199,0.149088,0.0659967,0.1235,0.0454315,0.0758942
2818,1749321783,2025-06-07 18:43 UTC,244324,312194,6.2523,8.56277,0.0983327,0.12944,1.32822e-05,0.000168247,0.149088,0.0659817,0.123179,0.0518983,0.0862727
2819,1749322083,2025-06-07 18:48 UTC,244310,312202,6.25096,8.55163,0.104718,0.137465,1.35434e-05,0.000186408,0.149088,0.0659682,0.122859,0.0588287,0.0972831
2820,1749322383,2025-06-07 18:53 UTC,244297,312211,6.24967,8.5405,0.111127,0.14549,1.42302e-05,0.000266196,0.149088,0.0659564,0.122539,0.0662209,0.108977
2821,1749322683,2025-06-07 18:58 UTC,244287,312222,6.24843,8.52936,0.117558,0.153516,1.62599e-05,0.000224294,0.149088,0.0659462,0.12222,0.0740744,0.121341
2822,1749322983,2025-06-07 19:03 UTC,244279,312234,6.24724,8.51823,0.12399,0.161793,1.55266e-05,0.000246273,0.149088,0.0659376,0.121901,0.082361,0.134769
2823,1749323282,2025-06-07 19:08 UTC,244273,312248,6.24609,8.50714,0.130402,0.170202,1.68639e-05,0.000266514,0.149088,0.0659306,0.121584,0.0910475,0.149136
2824,1749323582,2025-06-07 19:13 UTC,244269,312264,6.245,8.49601,0.136844,0.178641,1.67987e-05,0.000289469,0.149088,0.0659251,0.121266,0.100215,0.164321
2825,1749323882,2025-06-07 19:18 UTC,244266,312281,6.24395,8.48488,0.143293,0.187088,1.82864e-05,0.000311786,0.149087,0.0659213,0.120949,0.109833,0.180213
2826,1749324182,2025-06-07 19:23 UTC,244266,312300,6.24294,8.47376,0.149749,0.195534,1.81011e-05,0.000336237,0.149088,0.0659191,0.120632,0.119905,0.196836
2827,1749324482,2025-06-07 19:28 UTC,244267,312320,6.24199,8.46263,0.15621,0.203981,2.07904e-05,0.000358806,0.149088,0.0659184,0.120315,0.130422,0.21421
2828,1749324782,2025-06-07 19:33 UTC,244271,312342,6.24108,8.45151,0.162677,0.212428,2.16164e-05,0.000388011,0.149087,0.0659194,0.119999,0.141396,0.232343
2829,1749325082,2025-06-07 19:38 UTC,244276,312365,6.24021,8.44039,0.169147,0.220875,2.28757e-05,0.000415095,0.149088,0.0659219,0.119684,0.152818,0.251163
2830,1749325381,2025-06-07 19:43 UTC,244282,312390,6.2394,8.42931,0.175601,0.229294,2.35459e-05,0.000438655,0.149088,0.0659261,0.11937,0.164654,0.270671
2831,1749325681,2025-06-07 19:48 UTC,244291,312416,6.23863,8.4182,0.182079,0.237742,2.32321e-05,0.000471363,0.149088,0.0659319,0.119055,0.176982,0.290988
2832,1749325981,2025-06-07 19:53 UTC,244301,312444,6.23791,8.40709,0.18856,0.246189,2.49733e-05,0.000501547,0.149088,0.0659393,0.118741,0.189756,0.312036
2833,1749326281,2025-06-07 19:58 UTC,244313,312473,6.23724,8.39598,0.195045,0.254637,2.48373e-05,0.00052933,0.149088,0.0659483,0.118427,0.202986,0.33382
2834,1749326581,2025-06-07 20:03 UTC,244326,312568,6.23661,8.38487,0.20056,0.262067,2.34788e-05,0.000557561,0.149087,0.065959,0.118114,0.214588,0.353631
2835,1749326881,2025-06-07 20:08 UTC,244342,312697,6.23603,8.37376,0.205437,0.268829,2.37203e-05,0.000581712,0.149087,0.0659713,0.117802,0.225111,0.372079
2836,1749327180,2025-06-07 20:13 UTC,244358,312830,6.2355,8.36269,0.210298,0.275568,2.3063e-05,0.000611406,0.149088,0.0659851,0.11749,0.235854,0.390955
2837,1749327480,2025-06-07 20:18 UTC,244377,312966,6.23501,8.35159,0.215177,0.28233,2.378e-05,0.000633283,0.149087,0.0660005,0.117179,0.246885,0.410388
2838,1749327780,2025-06-07 20:23 UTC,244397,313106,6.23457,8.34049,0.220056,0.289091,2.34632e-05,0.000661431,0.149087,0.0660176,0.116867,0.258176,0.430317
2839,1749328080,2025-06-07 20:28 UTC,244419,313250,6.23417,8.32939,0.224935,0.295853,2.63404e-05,0.000690485,0.149087,0.0660362,0.116556,0.269712,0.450639
2840,1749328380,2025-06-07 20:33 UTC,244442,313397,6.23382,8.31829,0.229815,0.302615,2.56239e-05,0.000716378,0.149088,0.0660566,0.116246,0.281515,0.471502
2841,1749328680,2025-06-07 20:38 UTC,244466,313548,6.23352,8.3072,0.234695,0.309376,2.76902e-05,0.000745237,0.149088,0.0660784,0.115936,0.293564,0.492769
2842,1749328980,2025-06-07 20:43 UTC,244493,313701,6.23327,8.29611,0.239575,0.316138,2.90369e-05,0.000772586,0.149088,0.066102,0.115627,0.305872,0.51456
2843,1749329279,2025-06-07 20:47 UTC,244520,313858,6.23306,8.28506,0.24444,0.322877,3.09904e-05,0.000799397,0.149088,0.066127,0.115319,0.318391,0.536737
2844,1749329579,2025-06-07 20:52 UTC,244549,314019,6.2329,8.27397,0.249321,0.329639,3.1295e-05,0.000829186,0.149092,0.0661538,0.11501,0.331212,0.559448
2845,1749329879,2025-06-07 20:57 UTC,244580,314182,6.23278,8.26288,0.254202,0.336401,3.54525e-05,0.000860334,0.149092,0.0661821,0.114702,0.344276,0.582443
2846,1749330179,2025-06-07 21:02 UTC,244618,314348,6.22223,8.24295,0.257574,0.341008,1.67221e-05,0.000874501,0.149092,0.0659721,0.114149,0.353485,0.5988
2847,1749330479,2025-06-07 21:07 UTC,244659,314517,6.20462,8.21704,0.259924,0.344158,2.12816e-05,0.00088149,0.149095,0.0656005,0.113433,0.3599,0.609915
2848,1749330779,2025-06-07 21:12 UTC,244702,314689,6.18703,8.19114,0.262275,0.347308,1.87635e-05,0.000892076,0.149095,0.0652306,0.112719,0.366399,0.621127
2849,1749331079,2025-06-07 21:17 UTC,244746,314863,6.16944,8.16585,0.264627,0.350459,2.10958e-05,0.000901875,0.149095,0.0648619,0.112024,0.372939,0.632367
2850,1749331378,2025-06-07 21:22 UTC,244792,315040,6.15193,8.14241,0.266971,0.353599,2.69838e-05,0.000909537,0.149098,0.0644958,0.111382,0.379503,0.64372
2851,1749331678,2025-06-07 21:27 UTC,244840,315220,6.13438,8.1189,0.269323,0.356749,2.78191e-05,0.00092255,0.1491,0.06413,0.11074,0.386171,0.655265
2852,1749331978,2025-06-07 21:32 UTC,244889,315403,6.11684,8.0954,0.271676,0.3599,5.12132e-05,0.00129526,0.149125,0.0637653,0.1101,0.392843,0.666917
2853,1749332278,2025-06-07 21:37 UTC,244940,315589,6.09931,8.07191,0.274028,0.363051,7.54649e-05,0.000954542,0.149161,0.063402,0.10946,0.399573,0.678371
2854,1749332578,2025-06-07 21:42 UTC,244992,315777,6.0818,8.04844,0.276381,0.366201,0.000107513,0.000998227,0.149199,0.06304,0.108826,0.406348,0.689129
2855,1749332878,2025-06-07 21:47 UTC,245046,315968,6.06431,8.02497,0.278735,0.369352,0.000100036,0.0018736,0.149328,0.0626799,0.108193,0.41327,0.702163
2856,1749333178,2025-06-07 21:52 UTC,245102,316161,6.04683,8.00152,0.281088,0.372503,8.1399e-05,0.000982623,0.149361,0.0623214,0.107561,0.420241,0.714324
2857,1749333477,2025-06-07 21:57 UTC,245158,316357,6.02942,7.97816,0.283435,0.375643,8.65965e-05,0.000966464,0.149502,0.0619654,0.106934,0.427261,0.726188
2858,1749333777,2025-06-07 22:02 UTC,245217,316556,6.01197,7.95473,0.283913,0.37617,3.67996e-05,0.00097415,0.14954,0.0616106,0.106307,0.428794,0.728851
2859,1749334077,2025-06-07 22:07 UTC,245277,316758,5.99453,7.93132,0.283088,0.374875,2.51186e-05,0.000960185,0.149557,0.0612563,0.105682,0.426248,0.723607
2860,1749334377,2025-06-07 22:12 UTC,245338,316961,5.97711,7.90792,0.282266,0.373579,3.26231e-05,0.000953911,0.149579,0.0609034,0.105059,0.423726,0.719056
2861,1749334677,2025-06-07 22:17 UTC,245401,317168,5.95971,7.88453,0.281446,0.372284,1.88778e-05,0.000944998,0.149579,0.0605517,0.104438,0.421172,0.713731
2862,1749334977,2025-06-07 22:22 UTC,245465,317377,5.94232,7.86404,0.280628,0.370995,3.53318e-05,0.000933383,0.149587,0.0602015,0.103896,0.418632,0.708548
2863,1749335277,2025-06-07 22:27 UTC,245530,317588,5.92494,7.85198,0.279811,0.369705,2.64414e-05,0.000926652,0.149593,0.0598527,0.103579,0.416119,0.703939
2864,1749335576,2025-06-07 22:32 UTC,245597,317802,5.90764,7.83997,0.278999,0.36842,1.37071e-05,0.000917333,0.149606,0.0595065,0.103262,0.413617,0.699069
2865,1749335876,2025-06-07 22:37 UTC,245666,318018,5.8903,7.82794,0.278187,0.367131,9.39678e-06,0.000907843,0.149606,0.0591604,0.102945,0.41111,0.694156
2866,1749336176,2025-06-07 22:42 UTC,245735,318237,5.87297,7.81591,0.277376,0.365842,9.44516e-06,0.000899079,0.149606,0.0588159,0.102629,0.408627,0.689351
2867,1749336476,2025-06-07 22:47 UTC,245806,318457,5.85566,7.80389,0.276568,0.364622,8.08074e-06,0.000891028,0.149606,0.0584727,0.102313,0.406146,0.684725
2868,1749336776,2025-06-07 22:52 UTC,245878,318680,5.83837,7.79188,0.275761,0.363656,6.67716e-06,0.000881793,0.149607,0.0581309,0.101999,0.403676,0.681083
2869,1749337076,2025-06-07 22:57 UTC,245952,318906,5.82109,7.77989,0.274957,0.36269,6.0103e-06,0.00087402,0.149606,0.0577906,0.101685,0.401223,0.677468
2870,1749337375,2025-06-07 23:02 UTC,246027,319134,5.80389,7.76794,0.272107,0.359294,2.04316e-05,0.000851037,0.149607,0.0574531,0.101373,0.392935,0.664945
2871,1749337675,2025-06-07 23:07 UTC,246103,319364,5.78664,7.75596,0.267792,0.354157,2.53279e-05,0.000826887,0.149606,0.0571157,0.10106,0.380551,0.646072
2872,1749337975,2025-06-07 23:12 UTC,246180,319596,5.76942,7.744,0.263477,0.34902,2.10244e-05,0.00081035,0.149606,0.0567795,0.100749,0.368339,0.62745
2873,1749338275,2025-06-07 23:17 UTC,246259,319831,5.7522,7.73701,0.259163,0.343914,2.09202e-05,0.000787972,0.149606,0.0564449,0.100567,0.356343,0.609278
2874,1749338575,2025-06-07 23:22 UTC,246339,320067,5.73501,7.73255,0.254849,0.338887,2.15232e-05,0.000756287,0.149606,0.0561116,0.100451,0.344547,0.591583
2875,1749338875,2025-06-07 23:27 UTC,246420,320306,5.71783,7.7281,0.250537,0.333861,2.21176e-05,0.00073501,0.149609,0.0557798,0.100336,0.332951,0.574178
2876,1749339175,2025-06-07 23:32 UTC,246502,320547,5.70068,7.72366,0.246225,0.328836,2.1039e-05,0.000712153,0.149609,0.0554493,0.10022,0.321552,0.557034
2877,1749339474,2025-06-07 23:37 UTC,246586,320790,5.68359,7.71925,0.241929,0.323828,1.93777e-05,0.000698111,0.149608,0.0551213,0.100106,0.310389,0.540187
2878,1749339774,2025-06-07 23:42 UTC,246670,321036,5.66647,7.71483,0.237619,0.318805,2.01e-05,0.000668208,0.149609,0.0547937,0.0999912,0.299396,0.523578
2879,1749340074,2025-06-07 23:47 UTC,246756,321283,5.64936,7.71042,0.23331,0.313783,1.99142e-05,0.000647221,0.149612,0.0544675,0.0998769,0.2886,0.507193
2880,1749340374,2025-06-07 23:52 UTC,246843,321532,5.63227,7.70602,0.229003,0.308763,1.97052e-05,0.000627308,0.149615,0.0541427,0.0997629,0.278005,0.491104
2881,1749340674,2025-06-07 23:57 UTC,246931,321784,5.6152,7.70162,0.224696,0.303743,1.86388e-05,0.000606449,0.149616,0.0538193,0.0996493,0.267609,0.475244
2882,1749340974,2025-06-08 00:02 UTC,247045,322043,5.60268,7.69378,0.218726,0.296854,2.86472e-05,0.000593985,0.149616,0.0535854,0.0994463,0.25363,0.453983
2883,1749341274,2025-06-08 00:07 UTC,247192,322312,5.59352,7.68345,0.21155,0.288611,3.07477e-05,0.000551214,0.149615,0.0534171,0.0991796,0.23735,0.429128
2884,1749341573,2025-06-08 00:12 UTC,247342,322585,5.5845,7.67318,0.2044,0.28041,2.87113e-05,0.000529882,0.149615,0.0532515,0.0989145,0.221662,0.405098
2885,1749341873,2025-06-08 00:17 UTC,247497,322862,5.57556,7.6629,0.197229,0.272188,2.84879e-05,0.000502073,0.149615,0.0530876,0.0986499,0.206473,0.381764
2886,1749342173,2025-06-08 00:22 UTC,247654,323142,5.56673,7.65265,0.190059,0.263968,2.62691e-05,0.000482981,0.149617,0.052926,0.098386,0.191828,0.358976
2887,1749342473,2025-06-08 00:27 UTC,247816,323426,5.55802,7.64242,0.182892,0.255751,2.68682e-05,0.000446775,0.149621,0.0527666,0.0981233,0.177739,0.336951
2888,1749342773,2025-06-08 00:32 UTC,247980,323713,5.54943,7.63222,0.175727,0.247539,2.84671e-05,0.000425943,0.149621,0.0526096,0.0978615,0.164202,0.315695
2889,1749343073,2025-06-08 00:37 UTC,248148,324004,5.54095,7.62205,0.168566,0.239341,2.79557e-05,0.000403484,0.149622,0.0524547,0.0976008,0.151209,0.29511
2890,1749343373,2025-06-08 00:42 UTC,248320,324299,5.53259,7.6119,0.161408,0.231146,2.67564e-05,0.00038477,0.149622,0.0523021,0.097341,0.138764,0.275266
2891,1749343672,2025-06-08 00:47 UTC,248494,324597,5.52438,7.60181,0.154278,0.222983,2.50175e-05,0.000362958,0.149622,0.0521522,0.0970831,0.126906,0.256172
2892,1749343972,2025-06-08 00:52 UTC,248672,324898,5.51626,7.59171,0.147129,0.214797,2.35525e-05,0.000341788,0.149627,0.0520041,0.0968251,0.115557,0.2377
2893,1749344272,2025-06-08 00:57 UTC,248853,325202,5.50825,7.58164,0.139985,0.206616,2.2329e-05,0.000330991,0.149627,0.0518583,0.0965687,0.104759,0.219946
2894,1749344572,2025-06-08 01:02 UTC,249037,325510,5.50036,7.5716,0.132207,0.197402,2.4833e-05,0.000316804,0.149627,0.0517147,0.0963129,0.0935862,0.20079
2895,1749344872,2025-06-08 01:07 UTC,249224,325820,5.49259,7.56158,0.12396,0.187421,2.43195e-05,0.000288726,0.149627,0.0515734,0.0960583,0.0824083,0.180978
2896,1749345172,2025-06-08 01:12 UTC,249414,326134,5.48495,7.55159,0.115721,0.177449,2.55189e-05,0.000271916,0.149627,0.0514343,0.0958047,0.0719632,0.162243
2897,1749345471,2025-06-08 01:17 UTC,249607,326451,5.47744,7.54166,0.107521,0.16752,2.45742e-05,0.000255109,0.149627,0.0512979,0.0955529,0.0622764,0.144587
2898,1749345771,2025-06-08 01:22 UTC,249803,326770,5.47004,7.53173,0.0993082,0.157569,2.21913e-05,0.000239458,0.149626,0.0511632,0.0953012,0.0532847,0.12791
2899,1749346071,2025-06-08 01:27 UTC,249999,327093,5.46275,7.52182,0.0911134,0.147632,2.11866e-05,0.000228054,0.149627,0.0510307,0.0950499,0.0450216,0.112287
2900,1749346371,2025-06-08 01:32 UTC,250200,327419,5.45559,7.52008,0.0829428,0.137712,1.91097e-05,0.000216855,0.149627,0.0509006,0.0950066,0.0374935,0.0977474
2901,1749346671,2025-06-08 01:37 UTC,250404,327747,5.44854,7.52236,0.074805,0.127837,1.80942e-05,0.000208561,0.149627,0.0507726,0.0950644,0.0306928,0.084203
2902,1749346971,2025-06-08 01:42 UTC,250611,328078,5.44162,7.52466,0.0667138,0.118001,1.69765e-05,0.000193588,0.149627,0.0506469,0.0951224,0.0246211,0.0717537
2903,1749347271,2025-06-08 01:47 UTC,250821,328412,5.43483,7.549,0.0586923,0.108199,1.39878e-05,0.000242472,0.149627,0.0505233,0.0957388,0.019277,0.0603212
2904,1749347570,2025-06-08 01:52 UTC,251033,328749,5.42818,7.57885,0.0508089,0.0984736,1.27345e-05,0.000180001,0.149627,0.0504024,0.0964974,0.0146765,0.049966
2905,1749347870,2025-06-08 01:57 UTC,251248,329088,5.42163,7.6088,0.0430977,0.0889027,1.19114e-05,0.000173363,0.149627,0.0502833,0.0972617,0.0107851,0.0407276
2906,1749348170,2025-06-08 02:02 UTC,251465,329430,5.41521,7.63875,0.0359264,0.0795227,1.04971e-05,0.00016885,0.149627,0.0501664,0.0980289,0.00767499,0.0325874
2907,1749348470,2025-06-08 02:07 UTC,251684,329775,5.40891,7.6687,0.0293995,0.0702796,1.20855e-05,0.000228764,0.149627,0.0500517,0.0987991,0.00524644,0.025453
2908,1749348770,2025-06-08 02:12 UTC,251907,330122,5.40274,7.69865,0.0238269,0.0612376,6.62923e-06,0.000164464,0.149628,0.0499391,0.0995724,0.00340492,0.0193236
2909,1749349070,2025-06-08 02:17 UTC,252131,330472,5.39669,7.7286,0.0197132,0.0524637,5.50251e-06,0.000162172,0.149628,0.0498288,0.100349,0.00212138,0.0141811
2910,1749349370,2025-06-08 02:22 UTC,252358,330824,5.39077,7.75856,0.0175742,0.0440974,4.81147e-06,0.000162998,0.149628,0.0497207,0.101128,0.00144362,0.0100164
2911,1749349669,2025-06-08 02:27 UTC,252587,331178,5.385,7.78841,0.0180367,0.0399284,4.16121e-06,0.000162527,0.149628,0.0496151,0.101908,0.00153629,0.00820802
2912,1749349969,2025-06-08 02:32 UTC,252818,331535,5.37934,7.81836,0.0213456,0.048299,9.99932e-06,0.000160843,0.149631,0.0495114,0.102693,0.00235012,0.0120115
2913,1749350269,2025-06-08 02:37 UTC,253052,331894,5.3738,7.84831,0.0265379,0.0567291,6.72214e-06,0.000158838,0.149631,0.0494098,0.103481,0.0037667,0.0165733
2914,1749350569,2025-06-08 02:42 UTC,253288,332256,5.36839,7.87827,0.0327473,0.0651955,5.66644e-06,0.000157882,0.149631,0.0493103,0.104273,0.005775,0.0218838
2915,1749350869,2025-06-08 02:47 UTC,253526,332620,5.36312,7.90822,0.039509,0.0736857,8.55903e-06,0.000150377,0.149631,0.0492131,0.105067,0.00838784,0.0279523
2916,1749351169,2025-06-08 02:52 UTC,253766,332987,5.35797,7.93817,0.0465793,0.0821924,9.8284e-06,0.000145593,0.149631,0.0491181,0.105864,0.0116167,0.0347851
2917,1749351469,2025-06-08 02:57 UTC,254009,333355,5.35295,7.96812,0.0538295,0.0907109,1.21479e-05,0.000248537,0.149631,0.0490251,0.106665,0.0154653,0.0423702
2918,1749351768,2025-06-08 03:02 UTC,254249,333711,5.33784,7.96086,0.0601795,0.0978584,1.23012e-05,0.000146534,0.149631,0.0487472,0.106471,0.019295,0.0493132
2919,1749352068,2025-06-08 03:07 UTC,254485,334045,5.31473,7.92458,0.0658315,0.103975,1.25118e-05,0.000123421,0.149631,0.0483247,0.105502,0.0230654,0.0556568
2920,1749352368,2025-06-08 03:12 UTC,254723,334374,5.29168,7.88833,0.0715169,0.110094,1.3108e-05,0.000114175,0.14963,0.0479053,0.104539,0.0271979,0.0623813
2921,1749352668,2025-06-08 03:17 UTC,254962,334698,5.2687,7.85213,0.0772275,0.116214,1.37995e-05,0.000109252,0.149634,0.0474891,0.103582,0.0316929,0.0695374
2922,1749352968,2025-06-08 03:22 UTC,255202,335018,5.24577,7.81597,0.0829577,0.122334,1.35664e-05,0.000152283,0.149634,0.0470761,0.10263,0.0365513,0.077069
2923,1749353268,2025-06-08 03:27 UTC,255443,335334,5.2229,7.77986,0.0887035,0.128456,1.30315e-05,8.84166e-05,0.149634,0.0466662,0.101684,0.0417723,0.0849589
2924,1749353567,2025-06-08 03:32 UTC,255686,335646,5.20017,7.74391,0.0944427,0.134558,1.54025e-05,0.00016593,0.149634,0.0462609,0.100747,0.0473345,0.0932345
2925,1749353867,2025-06-08 03:37 UTC,255929,335954,5.17743,7.70789,0.100211,0.140829,1.5439e-05,0.000120134,0.149637,0.0458573,0.0998115,0.05328,0.102116
2926,1749354167,2025-06-08 03:42 UTC,256174,336258,5.15474,7.67192,0.105988,0.147415,1.91527e-05,9.67563e-05,0.149637,0.045457,0.098882,0.059584,0.11189
2927,1749354467,2025-06-08 03:47 UTC,256420,336559,5.13213,7.63599,0.111772,0.154003,2.08942e-05,0.000101083,0.149636,0.0450598,0.0979581,0.066253,0.122088
2928,1749354767,2025-06-08 03:52 UTC,256668,336857,5.10957,7.60011,0.117562,0.160592,2.03176e-05,0.00010471,0.149639,0.0446658,0.0970397,0.0732876,0.132774
2929,1749355067,2025-06-08 03:57 UTC,256916,337151,5.08709,7.56429,0.123357,0.167181,2.35461e-05,7.7328e-05,0.149642,0.044275,0.096127,0.0806816,0.143913
2930,1749355367,2025-06-08 04:02 UTC,257166,337442,5.06467,7.52851,0.127628,0.172353,1.48674e-05,0.000168131,0.149642,0.0438872,0.0952197,0.086381,0.152964
2931,1749355666,2025-06-08 04:07 UTC,257416,337730,5.04239,7.4929,0.130677,0.176398,1.36441e-05,0.000193857,0.149642,0.0435039,0.0943211,0.0905693,0.160214
2932,1749355966,2025-06-08 04:12 UTC,257668,338015,5.0201,7.45949,0.13374,0.180476,1.26853e-05,0.000187257,0.149642,0.0431225,0.0934819,0.0948757,0.167706
2933,1749356266,2025-06-08 04:17 UTC,257921,338297,4.99788,7.43194,0.136807,0.184571,1.34282e-05,8.32677e-05,0.149641,0.0427444,0.0927926,0.0992823,0.175407
2934,1749356566,2025-06-08 04:22 UTC,258176,338577,4.97574,7.4044,0.139878,0.188682,1.55053e-05,7.71689e-05,0.149642,0.0423694,0.0921062,0.103792,0.183311
2935,1749356866,2025-06-08 04:27 UTC,258431,338853,4.95366,7.37687,0.142953,0.192809,1.28878e-05,7.20461e-05,0.149642,0.0419976,0.0914227,0.108413,0.191426
2936,1749357166,2025-06-08 04:32 UTC,258688,339128,4.93166,7.34935,0.146031,0.19695,1.75283e-05,0.000157473,0.149642,0.041629,0.0907419,0.113127,0.199701
2937,1749357466,2025-06-08 04:37 UTC,258945,339400,4.90974,7.32185,0.149112,0.201105,1.45642e-05,0.000134682,0.149642,0.0412635,0.0900639,0.117956,0.208224
2938,1749357765,2025-06-08 04:42 UTC,259204,339670,4.88796,7.29444,0.152186,0.205258,1.88489e-05,9.4821e-05,0.149641,0.0409025,0.0893909,0.122862,0.216917
2939,1749358065,2025-06-08 04:47 UTC,259464,339937,4.86618,7.26695,0.155273,0.209437,1.79364e-05,0.000190031,0.149641,0.0405433,0.0887185,0.127896,0.225858
2940,1749358365,2025-06-08 04:52 UTC,259725,340202,4.84449,7.23948,0.158362,0.213628,1.72222e-05,0.000129078,0.149641,0.0401874,0.0880489,0.133035,0.234983
2941,1749358665,2025-06-08 04:57 UTC,259987,340466,4.82287,7.21201,0.161454,0.217829,1.63271e-05,9.89421e-05,0.149641,0.0398346,0.0873821,0.138277,0.244294
2942,1749358965,2025-06-08 05:02 UTC,260250,340727,4.80133,7.18456,0.162591,0.219252,7.16334e-06,9.48257e-05,0.149641,0.0394848,0.0867181,0.140232,0.247561
2943,1749359265,2025-06-08 05:07 UTC,260514,340986,4.77988,7.15712,0.162129,0.218407,5.2023e-06,8.43347e-05,0.149641,0.0391384,0.0860569,0.139396,0.245666
2944,1749359565,2025-06-08 05:12 UTC,260780,341243,4.75851,7.12969,0.161671,0.217578,4.07944e-06,7.95394e-05,0.149641,0.0387951,0.0853985,0.138567,0.243792
2945,1749359864,2025-06-08 05:17 UTC,261046,341499,4.7373,7.10236,0.161218,0.216766,3.6415e-06,8.35239e-05,0.149641,0.0384562,0.0847451,0.137747,0.241993
2946,1749360164,2025-06-08 05:22 UTC,261314,341752,4.7161,7.0792,0.160767,0.215968,3.6474e-06,8.15175e-05,0.149641,0.0381193,0.0841934,0.136935,0.240214
2947,1749360464,2025-06-08 05:27 UTC,261582,342004,4.695,7.06257,0.160319,0.215186,2.96892e-06,7.96184e-05,0.149642,0.0377857,0.0837982,0.136123,0.238469
2948,1749360764,2025-06-08 05:32 UTC,261852,342255,4.67398,7.04595,0.159876,0.214419,2.65045e-06,7.89992e-05,0.149641,0.0374551,0.0834043,0.135324,0.236779
2949,1749361064,2025-06-08 05:37 UTC,262123,342503,4.65306,7.02935,0.159436,0.213669,2.67769e-06,7.8022e-05,0.149641,0.0371278,0.0830118,0.134532,0.235117
2950,1749361364,2025-06-08 05:42 UTC,262394,342750,4.63224,7.01277,0.158999,0.212935,2.52542e-06,8.05669e-05,0.149641,0.0368036,0.0826207,0.133746,0.233507
2951,1749361664,2025-06-08 05:47 UTC,262667,342996,4.61151,6.99621,0.158567,0.212218,2.29366e-06,7.94999e-05,0.149642,0.0364826,0.082231,0.132967,0.231943
2952,1749361963,2025-06-08 05:52 UTC,262941,343240,4.59096,6.97973,0.15814,0.211519,2.46613e-06,7.84588e-05,0.149641,0.0361658,0.0818438,0.1322,0.230416
2953,1749362263,2025-06-08 05:57 UTC,263216,343482,4.57043,6.9632,0.157715,0.210835,4.27013e-06,7.64531e-05,0.149641,0.0358511,0.0814567,0.131435,0.22892
2954,1749362563,2025-06-08 06:02 UTC,263471,343718,4.55465,6.95988,0.155408,0.207125,7.29806e-06,7.17364e-05,0.149641,0.0356034,0.081379,0.127562,0.220957
2955,1749362863,2025-06-08 06:07 UTC,263700,343943,4.54284,6.96767,0.151519,0.200864,1.01591e-05,6.84355e-05,0.149642,0.0354115,0.0815614,0.121189,0.207868
2956,1749363163,2025-06-08 06:12 UTC,263926,344164,4.5311,6.97552,0.147631,0.194606,7.38217e-06,6.72611e-05,0.149642,0.0352215,0.0817453,0.114974,0.195061
2957,1749363463,2025-06-08 06:17 UTC,264149,344382,4.51943,6.98343,0.143745,0.188352,8.02379e-06,6.31819e-05,0.149641,0.0350331,0.0819304,0.108932,0.182737
2958,1749363762,2025-06-08 06:22 UTC,264368,344595,4.50787,6.99135,0.139874,0.182123,9.76472e-06,5.97631e-05,0.149641,0.0348471,0.0821167,0.103079,0.170844
2959,1749364062,2025-06-08 06:27 UTC,264585,344806,4.49635,6.99936,0.135992,0.175877,9.98045e-06,0.000122898,0.149641,0.0346623,0.0823049,0.0973716,0.159325
2960,1749364362,2025-06-08 06:32 UTC,264799,345012,4.48489,7.00741,0.132113,0.169637,1.0166e-05,6.23852e-05,0.149642,0.0344793,0.0824943,0.0918323,0.148213
2961,1749364662,2025-06-08 06:37 UTC,265010,345216,4.47351,7.01552,0.128236,0.163402,9.96778e-06,5.30345e-05,0.149642,0.034298,0.0826853,0.0864606,0.137539
2962,1749364962,2025-06-08 06:42 UTC,265219,345416,4.46221,7.02368,0.124362,0.157173,9.23092e-06,0.000505532,0.149642,0.0341184,0.0828779,0.081256,0.127233
2963,1749365262,2025-06-08 06:47 UTC,265425,345613,4.45098,7.03189,0.120492,0.15126,8.59864e-06,4.68051e-05,0.149642,0.0339407,0.0830717,0.0762191,0.117843
2964,1749365562,2025-06-08 06:52 UTC,265629,345806,4.43982,7.04015,0.116625,0.146259,8.26948e-06,6.21187e-05,0.149642,0.0337647,0.0832671,0.0713508,0.110174
2965,1749365861,2025-06-08 06:57 UTC,265830,345997,4.42878,7.04844,0.112775,0.14205,8.75749e-06,0.000125037,0.149642,0.033591,0.0834631,0.0666669,0.103924
2966,1749366161,2025-06-08 07:02 UTC,266028,346184,4.41778,7.0568,0.10789,0.136361,1.0197e-05,9.66231e-05,0.149642,0.0334185,0.0836613,0.0609733,0.0957748
2967,1749366461,2025-06-08 07:07 UTC,266224,346369,4.40685,7.06521,0.102126,0.129412,1.10702e-05,9.7475e-05,0.149642,0.0332477,0.0838609,0.0545922,0.0862693
2968,1749366761,2025-06-08 07:12 UTC,266418,346550,4.396,7.07367,0.0963707,0.122473,1.0132e-05,0.000106278,0.149642,0.0330787,0.0840619,0.0485721,0.0772687
2969,1749367061,2025-06-08 07:17 UTC,266610,346729,4.38522,7.08218,0.0906266,0.115547,7.99942e-06,0.000122209,0.149642,0.0329116,0.0842643,0.0429139,0.0687634
2970,1749367361,2025-06-08 07:22 UTC,266800,346905,4.37452,7.09074,0.0848957,0.108635,8.32357e-06,7.78592e-05,0.149642,0.0327461,0.0844682,0.0376208,0.0607944
2971,1749367661,2025-06-08 07:27 UTC,266987,347078,4.36389,7.09936,0.0791811,0.101742,7.87798e-06,4.65755e-05,0.149642,0.0325824,0.0846734,0.0326896,0.0533157
2972,1749367960,2025-06-08 07:32 UTC,267172,347249,4.35338,7.10799,0.0735057,0.0948941,7.48866e-06,5.43522e-05,0.149642,0.0324211,0.0848795,0.0281362,0.0463882
2973,1749368260,2025-06-08 07:37 UTC,267356,347416,4.34291,7.1167,0.067837,0.0880501,6.40726e-06,6.37699e-05,0.149642,0.0322609,0.0850877,0.0239293,0.0399297
2974,1749368560,2025-06-08 07:42 UTC,267537,347582,4.33252,7.12545,0.0622014,0.0812401,7.093e-06,6.82055e-05,0.149642,0.0321025,0.0852972,0.0200855,0.0339874
2975,1749368860,2025-06-08 07:47 UTC,267716,347744,4.3222,7.13426,0.0566099,0.0744735,6.58219e-06,0.000111691,0.149641,0.0319459,0.0855081,0.0166037,0.0285641
2976,1749369160,2025-06-08 07:52 UTC,267894,347905,4.31196,7.14312,0.0510781,0.0677632,6.51744e-06,7.83626e-05,0.149642,0.031791,0.0857205,0.0134844,0.0236518
2977,1749369460,2025-06-08 07:57 UTC,268069,348062,4.3018,7.15202,0.0456301,0.0611279,5.84554e-06,8.3441e-05,0.149641,0.0316379,0.0859344,0.0107261,0.0192471
2978,1749369760,2025-06-08 08:02 UTC,268243,348218,4.29172,7.16097,0.0403463,0.0542507,6.77441e-06,8.55729e-05,0.149642,0.0314865,0.0861496,0.00833174,0.0151614
2979,1749370059,2025-06-08 08:07 UTC,268415,348370,4.28174,7.16995,0.0353116,0.0475466,4.30646e-06,8.79073e-05,0.149642,0.0313375,0.0863657,0.00631158,0.0116408
2980,1749370359,2025-06-08 08:12 UTC,268585,348521,4.27182,7.17899,0.0305457,0.0414676,5.0402e-06,8.92015e-05,0.149641,0.0311897,0.0865837,0.00465632,0.00885589
2981,1749370659,2025-06-08 08:17 UTC,268754,348669,4.26197,7.18809,0.0261947,0.0361651,3.83542e-06,9.2089e-05,0.149641,0.0310436,0.0868033,0.00337573,0.0067372
2982,1749370959,2025-06-08 08:22 UTC,268920,348815,4.2522,7.19723,0.0224565,0.0329719,3.21182e-06,9.14027e-05,0.149642,0.0308993,0.0870243,0.0024804,0.00559813
2983,1749371259,2025-06-08 08:27 UTC,269085,348959,4.24251,7.20642,0.019646,0.0336751,3.71105e-06,9.27651e-05,0.149641,0.0307568,0.0872467,0.0019823,0.00584029
2984,1749371559,2025-06-08 08:32 UTC,269249,349100,4.23291,7.21566,0.0182592,0.0355699,2.59577e-06,9.26497e-05,0.149641,0.030616,0.0874705,0.00186987,0.00651595
2985,1749371858,2025-06-08 08:37 UTC,269411,349239,4.22341,7.22492,0.0188457,0.0384602,2.51235e-06,9.23571e-05,0.149641,0.0304775,0.087695,0.00210945,0.00761802
2986,1749372158,2025-06-08 08:42 UTC,269571,349376,4.21397,7.23425,0.0213169,0.0421588,2.97825e-06,9.35966e-05,0.149641,0.0303402,0.0879217,0.00269462,0.00915285
2987,1749372458,2025-06-08 08:47 UTC,269730,349511,4.20461,7.24363,0.0250549,0.0464669,2.91981e-06,9.43974e-05,0.149641,0.0302047,0.0881498,0.00363549,0.0111168
2988,1749372758,2025-06-08 08:52 UTC,269887,349643,4.19533,7.25305,0.0295416,0.0512309,3.70111e-06,9.65139e-05,0.149641,0.0300709,0.0883793,0.00494092,0.0135147
2989,1749373058,2025-06-08 08:57 UTC,270043,349774,4.18613,7.26252,0.0344661,0.0563353,3.79431e-06,9.96996e-05,0.149642,0.029939,0.0886103,0.00661572,0.0163437
2990,1749373358,2025-06-08 09:02 UTC,270174,349886,4.18464,7.26805,0.0391402,0.0610309,4.15357e-06,0.00010298,0.149641,0.0299228,0.0887453,0.00843929,0.0191814
2991,1749373658,2025-06-08 09:07 UTC,270272,349970,4.19007,7.27001,0.0434796,0.0652601,4.48044e-06,0.000108558,0.149641,0.0300103,0.0887931,0.0103356,0.0219306
2992,1749373957,2025-06-08 09:12 UTC,270365,350046,4.19553,7.27197,0.0478854,0.0695615,5.45712e-06,0.000113202,0.149642,0.0300987,0.088841,0.0124657,0.0249146
2993,1749374257,2025-06-08 09:17 UTC,270451,350113,4.20107,7.27395,0.0523663,0.0739488,5.29136e-06,0.000118072,0.149642,0.0301885,0.0888894,0.0148446,0.0281592
2994,1749374557,2025-06-08 09:22 UTC,270532,350171,4.20668,7.27594,0.0568934,0.0783957,5.92337e-06,0.000124443,0.149641,0.0302795,0.088938,0.0174653,0.0316499
2995,1749374857,2025-06-08 09:27 UTC,270606,350221,4.21234,7.27793,0.0614565,0.0828926,6.46059e-06,0.000129162,0.149641,0.0303716,0.0889868,0.0203272,0.0353742
2996,1749375157,2025-06-08 09:32 UTC,270675,350263,4.21807,7.27994,0.0660483,0.0874318,7.07109e-06,0.000149835,0.149641,0.0304648,0.0890359,0.0234308,0.039352
2997,1749375457,2025-06-08 09:37 UTC,270738,350297,4.22386,7.28195,0.0706632,0.0928181,7.49741e-06,0.000142424,0.149642,0.0305592,0.0890851,0.0267759,0.0443697
2998,1749375757,2025-06-08 09:42 UTC,270796,350324,4.22971,7.28398,0.0752971,0.0990002,8.79005e-06,0.00014854,0.149641,0.0306546,0.0891346,0.0303619,0.0504694
2999,1749376056,2025-06-08 09:47 UTC,270848,350342,4.23561,7.286,0.0799311,0.10517,8.68294e-06,0.000149251,0.149642,0.0307509,0.0891842,0.0341773,0.0569571
3000,1749376356,2025-06-08 09:52 UTC,270895,350353,4.24159,7.28804,0.0845937,0.111367,9.47914e-06,0.000166072,0.149642,0.0308487,0.0892341,0.0382457,0.0638724
3001,1749376656,2025-06-08 09:57 UTC,270936,350356,4.24763,7.29009,0.0892675,0.11757,9.37204e-06,0.000173968,0.149642,0.0309475,0.0892846,0.0425562,0.0711722
3002,1749376956,2025-06-08 10:02 UTC,270972,350351,4.25373,7.29215,0.0928865,0.12223,7.30923e-06,0.000180202,0.149642,0.0310475,0.0893348,0.0460555,0.0769315
3003,1749377256,2025-06-08 10:07 UTC,271003,350340,4.2599,7.29422,0.0955345,0.125465,8.06752e-06,0.00018763,0.149642,0.0311486,0.0893855,0.0487002,0.0810569
3004,1749377556,2025-06-08 10:12 UTC,271029,350321,4.26613,7.2963,0.0981942,0.1287,7.13019e-06,0.000194051,0.149642,0.0312508,0.0894364,0.0514315,0.0852929
3005,1749377856,2025-06-08 10:17 UTC,271050,350295,4.27243,7.29838,0.100865,0.131937,6.39596e-06,0.000199032,0.149642,0.0313542,0.0894875,0.0542477,0.0896398
3006,1749378155,2025-06-08 10:22 UTC,271065,350262,4.27877,7.30047,0.103536,0.135164,6.00186e-06,0.000204546,0.149642,0.0314583,0.0895387,0.0571378,0.0940798
3007,1749378455,2025-06-08 10:27 UTC,271076,350222,4.28519,7.30258,0.106225,0.138403,6.21451e-06,0.000209917,0.149642,0.0315639,0.0895904,0.0601215,0.0986526
3008,1749378755,2025-06-08 10:32 UTC,271081,350176,4.29169,7.30469,0.108923,0.141642,7.10778e-06,0.000216458,0.149642,0.0316705,0.0896428,0.0631892,0.103309
3009,1749379055,2025-06-08 10:37 UTC,271082,350122,4.29825,7.30681,0.111629,0.144882,7.18515e-06,0.00022545,0.149642,0.0317783,0.0896944,0.0663423,0.108089
3010,1749379355,2025-06-08 10:42 UTC,271078,350062,4.30488,7.30894,0.114342,0.148123,6.4116e-06,0.000228595,0.149641,0.0318873,0.0897466,0.0695816,0.112987
3011,1749379655,2025-06-08 10:47 UTC,271069,349995,4.31157,7.31108,0.117062,0.151365,8.96537e-06,0.000234384,0.149641,0.0319972,0.0897992,0.0729013,0.117986
3012,1749379955,2025-06-08 10:52 UTC,271056,349921,4.31834,7.31323,0.119789,0.154607,6.64728e-06,0.000241964,0.149641,0.0321084,0.089852,0.076312,0.123096
3013,1749380254,2025-06-08 10:57 UTC,271037,349841,4.32515,7.31538,0.122512,0.157839,8.29686e-06,0.000248355,0.149642,0.0322202,0.0899048,0.0797898,0.128283
3014,1749380554,2025-06-08 11:02 UTC,271015,349754,4.33205,7.31755,0.12389,0.159375,4.42218e-06,0.000251376,0.149642,0.0323337,0.0899581,0.081573,0.130798
3015,1749380854,2025-06-08 11:07 UTC,270987,349661,4.33902,7.31972,0.123983,0.159292,2.4618e-06,0.00025213,0.149642,0.0324481,0.0900116,0.0816715,0.130678
3016,1749381154,2025-06-08 11:12 UTC,270955,349562,4.34607,7.32191,0.124079,0.159209,2.50924e-06,0.000251863,0.149642,0.0325637,0.0900654,0.0817708,0.130539
3017,1749381454,2025-06-08 11:17 UTC,270918,349456,4.35319,7.3241,0.12418,0.159127,2.60712e-06,0.000252006,0.149642,0.0326804,0.0901193,0.0818744,0.130404
3018,1749381754,2025-06-08 11:22 UTC,270877,349344,4.36038,7.3263,0.124284,0.159044,2.21256e-06,0.000253256,0.149642,0.0327982,0.0901735,0.081983,0.13027
3019,1749382053,2025-06-08 11:27 UTC,270832,349225,4.36762,7.32851,0.124392,0.158962,2.28882e-06,0.000253037,0.149642,0.0329166,0.0902278,0.0820926,0.130131
3020,1749382353,2025-06-08 11:32 UTC,270782,349101,4.37496,7.33073,0.124504,0.15888,2.25038e-06,0.000253206,0.149642,0.0330366,0.0902825,0.0822083,0.129993
3021,1749382653,2025-06-08 11:37 UTC,270728,348970,4.38237,7.33296,0.12462,0.158798,2.33181e-06,0.000253786,0.149642,0.0331577,0.0903374,0.0823265,0.129863
3022,1749382953,2025-06-08 11:42 UTC,270669,348833,4.38987,7.33519,0.12474,0.158716,2.41228e-06,0.000254368,0.149642,0.0332799,0.0903936,0.0824495,0.129727
3023,1749383253,2025-06-08 11:47 UTC,270606,348690,4.39744,7.33744,0.124863,0.158635,1.82774e-06,0.000254701,0.149642,0.0334032,0.0904479,0.0825768,0.129597
3024,1749383553,2025-06-08 11:52 UTC,270539,348541,4.40509,7.3397,0.124991,0.158553,2.12328e-06,0.0002548,0.149642,0.0335276,0.0905035,0.0827074,0.129457
3025,1749383853,2025-06-08 11:57 UTC,270467,348385,4.41282,7.34196,0.125122,0.158628,2.40542e-06,0.000255618,0.149642,0.0336531,0.0905594,0.0828417,0.129589
3026,1749384152,2025-06-08 12:02 UTC,270392,348230,4.42732,7.35175,0.123939,0.156998,3.06422e-06,0.000253096,0.149642,0.0338831,0.0908009,0.0812624,0.126938
3027,1749384452,2025-06-08 12:07 UTC,270313,348076,4.44843,7.36886,0.121475,0.154164,3.69498e-06,0.000246676,0.149642,0.034217,0.0912242,0.0780571,0.122404
3028,1749384752,2025-06-08 12:12 UTC,270229,347918,4.46958,7.38598,0.119013,0.15133,3.46657e-06,0.000240804,0.149642,0.0345537,0.0916485,0.0749171,0.117944
3029,1749385052,2025-06-08 12:17 UTC,270142,347756,4.49076,7.4031,0.116553,0.148497,3.41078e-06,0.000235412,0.149642,0.0348931,0.0920739,0.0718467,0.113574
3030,1749385352,2025-06-08 12:22 UTC,270050,347590,4.51197,7.42022,0.114095,0.145663,5.14353e-06,0.000229792,0.149642,0.0352354,0.0925002,0.0688456,0.109276
3031,1749385652,2025-06-08 12:27 UTC,269955,347420,4.53322,7.43734,0.111638,0.142829,2.93022e-06,0.000224679,0.149642,0.0355804,0.0929275,0.0659071,0.105066
3032,1749385952,2025-06-08 12:32 UTC,269855,347245,4.55451,7.45446,0.109184,0.139995,2.9802e-06,0.00021935,0.149642,0.0359281,0.0933559,0.0630394,0.100939
3033,1749386251,2025-06-08 12:37 UTC,269751,347066,4.57575,7.47152,0.106741,0.13717,4.33312e-06,0.000214137,0.149641,0.0362776,0.0937838,0.0602505,0.0969067
3034,1749386551,2025-06-08 12:42 UTC,269643,346882,4.5971,7.48865,0.104291,0.134337,4.46209e-06,0.000208807,0.149642,0.0366309,0.0942141,0.0575178,0.0929447
3035,1749386851,2025-06-08 12:47 UTC,269530,346694,4.61847,7.50577,0.101845,0.131503,3.06102e-06,0.000203641,0.149642,0.036987,0.0946455,0.0548508,0.0890618
3036,1749387151,2025-06-08 12:52 UTC,269414,346502,4.63988,7.52289,0.099401,0.128675,4.34991e-06,0.000198114,0.149641,0.037346,0.0950778,0.0522559,0.0852756
3037,1749387451,2025-06-08 12:57 UTC,269294,346306,4.66132,7.54002,0.0969605,0.12585,4.73999e-06,0.000194486,0.149642,0.0377077,0.0955111,0.0497272,0.0815718
3038,1749387751,2025-06-08 13:02 UTC,269169,346105,4.68279,7.55714,0.0938263,0.122158,3.83595e-06,0.000189319,0.149641,0.0380721,0.0959455,0.0465754,0.0768596
3039,1749388051,2025-06-08 13:07 UTC,269041,345900,4.70429,7.57427,0.0900137,0.11761,4.93094e-06,0.000180553,0.149642,0.0384394,0.0963809,0.0428872,0.071239
3040,1749388350,2025-06-08 13:12 UTC,268909,345691,4.72575,7.59134,0.0862268,0.113116,4.75694e-06,0.000175496,0.149641,0.0388082,0.0968158,0.0393743,0.0658974
3041,1749388650,2025-06-08 13:17 UTC,268772,345478,4.74731,7.60847,0.0824422,0.10867,4.65936e-06,0.000168694,0.149642,0.039181,0.0972531,0.0360133,0.0608215
3042,1749388950,2025-06-08 13:22 UTC,268632,345260,4.7689,7.6256,0.0786751,0.104225,4.4651e-06,0.000162668,0.149641,0.0395566,0.0976915,0.032817,0.0559479
3043,1749389250,2025-06-08 13:27 UTC,268488,345037,4.79051,7.64272,0.0749285,0.0997803,4.7532e-06,0.00015754,0.149642,0.0399349,0.0981309,0.0297851,0.0512781
3044,1749389550,2025-06-08 13:32 UTC,268339,344810,4.81216,7.65985,0.071206,0.0953361,4.46472e-06,0.000151847,0.149642,0.0403161,0.0985712,0.0269169,0.046814
3045,1749389850,2025-06-08 13:37 UTC,268187,344579,4.83383,7.67699,0.0675122,0.0908927,4.01953e-06,0.000145987,0.149642,0.0407,0.0990126,0.0242133,0.0425526
3046,1749390149,2025-06-08 13:42 UTC,268031,344344,4.85546,7.69406,0.0638649,0.086465,5.09863e-06,0.00014001,0.149642,0.0410854,0.0994536,0.0216827,0.0385059
3047,1749390449,2025-06-08 13:47 UTC,267871,344104,4.87719,7.71119,0.0602469,0.082356,4.14969e-06,0.000135506,0.149642,0.0414749,0.0998969,0.0193057,0.0349338
3048,1749390749,2025-06-08 13:52 UTC,267707,343860,4.89895,7.72832,0.0566794,0.0785576,4.45449e-06,0.000130526,0.149642,0.0418671,0.100341,0.0170927,0.0317875
3049,1749391049,2025-06-08 13:57 UTC,267539,343611,4.92073,7.74546,0.0531738,0.0747602,3.71146e-06,0.000126916,0.149642,0.0422621,0.100787,0.0150428,0.0287848
3050,1749391349,2025-06-08 14:02 UTC,267367,343358,4.94254,7.76259,0.0497681,0.0708699,3.57569e-06,0.000123109,0.149642,0.0426599,0.101233,0.0131708,0.02587
3051,1749391649,2025-06-08 14:07 UTC,267191,343101,4.96438,7.77973,0.0464377,0.066883,3.63446e-06,0.000119973,0.149642,0.0430605,0.101681,0.0114582,0.0230415
3052,1749391949,2025-06-08 14:12 UTC,267012,342839,4.98625,7.79686,0.0431558,0.0628978,3.17685e-06,0.000116839,0.149642,0.0434639,0.102129,0.00988506,0.0203798
3053,1749392248,2025-06-08 14:17 UTC,266828,342573,5.00807,7.81394,0.0399451,0.0589278,3.0898e-06,0.000113078,0.149642,0.0438686,0.102577,0.00845647,0.0178882
3054,1749392548,2025-06-08 14:22 UTC,266640,342302,5.02998,7.83108,0.0368002,0.054947,2.98515e-06,0.000109658,0.149642,0.0442776,0.103027,0.00716216,0.0155497
3055,1749392848,2025-06-08 14:27 UTC,266449,342027,5.05193,7.84821,0.0337536,0.0509692,2.58962e-06,0.000107803,0.149642,0.0446892,0.103479,0.00600664,0.013379
3056,1749393148,2025-06-08 14:32 UTC,266254,341747,5.07389,7.86535,0.0308344,0.0470772,3.17785e-06,7.5801e-05,0.149642,0.0451037,0.103931,0.00499034,0.0114147
3057,1749393448,2025-06-08 14:37 UTC,266054,341462,5.09589,7.88249,0.0280819,0.043534,2.0338e-06,0.000102289,0.149642,0.0455209,0.104385,0.00411206,0.00976115
3058,1749393748,2025-06-08 14:42 UTC,265851,341174,5.11791,7.89963,0.0255483,0.0400395,2.11084e-06,0.000100718,0.149642,0.0459409,0.104839,0.00337232,0.00825806
3059,1749394048,2025-06-08 14:47 UTC,265645,340881,5.13995,7.91677,0.0233021,0.0365641,1.92426e-06,9.94808e-05,0.149642,0.0463637,0.105294,0.00276946,0.0068852
3060,1749394347,2025-06-08 14:52 UTC,265434,340583,5.16195,7.93385,0.0214378,0.0331253,1.47015e-06,9.83788e-05,0.149642,0.0467878,0.105749,0.00230477,0.00565197
3061,1749394647,2025-06-08 14:57 UTC,265219,340281,5.18404,7.95099,0.0200422,0.0298666,1.95068e-06,9.58119e-05,0.149642,0.0472161,0.106207,0.00197562,0.00459447
3062,1749394947,2025-06-08 15:02 UTC,265025,339996,5.19587,7.95976,0.019203,0.0301172,1.79971e-06,9.55882e-05,0.149642,0.0474414,0.106441,0.00178935,0.0046713
3063,1749395247,2025-06-08 15:07 UTC,264858,339734,5.19702,7.95983,0.0186882,0.0311987,2.23431e-06,9.51991e-05,0.149642,0.0474537,0.106443,0.00168056,0.00501285
3064,1749395547,2025-06-08 15:12 UTC,264689,339474,5.1982,7.95991,0.0184362,0.0323827,1.78592e-06,9.4071e-05,0.149642,0.0474667,0.106445,0.0016228,0.00540045
3065,1749395847,2025-06-08 15:17 UTC,264520,339214,5.19941,7.96001,0.0184563,0.0336583,2.16406e-06,9.16584e-05,0.149642,0.0474803,0.106448,0.00161686,0.00583433
3066,1749396147,2025-06-08 15:22 UTC,264351,338955,5.20065,7.96013,0.0187419,0.0350157,2.33397e-06,9.34732e-05,0.149642,0.0474946,0.106451,0.00166359,0.00631441
3067,1749396446,2025-06-08 15:27 UTC,264180,338696,5.20192,7.96027,0.0192668,0.0364407,2.38252e-06,9.27937e-05,0.149642,0.0475095,0.106455,0.0017634,0.00683875
3068,1749396746,2025-06-08 15:32 UTC,264009,338438,5.20322,7.96042,0.020008,0.0380569,2.51609e-06,9.20894e-05,0.149642,0.0475252,0.106459,0.00191688,0.00745875
3069,1749397046,2025-06-08 15:37 UTC,263836,338181,5.20455,7.9606,0.0209393,0.0401244,2.72484e-06,9.17459e-05,0.149642,0.0475415,0.106463,0.00212309,0.00829127
3070,1749397346,2025-06-08 15:42 UTC,263663,337923,5.20591,7.96079,0.0220387,0.04229,3.67523e-06,9.14648e-05,0.149642,0.0475585,0.106469,0.0023817,0.00921032
3071,1749397646,2025-06-08 15:47 UTC,263489,337666,5.2073,7.961,0.0232864,0.0444869,5.02112e-06,9.20424e-05,0.149641,0.0475762,0.106474,0.00269184,0.0101921
3072,1749397946,2025-06-08 15:52 UTC,263315,337409,5.20872,7.96122,0.024664,0.0467108,3.62544e-06,9.05958e-05,0.149642,0.0475946,0.10648,0.00305318,0.011237
3073,1749398245,2025-06-08 15:57 UTC,263139,337152,5.21017,7.96146,0.0261492,0.0489504,3.71907e-06,8.90728e-05,0.149642,0.0476136,0.106487,0.00346457,0.01234
3074,1749398545,2025-06-08 16:02 UTC,262962,336895,5.21165,7.96173,0.0269798,0.0497165,3.54889e-06,8.93021e-05,0.149642,0.0476333,0.106494,0.0037069,0.0127292
3075,1749398845,2025-06-08 16:07 UTC,262785,336638,5.21316,7.962,0.0270275,0.0488971,3.73187e-06,8.96539e-05,0.149642,0.0476536,0.106501,0.00372758,0.0123134
3076,1749399145,2025-06-08 16:12 UTC,262606,336381,5.2147,7.9623,0.0270781,0.0480979,5.33414e-06,9.0207e-05,0.149642,0.0476747,0.106509,0.00374934,0.011914
3077,1749399445,2025-06-08 16:17 UTC,262427,336124,5.21627,7.96262,0.0271314,0.0473199,7.4862e-06,8.8862e-05,0.149642,0.0476964,0.106517,0.00377346,0.0115317
3078,1749399745,2025-06-08 16:22 UTC,262246,335867,5.21787,7.96705,0.0271874,0.0465641,6.30796e-06,8.799e-05,0.149641,0.0477188,0.106636,0.00379871,0.0111664
3079,1749400045,2025-06-08 16:27 UTC,262065,335609,5.21951,7.98678,0.027246,0.0458317,5.70569e-06,8.81223e-05,0.149642,0.0477419,0.107165,0.00382425,0.0108177
3080,1749400344,2025-06-08 16:32 UTC,261882,335352,5.22116,8.00646,0.027307,0.0451261,5.75249e-06,8.8242e-05,0.149641,0.0477656,0.107694,0.00385278,0.0104874
3081,1749400644,2025-06-08 16:37 UTC,261699,335093,5.22286,8.02621,0.0273707,0.0444437,5.63438e-06,8.73257e-05,0.149642,0.0477901,0.108226,0.00388222,0.0101726
3082,1749400944,2025-06-08 16:42 UTC,261515,334835,5.22458,8.04596,0.0274368,0.0437882,4.80184e-06,8.70493e-05,0.149642,0.0478151,0.108759,0.00391379,0.00987441
3083,1749401244,2025-06-08 16:47 UTC,261329,334576,5.22633,8.06573,0.0275054,0.0431608,6.44554e-06,8.8506e-05,0.149642,0.047841,0.109294,0.00394621,0.00959346
3084,1749401544,2025-06-08 16:52 UTC,261142,334317,5.22812,8.08551,0.0275762,0.0425627,8.04598e-06,8.66247e-05,0.149642,0.0478674,0.109831,0.00398141,0.0093295
3085,1749401844,2025-06-08 16:57 UTC,260955,334120,5.22993,8.10529,0.0276494,0.0419952,5.25823e-06,8.85007e-05,0.149642,0.0478945,0.110369,0.00401759,0.00908202
3086,1749402144,2025-06-08 17:02 UTC,260766,333962,5.23178,8.12509,0.0268066,0.040161,7.19603e-06,8.65477e-05,0.149642,0.0479223,0.110909,0.00378127,0.00830364
3087,1749402443,2025-06-08 17:07 UTC,260576,333802,5.23365,8.14482,0.0251181,0.0388859,7.79463e-06,8.90818e-05,0.149641,0.0479507,0.111448,0.00331393,0.00779056
3088,1749402743,2025-06-08 17:12 UTC,260385,333642,5.23555,8.16463,0.0236431,0.0378696,7.36039e-06,8.88142e-05,0.149642,0.0479799,0.111991,0.00292769,0.00738565
3089,1749403043,2025-06-08 17:17 UTC,260193,333480,5.23749,8.18445,0.0224196,0.0371459,5.83697e-06,8.81317e-05,0.149642,0.0480097,0.112535,0.00262705,0.00710627
3090,1749403343,2025-06-08 17:22 UTC,260000,333317,5.23946,8.20428,0.0214812,0.0367569,5.13275e-06,8.89429e-05,0.149642,0.0480402,0.113081,0.00240979,0.00695649
3091,1749403643,2025-06-08 17:27 UTC,259806,333153,5.24146,8.22411,0.0208648,0.0366767,5.47767e-06,8.8373e-05,0.149642,0.0480714,0.113629,0.00227676,0.00692659
3092,1749403943,2025-06-08 17:32 UTC,259611,332988,5.24349,8.24396,0.0206075,0.0369075,5.66701e-06,8.96801e-05,0.149642,0.0481032,0.114178,0.00222779,0.00701182
3093,1749404243,2025-06-08 17:37 UTC,259414,332821,5.24555,8.26381,0.0207416,0.0374435,5.81074e-06,8.92295e-05,0.149642,0.0481357,0.114728,0.0022634,0.00721749
3094,1749404542,2025-06-08 17:42 UTC,259216,332654,5.24764,8.2836,0.021275,0.0382686,5.34327e-06,8.95303e-05,0.149642,0.0481688,0.115278,0.00238248,0.00754109
3095,1749404842,2025-06-08 17:47 UTC,259018,332485,5.24976,8.30347,0.0221844,0.0393702,5.52085e-06,8.93638e-05,0.149642,0.0482027,0.115832,0.00258625,0.00798189
3096,1749405142,2025-06-08 17:52 UTC,258818,332314,5.25191,8.32335,0.023425,0.0407257,4.216e-06,9.13136e-05,0.149642,0.0482372,0.116387,0.00287751,0.00854339
3097,1749405442,2025-06-08 17:57 UTC,258616,332143,5.2541,8.34323,0.0249382,0.0423083,6.1437e-06,9.31345e-05,0.149642,0.0482724,0.116944,0.00325584,0.00921436
3098,1749405742,2025-06-08 18:02 UTC,258447,332007,5.24943,8.35318,0.0270771,0.0440888,5.01723e-06,9.25837e-05,0.149641,0.0481914,0.117223,0.00383885,0.0100071
3099,1749406042,2025-06-08 18:07 UTC,258317,331917,5.23711,8.35208,0.0302366,0.049379,6.59212e-06,9.55814e-05,0.149642,0.0479812,0.117192,0.00482297,0.0125525
3100,1749406342,2025-06-08 18:12 UTC,258215,331847,5.22481,8.35098,0.0339541,0.0547815,6.80023e-06,9.68705e-05,0.149642,0.047772,0.117161,0.0061353,0.0154496
3101,1749406641,2025-06-08 18:17 UTC,258088,331763,5.21256,8.34989,0.038071,0.0603055,4.78948e-06,0.000102583,0.149641,0.0475645,0.117131,0.00776373,0.0187248
3102,1749406941,2025-06-08 18:22 UTC,257964,331683,5.20029,8.3488,0.0425048,0.0659473,5.26247e-06,0.000104758,0.149642,0.0473572,0.1171,0.0097148,0.0223966
3103,1749407241,2025-06-08 18:27 UTC,257843,331606,5.18804,8.34771,0.0471617,0.0716335,6.38113e-06,0.00010782,0.149642,0.047151,0.117069,0.0119837,0.0264156
3104,1749407541,2025-06-08 18:32 UTC,257723,331533,5.1758,8.34662,0.0519835,0.0774732,5.2738e-06,0.000112429,0.149642,0.0469457,0.117039,0.0145723,0.0309025
3105,1749407841,2025-06-08 18:37 UTC,257605,331464,5.16358,8.34554,0.0569286,0.083437,5.81416e-06,0.000121879,0.149642,0.0467414,0.117009,0.0174786,0.0358441
3106,1749408141,2025-06-08 18:42 UTC,257490,331398,5.15137,8.34445,0.0619674,0.0894413,5.29903e-06,0.000122699,0.149642,0.0465381,0.116978,0.020705,0.0411876
3107,1749408440,2025-06-08 18:47 UTC,257376,331336,5.13922,8.34338,0.0670613,0.0955396,6.00848e-06,0.000129598,0.149642,0.0463364,0.116948,0.0242373,0.0470014
3108,1749408740,2025-06-08 18:52 UTC,257264,331276,5.12705,8.3423,0.0722286,0.101693,7.24495e-06,0.000135648,0.149642,0.046135,0.116918,0.0281002,0.0532551
3109,1749409040,2025-06-08 18:57 UTC,257154,331220,5.11489,8.34122,0.0774408,0.107848,7.974e-06,0.000143063,0.149642,0.0459346,0.116888,0.0322833,0.05988
3110,1749409340,2025-06-08 19:02 UTC,257046,331168,5.10275,8.34015,0.0832612,0.114704,9.36044e-06,0.0001506,0.149642,0.0457351,0.116858,0.0372965,0.0677337
3111,1749409640,2025-06-08 19:07 UTC,256940,331118,5.09062,8.33908,0.0897962,0.122387,9.94428e-06,0.000157609,0.149642,0.0455367,0.116827,0.0433535,0.0771104
3112,1749409940,2025-06-08 19:12 UTC,256836,331072,5.07852,8.33801,0.0963902,0.13012,1.23086e-05,0.000171774,0.149642,0.0453392,0.116798,0.0499183,0.0871549
3113,1749410240,2025-06-08 19:17 UTC,256733,331028,5.06642,8.33695,0.103031,0.137969,1.28718e-05,0.000181464,0.149641,0.0451427,0.116768,0.0569953,0.0979982
3114,1749410539,2025-06-08 19:22 UTC,256632,330988,5.05439,8.33589,0.109689,0.145937,1.6068e-05,0.000192879,0.149641,0.0449478,0.116738,0.0645531,0.109638
3115,1749410839,2025-06-08 19:27 UTC,256533,330951,5.04233,8.33483,0.1164,0.154467,1.60629e-05,0.000205342,0.149642,0.0447532,0.116708,0.072651,0.122854
3116,1749411139,2025-06-08 19:32 UTC,256436,330916,5.03029,8.33377,0.123138,0.162998,1.5964e-05,0.000216811,0.149641,0.0445597,0.116679,0.0812591,0.136775
3117,1749411439,2025-06-08 19:37 UTC,256340,330884,5.01826,8.33271,0.129897,0.171531,1.71548e-05,0.000231231,0.149641,0.0443671,0.116649,0.0903765,0.15147
3118,1749411739,2025-06-08 19:42 UTC,256246,330855,5.00625,8.33166,0.136675,0.180064,1.6674e-05,0.000247069,0.149641,0.0441755,0.11662,0.100007,0.166953
3119,1749412039,2025-06-08 19:47 UTC,256153,330829,4.99426,8.33061,0.143469,0.188599,1.8888e-05,0.000261349,0.149641,0.0439848,0.11659,0.110145,0.183122
3120,1749412339,2025-06-08 19:52 UTC,256062,330806,4.98229,8.32956,0.150276,0.197134,2.01892e-05,0.000277227,0.14964,0.0437951,0.116561,0.120794,0.200042
3121,1749412638,2025-06-08 19:57 UTC,255973,330785,4.97037,8.32852,0.157072,0.205644,2.23621e-05,0.000291325,0.14964,0.0436071,0.116532,0.131917,0.217696
3122,1749412938,2025-06-08 20:02 UTC,255885,330767,4.95843,8.32748,0.163626,0.214068,2.10203e-05,0.000307594,0.14964,0.0434194,0.116502,0.143105,0.23594
3123,1749413238,2025-06-08 20:07 UTC,255798,330751,4.94651,8.32644,0.169861,0.222349,2.11049e-05,0.000323831,0.14964,0.0432326,0.116473,0.154162,0.254533
3124,1749413538,2025-06-08 20:12 UTC,255713,330738,4.9346,8.3254,0.176099,0.230631,2.31723e-05,0.000347013,0.14964,0.0430468,0.116444,0.165634,0.273841
3125,1749413838,2025-06-08 20:17 UTC,255630,330727,4.92271,8.32437,0.18234,0.238913,2.36037e-05,0.00035883,0.149641,0.0428621,0.116415,0.177528,0.293837
3126,1749414138,2025-06-08 20:22 UTC,255548,330719,4.91084,8.32333,0.188584,0.247196,2.6725e-05,0.000377161,0.149641,0.0426782,0.116386,0.189835,0.314611
3127,1749414438,2025-06-08 20:27 UTC,255467,330714,4.89899,8.32354,0.194831,0.255478,2.48098e-05,0.000396391,0.14964,0.0424954,0.116393,0.202571,0.336056
3128,1749414737,2025-06-08 20:32 UTC,255391,330710,4.88719,8.34285,0.201059,0.263734,2.78902e-05,0.000420365,0.14964,0.0423141,0.116933,0.215671,0.358102
3129,1749415037,2025-06-08 20:37 UTC,255313,330709,4.87537,8.36223,0.20731,0.272017,2.78107e-05,0.000439811,0.149641,0.0421332,0.117477,0.229241,0.380975
3130,1749415337,2025-06-08 20:42 UTC,255236,330710,4.86357,8.38272,0.213563,0.2803,3.09919e-05,0.000457039,0.149641,0.0419532,0.118053,0.24322,0.404503
3131,1749415637,2025-06-08 20:47 UTC,255161,330714,4.85178,8.40477,0.219818,0.288584,3.31955e-05,0.000493346,0.149643,0.0417743,0.118675,0.257622,0.42877
3132,1749415937,2025-06-08 20:52 UTC,255086,330719,4.84002,8.42683,0.226074,0.296867,3.35634e-05,0.000497947,0.149643,0.0415963,0.119299,0.272444,0.45373
3133,1749416237,2025-06-08 20:57 UTC,255014,330727,4.82827,8.44889,0.232332,0.305151,3.4904e-05,0.000514941,0.149643,0.0414193,0.119925,0.287685,0.479365
3134,1749416536,2025-06-08 21:02 UTC,254960,330743,4.82011,8.45395,0.237577,0.312239,2.41089e-05,0.000537563,0.149643,0.0412889,0.120068,0.300809,0.501962
3135,1749416836,2025-06-08 21:07 UTC,254957,330775,4.81624,8.43526,0.241646,0.317946,2.61082e-05,0.000556573,0.149642,0.0412136,0.119538,0.311161,0.520455
3136,1749417136,2025-06-08 21:12 UTC,254958,330810,4.81249,8.41767,0.245715,0.323654,2.51687e-05,0.000567934,0.149642,0.0411402,0.11904,0.321701,0.539325
3137,1749417436,2025-06-08 21:17 UTC,254964,330849,4.80884,8.40011,0.249785,0.329361,2.95208e-05,0.000588405,0.149645,0.0410687,0.118544,0.332405,0.558466
3138,1749417736,2025-06-08 21:22 UTC,254973,330891,4.80531,8.38259,0.253855,0.335068,2.89283e-05,0.000598507,0.149646,0.0409991,0.11805,0.343301,0.578005
3139,1749418036,2025-06-08 21:27 UTC,254985,330936,4.80189,8.3858,0.257925,0.340775,2.98384e-05,0.000614435,0.149645,0.0409315,0.11814,0.354375,0.597878
3140,1749418336,2025-06-08 21:32 UTC,255002,330984,4.79858,8.39894,0.261996,0.346483,3.368e-05,0.00062984,0.149646,0.0408658,0.118511,0.365613,0.618077
3141,1749418635,2025-06-08 21:37 UTC,255023,331036,4.79539,8.41212,0.266053,0.352171,3.6021e-05,0.000648713,0.149649,0.0408022,0.118883,0.376998,0.638518
3142,1749418935,2025-06-08 21:42 UTC,255047,331090,4.79231,8.42543,0.270124,0.357878,3.44351e-05,0.000666678,0.149649,0.0407403,0.119259,0.388608,0.659339
3143,1749419235,2025-06-08 21:47 UTC,255075,331148,4.78934,8.43882,0.274196,0.363586,3.9963e-05,0.000675749,0.149649,0.0406804,0.119638,0.400381,0.68051
3144,1749419535,2025-06-08 21:52 UTC,255106,331208,4.78649,8.45229,0.278268,0.369293,3.89203e-05,0.00069841,0.149651,0.0406224,0.120021,0.41235,0.702176
3145,1749419835,2025-06-08 21:57 UTC,255141,331272,4.78375,8.46585,0.28234,0.375,4.54732e-05,0.000707094,0.149651,0.0405662,0.120406,0.424472,0.723901
3146,1749420135,2025-06-08 22:02 UTC,255180,331338,4.78112,8.47948,0.285033,0.378723,1.96484e-05,0.000723006,0.149651,0.0405127,0.120794,0.432692,0.738603
3147,1749420435,2025-06-08 22:07 UTC,255222,331407,4.77862,8.4932,0.286039,0.380021,2.50321e-05,0.000715871,0.149658,0.0404603,0.121186,0.435666,0.743534
3148,1749420734,2025-06-08 22:12 UTC,255267,331479,4.77623,8.50696,0.287043,0.381314,1.60906e-05,0.000737492,0.14966,0.0404103,0.121579,0.438679,0.74874
3149,1749421034,2025-06-08 22:17 UTC,255315,331553,4.77396,8.52084,0.28805,0.382611,0.000116266,0.000735686,0.149689,0.0403605,0.121973,0.441424,0.753253
3150,1749421334,2025-06-08 22:22 UTC,255367,331631,4.7718,8.5348,0.289058,0.383911,3.10719e-05,0.000730978,0.149701,0.0403154,0.122376,0.444726,0.759031
3151,1749421634,2025-06-08 22:27 UTC,255422,331711,4.76975,8.54884,0.290066,0.385214,3.24243e-05,0.00123518,0.149746,0.0402707,0.122779,0.447744,0.763952
3152,1749421934,2025-06-08 22:32 UTC,255480,331793,4.76782,8.56296,0.291074,0.386516,5.53018e-05,0.000726154,0.149791,0.0402279,0.123184,0.450744,0.769056
3153,1749422234,2025-06-08 22:37 UTC,255542,331879,4.76601,8.57716,0.292083,0.387819,4.94163e-05,0.000888667,0.149816,0.0401874,0.123593,0.453845,0.77411
3154,1749422534,2025-06-08 22:42 UTC,255606,331966,4.76431,8.59144,0.293092,0.389121,3.92547e-05,0.00269579,0.149924,0.0401489,0.124006,0.456983,0.77971
3155,1749422833,2025-06-08 22:47 UTC,255673,332057,4.76273,8.60575,0.294097,0.39042,6.78754e-05,0.00745493,0.149962,0.0401115,0.124419,0.459918,0.784656
3156,1749423133,2025-06-08 22:52 UTC,255744,332150,4.76126,8.62018,0.295107,0.391722,6.33933e-05,0.000901711,0.150075,0.0400771,0.124836,0.463107,0.789981
3157,1749423433,2025-06-08 22:57 UTC,255817,332245,4.75991,8.63469,0.296117,0.393043,9.92563e-05,0.00120424,0.150186,0.0400432,0.125257,0.466043,0.794743
3158,1749423733,2025-06-08 23:02 UTC,255893,332343,4.75867,8.64928,0.295525,0.39247,5.05791e-05,0.00124357,0.150322,0.0400131,0.125681,0.464318,0.791734
3159,1749424033,2025-06-08 23:07 UTC,255973,332443,4.75754,8.66395,0.292922,0.389187,5.54942e-05,0.00127133,0.150371,0.0399842,0.12611,0.456132,0.77775
3160,1749424333,2025-06-08 23:12 UTC,256055,332545,4.75652,8.67869,0.290321,0.385904,3.28198e-05,0.000709057,0.150398,0.0399572,0.126538,0.448032,0.766719
3161,1749424632,2025-06-08 23:17 UTC,256139,332650,4.75563,8.69346,0.28773,0.382633,2.09787e-05,0.00069744,0.150397,0.0399319,0.126967,0.439976,0.753637
3162,1749424932,2025-06-08 23:22 UTC,256227,332757,4.75484,8.70835,0.285133,0.379351,1.89316e-05,0.000681964,0.1504,0.0399084,0.127404,0.431962,0.741031
3163,1749425232,2025-06-08 23:27 UTC,256317,332866,4.75416,8.72332,0.282538,0.376069,1.49813e-05,0.000673232,0.150401,0.0398869,0.127842,0.42405,0.728391
3164,1749425532,2025-06-08 23:32 UTC,256410,332978,4.7536,8.73836,0.279945,0.372788,2.27124e-05,0.000645402,0.1504,0.0398674,0.128283,0.416208,0.71576
3165,1749425832,2025-06-08 23:37 UTC,256506,333092,4.75315,8.75348,0.277354,0.369507,1.74818e-05,0.000641536,0.1504,0.0398496,0.128727,0.40843,0.703267
3166,1749426132,2025-06-08 23:42 UTC,256604,333208,4.75281,8.76867,0.274765,0.366227,1.73932e-05,0.000628208,0.1504,0.0398339,0.129175,0.400745,0.690827
3167,1749426432,2025-06-08 23:47 UTC,256705,333326,4.75259,8.78394,0.272179,0.362947,1.4822e-05,0.000616976,0.1504,0.0398199,0.129625,0.39312,0.67845
3168,1749426731,2025-06-08 23:52 UTC,256808,333447,4.75248,8.79922,0.269603,0.359678,1.38119e-05,0.000604666,0.150401,0.0398079,0.130077,0.385604,0.666301
3169,1749427031,2025-06-08 23:57 UTC,256914,333569,4.75247,8.81464,0.267022,0.3564,1.28134e-05,0.00059259,0.150401,0.0397978,0.130533,0.378135,0.654307
3170,1749427331,2025-06-09 00:02 UTC,257027,333699,4.75082,8.82112,0.262819,0.351265,2.58204e-05,0.000575186,0.150401,0.0397586,0.130725,0.366297,0.635626
3171,1749427631,2025-06-09 00:07 UTC,257151,333847,4.74697,8.81602,0.256523,0.343738,2.86919e-05,0.000550741,0.150403,0.0396804,0.130573,0.348952,0.608767
3172,1749427931,2025-06-09 00:12 UTC,257279,333998,4.74316,8.81092,0.250227,0.336211,2.97704e-05,0.000522988,0.150403,0.0396033,0.130422,0.332025,0.58231
3173,1749428231,2025-06-09 00:17 UTC,257410,334153,4.73941,8.80581,0.243933,0.328686,3.02039e-05,0.000496434,0.150403,0.0395273,0.130272,0.315522,0.55657
3174,1749428531,2025-06-09 00:22 UTC,257543,334312,4.73571,8.80071,0.237639,0.321162,2.9211e-05,0.000465797,0.150406,0.0394524,0.130121,0.299438,0.531311
3175,1749428830,2025-06-09 00:27 UTC,257680,334474,4.73207,8.79562,0.231368,0.313701,2.7507e-05,0.000452048,0.150406,0.0393788,0.12997,0.283828,0.506971
3176,1749429130,2025-06-09 00:32 UTC,257819,334639,4.72848,8.79052,0.225076,0.306282,3.32482e-05,0.000427293,0.150409,0.0393061,0.12982,0.268604,0.483329
3177,1749429430,2025-06-09 00:37 UTC,257961,334808,4.72493,8.78542,0.218786,0.298864,2.91093e-05,0.000401664,0.150411,0.0392345,0.129669,0.253785,0.460159
3178,1749429730,2025-06-09 00:42 UTC,258106,334980,4.72144,8.78031,0.212497,0.291449,2.76467e-05,0.00039077,0.150411,0.039164,0.129518,0.239394,0.437604
3179,1749430030,2025-06-09 00:47 UTC,258254,335155,4.718,8.77771,0.206209,0.284037,2.43158e-05,0.000372751,0.15041,0.0390946,0.129441,0.225424,0.415648
3180,1749430330,2025-06-09 00:52 UTC,258404,335333,4.71461,8.79116,0.199923,0.27663,2.45181e-05,0.00033896,0.15041,0.0390264,0.129838,0.211884,0.394213
3181,1749430630,2025-06-09 00:57 UTC,258557,335514,4.71128,8.80464,0.193639,0.269248,2.46959e-05,0.000330106,0.150413,0.0389592,0.130237,0.198768,0.373444
3182,1749430929,2025-06-09 01:02 UTC,258712,335699,4.70801,8.81811,0.186287,0.260642,3.3245e-05,0.000336127,0.150416,0.0388935,0.130635,0.184021,0.350066
3183,1749431229,2025-06-09 01:07 UTC,258870,335887,4.70479,8.83166,0.177471,0.250358,3.30876e-05,0.000289104,0.150418,0.0388285,0.131037,0.167116,0.322939
3184,1749431529,2025-06-09 01:12 UTC,259031,336077,4.70162,8.84524,0.168658,0.240078,3.58402e-05,0.000274271,0.150422,0.0387647,0.13144,0.151045,0.297006
3185,1749431829,2025-06-09 01:17 UTC,259194,336271,4.69851,8.85885,0.159849,0.229804,3.10563e-05,0.000268595,0.150421,0.0387019,0.131845,0.135793,0.272123
3186,1749432129,2025-06-09 01:22 UTC,259360,336467,4.69545,8.8725,0.151045,0.219537,3.26074e-05,0.000328574,0.15042,0.0386402,0.132252,0.121379,0.248346
3187,1749432429,2025-06-09 01:27 UTC,259528,336667,4.69245,8.88618,0.142248,0.209278,3.06335e-05,0.000215835,0.150423,0.0385796,0.13266,0.107789,0.225654
3188,1749432729,2025-06-09 01:32 UTC,259699,336869,4.6895,8.89989,0.133457,0.199028,2.73573e-05,0.00020063,0.150424,0.03852,0.13307,0.0950267,0.204116
3189,1749433028,2025-06-09 01:37 UTC,259872,337074,4.68662,8.91359,0.124704,0.188822,2.95037e-05,0.000194768,0.150424,0.0384618,0.133479,0.0831413,0.183737
3190,1749433328,2025-06-09 01:42 UTC,260047,337282,4.68379,8.92736,0.115932,0.178594,2.50887e-05,0.000169537,0.150424,0.0384044,0.133892,0.0720327,0.164365
3191,1749433628,2025-06-09 01:47 UTC,260225,337492,4.68102,8.94117,0.107174,0.168381,2.52419e-05,0.000156169,0.150424,0.0383482,0.134307,0.0617614,0.146111
3192,1749433928,2025-06-09 01:52 UTC,260405,337705,4.6783,8.955,0.098432,0.158185,2.19791e-05,0.000157734,0.150424,0.038293,0.134723,0.052314,0.128946
3193,1749434228,2025-06-09 01:57 UTC,260588,337921,4.67564,8.96887,0.089713,0.14801,2.13859e-05,0.00013195,0.150424,0.0382389,0.13514,0.0436984,0.112877
3194,1749434528,2025-06-09 02:02 UTC,260772,338139,4.67305,8.98277,0.0808325,0.137387,2.51496e-05,0.000146301,0.150426,0.0381859,0.13556,0.0357203,0.0972607
3195,1749434827,2025-06-09 02:07 UTC,260959,338360,4.67052,8.99665,0.071762,0.126203,1.75784e-05,0.000112608,0.150426,0.038134,0.135979,0.0283829,0.0820843
3196,1749435127,2025-06-09 02:12 UTC,261148,338584,4.66805,9.01062,0.0627144,0.115037,1.8528e-05,0.000107291,0.150426,0.0380832,0.136401,0.0219361,0.0681956
3197,1749435427,2025-06-09 02:17 UTC,261339,338810,4.66563,9.02461,0.0537514,0.10393,1.85051e-05,0.000115547,0.150428,0.0380333,0.136825,0.0163971,0.0556838
3198,1749435727,2025-06-09 02:22 UTC,261533,339038,4.66328,9.03863,0.0449405,0.0929247,1.33548e-05,9.32694e-05,0.150428,0.0379845,0.137251,0.0117633,0.0445085
3199,1749436027,2025-06-09 02:27 UTC,261728,339269,4.66099,9.05268,0.0364708,0.0820573,1.11315e-05,0.000127123,0.150428,0.0379368,0.137678,0.00803464,0.0346909
3200,1749436327,2025-06-09 02:32 UTC,261926,339502,4.65877,9.06677,0.0289569,0.0713585,1.1195e-05,9.70746e-05,0.15043,0.0378902,0.138107,0.00518861,0.0262347
3201,1749436627,2025-06-09 02:37 UTC,262126,339737,4.65661,9.08088,0.0232891,0.0610401,8.80817e-06,7.9056e-05,0.150431,0.0378446,0.138537,0.00314951,0.0191973
3202,1749436926,2025-06-09 02:42 UTC,262328,339975,4.65453,9.09498,0.0199675,0.051375,6.51902e-06,7.80386e-05,0.150433,0.0378001,0.138967,0.00191075,0.0135993
3203,1749437226,2025-06-09 02:47 UTC,262532,340215,4.65251,9.10915,0.0194897,0.0429412,5.6217e-06,7.64186e-05,0.150433,0.0377567,0.139401,0.0017667,0.00949812
3204,1749437526,2025-06-09 02:52 UTC,262738,340458,4.65055,9.12335,0.0226175,0.053915,5.55775e-06,0.000186578,0.150436,0.0377142,0.139836,0.00276415,0.014964
3205,1749437826,2025-06-09 02:57 UTC,262946,340702,4.64866,9.13759,0.0286445,0.0649755,7.38616e-06,8.8007e-05,0.150436,0.0376729,0.140272,0.00463472,0.0217328
3206,1749438126,2025-06-09 03:02 UTC,263148,340941,4.64465,9.14004,0.0355778,0.0748093,6.44802e-06,0.000105524,0.150436,0.0376017,0.140348,0.00711196,0.0288139
3207,1749438426,2025-06-09 03:07 UTC,263331,341158,4.63762,9.12619,0.0423953,0.0832227,9.36163e-06,8.15947e-05,0.150436,0.0374893,0.139923,0.00995193,0.0356404
3208,1749438726,2025-06-09 03:12 UTC,263515,341375,4.63063,9.11234,0.0495608,0.0916992,1.0394e-05,6.78589e-05,0.150436,0.0373779,0.139499,0.0134378,0.0432818
3209,1749439025,2025-06-09 03:17 UTC,263699,341589,4.62369,9.09855,0.0569075,0.100166,1.20235e-05,9.43956e-05,0.150436,0.0372681,0.139077,0.0175606,0.0516653
3210,1749439325,2025-06-09 03:22 UTC,263883,341803,4.61675,9.08472,0.0644071,0.108668,1.1248e-05,5.19147e-05,0.150436,0.0371589,0.138654,0.0223522,0.0608154
3211,1749439625,2025-06-09 03:27 UTC,264068,342015,4.60984,9.07089,0.0719913,0.117176,1.48646e-05,9.52902e-05,0.150436,0.037051,0.138232,0.0277959,0.0706819
3212,1749439925,2025-06-09 03:32 UTC,264252,342226,4.60297,9.05706,0.0796338,0.125689,1.81453e-05,0.000119118,0.150436,0.0369442,0.137811,0.0338968,0.0813363
3213,1749440225,2025-06-09 03:37 UTC,264437,342436,4.59612,9.04324,0.0873181,0.134206,1.84783e-05,6.93059e-05,0.150439,0.0368385,0.137391,0.0406565,0.0927298
3214,1749440525,2025-06-09 03:42 UTC,264621,342644,4.5893,9.02943,0.0950334,0.142725,2.19177e-05,0.000154221,0.150439,0.0367339,0.136971,0.0480705,0.104862
3215,1749440825,2025-06-09 03:47 UTC,264807,342852,4.58251,9.01562,0.102772,0.151247,1.88717e-05,0.000199197,0.150439,0.0366304,0.136553,0.05615,0.117786
3216,1749441124,2025-06-09 03:52 UTC,264992,343058,4.57577,9.00186,0.110503,0.159743,2.53649e-05,9.6337e-05,0.150438,0.0365285,0.136136,0.0648449,0.131363
3217,1749441424,2025-06-09 03:57 UTC,265178,343264,4.56905,8.98806,0.118275,0.168269,2.85214e-05,0.000145782,0.150439,0.0364273,0.135719,0.0742299,0.145722
3218,1749441724,2025-06-09 04:02 UTC,265363,343468,4.56236,8.97427,0.124994,0.175498,1.85467e-05,0.000107594,0.150442,0.036327,0.135303,0.0828861,0.158583
3219,1749442024,2025-06-09 04:07 UTC,265550,343672,4.5557,8.96048,0.13021,0.180883,2.01758e-05,0.00016852,0.150444,0.0362281,0.134887,0.0899262,0.168466
3220,1749442324,2025-06-09 04:12 UTC,265736,343875,4.54907,8.9467,0.135428,0.186267,2.23678e-05,0.000129607,0.150445,0.0361302,0.134473,0.0972599,0.178633
3221,1749442624,2025-06-09 04:17 UTC,265923,344077,4.54247,8.93292,0.14065,0.191652,2.75363e-05,0.000144162,0.150449,0.0360336,0.134059,0.104888,0.189032
3222,1749442923,2025-06-09 04:22 UTC,266106,344278,4.53594,8.91919,0.145858,0.197038,2.4604e-05,0.000112686,0.150451,0.0359382,0.133647,0.112789,0.199915
3223,1749443223,2025-06-09 04:27 UTC,266294,344478,4.52941,8.90542,0.151085,0.202814,2.66818e-05,0.000109125,0.150452,0.0358437,0.133235,0.121006,0.211764
3224,1749443523,2025-06-09 04:32 UTC,266482,344678,4.52292,8.89166,0.156315,0.208693,2.86857e-05,0.000130873,0.150451,0.0357504,0.132824,0.129516,0.224228
3225,1749443823,2025-06-09 04:37 UTC,266670,344877,4.51647,8.8779,0.161547,0.214573,2.48082e-05,0.000121305,0.150451,0.035658,0.132413,0.138335,0.237042
3226,1749444123,2025-06-09 04:42 UTC,266858,345076,4.51006,8.86415,0.166781,0.220452,3.0346e-05,0.000265464,0.150452,0.0355669,0.132003,0.147424,0.250178
3227,1749444423,2025-06-09 04:47 UTC,267047,345274,4.50368,8.85044,0.172016,0.226332,2.99575e-05,0.000125115,0.150455,0.0354768,0.131595,0.156821,0.263745
3228,1749444723,2025-06-09 04:52 UTC,267236,345471,4.49734,8.8534,0.177253,0.232211,2.91254e-05,0.000238716,0.150455,0.0353879,0.131683,0.166512,0.277603
3229,1749445022,2025-06-09 04:57 UTC,267426,345668,4.49106,8.85636,0.182474,0.238071,3.62928e-05,0.000143871,0.150455,0.0353004,0.131771,0.17645,0.29171
3230,1749445322,2025-06-09 05:02 UTC,267616,345864,4.4848,8.85933,0.186294,0.242505,7.98855e-06,0.000119279,0.150455,0.0352132,0.13186,0.183976,0.302863
3231,1749445622,2025-06-09 05:07 UTC,267806,346072,4.47858,8.8623,0.188045,0.244845,2.26839e-05,0.000143511,0.150455,0.0351277,0.131948,0.18741,0.308673
3232,1749445922,2025-06-09 05:12 UTC,267997,346280,4.47241,8.86528,0.189801,0.247202,1.27267e-05,0.000131338,0.150454,0.035043,0.132037,0.190934,0.31469
3233,1749446222,2025-06-09 05:17 UTC,268188,346488,4.46627,8.86826,0.19156,0.249577,2.13759e-05,0.00012967,0.150459,0.0349596,0.132125,0.194462,0.320702
3234,1749446522,2025-06-09 05:22 UTC,268379,346696,4.46018,8.87125,0.193322,0.25197,1.64564e-05,0.000145388,0.150463,0.0348772,0.132214,0.198051,0.326988
3235,1749446822,2025-06-09 05:27 UTC,268571,346903,4.45413,8.87424,0.195088,0.254379,1.58101e-05,0.000139219,0.150463,0.0347959,0.132304,0.201668,0.333197
3236,1749447121,2025-06-09 05:32 UTC,268764,347110,4.44814,8.87723,0.196851,0.256797,1.49619e-05,0.000127157,0.150464,0.0347159,0.132393,0.205315,0.339577
3237,1749447421,2025-06-09 05:37 UTC,268956,347316,4.44219,8.88023,0.198623,0.259238,2.01247e-05,0.000191831,0.150466,0.0346368,0.132482,0.209004,0.346013
3238,1749447721,2025-06-09 05:42 UTC,269150,347522,4.43627,8.88323,0.200398,0.261695,1.72226e-05,0.000170253,0.150468,0.0345587,0.132572,0.212737,0.352632
3239,1749448021,2025-06-09 05:47 UTC,269343,347728,4.43041,8.88624,0.202176,0.264166,1.29876e-05,0.000147703,0.150472,0.0344817,0.132662,0.216517,0.359361
3240,1749448321,2025-06-09 05:52 UTC,269537,347933,4.4246,8.88925,0.203957,0.266652,1.73525e-05,0.000210849,0.150472,0.0344058,0.132751,0.220314,0.366139
3241,1749448621,2025-06-09 05:57 UTC,269732,348138,4.41883,8.89226,0.205741,0.269153,1.58745e-05,0.000140485,0.150472,0.0343309,0.132842,0.224163,0.373033
3242,1749448921,2025-06-09 06:02 UTC,269911,348331,4.42562,8.90451,0.205881,0.269286,7.80182e-06,0.000135565,0.150477,0.0344457,0.133208,0.224459,0.373447
3243,1749449220,2025-06-09 06:07 UTC,270052,348492,4.45088,8.93032,0.203596,0.265922,7.28781e-06,0.000132154,0.150476,0.0348415,0.133981,0.219443,0.3642
3244,1749449520,2025-06-09 06:12 UTC,270189,348646,4.4763,8.95623,0.201306,0.26256,9.31703e-06,0.000130036,0.150477,0.035242,0.134759,0.214473,0.35507
3245,1749449820,2025-06-09 06:17 UTC,270321,348794,4.5018,8.98213,0.199019,0.259211,8.46532e-06,0.000121056,0.150476,0.035646,0.13554,0.209556,0.346066
3246,1749450120,2025-06-09 06:22 UTC,270450,348936,4.52737,9.00803,0.196736,0.255877,6.54712e-06,0.000120994,0.150476,0.0360533,0.136323,0.204701,0.337195
3247,1749450420,2025-06-09 06:27 UTC,270576,349071,4.55301,9.03394,0.194457,0.252558,7.32853e-06,0.000116807,0.150476,0.0364641,0.137108,0.199913,0.328521
3248,1749450720,2025-06-09 06:32 UTC,270697,349201,4.57873,9.05985,0.19218,0.249254,7.90897e-06,0.000113989,0.150476,0.0368782,0.137896,0.195189,0.319994
3249,1749451020,2025-06-09 06:37 UTC,270816,349324,4.60451,9.08576,0.189908,0.245967,7.28314e-06,0.000104143,0.150476,0.0372957,0.138686,0.190525,0.311587
3250,1749451319,2025-06-09 06:41 UTC,270930,349442,4.63028,9.11159,0.187647,0.242706,8.03102e-06,0.000106683,0.150476,0.0377153,0.139475,0.18594,0.30337
3251,1749451619,2025-06-09 06:46 UTC,271041,349554,4.6562,9.13751,0.185383,0.239453,9.04317e-06,0.000106409,0.150476,0.0381396,0.14027,0.181404,0.295307
3252,1749451919,2025-06-09 06:51 UTC,271149,349661,4.68218,9.16343,0.183122,0.236217,9.62632e-06,9.85791e-05,0.150476,0.0385674,0.141067,0.176931,0.287399
3253,1749452219,2025-06-09 06:56 UTC,271254,349762,4.70822,9.18935,0.180867,0.233001,8.44749e-06,9.72817e-05,0.150476,0.0389987,0.141866,0.172514,0.279621
3254,1749452519,2025-06-09 07:01 UTC,271355,349858,4.73433,9.21527,0.177226,0.227663,1.74439e-05,9.38614e-05,0.150476,0.0394332,0.142668,0.165577,0.266985
3255,1749452819,2025-06-09 07:06 UTC,271454,349948,4.7605,9.2412,0.171475,0.219079,1.52705e-05,8.65568e-05,0.150476,0.0398713,0.143471,0.154925,0.247241
3256,1749453118,2025-06-09 07:11 UTC,271549,350034,4.78664,9.26704,0.165745,0.210528,1.72751e-05,9.04778e-05,0.150476,0.0403112,0.144275,0.144675,0.228323
3257,1749453418,2025-06-09 07:16 UTC,271641,350115,4.81292,9.29297,0.159999,0.201954,1.78087e-05,8.03372e-05,0.150475,0.0407561,0.145083,0.134749,0.21011
3258,1749453718,2025-06-09 07:21 UTC,271730,350191,4.83927,9.3189,0.154257,0.193388,1.57856e-05,0.000103939,0.150476,0.0412045,0.145894,0.125178,0.19264
3259,1749454018,2025-06-09 07:26 UTC,271816,350262,4.86566,9.34483,0.148517,0.185516,1.4308e-05,8.63068e-05,0.150475,0.0416563,0.146707,0.115967,0.177285
3260,1749454318,2025-06-09 07:31 UTC,271900,350328,4.89212,9.37076,0.142782,0.178862,1.60311e-05,6.4476e-05,0.150476,0.0421114,0.147523,0.107123,0.164789
3261,1749454618,2025-06-09 07:36 UTC,271980,350389,4.91862,9.3967,0.137052,0.172214,1.43004e-05,0.000140509,0.150476,0.04257,0.148341,0.0986327,0.15276
3262,1749454918,2025-06-09 07:41 UTC,272058,350446,4.94518,9.42264,0.131327,0.165571,1.49695e-05,0.000107751,0.150476,0.0430321,0.149161,0.0905065,0.141204
3263,1749455217,2025-06-09 07:46 UTC,272133,350499,4.97171,9.44849,0.125626,0.159078,1.33058e-05,6.06241e-05,0.150477,0.043496,0.14998,0.0827621,0.130346
3264,1749455517,2025-06-09 07:51 UTC,272206,350547,4.99837,9.47444,0.119914,0.152573,1.33425e-05,0.000214917,0.150476,0.0439649,0.150805,0.0753537,0.119904
3265,1749455817,2025-06-09 07:56 UTC,272275,350591,5.02509,9.50038,0.114209,0.146092,1.29493e-05,7.40325e-05,0.150476,0.0444372,0.151632,0.0683051,0.109949
3266,1749456117,2025-06-09 08:01 UTC,272342,350630,5.05185,9.52633,0.107928,0.138694,1.63049e-05,8.77184e-05,0.150476,0.0449129,0.152461,0.0609541,0.0990828
3267,1749456417,2025-06-09 08:06 UTC,272407,350665,5.07867,9.55228,0.100745,0.129862,1.57007e-05,0.000102522,0.150476,0.0453921,0.153293,0.0530585,0.0868687
3268,1749456717,2025-06-09 08:11 UTC,272469,350696,5.10554,9.57823,0.0935814,0.121049,1.61082e-05,0.000114561,0.150476,0.0458747,0.154127,0.0457306,0.0754689
3269,1749457017,2025-06-09 08:16 UTC,272528,350723,5.13245,9.60418,0.0864433,0.112259,1.33826e-05,0.000128129,0.150475,0.0463607,0.154964,0.0389653,0.0649117
3270,1749457316,2025-06-09 08:21 UTC,272585,350746,5.15933,9.63005,0.0793613,0.103526,1.36362e-05,0.000193154,0.150475,0.0468485,0.155799,0.0327888,0.0552137
3271,1749457616,2025-06-09 08:26 UTC,272640,350765,5.18634,9.656,0.072298,0.0947999,1.17094e-05,0.000150133,0.150475,0.0473414,0.15664,0.0271548,0.046296
3272,1749457916,2025-06-09 08:31 UTC,272692,350780,5.21341,9.68196,0.0652916,0.0861213,1.1131e-05,0.000160547,0.150475,0.0478377,0.157484,0.0220875,0.0382044
3273,1749458216,2025-06-09 08:36 UTC,272742,350790,5.24052,9.70792,0.0583639,0.077512,1.06501e-05,0.000171567,0.150475,0.0483375,0.158329,0.0175858,0.0309509
3274,1749458516,2025-06-09 08:41 UTC,272790,350797,5.26768,9.73388,0.0515483,0.069338,9.23125e-06,0.000176954,0.150475,0.0488406,0.159177,0.0136475,0.0247665
3275,1749458816,2025-06-09 08:46 UTC,272835,350801,5.29488,9.75984,0.0448982,0.0613524,7.93303e-06,0.00018479,0.150475,0.0493472,0.160028,0.0102732,0.0193904
3276,1749459116,2025-06-09 08:51 UTC,272878,350800,5.32213,9.78581,0.0385016,0.0535304,7.12364e-06,0.000190395,0.150475,0.0498572,0.16088,0.00746112,0.0147575
3277,1749459415,2025-06-09 08:56 UTC,272918,350796,5.34934,9.81169,0.0325235,0.0459805,8.01244e-06,0.000200185,0.150475,0.0503689,0.161732,0.00521587,0.0108921
3278,1749459715,2025-06-09 09:01 UTC,272944,350785,5.38486,9.84165,0.0273357,0.0387919,7.03211e-06,0.000203201,0.150475,0.0510283,0.162722,0.00357802,0.00775134
3279,1749460015,2025-06-09 09:06 UTC,272937,350766,5.43362,9.87807,0.0232852,0.0341368,6.60557e-06,0.000201566,0.150475,0.0519251,0.163928,0.00257184,0.00600089
3280,1749460315,2025-06-09 09:11 UTC,272924,350742,5.48249,9.91456,0.0204518,0.0353169,5.44756e-06,0.000204685,0.150475,0.0528318,0.165141,0.00212285,0.00642432
3281,1749460615,2025-06-09 09:16 UTC,272905,350714,5.53147,9.9511,0.0194636,0.038236,5.33119e-06,0.000207294,0.150475,0.0537485,0.166361,0.00219256,0.00753064
3282,1749460915,2025-06-09 09:21 UTC,272880,350681,5.58055,9.98771,0.0210237,0.0422876,5.14496e-06,0.000210853,0.150475,0.0546752,0.167587,0.0027067,0.00920375
3283,1749461214,2025-06-09 09:26 UTC,272851,350644,5.62956,10.0242,0.0247868,0.0475842,5.88467e-06,0.000212958,0.150476,0.0556087,0.168816,0.0036687,0.01166
3284,1749461514,2025-06-09 09:31 UTC,272815,350603,5.67884,10.061,0.0297646,0.0533934,6.35297e-06,0.00021618,0.150475,0.0565554,0.170055,0.00511081,0.0146807
3285,1749461814,2025-06-09 09:36 UTC,272775,350557,5.7282,10.0977,0.0353901,0.0595537,7.62719e-06,0.000220047,0.150475,0.057512,0.1713,0.00704219,0.0182651
3286,1749462114,2025-06-09 09:41 UTC,272729,350507,5.77766,10.1346,0.0413819,0.0659667,8.3458e-06,0.000227066,0.150475,0.0584787,0.172552,0.0094681,0.0224078
3287,1749462414,2025-06-09 09:46 UTC,272678,350453,5.82721,10.1715,0.0475963,0.0725655,8.99797e-06,0.000233512,0.150475,0.0594554,0.173811,0.01239,0.0271146
3288,1749462714,2025-06-09 09:51 UTC,272621,350401,5.87684,10.2084,0.0539552,0.0793038,1.08068e-05,0.000239617,0.150475,0.0604421,0.175076,0.0158068,0.0323726
3289,1749463014,2025-06-09 09:56 UTC,272560,350354,5.92656,10.2454,0.0604129,0.086215,1.103e-05,0.000248797,0.150475,0.0614388,0.176348,0.0197205,0.0382658
3290,1749463313,2025-06-09 10:01 UTC,272493,350304,5.97619,10.2824,0.0662947,0.0926589,8.70062e-06,0.000251915,0.150475,0.0624423,0.177621,0.0236713,0.044209
3291,1749463613,2025-06-09 10:06 UTC,272425,350250,6.02607,10.3195,0.0712037,0.0977862,9.06567e-06,0.000260722,0.150475,0.0634591,0.178905,0.0272435,0.0492394
3292,1749463913,2025-06-09 10:11 UTC,272348,350192,6.07602,10.3566,0.0761381,0.103135,9.83859e-06,0.000268593,0.150475,0.0644859,0.180196,0.0310922,0.0547693
3293,1749464213,2025-06-09 10:16 UTC,272267,350130,6.12605,10.3938,0.0810933,0.108632,1.03067e-05,0.000261973,0.150475,0.0655227,0.181494,0.0352177,0.0607591
3294,1749464513,2025-06-09 10:21 UTC,272180,350065,6.17615,10.4311,0.086066,0.114158,1.13753e-05,0.000281564,0.150475,0.0665696,0.182797,0.0396195,0.0671126
3295,1749464813,2025-06-09 10:26 UTC,272089,349997,6.22632,10.4684,0.0910534,0.119709,1.21138e-05,0.00028847,0.150474,0.0676266,0.184108,0.0442979,0.0737791
3296,1749465113,2025-06-09 10:31 UTC,271993,349925,6.27657,10.5058,0.0960532,0.125282,1.27101e-05,0.000299068,0.150475,0.0686936,0.185425,0.0492534,0.0808201
3297,1749465412,2025-06-09 10:36 UTC,271891,349850,6.32671,10.5431,0.101047,0.130856,1.26229e-05,0.000306148,0.150475,0.0697671,0.186743,0.0544686,0.0881676
3298,1749465712,2025-06-09 10:41 UTC,271785,349771,6.37708,10.5806,0.106067,0.136698,1.36581e-05,0.000314373,0.150474,0.0708541,0.188073,0.0599755,0.0962159
3299,1749466012,2025-06-09 10:46 UTC,271675,349688,6.42752,10.6181,0.111094,0.143259,1.51004e-05,0.000325698,0.150474,0.0719513,0.189409,0.0657587,0.105685
3300,1749466312,2025-06-09 10:51 UTC,271560,349602,6.47803,10.6556,0.116129,0.149824,1.6611e-05,0.000333049,0.150474,0.0730585,0.190752,0.0718189,0.115578
3301,1749466612,2025-06-09 10:56 UTC,271440,349513,6.52859,10.6933,0.12117,0.156391,1.64661e-05,0.000341396,0.150474,0.0741757,0.192101,0.0781568,0.125921
3302,1749466912,2025-06-09 11:01 UTC,271315,349421,6.57921,10.7309,0.125253,0.161599,7.66228e-06,0.000345451,0.150474,0.0753033,0.193457,0.0834984,0.134469
3303,1749467212,2025-06-09 11:06 UTC,271186,349325,6.62989,10.7686,0.127725,0.164524,8.63122e-06,0.000353734,0.150474,0.0764407,0.194819,0.0868063,0.139383
3304,1749467511,2025-06-09 11:11 UTC,271052,349226,6.68046,10.8063,0.130198,0.167441,8.08417e-06,0.000358605,0.150474,0.0775843,0.196183,0.0901771,0.14437
3305,1749467811,2025-06-09 11:16 UTC,270914,349123,6.73125,10.8441,0.132687,0.170367,1.06594e-05,0.00036129,0.150474,0.0787418,0.197558,0.0936292,0.149457
3306,1749468111,2025-06-09 11:21 UTC,270771,349017,6.7821,10.8819,0.135183,0.173294,1.20499e-05,0.000366255,0.150474,0.0799094,0.198939,0.0971566,0.154646
3307,1749468411,2025-06-09 11:26 UTC,270623,348908,6.833,10.9198,0.137686,0.176221,1.04629e-05,0.000377252,0.150474,0.0810871,0.200327,0.100763,0.159897
3308,1749468711,2025-06-09 11:31 UTC,270471,348795,6.88394,10.9578,0.140196,0.179148,1.09224e-05,0.000380224,0.150474,0.0822748,0.201722,0.104439,0.165257
3309,1749469011,2025-06-09 11:36 UTC,270315,348679,6.93494,10.9957,0.142712,0.182076,1.03785e-05,0.000383373,0.150477,0.0834727,0.203122,0.108191,0.170713
3310,1749469310,2025-06-09 11:41 UTC,270154,348560,6.98582,11.0336,0.145225,0.184994,1.11304e-05,0.000395517,0.150477,0.0846765,0.204525,0.112001,0.176228
3311,1749469610,2025-06-09 11:46 UTC,269988,348437,7.03691,11.0717,0.147752,0.187923,1.24031e-05,0.000393276,0.150477,0.0858944,0.205939,0.115896,0.181852
3312,1749469910,2025-06-09 11:51 UTC,269818,348312,7.08805,11.1098,0.150284,0.190852,1.28142e-05,0.000402828,0.150477,0.0871224,0.207359,0.119867,0.187555
3313,1749470210,2025-06-09 11:56 UTC,269644,348183,7.13923,11.148,0.152822,0.194191,1.23776e-05,0.000406491,0.150477,0.0883605,0.208786,0.123913,0.194178
3314,1749470510,2025-06-09 12:01 UTC,269474,348056,7.19661,11.1877,0.154226,0.19604,5.74587e-06,0.000407335,0.150477,0.0897501,0.210277,0.126183,0.197921
3315,1749470810,2025-06-09 12:06 UTC,269323,347939,7.26471,11.2301,0.153667,0.195162,4.5806e-06,0.000402557,0.150477,0.0913986,0.211874,0.125238,0.196147
3316,1749471110,2025-06-09 12:11 UTC,269169,347821,7.3329,11.2725,0.153111,0.194291,4.38461e-06,0.0004118,0.150476,0.0930651,0.213478,0.124302,0.194404
3317,1749471409,2025-06-09 12:16 UTC,269012,347702,7.40095,11.3148,0.15256,0.19343,5.04448e-06,0.000399859,0.150476,0.0947439,0.215083,0.123373,0.192664
3318,1749471709,2025-06-09 12:21 UTC,268853,347580,7.46932,11.3573,0.152009,0.192574,5.20485e-06,0.000396583,0.150476,0.0964463,0.216702,0.122449,0.190982
3319,1749472009,2025-06-09 12:26 UTC,268692,347458,7.53778,11.3999,0.151461,0.191725,4.30761e-06,0.000395236,0.150476,0.0981667,0.218327,0.121534,0.1893
3320,1749472309,2025-06-09 12:31 UTC,268528,347333,7.60632,11.4424,0.150915,0.190884,4.54508e-06,0.000392865,0.150478,0.099905,0.21996,0.120623,0.187644
3321,1749472609,2025-06-09 12:36 UTC,268362,347207,7.67493,11.485,0.150372,0.190051,4.38951e-06,0.000390751,0.150478,0.101661,0.2216,0.11972,0.186015
3322,1749472909,2025-06-09 12:41 UTC,268193,347079,7.74363,11.5276,0.149832,0.189225,5.09457e-06,0.000388086,0.150478,0.103436,0.223247,0.11882,0.184407
3323,1749473209,2025-06-09 12:46 UTC,268022,346949,7.8124,11.5702,0.149295,0.188408,4.05688e-06,0.000385403,0.150478,0.105228,0.224901,0.117931,0.182804
3324,1749473508,2025-06-09 12:51 UTC,267849,346818,7.88101,11.6127,0.148762,0.187601,4.76659e-06,0.000383471,0.150478,0.107032,0.226557,0.117048,0.181242
3325,1749473808,2025-06-09 12:56 UTC,267673,346685,7.94992,11.6554,0.14823,0.1868,4.79929e-06,0.000379556,0.150478,0.108861,0.228226,0.11617,0.17966
3326,1749474108,2025-06-09 13:01 UTC,267495,346550,8.0189,11.6981,0.146742,0.184562,3.89053e-06,0.000377078,0.150478,0.110707,0.229901,0.113825,0.175434
3327,1749474408,2025-06-09 13:06 UTC,267314,346414,8.08794,11.7409,0.143549,0.180949,4.63894e-06,0.000371117,0.150478,0.112572,0.231584,0.108926,0.168643
3328,1749474708,2025-06-09 13:11 UTC,267131,346276,8.15705,11.7836,0.140359,0.177346,5.44028e-06,0.000365556,0.150479,0.114454,0.233274,0.104135,0.161992
3329,1749475008,2025-06-09 13:16 UTC,266945,346136,8.22621,11.8264,0.13717,0.173743,3.26665e-06,0.000359142,0.150478,0.116355,0.234972,0.0994546,0.15547
3330,1749475308,2025-06-09 13:21 UTC,266757,345994,8.29544,11.8692,0.133984,0.170141,3.68788e-06,0.000351876,0.150478,0.118273,0.236676,0.0948905,0.149089
3331,1749475607,2025-06-09 13:26 UTC,266566,345851,8.36449,11.9119,0.13081,0.16655,4.28247e-06,0.000346541,0.150478,0.120203,0.238382,0.0904534,0.142861
3332,1749475907,2025-06-09 13:31 UTC,266373,345706,8.43382,11.9548,0.127629,0.162948,3.77885e-06,0.00034132,0.150478,0.122158,0.240101,0.086111,0.136742
3333,1749476207,2025-06-09 13:36 UTC,266177,345559,8.5032,11.9977,0.12445,0.159345,3.88104e-06,0.000335826,0.150478,0.124131,0.241827,0.081884,0.130767
3334,1749476507,2025-06-09 13:41 UTC,265979,345411,8.57263,12.0406,0.121274,0.155742,5.75556e-06,0.000329963,0.150478,0.126122,0.24356,0.0777685,0.124922
3335,1749476807,2025-06-09 13:46 UTC,265779,345260,8.64211,12.0836,0.118102,0.15214,3.61079e-06,0.000326393,0.150479,0.12813,0.245301,0.0737645,0.119214
3336,1749477107,2025-06-09 13:51 UTC,265576,345108,8.71162,12.1265,0.114933,0.148538,3.59535e-06,0.000318392,0.150478,0.130157,0.247048,0.0698738,0.113627
3337,1749477407,2025-06-09 13:56 UTC,265370,344954,8.78118,12.1695,0.111768,0.144946,4.46485e-06,0.000315361,0.150482,0.132202,0.248803,0.0660955,0.10821
3338,1749477706,2025-06-09 14:01 UTC,265162,344799,8.85055,12.2124,0.108244,0.140862,4.62989e-06,0.000310856,0.150482,0.134259,0.250559,0.0620166,0.102195
3339,1749478006,2025-06-09 14:06 UTC,264952,344641,8.92019,12.2554,0.104032,0.135846,3.60998e-06,0.000304868,0.150482,0.13634,0.252328,0.0573098,0.0950393
3340,1749478306,2025-06-09 14:11 UTC,264738,344482,8.98986,12.2985,0.0998312,0.13083,4.08317e-06,0.000300204,0.150484,0.138439,0.254104,0.0528016,0.0881589
3341,1749478606,2025-06-09 14:16 UTC,264523,344321,9.05957,12.3416,0.0956414,0.125877,4.03187e-06,0.000293104,0.150484,0.140556,0.255888,0.0484907,0.0816065
3342,1749478906,2025-06-09 14:21 UTC,264305,344158,9.12932,12.3847,0.0914647,0.120961,4.20509e-06,0.00028976,0.150484,0.142691,0.257679,0.0443758,0.0753567
3343,1749479206,2025-06-09 14:26 UTC,264084,343994,9.1991,12.4278,0.0873032,0.116046,3.77644e-06,0.000284371,0.150484,0.144845,0.259476,0.0404586,0.0693589
3344,1749479505,2025-06-09 14:31 UTC,263861,343827,9.26868,12.4708,0.0831733,0.111148,3.22111e-06,0.000279888,0.150484,0.147009,0.261275,0.0367498,0.0636275
3345,1749479805,2025-06-09 14:36 UTC,263636,343659,9.33853,12.514,0.0790505,0.106234,3.14256e-06,0.000275459,0.150484,0.149198,0.263088,0.033226,0.0581245
3346,1749480105,2025-06-09 14:41 UTC,263408,343489,9.4084,12.5572,0.0749526,0.101624,3.41856e-06,0.000270349,0.150483,0.151406,0.264907,0.0298981,0.0531829
3347,1749480405,2025-06-09 14:46 UTC,263177,343317,9.47831,12.6004,0.0708846,0.0974273,3.37531e-06,0.000267956,0.150484,0.153631,0.266734,0.0267673,0.0488845
3348,1749480705,2025-06-09 14:51 UTC,262944,343143,9.54825,12.6436,0.0668529,0.0932313,3.56811e-06,0.000273045,0.150484,0.155875,0.268567,0.0238325,0.0447596
3349,1749481005,2025-06-09 14:56 UTC,262708,342968,9.61821,12.6869,0.0628653,0.089036,3.85725e-06,0.000260424,0.150483,0.158137,0.270408,0.021093,0.0408251
3350,1749481305,2025-06-09 15:01 UTC,262484,342795,9.66842,12.7154,0.0591139,0.0849265,4.62228e-06,0.00025593,0.150484,0.159778,0.271623,0.0186641,0.0371521
3351,1749481604,2025-06-09 15:06 UTC,262288,342633,9.68185,12.7163,0.0557444,0.0809934,7.22966e-06,0.000254074,0.150484,0.160238,0.271663,0.0166021,0.0337917
3352,1749481904,2025-06-09 15:11 UTC,262093,342471,9.69534,12.7172,0.052387,0.077068,8.65858e-06,0.000246421,0.150484,0.160701,0.271703,0.0146656,0.0305853
3353,1749482204,2025-06-09 15:16 UTC,261897,342307,9.70885,12.7415,0.0490579,0.0731439,6.6104e-06,0.000245858,0.150483,0.161166,0.272742,0.0128641,0.0275509
3354,1749482504,2025-06-09 15:21 UTC,261702,342143,9.72237,12.7736,0.0457634,0.0692212,5.91659e-06,0.000241475,0.150483,0.161633,0.274117,0.011198,0.0246762
3355,1749482804,2025-06-09 15:26 UTC,261506,341979,9.7359,12.8057,0.0425121,0.0653001,9.2782e-06,0.000238788,0.150484,0.162102,0.275494,0.00966285,0.0219558
3356,1749483104,2025-06-09 15:31 UTC,261310,341814,9.74946,12.8377,0.0393148,0.0613811,2.35474e-05,0.000231127,0.150483,0.162573,0.276876,0.00826975,0.0194165
3357,1749483404,2025-06-09 15:36 UTC,261113,341648,9.76302,12.8698,0.0361865,0.0574644,1.98347e-05,0.000232377,0.150483,0.163045,0.278261,0.00700077,0.0170235
3358,1749483703,2025-06-09 15:41 UTC,260917,341481,9.77655,12.9017,0.0331574,0.0535638,1.67957e-05,0.000231218,0.150483,0.163517,0.279644,0.00587171,0.0147735
3359,1749484003,2025-06-09 15:46 UTC,260720,341314,9.79015,12.9338,0.0302349,0.0499861,1.34479e-05,0.000230529,0.150483,0.163993,0.281036,0.00487205,0.0128752
3360,1749484303,2025-06-09 15:51 UTC,260523,341146,9.80375,12.9659,0.0274675,0.0465232,1.61747e-05,0.0002236,0.150483,0.16447,0.28243,0.00400576,0.0111525
3361,1749484603,2025-06-09 15:56 UTC,260325,340977,9.81738,12.9979,0.0249077,0.0430752,2.15442e-05,0.000221886,0.150483,0.16495,0.283829,0.00327502,0.00957791
3362,1749484903,2025-06-09 16:01 UTC,260127,340807,9.83101,13.03,0.0229624,0.0402318,3.5493e-05,0.000220144,0.150483,0.16543,0.285233,0.00275698,0.00833328
3363,1749485203,2025-06-09 16:06 UTC,259929,340637,9.84466,13.0621,0.0218141,0.0385205,2.4113e-05,0.000219195,0.150483,0.165913,0.286637,0.00248224,0.00763442
3364,1749485503,2025-06-09 16:11 UTC,259731,340466,9.85832,13.0941,0.0207453,0.0368636,2.46642e-05,0.000221563,0.150483,0.166398,0.288047,0.0022357,0.0070126
3365,1749485802,2025-06-09 16:16 UTC,259532,340294,9.87195,13.1261,0.0197734,0.0353471,2.18734e-05,0.000205677,0.150484,0.166882,0.289454,0.00201855,0.0064335
3366,1749486102,2025-06-09 16:21 UTC,259333,340122,9.88564,13.1582,0.0189085,0.0338698,2.09181e-05,0.000223063,0.150483,0.16737,0.29087,0.00183305,0.00590841
3367,1749486402,2025-06-09 16:26 UTC,259133,339948,9.89935,13.1902,0.0181737,0.032417,2.25323e-05,0.000210623,0.150483,0.16786,0.29229,0.00167466,0.00541534
3368,1749486702,2025-06-09 16:31 UTC,258933,339774,9.91306,13.2223,0.0175942,0.0309789,2.11062e-05,0.00020242,0.150483,0.168352,0.293712,0.00154852,0.00493298
3369,1749487002,2025-06-09 16:36 UTC,258732,339599,9.92679,13.2544,0.0171908,0.0295574,1.60993e-05,0.000209436,0.150483,0.168845,0.295139,0.00144922,0.00450713
3370,1749487302,2025-06-09 16:41 UTC,258531,339423,9.94054,13.2864,0.0169634,0.0282498,1.79159e-05,0.000213264,0.150483,0.16934,0.296568,0.00138092,0.00411027
3371,1749487601,2025-06-09 16:46 UTC,258330,339246,9.95424,13.3184,0.016909,0.0293745,1.90563e-05,0.000207379,0.150483,0.169835,0.297998,0.00134256,0.00444317
3372,1749487901,2025-06-09 16:51 UTC,258128,339069,9.96801,13.3505,0.0170247,0.0305684,1.78037e-05,0.000200919,0.150483,0.170334,0.299436,0.00133589,0.00481245
3373,1749488201,2025-06-09 16:56 UTC,257925,338890,9.98179,13.3825,0.0173047,0.0318205,2.42901e-05,0.000207993,0.150483,0.170834,0.300875,0.00136244,0.00521412
3374,1749488501,2025-06-09 17:01 UTC,257722,338711,9.99559,13.4146,0.0175272,0.0319929,4.07644e-05,0.000207768,0.150483,0.171336,0.30232,0.00139349,0.00527045
3375,1749488801,2025-06-09 17:06 UTC,257519,338531,10.0094,13.4467,0.0174224,0.0299543,3.39745e-05,0.00019554,0.150483,0.17184,0.303765,0.00139342,0.0046203
3376,1749489101,2025-06-09 17:11 UTC,257315,338350,10.0232,13.4787,0.0173696,0.0279197,2.57495e-05,0.00020682,0.150483,0.172346,0.305214,0.00139752,0.00401525
3377,1749489401,2025-06-09 17:16 UTC,257111,338168,10.037,13.5108,0.017371,0.0267698,2.92922e-05,0.000204895,0.150483,0.172853,0.306672,0.00141738,0.00369119
3378,1749489700,2025-06-09 17:21 UTC,256905,337985,10.0508,13.5428,0.0174282,0.027077,2.7027e-05,0.000194553,0.150485,0.17336,0.308122,0.00144005,0.00378209
3379,1749490000,2025-06-09 17:26 UTC,256700,337801,10.0647,13.5748,0.0175421,0.0279879,2.02946e-05,0.000198721,0.150485,0.173871,0.309583,0.00147685,0.00402167
3380,1749490300,2025-06-09 17:31 UTC,256494,337616,10.0786,13.6069,0.017712,0.0289066,1.83519e-05,0.000197683,0.150485,0.174384,0.311047,0.00152021,0.00430326
3381,1749490600,2025-06-09 17:36 UTC,256287,337431,10.0924,13.639,0.0179372,0.0298324,1.68181e-05,0.000193322,0.150485,0.174898,0.312515,0.00157339,0.00458286
3382,1749490900,2025-06-09 17:41 UTC,256079,337244,10.1063,13.671,0.0182163,0.0307647,1.4262e-05,0.000198662,0.150485,0.175415,0.313987,0.0016345,0.00487289
3383,1749491200,2025-06-09 17:46 UTC,255872,337056,10.1202,13.7039,0.0185473,0.0317028,2.05597e-05,0.000246448,0.150485,0.175933,0.3155,0.00170618,0.00518016
3384,1749491500,2025-06-09 17:51 UTC,255663,336868,10.1342,13.7431,0.0189274,0.0326741,3.94718e-05,0.000182958,0.150486,0.176452,0.317309,0.00178415,0.00547762
3385,1749491799,2025-06-09 17:56 UTC,255454,336679,10.148,13.7868,0.0193528,0.0336595,4.37527e-05,0.00018926,0.150485,0.176972,0.31933,0.00187378,0.00579701
3386,1749492099,2025-06-09 18:01 UTC,255266,336518,10.1565,13.8189,0.0200737,0.0355685,3.44573e-05,0.000209268,0.150485,0.177292,0.320816,0.00203735,0.00649979
3387,1749492399,2025-06-09 18:06 UTC,255128,336423,10.1538,13.8269,0.0217285,0.0393629,2.90345e-05,0.000169639,0.150485,0.177203,0.321188,0.00244279,0.00797381
3388,1749492699,2025-06-09 18:11 UTC,254992,336333,10.1511,13.835,0.0239096,0.043198,2.52648e-05,0.000189142,0.150485,0.177113,0.321561,0.00300446,0.00959996
3389,1749492999,2025-06-09 18:16 UTC,254858,336248,10.1485,13.843,0.0264779,0.047064,2.46752e-05,0.000204019,0.150485,0.177025,0.321936,0.00372029,0.0114118
3390,1749493299,2025-06-09 18:21 UTC,254727,336167,10.1458,13.851,0.0293296,0.0509592,2.308e-05,0.000194657,0.150485,0.176937,0.32231,0.00459228,0.0133667
3391,1749493599,2025-06-09 18:26 UTC,254599,336091,10.1432,13.8591,0.0323903,0.0549438,1.9102e-05,0.000189191,0.150485,0.17685,0.322685,0.00561935,0.0155479
3392,1749493898,2025-06-09 18:31 UTC,254472,336019,10.1406,13.8671,0.0355949,0.0589894,1.92479e-05,0.000198469,0.150485,0.176763,0.323059,0.00679871,0.0179225
3393,1749494198,2025-06-09 18:36 UTC,254349,335951,10.1381,13.8751,0.0389262,0.0631158,1.69956e-05,0.000206057,0.150485,0.176677,0.323433,0.00813364,0.0205018
3394,1749494498,2025-06-09 18:41 UTC,254227,335888,10.1355,13.8832,0.0423459,0.0673336,1.49877e-05,0.000202435,0.150485,0.176592,0.323809,0.00962915,0.0233459
3395,1749494798,2025-06-09 18:46 UTC,254108,335829,10.133,13.8912,0.0458338,0.0718559,1.16863e-05,0.000203883,0.150485,0.176507,0.324184,0.0112767,0.0265896
3396,1749495098,2025-06-09 18:51 UTC,253990,335775,10.1305,13.8993,0.049375,0.076381,1.20306e-05,0.000206433,0.150485,0.176423,0.32456,0.013083,0.0300393
3397,1749495398,2025-06-09 18:56 UTC,253876,335724,10.128,13.9074,0.0529588,0.0809084,9.24184e-06,0.000213764,0.150485,0.176339,0.324936,0.0150446,0.033702
3398,1749495697,2025-06-09 19:01 UTC,253763,335677,10.1255,13.9154,0.0571874,0.0862402,1.04732e-05,0.000214026,0.150485,0.176256,0.325312,0.0175465,0.0382738
3399,1749495997,2025-06-09 19:06 UTC,253652,335634,10.1231,13.9235,0.0628427,0.0933016,1.14992e-05,0.000215286,0.150485,0.176174,0.325689,0.0212174,0.0448105
3400,1749496297,2025-06-09 19:11 UTC,253543,335595,10.1207,13.9315,0.0686213,0.100396,1.14255e-05,0.000221821,0.150485,0.176093,0.326067,0.0253097,0.0518796
3401,1749496597,2025-06-09 19:16 UTC,253437,335560,10.1182,13.9418,0.0744936,0.107533,1.9001e-05,0.00021535,0.150486,0.176012,0.326548,0.0298276,0.0595543
3402,1749496897,2025-06-09 19:21 UTC,253332,335528,10.1159,13.9563,0.0804381,0.114749,1.62687e-05,0.000234812,0.150486,0.175932,0.327226,0.0347764,0.0678336
3403,1749497197,2025-06-09 19:26 UTC,253229,335500,10.1135,13.9707,0.0864392,0.122038,1.87368e-05,0.000235695,0.150486,0.175852,0.327905,0.0401242,0.0766422
3404,1749497497,2025-06-09 19:31 UTC,253129,335476,10.1111,13.9852,0.092485,0.12936,1.97923e-05,0.000235501,0.150486,0.175772,0.328586,0.0459057,0.0861217
3405,1749497796,2025-06-09 19:36 UTC,253030,335455,10.1088,13.9997,0.0985466,0.136687,4.25746e-05,0.000248397,0.150486,0.175695,0.329265,0.0521046,0.0961777
3406,1749498096,2025-06-09 19:41 UTC,252933,335438,10.1065,14.0142,0.104658,0.14404,2.70816e-05,0.000242712,0.150488,0.175617,0.329946,0.0587261,0.106731
3407,1749498396,2025-06-09 19:46 UTC,252838,335424,10.1042,14.0287,0.110793,0.151393,2.48732e-05,0.000252665,0.15049,0.17554,0.33063,0.0657931,0.118062
3408,1749498696,2025-06-09 19:51 UTC,252745,335413,10.1019,14.0432,0.116949,0.158769,2.34465e-05,0.000249225,0.150489,0.175463,0.331317,0.0732671,0.129768
3409,1749498996,2025-06-09 19:56 UTC,252654,335406,10.0997,14.0578,0.123121,0.16616,2.28712e-05,0.000253555,0.150489,0.175387,0.332003,0.0811704,0.142105
3410,1749499296,2025-06-09 20:01 UTC,252582,335402,10.0975,14.0723,0.129548,0.173883,3.18042e-05,0.000257322,0.15049,0.175312,0.332691,0.0898179,0.155623
3411,1749499596,2025-06-09 20:06 UTC,252487,335401,10.0953,14.0923,0.136506,0.182365,2.47482e-05,0.000276388,0.150489,0.175237,0.333635,0.0996976,0.171215
3412,1749499895,2025-06-09 20:11 UTC,252401,335402,10.0931,14.1135,0.143463,0.191324,3.11044e-05,0.000278982,0.150489,0.175163,0.334641,0.110064,0.188416
3413,1749500195,2025-06-09 20:16 UTC,252316,335407,10.0909,14.1348,0.150463,0.200316,3.22995e-05,0.000283674,0.150491,0.17509,0.335652,0.12102,0.206565
3414,1749500495,2025-06-09 20:21 UTC,252233,335415,10.0888,14.1561,0.157479,0.20931,2.86988e-05,0.000290643,0.150491,0.175018,0.336666,0.132528,0.225524
3415,1749500795,2025-06-09 20:26 UTC,252151,335426,10.0866,14.1775,0.164509,0.218305,3.36086e-05,0.000300236,0.150493,0.174946,0.337682,0.144567,0.245281
3416,1749501095,2025-06-09 20:31 UTC,252072,335439,10.0845,14.1989,0.171552,0.2273,3.49869e-05,0.000305663,0.150496,0.174874,0.338701,0.157157,0.265927
3417,1749501395,2025-06-09 20:36 UTC,251994,335456,10.0824,14.2203,0.178605,0.236296,3.80121e-05,0.000303034,0.150502,0.174803,0.339723,0.170289,0.287431
3418,1749501695,2025-06-09 20:41 UTC,251917,335476,10.0804,14.2417,0.185669,0.245293,4.59682e-05,0.000341083,0.150519,0.174733,0.340746,0.183961,0.309714
3419,1749501994,2025-06-09 20:46 UTC,251842,335498,10.0783,14.263,0.192717,0.25426,4.56707e-05,0.000323134,0.150519,0.174664,0.341769,0.198134,0.332753
3420,1749502294,2025-06-09 20:51 UTC,251769,335523,10.0763,14.2845,0.199796,0.263258,5.52892e-05,0.000330168,0.150524,0.174595,0.342798,0.212886,0.35671
3421,1749502594,2025-06-09 20:56 UTC,251697,335551,10.0743,14.306,0.206882,0.272256,5.25295e-05,0.000348934,0.150539,0.174527,0.34383,0.228207,0.381505
3422,1749502894,2025-06-09 21:01 UTC,251629,335582,10.067,14.3246,0.213542,0.280866,3.84975e-05,0.000842111,0.150555,0.174285,0.344727,0.243125,0.406084
3423,1749503194,2025-06-09 21:06 UTC,251581,335617,10.0483,14.337,0.219262,0.288627,4.76057e-05,0.000347144,0.150567,0.17366,0.345325,0.256257,0.428841
3424,1749503494,2025-06-09 21:11 UTC,251536,335655,10.0295,14.3495,0.224982,0.296388,6.09442e-05,0.000535615,0.150584,0.173038,0.345919,0.269736,0.452261
3425,1749503794,2025-06-09 21:16 UTC,251493,335695,10.0109,14.3619,0.230703,0.304149,9.09054e-05,0.00108026,0.150628,0.172418,0.346524,0.283518,0.476016
3426,1749504093,2025-06-09 21:21 UTC,251452,335738,9.99232,14.3743,0.236406,0.311884,0.000153302,0.000624667,0.150743,0.171801,0.347121,0.297518,0.500108
3427,1749504393,2025-06-09 21:26 UTC,251414,335784,9.97373,14.3867,0.242129,0.319645,0.000198146,0.000889455,0.150942,0.171186,0.347721,0.311965,0.525009
3428,1749504693,2025-06-09 21:31 UTC,251378,335832,9.95519,14.3992,0.247853,0.327407,0.000276348,0.00153085,0.151226,0.170572,0.348323,0.326667,0.550478
3429,1749504993,2025-06-09 21:36 UTC,251344,335883,9.9367,14.4116,0.253578,0.335169,0.0003558,0.00186768,0.15152,0.16996,0.348925,0.34173,0.576751
3430,1749505293,2025-06-09 21:41 UTC,251312,335937,9.91824,14.4241,0.259304,0.34293,0.0004858,0.00311444,0.152295,0.16935,0.349528,0.356996,0.602134
3431,1749505593,2025-06-09 21:46 UTC,251279,335993,9.89983,14.4365,0.26503,0.350692,0.000557386,0.00600821,0.153267,0.168745,0.35012,0.372797,0.630254
3432,1749505892,2025-06-09 21:51 UTC,251260,336051,9.88153,14.4489,0.270738,0.358428,0.000687494,0.00578546,0.154415,0.16814,0.35072,0.388609,0.65792
3433,1749506192,2025-06-09 21:56 UTC,251238,336112,9.86321,14.4614,0.276466,0.366191,0.00138965,0.00349287,0.157224,0.16752,0.351326,0.403254,0.683138
3434,1749506492,2025-06-09 22:01 UTC,251214,336175,9.84493,14.4738,0.281319,0.372845,0.000962201,0.00410568,0.159925,0.166937,0.351891,0.418926,0.709798
3435,1749506792,2025-06-09 22:06 UTC,251193,336241,9.8267,14.4863,0.284192,0.376997,0.000749676,0.00402776,0.161358,0.166348,0.352544,0.427931,0.726599
3436,1749507092,2025-06-09 22:11 UTC,251173,336309,9.80851,14.4988,0.287066,0.381149,0.00105613,0.00400459,0.164711,0.165748,0.35316,0.435832,0.741901
3437,1749507392,2025-06-09 22:16 UTC,251156,336379,9.79037,14.5112,0.28994,0.3853,0.00120092,0.00530842,0.167192,0.165157,0.353763,0.444446,0.758473
3438,1749507692,2025-06-09 22:21 UTC,251143,336452,9.77227,14.5237,0.292815,0.389551,0.00137076,0.00527021,0.17037,0.164565,0.354374,0.452657,0.773476
3439,1749507991,2025-06-09 22:26 UTC,251132,336526,9.75427,14.5361,0.29568,0.393906,0.00193412,0.00815223,0.175007,0.163965,0.354945,0.45983,0.787969
3440,1749508291,2025-06-09 22:31 UTC,251121,336603,9.73626,14.5486,0.298555,0.398275,0.00228551,0.00624753,0.179672,0.163375,0.355578,0.467994,0.803746
3441,1749508591,2025-06-09 22:36 UTC,251117,336682,9.7183,14.561,0.301431,0.402645,0.00301332,0.00817182,0.185546,0.162771,0.356196,0.474573,0.817547
3442,1749508891,2025-06-09 22:41 UTC,251115,336764,9.70038,14.5735,0.304306,0.407015,0.00247238,0.0240672,0.191087,0.162214,0.356809,0.485765,0.838735
3443,1749509191,2025-06-09 22:46 UTC,251115,336847,9.6825,14.586,0.307182,0.411385,0.00285417,0.00693133,0.195904,0.161626,0.357407,0.493645,0.852854
3444,1749509491,2025-06-09 22:51 UTC,251120,336933,9.66467,14.5985,0.310059,0.415755,0.00468874,0.0126366,0.204215,0.161003,0.358082,0.497627,0.866449
3445,1749509791,2025-06-09 22:56 UTC,251118,337020,9.64688,14.611,0.312935,0.420125,0.00488857,0.0129506,0.208395,0.160425,0.358638,0.506081,0.880189
3446,1749510090,2025-06-09 23:01 UTC,251120,337110,9.62919,14.6234,0.314731,0.422984,0.00442642,0.0130989,0.211512,0.159875,0.359259,0.513432,0.897842
3447,1749510390,2025-06-09 23:06 UTC,251121,337201,9.61149,14.6359,0.314036,0.422367,0.0042399,0.0144678,0.214632,0.159315,0.359877,0.511552,0.891534
3448,1749510690,2025-06-09 23:11 UTC,251124,337294,9.59384,14.6484,0.313342,0.421751,0.00457673,0.0119257,0.217796,0.158745,0.360481,0.50822,0.886102
3449,1749510990,2025-06-09 23:16 UTC,251132,337389,9.57623,14.6609,0.312648,0.421135,0.00449467,0.0144177,0.22037,0.158186,0.361093,0.505855,0.882168
3450,1749511290,2025-06-09 23:21 UTC,251139,337486,9.55866,14.6733,0.311955,0.420519,0.00544476,0.0271261,0.223212,0.157604,0.361713,0.500847,0.878784
3451,1749511590,2025-06-09 23:26 UTC,251147,337586,9.54114,14.6858,0.311262,0.419904,0.00482192,0.0491699,0.225971,0.157068,0.362334,0.500306,0.878171
3452,1749511890,2025-06-09 23:31 UTC,251160,337687,9.52366,14.6983,0.310569,0.419288,0.00469463,0.0342688,0.228548,0.156518,0.362949,0.498281,0.875416
3453,1749512189,2025-06-09 23:36 UTC,251171,337790,9.50629,14.7108,0.309879,0.418675,0.00478733,0.0232483,0.230401,0.15597,0.363561,0.495737,0.872424
3454,1749512489,2025-06-09 23:41 UTC,251187,337896,9.4889,14.7233,0.309187,0.418061,0.00478473,0.0101954,0.232623,0.155424,0.364209,0.493564,0.871577
3455,1749512789,2025-06-09 23:46 UTC,251202,338003,9.47155,14.7358,0.308496,0.417446,0.00431727,0.00938283,0.234355,0.154893,0.3648,0.492589,0.869967
3456,1749513089,2025-06-09 23:51 UTC,251218,338112,9.45425,14.7483,0.307805,0.416832,0.00444532,0.00967892,0.236161,0.154348,0.365421,0.489879,0.867109
3457,1749513389,2025-06-09 23:56 UTC,251236,338223,9.43699,14.7608,0.307115,0.416218,0.00456515,0.0215568,0.238567,0.153805,0.366041,0.4872,0.865649
3458,1749513689,2025-06-10 00:01 UTC,251257,338335,9.42179,14.7676,0.305246,0.414064,0.00402936,0.0306149,0.240337,0.153341,0.366383,0.482813,0.858397
3459,1749513988,2025-06-10 00:06 UTC,251286,338439,9.41146,14.761,0.300601,0.408276,0.00313856,0.0315344,0.241175,0.153025,0.36605,0.470712,0.838537
3460,1749514288,2025-06-10 00:11 UTC,251317,338545,9.40116,14.7543,0.295942,0.40247,0.00224354,0.0356785,0.241973,0.152711,0.365718,0.458685,0.818454
3461,1749514588,2025-06-10 00:16 UTC,251350,338651,9.39094,14.7476,0.291285,0.396664,0.00163038,0.0487987,0.242712,0.152391,0.365384,0.446059,0.799601
3462,1749514888,2025-06-10 00:21 UTC,251391,338758,9.38078,14.7409,0.28663,0.39086,0.000734163,0.175232,0.243138,0.152082,0.365057,0.434422,0.781144
3463,1749515188,2025-06-10 00:26 UTC,251428,338866,9.3707,14.7343,0.281977,0.385056,0.000128533,0.149791,0.243349,0.151767,0.364726,0.422107,0.761458
3464,1749515488,2025-06-10 00:31 UTC,251467,338974,9.36069,14.7276,0.277326,0.379253,3.62133e-05,0.15623,0.243367,0.151441,0.364396,0.408557,0.740183
3465,1749515788,2025-06-10 00:36 UTC,251507,339084,9.35075,14.7209,0.272677,0.373452,3.53047e-05,0.152896,0.243368,0.151113,0.364066,0.394929,0.718361
3466,1749516087,2025-06-10 00:41 UTC,251550,339195,9.34092,14.7143,0.268046,0.36767,4.33833e-05,0.165444,0.243373,0.15079,0.363737,0.381577,0.696311
3467,1749516387,2025-06-10 00:46 UTC,251603,339307,9.33112,14.7076,0.263402,0.361871,4.58577e-05,0.180931,0.243417,0.150467,0.363407,0.368372,0.674508
3468,1749516687,2025-06-10 00:51 UTC,251649,339419,9.3214,14.7009,0.258761,0.356073,4.63353e-05,0.194524,0.243415,0.150147,0.363078,0.355419,0.653077
3469,1749516987,2025-06-10 00:56 UTC,251697,339533,9.31175,14.6943,0.254122,0.350275,7.97629e-05,0.20682,0.243511,0.14983,0.362748,0.34272,0.632106
3470,1749517287,2025-06-10 01:01 UTC,251755,339647,9.30217,14.6876,0.248456,0.343312,8.42112e-05,0.217941,0.243533,0.149516,0.362419,0.327623,0.607265
3471,1749517587,2025-06-10 01:06 UTC,251809,339763,9.29267,14.6809,0.240268,0.333492,7.25942e-05,0.227519,0.243564,0.149203,0.36209,0.306381,0.573067
3472,1749517887,2025-06-10 01:11 UTC,251862,339879,9.28324,14.6743,0.232081,0.323675,6.72734e-05,0.235183,0.243571,0.148893,0.361761,0.285878,0.539688
3473,1749518186,2025-06-10 01:16 UTC,251920,339996,9.27391,14.6676,0.223923,0.313893,7.95725e-05,0.240762,0.243589,0.148587,0.361434,0.266202,0.507717
3474,1749518486,2025-06-10 01:21 UTC,251976,340114,9.26462,14.661,0.215739,0.304119,7.46863e-05,0.244289,0.243598,0.148282,0.361105,0.24713,0.476514
3475,1749518786,2025-06-10 01:26 UTC,252034,340233,9.25541,14.6543,0.207558,0.294396,7.74626e-05,0.24595,0.243608,0.14798,0.360777,0.228792,0.446501
3476,1749519086,2025-06-10 01:31 UTC,252094,340353,9.24627,14.6476,0.199378,0.284676,7.76903e-05,0.246009,0.243642,0.14768,0.360449,0.211164,0.417574
3477,1749519386,2025-06-10 01:36 UTC,252155,340474,9.2372,14.641,0.1912,0.27496,7.68826e-05,0.244749,0.243661,0.147383,0.360121,0.19425,0.389519
3478,1749519686,2025-06-10 01:41 UTC,252218,340596,9.2282,14.6343,0.183026,0.265248,9.40913e-05,0.242438,0.243691,0.147089,0.359793,0.178067,0.362633
3479,1749519986,2025-06-10 01:46 UTC,252279,340719,9.21928,14.6276,0.174854,0.25554,8.31737e-05,0.239307,0.243711,0.146797,0.359466,0.162575,0.336404
3480,1749520285,2025-06-10 01:51 UTC,252345,340842,9.21046,14.621,0.166712,0.245874,6.65153e-05,0.234192,0.243724,0.146508,0.359139,0.147841,0.311532
3481,1749520585,2025-06-10 01:56 UTC,252412,340967,9.20168,14.6143,0.158548,0.236185,7.69301e-05,0.229419,0.243744,0.146222,0.358812,0.133798,0.287442
3482,1749520885,2025-06-10 02:01 UTC,252478,341092,9.19298,14.6077,0.149841,0.225864,7.97172e-05,0.216001,0.243745,0.145938,0.358485,0.119627,0.262923
3483,1749521185,2025-06-10 02:06 UTC,252549,341219,9.18434,14.601,0.139757,0.213935,8.29415e-05,0.197752,0.243786,0.145656,0.358157,0.104242,0.235876
3484,1749521485,2025-06-10 02:11 UTC,252621,341346,9.17579,14.5943,0.129684,0.202017,6.9575e-05,0.184339,0.243796,0.145377,0.357831,0.0899521,0.210292
3485,1749521785,2025-06-10 02:16 UTC,252695,341474,9.1673,14.5877,0.119623,0.190111,6.12035e-05,0.169171,0.243805,0.1451,0.357505,0.076747,0.186277
3486,1749522085,2025-06-10 02:21 UTC,252764,341603,9.15889,14.581,0.109577,0.178218,5.84329e-05,0.143966,0.243796,0.144826,0.357178,0.0646396,0.163675
3487,1749522384,2025-06-10 02:26 UTC,252840,341733,9.15058,14.5744,0.0995846,0.166382,5.17174e-05,0.134157,0.243805,0.144556,0.356852,0.0536502,0.14265
3488,1749522684,2025-06-10 02:31 UTC,252918,341864,9.14232,14.5677,0.0895851,0.154528,4.69587e-05,0.125277,0.243818,0.144287,0.356527,0.0437131,0.123049
3489,1749522984,2025-06-10 02:36 UTC,252997,341996,9.13412,14.561,0.0796223,0.1427,4.91049e-05,0.116457,0.243837,0.144021,0.3562,0.0348716,0.104953
3490,1749523284,2025-06-10 02:41 UTC,253078,342129,9.12601,14.5544,0.0697127,0.130905,4.19562e-05,0.107626,0.243849,0.143757,0.355879,0.0271114,0.0883144
3491,1749523584,2025-06-10 02:46 UTC,253151,342262,9.11796,14.5477,0.0598864,0.119163,3.33182e-05,0.0987642,0.243823,0.143496,0.355549,0.0204382,0.0732005
3492,1749523884,2025-06-10 02:51 UTC,253235,342397,9.10999,14.5411,0.0502092,0.107486,3.27707e-05,0.0813054,0.243831,0.143238,0.355224,0.0148532,0.0595421
3493,1749524183,2025-06-10 02:56 UTC,253320,342532,9.10212,14.5347,0.0409237,0.0959969,2.03393e-05,0.000999852,0.243861,0.142982,0.354914,0.010352,0.0474957
3494,1749524483,2025-06-10 03:01 UTC,253403,342666,9.08537,14.5127,0.0328423,0.0846859,2.20004e-05,0.000424297,0.243863,0.142446,0.353838,0.0068932,0.0369706
3495,1749524783,2025-06-10 03:06 UTC,253462,342785,9.04535,14.4496,0.026734,0.0734413,1.38788e-05,0.000395245,0.243867,0.141173,0.350776,0.00434791,0.0278003
3496,1749525083,2025-06-10 03:11 UTC,253521,342902,9.00536,14.387,0.0228458,0.062623,2.06806e-05,0.000370283,0.243877,0.139908,0.347735,0.00264409,0.020209
3497,1749525383,2025-06-10 03:16 UTC,253579,343019,8.96542,14.3243,0.0216317,0.0524833,3.1735e-05,0.000349885,0.243903,0.13865,0.344715,0.00205227,0.0141995
3498,1749525683,2025-06-10 03:21 UTC,253638,343135,8.92552,14.2617,0.0237499,0.0559189,1.55692e-05,0.000352269,0.243906,0.137399,0.341705,0.00284701,0.0161013
3499,1749525983,2025-06-10 03:26 UTC,253696,343250,8.88566,14.199,0.0290982,0.0672146,3.31375e-05,0.000324667,0.243909,0.136155,0.33871,0.00467852,0.0232491
3500,1749526282,2025-06-10 03:31 UTC,253754,343364,8.84597,14.1366,0.0363488,0.0785068,1.87451e-05,0.000319029,0.243907,0.134922,0.335737,0.00741834,0.0317215
3501,1749526582,2025-06-10 03:36 UTC,253812,343478,8.8062,14.074,0.0446452,0.0898581,2.94125e-05,0.000301499,0.243921,0.133692,0.332768,0.0111062,0.0415483
3502,1749526882,2025-06-10 03:41 UTC,253869,343590,8.76647,14.0113,0.0534836,0.101224,3.78483e-05,0.000243331,0.243946,0.13247,0.329812,0.0157677,0.0527101
3503,1749527182,2025-06-10 03:46 UTC,253927,343702,8.72678,13.9487,0.0626195,0.112599,2.51542e-05,0.000248377,0.243947,0.131254,0.326869,0.0214236,0.0652482
3504,1749527482,2025-06-10 03:51 UTC,253984,343813,8.68714,13.886,0.0719287,0.123981,4.99543e-05,0.000340458,0.243966,0.130046,0.32394,0.0280545,0.079096
3505,1749527782,2025-06-10 03:56 UTC,254041,343924,8.64754,13.8234,0.0813457,0.135369,5.13704e-05,0.000315107,0.243982,0.128844,0.321025,0.0356862,0.0942726
3506,1749528082,2025-06-10 04:01 UTC,254098,344034,8.60799,13.7607,0.090207,0.14594,3.00441e-05,0.000322856,0.244003,0.127649,0.318124,0.0437292,0.109641
3507,1749528381,2025-06-10 04:06 UTC,254155,344143,8.56862,13.6983,0.0974205,0.153637,4.00893e-05,0.000308979,0.244016,0.126466,0.315241,0.0508205,0.121442
3508,1749528681,2025-06-10 04:11 UTC,254212,344252,8.52916,13.6357,0.104687,0.161362,5.05092e-05,0.000349826,0.244025,0.125286,0.312366,0.0585225,0.133991
3509,1749528981,2025-06-10 04:16 UTC,254269,344360,8.48975,13.573,0.111975,0.169094,5.25435e-05,0.000503757,0.244033,0.124112,0.309501,0.066819,0.147113
3510,1749529281,2025-06-10 04:21 UTC,254325,344467,8.4504,13.5104,0.119282,0.176834,6.15749e-05,0.000519663,0.244082,0.122946,0.306651,0.075696,0.160858
3511,1749529581,2025-06-10 04:26 UTC,254382,344574,8.41109,13.4477,0.126603,0.184576,5.79652e-05,0.000597173,0.244089,0.121787,0.303815,0.0851745,0.17538
3512,1749529881,2025-06-10 04:31 UTC,254439,344681,8.37183,13.3851,0.133937,0.192319,5.17255e-05,0.000732018,0.244127,0.120635,0.30099,0.0952467,0.190446
3513,1749530181,2025-06-10 04:36 UTC,254495,344787,8.33262,13.3225,0.14128,0.200062,6.60427e-05,0.000771028,0.244143,0.11949,0.29818,0.105874,0.205963
3514,1749530480,2025-06-10 04:41 UTC,254552,344892,8.2936,13.26,0.148608,0.20778,7.47887e-05,0.000860402,0.244153,0.118356,0.295392,0.117059,0.222186
3515,1749530780,2025-06-10 04:46 UTC,254608,344997,8.2545,13.1974,0.155967,0.215524,8.34309e-05,0.000988825,0.244177,0.117225,0.292611,0.128867,0.239126
3516,1749531080,2025-06-10 04:51 UTC,254665,345102,8.21546,13.1348,0.163333,0.223269,9.67402e-05,0.0011206,0.244202,0.116102,0.289837,0.141255,0.256433
3517,1749531380,2025-06-10 04:56 UTC,254721,345206,8.17646,13.0721,0.170704,0.231015,0.000108725,0.00120008,0.244255,0.114985,0.28708,0.154232,0.274495
3518,1749531680,2025-06-10 05:01 UTC,254778,345310,8.13753,13.0095,0.177181,0.237737,7.12271e-05,0.00137318,0.244274,0.113875,0.284336,0.166198,0.290842
3519,1749531980,2025-06-10 05:06 UTC,254834,345414,8.09865,12.9469,0.181186,0.241645,7.8968e-05,0.00141495,0.24429,0.112772,0.281604,0.173777,0.300588
3520,1749532279,2025-06-10 05:11 UTC,254891,345517,8.05996,12.8844,0.18518,0.245712,8.13976e-05,0.00180134,0.244318,0.11168,0.278896,0.181509,0.310748
3521,1749532579,2025-06-10 05:16 UTC,254947,345620,8.02121,12.8218,0.189188,0.250129,8.99251e-05,0.0023104,0.244343,0.110592,0.276193,0.189425,0.321905
3522,1749532879,2025-06-10 05:21 UTC,255004,345722,7.98251,12.7592,0.193197,0.254548,8.46635e-05,0.00283966,0.244374,0.10951,0.273502,0.197546,0.333275
3523,1749533179,2025-06-10 05:26 UTC,255057,345824,7.94387,12.6966,0.197208,0.258968,8.39861e-05,0.00334717,0.244387,0.108436,0.27082,0.205825,0.345062
3524,1749533479,2025-06-10 05:31 UTC,255114,345926,7.9053,12.6339,0.201219,0.263389,8.69715e-05,0.00389864,0.244402,0.107369,0.268155,0.214274,0.35701
3525,1749533779,2025-06-10 05:36 UTC,255171,346027,7.86679,12.5713,0.205231,0.267812,0.000105346,0.00445665,0.24442,0.106309,0.265505,0.222862,0.369092
3526,1749534079,2025-06-10 05:41 UTC,255228,346129,7.82834,12.5087,0.209245,0.272236,9.16699e-05,0.00502314,0.244446,0.105256,0.262865,0.231688,0.381321
3527,1749534378,2025-06-10 05:46 UTC,255285,346230,7.79009,12.4463,0.213246,0.276646,0.000119532,0.00561716,0.244463,0.104214,0.260249,0.240568,0.393715
3528,1749534678,2025-06-10 05:51 UTC,255342,346330,7.75178,12.3836,0.217261,0.281073,0.000114336,0.00620355,0.244501,0.103174,0.257639,0.249727,0.406499
3529,1749534978,2025-06-10 05:56 UTC,255399,346431,7.71354,12.321,0.221277,0.2855,9.83174e-05,0.00678487,0.24452,0.102142,0.255038,0.259075,0.419461
3530,1749535278,2025-06-10 06:01 UTC,255451,346529,7.68702,12.2757,0.224221,0.288766,3.54077e-05,0.0073365,0.244572,0.101422,0.253164,0.266171,0.429431
3531,1749535578,2025-06-10 06:06 UTC,255472,346610,7.69368,12.2796,0.224117,0.288739,1.08713e-05,0.00730764,0.244577,0.101579,0.253324,0.265961,0.429349
3532,1749535878,2025-06-10 06:11 UTC,255491,346690,7.70038,12.2835,0.224017,0.288732,8.54753e-06,0.00720646,0.244576,0.101738,0.253484,0.265687,0.429352
3533,1749536178,2025-06-10 06:16 UTC,255508,346767,7.70714,12.2873,0.223921,0.288745,9.76236e-06,0.00709572,0.244576,0.101899,0.253644,0.265424,0.42937
3534,1749536477,2025-06-10 06:21 UTC,255523,346843,7.71392,12.2912,0.22383,0.288778,6.7766e-06,0.00698452,0.244576,0.102062,0.253804,0.265179,0.42947
3535,1749536777,2025-06-10 06:26 UTC,255535,346916,7.72077,12.2951,0.223742,0.288831,6.29735e-06,0.00687049,0.244575,0.102227,0.253964,0.26494,0.429629
3536,1749537077,2025-06-10 06:31 UTC,255546,346988,7.72768,12.299,0.223657,0.288904,6.03202e-06,0.00675369,0.244575,0.102394,0.254125,0.264703,0.429836
3537,1749537377,2025-06-10 06:36 UTC,255555,347057,7.73463,12.3029,0.223577,0.288998,6.29317e-06,0.00663456,0.244575,0.102563,0.254286,0.264472,0.430122
3538,1749537677,2025-06-10 06:41 UTC,255562,347125,7.74164,12.3068,0.223501,0.289112,4.99953e-06,0.00651388,0.244574,0.102734,0.254448,0.264252,0.430471
3539,1749537977,2025-06-10 06:46 UTC,255566,347191,7.74869,12.3107,0.223429,0.289245,5.60061e-06,0.00639165,0.244575,0.102907,0.254609,0.26404,0.430861
3540,1749538277,2025-06-10 06:51 UTC,255570,347254,7.7558,12.3146,0.22336,0.289399,4.90401e-06,0.00626724,0.244575,0.103082,0.254771,0.263834,0.431329
3541,1749538576,2025-06-10 06:56 UTC,255571,347317,7.76294,12.3193,0.223296,0.289573,5.5736e-06,0.00614089,0.244575,0.103258,0.254964,0.263636,0.431835
3542,1749538876,2025-06-10 07:01 UTC,255570,347377,7.77015,12.332,0.222137,0.288148,2.40501e-05,0.00595641,0.244581,0.103436,0.255492,0.260906,0.427694
3543,1749539176,2025-06-10 07:06 UTC,255568,347436,7.77741,12.3448,0.217744,0.281971,2.1309e-05,0.00532939,0.244581,0.103616,0.256021,0.250599,0.409523
3544,1749539476,2025-06-10 07:11 UTC,255564,347493,7.78473,12.3575,0.213356,0.275808,2.25401e-05,0.00465,0.244582,0.103799,0.25655,0.240517,0.391803
3545,1749539776,2025-06-10 07:16 UTC,255558,347548,7.7921,12.3744,0.208971,0.269662,2.19994e-05,0.00396904,0.244581,0.103983,0.257251,0.230645,0.374575
3546,1749540076,2025-06-10 07:21 UTC,255550,347602,7.79953,12.3986,0.204591,0.263533,2.22614e-05,0.00331624,0.24458,0.10417,0.258258,0.220992,0.35775
3547,1749540375,2025-06-10 07:26 UTC,255541,347654,7.80698,12.4227,0.200231,0.257442,2.50682e-05,0.00271481,0.244584,0.104357,0.259264,0.211592,0.341372
3548,1749540675,2025-06-10 07:31 UTC,255531,347704,7.81452,12.4469,0.195861,0.251351,2.4391e-05,0.00216573,0.244584,0.104547,0.260274,0.202368,0.325456
3549,1749540975,2025-06-10 07:36 UTC,255518,347753,7.82211,12.4711,0.191496,0.245282,2.19063e-05,0.00172918,0.244587,0.10474,0.261287,0.193356,0.309947
3550,1749541275,2025-06-10 07:41 UTC,255504,347801,7.82976,12.4953,0.187138,0.239235,2.47809e-05,0.00151415,0.244586,0.104934,0.2623,0.184568,0.294817
3551,1749541575,2025-06-10 07:46 UTC,255489,347847,7.83746,12.5195,0.182785,0.233213,2.4029e-05,0.00133705,0.244589,0.10513,0.263318,0.17599,0.280152
3552,1749541875,2025-06-10 07:51 UTC,255472,347892,7.84522,12.5437,0.17844,0.227218,2.1618e-05,0.00117412,0.244588,0.105328,0.264336,0.167624,0.265965
3553,1749542175,2025-06-10 07:56 UTC,255453,347935,7.85304,12.5678,0.174102,0.221251,2.27137e-05,0.00101452,0.244588,0.105527,0.265357,0.159481,0.252118
3554,1749542474,2025-06-10 08:01 UTC,255433,347976,7.8609,12.592,0.168999,0.214166,4.59032e-05,0.000899186,0.24459,0.105728,0.266376,0.150219,0.236355
3555,1749542774,2025-06-10 08:06 UTC,255412,348017,7.86883,12.6161,0.161486,0.204234,2.99687e-05,0.000799293,0.24459,0.105932,0.2674,0.137052,0.214879
3556,1749543074,2025-06-10 08:11 UTC,255389,348056,7.87683,12.6403,0.153981,0.194671,3.44975e-05,0.000645232,0.24459,0.106138,0.268427,0.124536,0.195268
3557,1749543374,2025-06-10 08:16 UTC,255364,348093,7.88489,12.6645,0.146484,0.185119,3.47727e-05,0.000481776,0.244596,0.106345,0.269456,0.112625,0.176595
3558,1749543674,2025-06-10 08:21 UTC,255338,348130,7.89301,12.6887,0.138998,0.175579,2.73655e-05,0.000301051,0.244597,0.106555,0.270485,0.101322,0.158815
3559,1749543974,2025-06-10 08:26 UTC,255311,348165,7.90119,12.7129,0.131524,0.166053,3.12444e-05,0.000204615,0.244597,0.106766,0.271517,0.0906481,0.142078
3560,1749544274,2025-06-10 08:31 UTC,255283,348198,7.90943,12.7371,0.124064,0.157055,2.53583e-05,0.000201048,0.244597,0.10698,0.272552,0.0805734,0.127072
3561,1749544573,2025-06-10 08:36 UTC,255253,348231,7.91771,12.7612,0.116646,0.148418,2.92668e-05,0.0002484,0.244601,0.107194,0.273585,0.0711595,0.113471
3562,1749544873,2025-06-10 08:41 UTC,255221,348262,7.92607,12.7854,0.109224,0.139771,2.44046e-05,0.000290543,0.244604,0.107412,0.274624,0.0623142,0.100662
3563,1749545173,2025-06-10 08:46 UTC,255189,348292,7.93451,12.8096,0.101827,0.131147,2.79298e-05,0.000334611,0.244603,0.107631,0.275663,0.0540949,0.0886117
3564,1749545473,2025-06-10 08:51 UTC,255155,348321,7.943,12.8338,0.0944628,0.122551,2.30901e-05,0.00036803,0.244605,0.107852,0.276706,0.0464803,0.0773614
3565,1749545773,2025-06-10 08:56 UTC,255119,348348,7.95156,12.858,0.0871392,0.113989,2.42919e-05,0.000393434,0.244607,0.108075,0.27775,0.039485,0.0669388
3566,1749546073,2025-06-10 09:01 UTC,255074,348371,7.96799,12.8806,0.0796836,0.105087,2.33938e-05,0.000444334,0.244607,0.108521,0.278727,0.0329479,0.0568875
3567,1749546373,2025-06-10 09:06 UTC,254977,348368,8.00871,12.8983,0.0717334,0.095268,2.30178e-05,0.00047849,0.244606,0.109658,0.279494,0.0266226,0.0467498
3568,1749546672,2025-06-10 09:11 UTC,254874,348362,8.04934,12.916,0.0639258,0.0857755,1.83371e-05,0.000502731,0.244608,0.1108,0.280261,0.0210582,0.0379032
3569,1749546972,2025-06-10 09:16 UTC,254766,348351,8.09014,12.9337,0.056257,0.0763997,2.19971e-05,0.000514698,0.244609,0.111953,0.281032,0.0162238,0.0300794
3570,1749547272,2025-06-10 09:21 UTC,254654,348337,8.13099,12.9515,0.0488302,0.0671852,1.51003e-05,0.000509562,0.244609,0.113114,0.281806,0.0121289,0.0232524
3571,1749547572,2025-06-10 09:26 UTC,254536,348318,8.17188,12.9693,0.0417691,0.0582089,1.52462e-05,0.000511385,0.244608,0.114282,0.28258,0.00878308,0.0174597
3572,1749547872,2025-06-10 09:31 UTC,254414,348296,8.2128,12.9872,0.035276,0.0496071,1.34277e-05,0.000482291,0.244608,0.115458,0.28336,0.00618448,0.0126842
3573,1749548172,2025-06-10 09:36 UTC,254286,348271,8.25376,13.005,0.0296789,0.0415977,1.16901e-05,0.000469366,0.244607,0.116641,0.28414,0.00434353,0.00891519
3574,1749548472,2025-06-10 09:41 UTC,254154,348241,8.29476,13.0229,0.0254963,0.0401059,1.1543e-05,0.000450162,0.244612,0.117832,0.284923,0.00328098,0.00828372
3575,1749548771,2025-06-10 09:46 UTC,254018,348208,8.33565,13.0408,0.0234957,0.041618,9.71633e-06,0.000416708,0.244612,0.119027,0.285705,0.00299623,0.00891386
3576,1749549071,2025-06-10 09:51 UTC,253876,348172,8.37671,13.0588,0.0244426,0.0461469,1.08467e-05,0.000421124,0.244612,0.120233,0.286493,0.00344483,0.0109663
3577,1749549371,2025-06-10 09:56 UTC,253730,348131,8.41781,13.0768,0.0281574,0.0525205,1.24763e-05,0.000385364,0.244614,0.121447,0.287282,0.0046087,0.0142012
3578,1749549671,2025-06-10 10:01 UTC,253580,348088,8.45894,13.0948,0.0335145,0.0597086,1.27053e-05,0.000399956,0.244614,0.122668,0.288074,0.00643684,0.0183576
3579,1749549971,2025-06-10 10:06 UTC,253425,348040,8.5001,13.1128,0.0392378,0.0663228,1.43107e-05,0.000391751,0.244614,0.123897,0.288869,0.00867752,0.022641
3580,1749550271,2025-06-10 10:11 UTC,253265,347990,8.54129,13.1309,0.0454037,0.0731809,1.54082e-05,0.000394562,0.244623,0.125134,0.289665,0.0114606,0.0275669
3581,1749550570,2025-06-10 10:16 UTC,253101,347936,8.58238,13.1489,0.0518205,0.0801824,1.34157e-05,0.00041185,0.244623,0.126374,0.290461,0.0147792,0.0330985
3582,1749550870,2025-06-10 10:21 UTC,252933,347879,8.62363,13.167,0.0584357,0.0873207,1.72302e-05,0.000441311,0.244622,0.127626,0.291262,0.0186516,0.0392443
3583,1749551170,2025-06-10 10:26 UTC,252760,347818,8.66491,13.1852,0.065172,0.0945889,2.06126e-05,0.000446001,0.244625,0.128885,0.292065,0.0230713,0.0460621
3584,1749551470,2025-06-10 10:31 UTC,252583,347754,8.70623,13.2033,0.0719945,0.102064,1.99631e-05,0.000440315,0.244629,0.130153,0.29287,0.0280411,0.0536271
3585,1749551770,2025-06-10 10:36 UTC,252401,347687,8.74757,13.2215,0.0788804,0.109593,2.41101e-05,0.000462739,0.244637,0.131427,0.293679,0.0335562,0.0618153
3586,1749552070,2025-06-10 10:41 UTC,252215,347616,8.78894,13.2398,0.0858143,0.117235,2.39202e-05,0.000488926,0.244639,0.13271,0.294489,0.0396221,0.0707513
3587,1749552370,2025-06-10 10:46 UTC,252028,347543,8.83034,13.258,0.0927854,0.124935,2.64219e-05,0.000531495,0.244641,0.134,0.295302,0.0462335,0.0803361
3588,1749552669,2025-06-10 10:51 UTC,251834,347466,8.87163,13.2762,0.0997624,0.132657,2.77531e-05,0.000508579,0.244641,0.135293,0.296114,0.053369,0.0905829
3589,1749552969,2025-06-10 10:56 UTC,251635,347386,8.91308,13.2945,0.106786,0.140544,3.2634e-05,0.000584086,0.244645,0.136598,0.29693,0.0610722,0.101672
3590,1749553269,2025-06-10 11:01 UTC,251433,347303,8.95456,13.3128,0.113285,0.149189,4.20002e-05,0.00112529,0.244674,0.137911,0.29775,0.0686726,0.114586
3591,1749553569,2025-06-10 11:06 UTC,251226,347217,8.99607,13.3312,0.117974,0.155266,2.6682e-05,0.000609775,0.244674,0.139232,0.298571,0.0744235,0.124128
3592,1749553869,2025-06-10 11:11 UTC,251015,347128,9.0376,13.3496,0.122671,0.161346,2.66038e-05,0.000607723,0.244675,0.14056,0.299395,0.0804149,0.134024
3593,1749554169,2025-06-10 11:16 UTC,250800,347035,9.07916,13.3681,0.127375,0.167431,3.22582e-05,0.000651987,0.244675,0.141895,0.300229,0.0866433,0.144317
3594,1749554469,2025-06-10 11:21 UTC,250580,346940,9.12075,13.3925,0.132086,0.173518,3.07996e-05,0.000657629,0.244674,0.143239,0.301324,0.0931229,0.154992
3595,1749554768,2025-06-10 11:26 UTC,250357,346842,9.16222,13.4197,0.136788,0.179588,2.80163e-05,0.000652707,0.244693,0.144585,0.302546,0.0998284,0.16608
3596,1749555068,2025-06-10 11:31 UTC,250130,346741,9.20386,13.4469,0.141511,0.18568,2.85708e-05,0.000713269,0.244709,0.145944,0.303776,0.106794,0.177518
3597,1749555368,2025-06-10 11:36 UTC,249898,346636,9.24552,13.4742,0.146239,0.191775,3.38369e-05,0.000721286,0.244716,0.14731,0.305009,0.113995,0.189348
3598,1749555668,2025-06-10 11:41 UTC,249663,346529,9.2872,13.5015,0.150971,0.197871,3.308e-05,0.000715401,0.244715,0.148684,0.306246,0.12145,0.201559
3599,1749555968,2025-06-10 11:46 UTC,249423,346419,9.32891,13.5288,0.155708,0.20397,4.22378e-05,0.000714318,0.244715,0.150065,0.307487,0.129131,0.214159
3600,1749556268,2025-06-10 11:51 UTC,249179,346306,9.37064,13.5607,0.160448,0.21007,3.72523e-05,0.000825169,0.244721,0.151455,0.308939,0.13708,0.227151
3601,1749556568,2025-06-10 11:56 UTC,248932,346190,9.41239,13.5947,0.165192,0.216171,3.71797e-05,0.000780293,0.244722,0.152852,0.310489,0.145264,0.240611
3602,1749556867,2025-06-10 12:01 UTC,248686,346068,9.45206,13.6271,0.169218,0.221302,1.75387e-05,0.000781093,0.244724,0.154163,0.311974,0.152431,0.252193
3603,1749557167,2025-06-10 12:06 UTC,248476,345921,9.48508,13.6547,0.170816,0.223099,1.93381e-05,0.000799726,0.244727,0.155177,0.313239,0.155284,0.256308
3604,1749557467,2025-06-10 12:11 UTC,248265,345769,9.51814,13.6824,0.172419,0.224896,1.81715e-05,0.00085384,0.244727,0.156197,0.314507,0.158176,0.2604
3605,1749557767,2025-06-10 12:16 UTC,248051,345612,9.55126,13.71,0.174028,0.226693,2.24289e-05,0.000853674,0.244727,0.157222,0.315778,0.161094,0.264588
3606,1749558067,2025-06-10 12:21 UTC,247836,345451,9.58443,13.7376,0.175641,0.22849,2.18486e-05,0.000840213,0.244727,0.158252,0.317051,0.164055,0.268846
3607,1749558367,2025-06-10 12:26 UTC,247619,345284,9.61765,13.7652,0.17726,0.230287,2.03242e-05,0.000863834,0.244729,0.159288,0.318327,0.167051,0.273054
3608,1749558666,2025-06-10 12:31 UTC,247401,345112,9.6508,13.7927,0.178877,0.232079,2.0515e-05,0.000908769,0.244729,0.160325,0.319601,0.170069,0.277332
3609,1749558966,2025-06-10 12:36 UTC,247180,344935,9.68412,13.8203,0.180505,0.233876,2.19592e-05,0.000905391,0.244732,0.161372,0.320882,0.17313,0.281664
3610,1749559266,2025-06-10 12:41 UTC,246958,344754,9.71748,13.8479,0.182138,0.235674,2.14259e-05,0.000919647,0.244732,0.162424,0.322165,0.176238,0.285998
3611,1749559566,2025-06-10 12:46 UTC,246735,344567,9.7509,13.8755,0.183775,0.237472,2.42745e-05,0.000898687,0.244734,0.163481,0.323451,0.179354,0.290323
3612,1749559866,2025-06-10 12:51 UTC,246509,344376,9.78436,13.9032,0.185416,0.239271,2.92205e-05,0.000934324,0.244742,0.164544,0.32474,0.182512,0.294783
3613,1749560166,2025-06-10 12:56 UTC,246282,344179,9.81787,13.9323,0.187062,0.241069,2.6219e-05,0.000924647,0.244746,0.165612,0.326105,0.185718,0.299221
3614,1749560466,2025-06-10 13:01 UTC,246053,343978,9.85142,13.9615,0.187991,0.242024,1.13438e-05,0.000906711,0.244762,0.166687,0.327473,0.187567,0.301667
3615,1749560765,2025-06-10 13:06 UTC,245822,343772,9.88491,13.9906,0.186373,0.239998,6.23666e-06,0.000879774,0.244762,0.167762,0.32884,0.18432,0.296628
3616,1749561065,2025-06-10 13:11 UTC,245590,343562,9.91856,14.0198,0.184752,0.237964,4.19763e-06,0.000847308,0.244763,0.168847,0.330214,0.181087,0.291635
3617,1749561365,2025-06-10 13:16 UTC,245356,343346,9.95225,14.0491,0.183132,0.235931,8.45724e-06,0.00081721,0.244765,0.169937,0.331591,0.177895,0.28667
3618,1749561665,2025-06-10 13:21 UTC,245120,343126,9.98599,14.0783,0.181513,0.233898,4.76076e-06,0.000812027,0.244764,0.171032,0.332971,0.174725,0.281757
3619,1749561965,2025-06-10 13:26 UTC,244882,342901,10.0198,14.1075,0.179896,0.231864,3.94e-06,0.000807001,0.244764,0.172133,0.334354,0.171589,0.276881
3620,1749562265,2025-06-10 13:31 UTC,244642,342672,10.0536,14.1367,0.178281,0.229831,4.86329e-06,0.000801268,0.244767,0.17324,0.33574,0.168487,0.272049
3621,1749562565,2025-06-10 13:36 UTC,244401,342437,10.0875,14.1659,0.176668,0.227798,4.43125e-06,0.00079442,0.244767,0.174351,0.337129,0.165412,0.267244
3622,1749562864,2025-06-10 13:41 UTC,244158,342198,10.1213,14.195,0.175062,0.225771,4.40449e-06,0.000781781,0.244767,0.175465,0.338516,0.162378,0.262507
3623,1749563164,2025-06-10 13:46 UTC,243913,341955,10.1552,14.2242,0.173452,0.223738,4.38499e-06,0.000776014,0.244767,0.176587,0.33991,0.159365,0.257832
3624,1749563464,2025-06-10 13:51 UTC,243665,341706,10.1892,14.2534,0.171844,0.221704,5.28242e-06,0.000766525,0.244767,0.177715,0.341307,0.156381,0.253133
3625,1749563764,2025-06-10 13:56 UTC,243417,341453,10.2233,14.2826,0.170239,0.219671,4.49953e-06,0.000765864,0.244767,0.178849,0.342707,0.15343,0.248518
3626,1749564064,2025-06-10 14:01 UTC,243166,341195,10.2573,14.3118,0.168102,0.217077,1.4892e-05,0.000747611,0.244767,0.179988,0.34411,0.149593,0.242712
3627,1749564364,2025-06-10 14:06 UTC,242914,340933,10.2915,14.3422,0.164005,0.212418,1.19333e-05,0.000745116,0.244767,0.181133,0.345576,0.142407,0.232407
3628,1749564664,2025-06-10 14:11 UTC,242660,340666,10.3256,14.3739,0.159911,0.207758,1.25903e-05,0.000727637,0.244767,0.182282,0.347103,0.135411,0.222335
3629,1749564963,2025-06-10 14:16 UTC,242404,340394,10.3597,14.4055,0.155833,0.203114,1.02295e-05,0.000726821,0.244769,0.183434,0.348629,0.128616,0.212473
3630,1749565263,2025-06-10 14:21 UTC,242146,340118,10.394,14.4371,0.151745,0.198456,1.17162e-05,0.000720425,0.244769,0.184595,0.350163,0.12199,0.202852
3631,1749565563,2025-06-10 14:26 UTC,241886,339837,10.4282,14.4691,0.147661,0.19381,1.08746e-05,0.000709255,0.244768,0.185761,0.351716,0.115543,0.193456
3632,1749565863,2025-06-10 14:31 UTC,241625,339551,10.4626,14.5013,0.14358,0.189165,1.28688e-05,0.000680575,0.244772,0.186932,0.353281,0.109285,0.184306
3633,1749566163,2025-06-10 14:36 UTC,241361,339261,10.4969,14.5334,0.139503,0.184519,1.13688e-05,0.000687309,0.244775,0.188109,0.35485,0.103207,0.175363
3634,1749566463,2025-06-10 14:41 UTC,241096,338966,10.5313,14.5656,0.135431,0.179874,1.08757e-05,0.000673704,0.244774,0.189292,0.356422,0.0973131,0.166628
3635,1749566762,2025-06-10 14:46 UTC,240829,338666,10.5656,14.5976,0.131378,0.175244,1.08056e-05,0.000658223,0.244775,0.190475,0.357992,0.0916239,0.158185
3636,1749567062,2025-06-10 14:51 UTC,240560,338362,10.6001,14.6298,0.127317,0.1706,1.33462e-05,0.000658995,0.244774,0.191669,0.359572,0.0861002,0.149902
3637,1749567362,2025-06-10 14:56 UTC,240289,338053,10.6346,14.6638,0.123263,0.166002,1.03096e-05,0.000652705,0.244785,0.192867,0.361244,0.0807566,0.141943
3638,1749567662,2025-06-10 15:01 UTC,240018,337745,10.6598,14.6866,0.119094,0.161266,1.63218e-05,0.000632597,0.244788,0.193731,0.362371,0.0754548,0.133982
3639,1749567962,2025-06-10 15:06 UTC,239757,337460,10.6491,14.6604,0.114472,0.155809,1.52397e-05,0.000625836,0.244787,0.193291,0.361079,0.0697666,0.125063
3640,1749568262,2025-06-10 15:11 UTC,239495,337173,10.6384,14.6344,0.109859,0.150354,1.45098e-05,0.000623207,0.244793,0.192851,0.359797,0.0643163,0.116451
3641,1749568562,2025-06-10 15:16 UTC,239231,336883,10.6277,14.6083,0.105258,0.1449,1.14663e-05,0.000635233,0.244794,0.192414,0.358518,0.0591005,0.108153
3642,1749568861,2025-06-10 15:21 UTC,238967,336592,10.617,14.5824,0.100686,0.139561,1.5401e-05,0.000596083,0.244798,0.191979,0.357245,0.054144,0.100365
3643,1749569161,2025-06-10 15:26 UTC,238700,336298,10.6064,14.5563,0.0961133,0.134871,1.59507e-05,0.000586874,0.244798,0.191544,0.355971,0.0494042,0.0937065
3644,1749569461,2025-06-10 15:31 UTC,238433,336001,10.5958,14.5303,0.0915591,0.130203,1.23541e-05,0.0005753,0.244804,0.191111,0.354698,0.0448958,0.0873236
3645,1749569761,2025-06-10 15:36 UTC,238164,335702,10.5851,14.5043,0.0870261,0.125543,1.19952e-05,0.000564805,0.244806,0.190679,0.353428,0.040626,0.0811819
3646,1749570061,2025-06-10 15:41 UTC,237894,335401,10.5745,14.4782,0.0825183,0.120885,1.25524e-05,0.000560772,0.24481,0.190248,0.352161,0.0365957,0.0752885
3647,1749570361,2025-06-10 15:46 UTC,237623,335097,10.564,14.4522,0.0780405,0.116231,1.21443e-05,0.000530143,0.24481,0.189819,0.350895,0.0327994,0.0695875
3648,1749570661,2025-06-10 15:51 UTC,237351,334791,10.5534,14.4262,0.073599,0.11158,1.24335e-05,0.000533955,0.24481,0.189392,0.349633,0.0292388,0.0641219
3649,1749570960,2025-06-10 15:56 UTC,237077,334483,10.5429,14.4002,0.0692163,0.106948,1.46355e-05,0.000542813,0.24481,0.188967,0.348376,0.0259251,0.0589127
3650,1749571260,2025-06-10 16:01 UTC,236802,334172,10.5324,14.3742,0.065079,0.10247,1.31035e-05,0.000545185,0.244814,0.188543,0.347118,0.0229743,0.0540842
3651,1749571560,2025-06-10 16:06 UTC,236526,333859,10.5219,14.3482,0.0617996,0.0986615,8.05741e-06,0.000557573,0.244813,0.188119,0.345862,0.0207481,0.0501452
3652,1749571860,2025-06-10 16:11 UTC,236248,333543,10.5114,14.3221,0.0585395,0.0948567,8.69845e-06,0.000566777,0.244813,0.187698,0.344608,0.0186519,0.0463516
3653,1749572160,2025-06-10 16:16 UTC,235969,333225,10.5009,14.2961,0.0553025,0.0910655,8.81628e-06,0.000577242,0.244812,0.187277,0.343357,0.0166791,0.0427245
3654,1749572460,2025-06-10 16:21 UTC,235689,332904,10.4904,14.2701,0.0520929,0.0872935,1.31892e-05,0.000588356,0.244815,0.186859,0.342108,0.0148355,0.0392535
3655,1749572760,2025-06-10 16:26 UTC,235407,332581,10.48,14.2441,0.0489166,0.0835272,1.41168e-05,0.000599347,0.244818,0.186441,0.340862,0.013116,0.0359223
3656,1749573059,2025-06-10 16:30 UTC,235124,332255,10.4696,14.2181,0.0457911,0.0797799,1.5131e-05,0.000611951,0.244827,0.186027,0.339621,0.0115281,0.0328013
3657,1749573359,2025-06-10 16:35 UTC,234840,331927,10.4592,14.1921,0.0427049,0.0760276,1.1631e-05,0.000625788,0.244831,0.185613,0.33838,0.0100605,0.0297763
3658,1749573659,2025-06-10 16:40 UTC,234555,331596,10.4489,14.1661,0.039681,0.072284,1.42726e-05,0.000640116,0.244834,0.1852,0.33714,0.00872134,0.0269362
3659,1749573959,2025-06-10 16:45 UTC,234268,331262,10.4385,14.1401,0.0367357,0.0685504,1.44988e-05,0.000655224,0.244847,0.184788,0.335902,0.00750357,0.0242034
3660,1749574259,2025-06-10 16:50 UTC,233979,330926,10.4282,14.1141,0.0338912,0.0648287,1.30082e-05,0.000670347,0.244846,0.184378,0.334668,0.00641018,0.021651
3661,1749574559,2025-06-10 16:55 UTC,233690,330587,10.4179,14.0881,0.0311767,0.061121,2.96471e-05,0.000689198,0.244846,0.183969,0.333435,0.00543443,0.0192103
3662,1749574859,2025-06-10 17:00 UTC,233398,330246,10.4076,14.062,0.0289503,0.0579452,7.83422e-05,0.000706241,0.244849,0.183562,0.332203,0.00470166,0.0172403
3663,1749575158,2025-06-10 17:05 UTC,233106,329902,10.3973,14.0361,0.0281169,0.0568166,0.000104547,0.000717301,0.244854,0.183157,0.330978,0.00444492,0.0166048
3664,1749575458,2025-06-10 17:10 UTC,232812,329555,10.3871,14.0101,0.0272989,0.0557271,8.33926e-05,0.00073602,0.24486,0.182754,0.329757,0.00421008,0.0160573
3665,1749575758,2025-06-10 17:15 UTC,232517,329205,10.3768,13.9841,0.0265009,0.0546822,8.78883e-05,0.00075633,0.244864,0.182351,0.328535,0.00396235,0.0153457
3666,1749576058,2025-06-10 17:20 UTC,232221,328853,10.3666,13.9581,0.0257251,0.0536532,6.12631e-05,0.000770788,0.24487,0.18195,0.327312,0.00374935,0.0148743
3667,1749576358,2025-06-10 17:25 UTC,231922,328498,10.3564,13.9321,0.0249738,0.052628,6.48077e-05,0.000790818,0.244872,0.18155,0.326091,0.00354117,0.0142135
3668,1749576658,2025-06-10 17:30 UTC,231623,328140,10.3462,13.9061,0.0242496,0.0516069,4.94004e-05,0.00081088,0.244871,0.181151,0.324875,0.0033426,0.013681
3669,1749576957,2025-06-10 17:35 UTC,231322,327780,10.3361,13.8802,0.0235577,0.0505933,4.21387e-05,0.000832283,0.244871,0.180756,0.323666,0.00315983,0.013179
3670,1749577257,2025-06-10 17:40 UTC,231020,327417,10.3259,13.8542,0.0228972,0.0495808,4.74298e-05,0.000853754,0.244872,0.180361,0.322454,0.00298836,0.0126145
3671,1749577557,2025-06-10 17:45 UTC,230717,327051,10.3158,13.8281,0.0222741,0.0485731,4.16781e-05,0.0008746,0.244875,0.179966,0.321247,0.00282691,0.0121616
3672,1749577857,2025-06-10 17:50 UTC,230412,326682,10.3057,13.8021,0.0216927,0.0475704,3.66827e-05,0.000900373,0.244887,0.179574,0.320041,0.00268302,0.011632
3673,1749578157,2025-06-10 17:55 UTC,230105,326311,10.2956,13.7762,0.0211574,0.0465732,3.11887e-05,0.000925382,0.244886,0.179182,0.318834,0.00254509,0.0111706
3674,1749578457,2025-06-10 18:00 UTC,229807,325948,10.2784,13.7427,0.0209231,0.0461513,3.20422e-05,0.000953916,0.244892,0.178557,0.31729,0.00248643,0.0109639
3675,1749578757,2025-06-10 18:05 UTC,229556,325644,10.2308,13.6778,0.021866,0.0481502,5.77278e-05,0.000978315,0.244894,0.17693,0.314296,0.00273156,0.011862
3676,1749579056,2025-06-10 18:10 UTC,229307,325341,10.1833,13.6131,0.0229371,0.0501574,6.88493e-05,0.00100077,0.244899,0.175317,0.311327,0.00301901,0.0129369
3677,1749579356,2025-06-10 18:15 UTC,229058,325039,10.1358,13.5482,0.0241266,0.0521821,5.51686e-05,0.00102718,0.244906,0.173707,0.308367,0.00335178,0.0140713
3678,1749579656,2025-06-10 18:20 UTC,228811,324739,10.0882,13.4834,0.0254155,0.0542164,5.07748e-05,0.00105614,0.244909,0.172105,0.305424,0.00371426,0.0151659
3679,1749579956,2025-06-10 18:25 UTC,228564,324440,10.0407,13.4186,0.026789,0.0562592,4.45561e-05,0.00108524,0.244912,0.170511,0.3025,0.00411938,0.016345
3680,1749580256,2025-06-10 18:30 UTC,228319,324142,9.99313,13.3539,0.0282335,0.0583096,4.25267e-05,0.00111836,0.244914,0.168925,0.299588,0.00456735,0.0175238
3681,1749580556,2025-06-10 18:35 UTC,228074,323845,9.94563,13.2892,0.0297375,0.0603669,3.59616e-05,0.00115163,0.244915,0.167347,0.296692,0.0050526,0.0187834
3682,1749580856,2025-06-10 18:40 UTC,227830,323550,9.89815,13.2246,0.0312919,0.0625028,2.75087e-05,0.00118611,0.244916,0.165777,0.293815,0.0055786,0.020124
3683,1749581155,2025-06-10 18:45 UTC,227587,323256,9.85085,13.1602,0.032884,0.0647721,2.96604e-05,0.00122445,0.244919,0.16422,0.290961,0.00613804,0.0216025
3684,1749581455,2025-06-10 18:50 UTC,227345,322962,9.80342,13.0957,0.0345186,0.0670526,3.08414e-05,0.00126377,0.244924,0.162667,0.288117,0.00674423,0.0231347
3685,1749581755,2025-06-10 18:55 UTC,227104,322670,9.756,13.0313,0.0361853,0.0693362,2.40184e-05,0.00130631,0.244929,0.161121,0.285287,0.00739033,0.0247575
3686,1749582055,2025-06-10 19:00 UTC,226864,322379,9.70861,12.9669,0.0383093,0.0722256,2.55418e-05,0.00135176,0.244935,0.159583,0.282475,0.00825304,0.0268625
3687,1749582355,2025-06-10 19:05 UTC,226625,322088,9.66124,12.9025,0.0424684,0.0778132,1.96757e-05,0.0014054,0.244935,0.158054,0.27968,0.010106,0.031213
3688,1749582655,2025-06-10 19:10 UTC,226386,321799,9.6139,12.8383,0.0467771,0.0834177,1.87143e-05,0.00146442,0.244943,0.156533,0.2769,0.0122016,0.0358976
3689,1749582955,2025-06-10 19:15 UTC,226148,321510,9.56658,12.7741,0.0511953,0.0890361,1.69343e-05,0.00152759,0.244943,0.155019,0.274136,0.0145523,0.0408423
3690,1749583254,2025-06-10 19:20 UTC,225911,321222,9.51944,12.7101,0.0556804,0.094647,1.97395e-05,0.00159357,0.244945,0.153519,0.271399,0.0171384,0.046099
3691,1749583554,2025-06-10 19:25 UTC,225674,320935,9.47216,12.646,0.0602431,0.100315,1.79257e-05,0.00166438,0.244948,0.152021,0.268669,0.0199908,0.0518164
3692,1749583854,2025-06-10 19:30 UTC,225438,320649,9.42491,12.582,0.0648546,0.10602,1.31063e-05,0.00173928,0.244955,0.150532,0.265955,0.0231007,0.0578879
3693,1749584154,2025-06-10 19:35 UTC,225203,320364,9.37769,12.518,0.0695049,0.111731,1.26276e-05,0.00181768,0.244956,0.149051,0.263257,0.0264616,0.0642888
3694,1749584454,2025-06-10 19:40 UTC,224969,320079,9.33049,12.4541,0.0741863,0.117524,1.07401e-05,0.00189894,0.244961,0.147578,0.260576,0.0300764,0.0711039
3695,1749584754,2025-06-10 19:45 UTC,224735,319795,9.28332,12.3903,0.078893,0.123347,9.78488e-06,0.00197991,0.244964,0.146113,0.257911,0.0339435,0.0783354
3696,1749585053,2025-06-10 19:50 UTC,224502,319512,9.23633,12.3267,0.083605,0.129196,9.69372e-06,0.00206173,0.244963,0.144662,0.255272,0.0380516,0.0859309
3697,1749585353,2025-06-10 19:55 UTC,224269,319230,9.18921,12.263,0.0883501,0.135068,1.0782e-05,0.00214326,0.244966,0.143213,0.25264,0.0424257,0.0939577
3698,1749585653,2025-06-10 20:00 UTC,224037,318948,9.14211,12.1994,0.0934324,0.141347,1.7153e-05,0.00222093,0.244965,0.141772,0.250025,0.0473695,0.102869
3699,1749585953,2025-06-10 20:05 UTC,223806,318666,9.09505,12.1358,0.10006,0.149429,1.42533e-05,0.00231749,0.244969,0.140339,0.247426,0.0542521,0.114936
3700,1749586253,2025-06-10 20:10 UTC,223575,318386,9.04801,12.0723,0.10674,0.157515,1.59572e-05,0.00243768,0.244971,0.138915,0.244843,0.0616521,0.127735
3701,1749586553,2025-06-10 20:15 UTC,223351,318105,9.001,12.0089,0.113465,0.165605,1.66715e-05,0.00335725,0.244974,0.137499,0.242277,0.0695758,0.14119
3702,1749586853,2025-06-10 20:20 UTC,223121,317826,8.95403,11.9455,0.120224,0.173732,1.6169e-05,0.00340855,0.244975,0.13609,0.239727,0.0780217,0.155387
3703,1749587152,2025-06-10 20:25 UTC,222892,317547,8.90723,11.8824,0.126991,0.181845,2.06956e-05,0.00345804,0.244978,0.134695,0.237202,0.0869532,0.170234
3704,1749587452,2025-06-10 20:30 UTC,222663,317268,8.86031,11.8192,0.133805,0.189987,2.8375e-05,0.00349292,0.245001,0.133302,0.234694,0.0964406,0.185866
3705,1749587752,2025-06-10 20:35 UTC,222435,316990,8.81342,11.7561,0.14064,0.198132,2.37592e-05,0.0035212,0.245014,0.131918,0.232185,0.10645,0.202142
3706,1749588052,2025-06-10 20:40 UTC,222208,316712,8.76657,11.693,0.147492,0.206282,2.26973e-05,0.00355835,0.245015,0.130542,0.229701,0.116987,0.21907
3707,1749588352,2025-06-10 20:45 UTC,221981,316435,8.71974,11.6301,0.15436,0.214475,2.49433e-05,0.00358223,0.245031,0.129175,0.227235,0.128039,0.236791
3708,1749588652,2025-06-10 20:50 UTC,221754,316158,8.67294,11.5672,0.16124,0.222669,2.60987e-05,0.00360801,0.245049,0.127815,0.224783,0.139622,0.255245
3709,1749588952,2025-06-10 20:55 UTC,221528,315882,8.62618,11.5044,0.168132,0.230977,2.95391e-05,0.00362466,0.245073,0.126463,0.222348,0.151719,0.274602
3710,1749589251,2025-06-10 21:00 UTC,221321,315622,8.57569,11.4251,0.175009,0.239352,3.28864e-05,0.00364454,0.245099,0.125004,0.219293,0.164293,0.294883
3711,1749589551,2025-06-10 21:05 UTC,221215,315446,8.50592,11.3279,0.181911,0.24802,3.26463e-05,0.00366674,0.245103,0.122971,0.21558,0.177406,0.316624
3712,1749589851,2025-06-10 21:10 UTC,221113,315275,8.4362,11.242,0.188825,0.256712,4.01919e-05,0.00368432,0.245125,0.120956,0.212325,0.191034,0.339239
3713,1749590151,2025-06-10 21:15 UTC,221016,315110,8.36653,11.1562,0.195749,0.265405,4.70803e-05,0.00370332,0.245142,0.118959,0.209092,0.205189,0.362561
3714,1749590451,2025-06-10 21:20 UTC,220923,314949,8.2969,11.0703,0.202683,0.274099,5.30105e-05,0.00370935,0.245152,0.116981,0.205885,0.219871,0.386692
3715,1749590751,2025-06-10 21:25 UTC,220835,314793,8.22733,10.9845,0.209625,0.282793,6.9097e-05,0.00370786,0.245196,0.11502,0.202705,0.235059,0.411672
3716,1749591051,2025-06-10 21:30 UTC,220751,314642,8.1578,10.8986,0.216574,0.291505,7.35201e-05,0.00371462,0.245215,0.113078,0.19955,0.25079,0.437196
3717,1749591350,2025-06-10 21:35 UTC,220672,314495,8.08856,10.8131,0.223507,0.300285,9.46046e-05,0.00369554,0.245256,0.11116,0.196429,0.26696,0.463979
3718,1749591650,2025-06-10 21:40 UTC,220597,314354,8.01914,10.7272,0.23047,0.309203,0.000117207,0.00371474,0.245279,0.109254,0.193323,0.283702,0.491829
3719,1749591950,2025-06-10 21:45 UTC,220526,314216,7.94977,10.6414,0.237438,0.31812,0.000135456,0.00368296,0.245337,0.107366,0.190236,0.300972,0.520571
3720,1749592250,2025-06-10 21:50 UTC,220473,314110,7.88046,10.5555,0.244411,0.327039,0.000160016,0.00367335,0.245424,0.105497,0.187184,0.31875,0.550036
3721,1749592550,2025-06-10 21:55 UTC,220410,313980,7.81121,10.4697,0.251389,0.335958,0.000230141,0.00366365,0.245524,0.103644,0.184151,0.336936,0.580008
3722,1749592850,2025-06-10 22:00 UTC,220350,313856,7.74201,10.3839,0.258002,0.344497,0.000365479,0.00367351,0.245631,0.101809,0.181141,0.354439,0.608667
3723,1749593150,2025-06-10 22:05 UTC,220295,313735,7.67288,10.2981,0.262766,0.351215,0.000432245,0.00364731,0.245732,0.0999928,0.178163,0.367426,0.632412
3724,1749593449,2025-06-10 22:10 UTC,220244,313619,7.60403,10.2125,0.267514,0.357911,0.00106022,0.00353318,0.245997,0.0981878,0.175209,0.379094,0.654247
3725,1749593749,2025-06-10 22:15 UTC,220197,313506,7.53502,10.1267,0.27228,0.364629,0.00133551,0.00365569,0.246307,0.0964036,0.172284,0.391938,0.677433
3726,1749594049,2025-06-10 22:20 UTC,220153,313398,7.46607,10.0409,0.277045,0.371347,0.00205904,0.0055738,0.246735,0.0946269,0.169374,0.403716,0.699084
3727,1749594349,2025-06-10 22:25 UTC,220118,313294,7.39719,9.95512,0.281811,0.378065,0.00283154,0.00688106,0.247415,0.0928682,0.166493,0.41559,0.721515
3728,1749594649,2025-06-10 22:30 UTC,220082,313194,7.32837,9.86933,0.286577,0.384783,0.00350852,0.00900742,0.248426,0.09113,0.163637,0.427854,0.743256
3729,1749594949,2025-06-10 22:35 UTC,220050,313097,7.25962,9.78354,0.291344,0.391501,0.00478766,0.00942668,0.250824,0.0893961,0.160805,0.438573,0.764004
3730,1749595248,2025-06-10 22:40 UTC,220023,313005,7.19117,9.69803,0.296095,0.398197,0.00586262,0.0110034,0.252718,0.0876912,0.157989,0.44986,0.783488
3731,1749595548,2025-06-10 22:45 UTC,219998,312916,7.12257,9.61225,0.300862,0.404915,0.00759577,0.0149984,0.254742,0.0859846,0.15522,0.459437,0.800415
3732,1749595848,2025-06-10 22:50 UTC,219976,312831,7.05404,9.52648,0.30563,0.411633,0.0102672,0.0245373,0.257263,0.0842775,0.152466,0.466519,0.815151
3733,1749596148,2025-06-10 22:55 UTC,219963,312750,6.98559,9.44071,0.310397,0.418351,0.0125367,0.0253955,0.260796,0.0825957,0.149733,0.474442,0.83158
3734,1749596448,2025-06-10 23:00 UTC,219948,312672,6.91721,9.35495,0.314601,0.424352,0.0148797,0.029233,0.264845,0.0809333,0.146952,0.480687,0.844847
3735,1749596748,2025-06-10 23:05 UTC,219940,312598,6.84892,9.26919,0.315842,0.426586,0.0163485,0.0331588,0.268279,0.079309,0.144263,0.480093,0.843762
3736,1749597048,2025-06-10 23:10 UTC,219932,312527,6.78071,9.18344,0.317082,0.428819,0.0175733,0.0356484,0.271218,0.077709,0.141591,0.480326,0.848
3737,1749597347,2025-06-10 23:15 UTC,219929,312460,6.71282,9.09798,0.318319,0.431045,0.0182384,0.0350657,0.275097,0.0761443,0.139005,0.482168,0.851943
3738,1749597647,2025-06-10 23:20 UTC,219928,312396,6.64478,9.01224,0.31956,0.433279,0.019106,0.0362484,0.278303,0.0745901,0.136427,0.483538,0.856682
3739,1749597947,2025-06-10 23:25 UTC,219929,312336,6.57684,8.92651,0.320802,0.435512,0.0205753,0.0452568,0.283052,0.0730405,0.133844,0.483002,0.85879
3740,1749598247,2025-06-10 23:30 UTC,219934,312279,6.509,8.84078,0.322044,0.437746,0.0215042,0.0404089,0.286328,0.0715206,0.131307,0.483917,0.863562
3741,1749598547,2025-06-10 23:35 UTC,219941,312225,6.44125,8.75507,0.323286,0.43998,0.0229311,0.0449241,0.289648,0.0700114,0.128765,0.483668,0.864857
3742,1749598847,2025-06-10 23:40 UTC,219952,312174,6.37361,8.66936,0.324528,0.442214,0.0246624,0.048704,0.293574,0.0685128,0.126201,0.482282,0.867108
3743,1749599147,2025-06-10 23:45 UTC,219966,312127,6.30607,8.58365,0.325771,0.444448,0.026974,0.0534594,0.296393,0.0670225,0.123683,0.479254,0.865781
3744,1749599446,2025-06-10 23:50 UTC,219982,312082,6.23888,8.49842,0.327009,0.446674,0.029658,0.0571774,0.299348,0.0655503,0.121222,0.47531,0.867674
3745,1749599746,2025-06-10 23:55 UTC,220001,312041,6.17158,8.4145,0.328252,0.448908,0.0313126,0.0660537,0.301938,0.0641112,0.118745,0.474199,0.866987
3746,1749600046,2025-06-11 00:00 UTC,220024,312003,6.10918,8.33566,0.328881,0.450288,0.0328151,0.0739412,0.306476,0.0627954,0.116558,0.47154,0.864212
3747,1749600346,2025-06-11 00:05 UTC,219992,312061,6.07326,8.28482,0.326117,0.446955,0.0329069,0.0785606,0.309983,0.0620837,0.11518,0.462653,0.850111
3748,1749600646,2025-06-11 00:10 UTC,219962,312130,6.03749,8.23406,0.323354,0.443622,0.0323238,0.0718922,0.312345,0.0613963,0.113733,0.455537,0.839022
3749,1749600946,2025-06-11 00:15 UTC,219930,312206,6.00189,8.18338,0.320591,0.44029,0.0310949,0.0662511,0.315192,0.0607338,0.112351,0.450478,0.83152
3750,1749601246,2025-06-11 00:20 UTC,219905,312289,5.96646,8.13279,0.317828,0.436958,0.0297948,0.0662552,0.317151,0.0600843,0.111016,0.445608,0.825837
3751,1749601545,2025-06-11 00:25 UTC,219870,312378,5.93134,8.08247,0.315076,0.433638,0.0283029,0.0587065,0.319335,0.0594538,0.109657,0.441473,0.818258
3752,1749601845,2025-06-11 00:30 UTC,219838,312474,5.8963,8.03206,0.312315,0.430308,0.0271685,0.055598,0.3213,0.0588247,0.1083,0.436137,0.80994
3753,1749602145,2025-06-11 00:35 UTC,219803,312577,5.86147,7.98174,0.309554,0.426978,0.0252467,0.0518445,0.322974,0.0582238,0.106943,0.433289,0.805891
3754,1749602445,2025-06-11 00:40 UTC,219772,312686,5.82687,7.93152,0.306795,0.423648,0.0235025,0.046109,0.324355,0.0576304,0.105616,0.42978,0.800445
3755,1749602745,2025-06-11 00:45 UTC,219739,312802,5.79252,7.8814,0.304036,0.42032,0.0221847,0.0460073,0.325717,0.0570415,0.104262,0.425272,0.795215
3756,1749603045,2025-06-11 00:50 UTC,219709,312923,5.75844,7.83138,0.301277,0.416991,0.0208176,0.0417806,0.327109,0.0564649,0.10299,0.420815,0.788506
3757,1749603344,2025-06-11 00:55 UTC,219676,313051,5.72479,7.78162,0.298529,0.413675,0.019373,0.0398955,0.328224,0.0559037,0.101681,0.41669,0.782116
3758,1749603644,2025-06-11 01:00 UTC,219640,313185,5.69134,7.73251,0.295192,0.409603,0.0176677,0.0358481,0.329306,0.0553572,0.100384,0.411596,0.774796
3759,1749603944,2025-06-11 01:05 UTC,219604,313324,5.65825,7.68415,0.288479,0.401201,0.0148341,0.0433678,0.330283,0.0548428,0.0991597,0.399781,0.753972
3760,1749604244,2025-06-11 01:10 UTC,219574,313469,5.62553,7.6359,0.281768,0.3928,0.0114645,0.041295,0.330961,0.0543498,0.0979419,0.389654,0.73716
3761,1749604544,2025-06-11 01:15 UTC,219538,313620,5.59322,7.58777,0.275059,0.384402,0.00789063,0.0306097,0.331409,0.0538722,0.0967191,0.380386,0.722867
3762,1749604844,2025-06-11 01:20 UTC,219502,313776,5.56134,7.53976,0.268352,0.376005,0.00422064,0.0184912,0.331809,0.0534069,0.0955018,0.371459,0.707555
3763,1749605144,2025-06-11 01:25 UTC,219466,313938,5.52994,7.49187,0.261648,0.367611,0.00101425,0.00618318,0.332018,0.0529437,0.0942943,0.361438,0.691018
3764,1749605443,2025-06-11 01:30 UTC,219430,314105,5.49916,7.44771,0.254968,0.359247,7.26456e-05,0.00470421,0.332061,0.0524528,0.0931869,0.345931,0.664801
3765,1749605743,2025-06-11 01:35 UTC,219394,314277,5.46884,7.40559,0.248269,0.350857,5.8444e-05,0.00476353,0.332065,0.0519507,0.0921378,0.327919,0.634239
3766,1749606043,2025-06-11 01:40 UTC,219357,314454,5.43915,7.36363,0.241573,0.342513,3.55759e-05,0.00477186,0.332089,0.0514585,0.0910953,0.310356,0.604388
3767,1749606343,2025-06-11 01:45 UTC,219321,314637,5.41016,7.32183,0.234881,0.334216,4.78148e-05,0.0049675,0.332102,0.050977,0.0900645,0.29337,0.576718
3768,1749606643,2025-06-11 01:50 UTC,219284,314824,5.38194,7.31504,0.228191,0.325921,7.83192e-05,0.00487484,0.332114,0.0505051,0.0898966,0.276889,0.547782
3769,1749606943,2025-06-11 01:55 UTC,219248,315016,5.35452,7.31127,0.221506,0.317629,4.07176e-05,0.00491922,0.332118,0.0500415,0.0898037,0.260784,0.519762
3770,1749607243,2025-06-11 02:00 UTC,219211,315213,5.32795,7.30762,0.214373,0.308839,5.55576e-05,0.00490729,0.332135,0.0495873,0.0897141,0.244253,0.491509
3771,1749607542,2025-06-11 02:05 UTC,219175,315415,5.30235,7.30411,0.204574,0.297093,5.11128e-05,0.00488013,0.332159,0.0491423,0.0896281,0.222509,0.454819
3772,1749607842,2025-06-11 02:10 UTC,219138,315621,5.27757,7.30072,0.194746,0.285315,6.27942e-05,0.00483484,0.332193,0.0487037,0.0895452,0.201761,0.419456
3773,1749608142,2025-06-11 02:15 UTC,219101,315832,5.25371,7.29753,0.184922,0.273543,6.56185e-05,0.00484828,0.332199,0.0482721,0.0894669,0.182029,0.385588
3774,1749608442,2025-06-11 02:20 UTC,219064,316047,5.23077,7.29483,0.175102,0.261779,5.29e-05,0.00483894,0.332224,0.0478468,0.0894005,0.163294,0.3531
3775,1749608742,2025-06-11 02:25 UTC,219027,316267,5.20878,7.29225,0.165288,0.250024,5.60843e-05,0.00467532,0.332239,0.0474279,0.0893376,0.145625,0.322037
3776,1749609042,2025-06-11 02:30 UTC,218990,316491,5.1877,7.2898,0.155479,0.238279,6.49905e-05,0.00460614,0.332248,0.0470146,0.0892772,0.128996,0.292627
3777,1749609342,2025-06-11 02:35 UTC,218952,316720,5.16755,7.28747,0.145678,0.226546,4.85823e-05,0.00465571,0.33226,0.0466061,0.0892204,0.11336,0.264444
3778,1749609641,2025-06-11 02:40 UTC,218915,316952,5.14837,7.28527,0.135918,0.214866,5.70609e-05,0.00450976,0.332278,0.0462041,0.0891666,0.0988472,0.23795
3779,1749609941,2025-06-11 02:45 UTC,218878,317189,5.13001,7.28319,0.126136,0.203162,5.31799e-05,0.0043459,0.33229,0.0458047,0.0891157,0.0852942,0.212659
3780,1749610241,2025-06-11 02:50 UTC,218840,317429,5.11252,7.28123,0.116368,0.191477,3.91432e-05,0.00417221,0.332306,0.0454089,0.0890679,0.0727598,0.1889
3781,1749610541,2025-06-11 02:55 UTC,218802,317674,5.09588,7.2794,0.106615,0.179815,7.1025e-05,0.00399751,0.332347,0.0450174,0.0890226,0.061312,0.166635
3782,1749610841,2025-06-11 03:00 UTC,218765,317923,5.07629,7.27108,0.0967342,0.16799,5.29763e-05,0.00383972,0.332362,0.044573,0.0888197,0.0507053,0.145466
3783,1749611141,2025-06-11 03:05 UTC,218812,318111,5.03342,7.22102,0.0859385,0.154999,4.5432e-05,0.0037014,0.332384,0.0437891,0.0876005,0.0403415,0.123828
3784,1749611440,2025-06-11 03:10 UTC,218864,318297,4.99097,7.17119,0.0752266,0.142099,4.52283e-05,0.00357634,0.332394,0.0430209,0.0863956,0.0312898,0.104077
3785,1749611740,2025-06-11 03:15 UTC,218918,318481,4.94868,7.12125,0.0645492,0.129298,3.87076e-05,0.00351468,0.332411,0.0422628,0.0851964,0.0234752,0.0861638
3786,1749612040,2025-06-11 03:20 UTC,218974,318664,4.9067,7.07136,0.0539827,0.116671,3.62384e-05,0.00350026,0.332444,0.0415178,0.0840089,0.0169365,0.0701506
3787,1749612340,2025-06-11 03:25 UTC,219032,318846,4.86503,7.02153,0.043615,0.104197,3.85375e-05,0.00352865,0.332465,0.0407857,0.082829,0.0116687,0.0559401
3788,1749612640,2025-06-11 03:30 UTC,219092,319028,4.82369,6.97176,0.0338888,0.0919382,3.6753e-05,0.00363218,0.332478,0.0400664,0.0816579,0.00765062,0.0435631
3789,1749612940,2025-06-11 03:35 UTC,219154,319208,4.78268,6.92205,0.0269709,0.0800172,3.04222e-05,0.00380201,0.332487,0.0393598,0.080497,0.00476909,0.0329915
