frame,epoch_utc,datetime_utc,ice_strength_mean,ice_strength_max,wind_speed_mean,wind_speed_max,current_speed_mean,current_speed_max,ice_speed_mean,ice_speed_max,fractured_fraction,wind_drag_mean,wind_drag_max,current_drag_mean,current_drag_max
1,1717632299,2024-06-06 00:04 UTC,245182,312077,8.76603,14.0189,0.36733,0.4876,9.04056e-06,0.000291195,0,0.134812,0.330169,0.707067,1.22434
2,1717632599,2024-06-06 00:09 UTC,245252,312221,8.75755,14.0262,0.362162,0.48135,1.78493e-05,0.0022416,0,0.134606,0.330513,0.687193,1.19307
3,1717632899,2024-06-06 00:14 UTC,245324,312365,8.7491,14.0335,0.356996,0.475101,2.59153e-05,0.00715037,0,0.134402,0.330857,0.66761,1.16221
4,1717633199,2024-06-06 00:19 UTC,245399,312510,8.74069,14.0408,0.351832,0.468854,3.42474e-05,0.0161624,0,0.1342,0.331202,0.648314,1.13177
5,1717633499,2024-06-06 00:24 UTC,245472,312655,8.73231,14.0481,0.346669,0.462607,4.18465e-05,0.0296817,0,0.134,0.331546,0.629308,1.10174
6,1717633799,2024-06-06 00:29 UTC,245548,312801,8.72398,14.0554,0.341509,0.456361,4.79847e-05,0.0437679,6.18118e-07,0.133801,0.331891,0.610591,1.07212
7,1717634099,2024-06-06 00:34 UTC,245623,312948,8.71568,14.0627,0.33635,0.450116,5.58353e-05,0.0637016,1.13928e-06,0.133605,0.332236,0.592162,1.04291
8,1717634399,2024-06-06 00:39 UTC,245701,313095,8.70743,14.07,0.331193,0.443872,7.16973e-05,0.0869596,2.42399e-06,0.13341,0.332582,0.57402,1.01402
9,1717634699,2024-06-06 00:44 UTC,245779,313243,8.69921,14.0773,0.326038,0.437629,0.000121147,0.113589,4.59346e-06,0.133217,0.332926,0.556127,0.985883
10,1717634999,2024-06-06 00:49 UTC,245858,313392,8.69103,14.0846,0.320885,0.431387,0.000500635,0.133055,0.000655214,0.133022,0.333273,0.538081,0.957595
11,1717635299,2024-06-06 00:54 UTC,245938,313541,8.68289,14.0919,0.315735,0.425146,0.000719945,0.0748214,0.000780286,0.132827,0.333618,0.520352,0.930947
12,1717635599,2024-06-06 00:59 UTC,246022,313691,8.67479,14.0993,0.310587,0.418907,0.000500596,0.0887646,0.00110903,0.132648,0.333968,0.504184,0.907542
13,1717635899,2024-06-06 01:04 UTC,246106,313841,8.66674,14.1068,0.300811,0.407006,0.000343326,0.181193,0.00111385,0.132465,0.334322,0.473105,0.851629
14,1717636199,2024-06-06 01:09 UTC,246189,313992,8.65872,14.1142,0.291021,0.395093,0.000341829,0.178884,0.00111797,0.132279,0.334676,0.442516,0.803624
15,1717636499,2024-06-06 01:14 UTC,246275,314144,8.65074,14.1217,0.281233,0.383183,0.000299866,0.136168,0.0011213,0.132102,0.335031,0.413791,0.755729
16,1717636799,2024-06-06 01:19 UTC,246361,314297,8.64281,14.1292,0.271445,0.371409,0.000276053,0.0949786,0.00112361,0.131922,0.335386,0.385408,0.710094
17,1717637099,2024-06-06 01:24 UTC,246448,314450,8.63492,14.1367,0.261659,0.359695,0.000261858,0.0789405,0.00112366,0.131742,0.335741,0.357916,0.665684
18,1717637399,2024-06-06 01:29 UTC,246537,314604,8.62707,14.1442,0.251875,0.347985,0.000237965,0.107681,0.00112462,0.131569,0.336096,0.33193,0.624929
19,1717637699,2024-06-06 01:34 UTC,246626,314758,8.61926,14.1516,0.242093,0.33628,0.000267144,0.134395,0.00112336,0.131394,0.336452,0.30661,0.583757
20,1717637999,2024-06-06 01:39 UTC,246717,314914,8.61149,14.1591,0.232312,0.324581,0.000251064,0.160424,0.00112283,0.131217,0.336808,0.28195,0.541501
21,1717638299,2024-06-06 01:44 UTC,246809,315069,8.60377,14.1666,0.222535,0.312905,0.000216987,0.187382,0.00112492,0.13105,0.337164,0.25906,0.504315
22,1717638599,2024-06-06 01:49 UTC,246902,315226,8.59609,14.1741,0.212759,0.301246,0.000206802,0.209744,0.00112449,0.13088,0.33752,0.23674,0.468204
23,1717638899,2024-06-06 01:54 UTC,246996,315383,8.58845,14.1816,0.202987,0.289594,0.000152817,0.222889,0.00112364,0.130712,0.337877,0.215397,0.431931
24,1717639199,2024-06-06 01:59 UTC,247092,315542,8.58086,14.1891,0.193219,0.277951,0.000199726,0.224405,0.00112409,0.130548,0.338233,0.195304,0.39826
25,1717639499,2024-06-06 02:04 UTC,247187,315700,8.57331,14.1965,0.180635,0.262792,0.000208146,0.205671,0.0011231,0.130382,0.33859,0.170632,0.355849
26,1717639799,2024-06-06 02:09 UTC,247284,315860,8.56581,14.204,0.168046,0.247634,0.000138621,0.180568,0.0011227,0.13022,0.338947,0.147732,0.315361
27,1717640099,2024-06-06 02:14 UTC,247382,316020,8.55835,14.2115,0.155463,0.232492,0.000167741,0.147411,0.00112613,0.13006,0.339304,0.126587,0.278272
28,1717640399,2024-06-06 02:19 UTC,247481,316180,8.55093,14.219,0.142888,0.217369,0.000118391,0.0754275,0.00112833,0.1299,0.339662,0.106953,0.243465
29,1717640699,2024-06-06 02:24 UTC,247582,316342,8.54356,14.2265,0.130322,0.202269,0.000135646,0.115639,0.00113053,0.129743,0.34002,0.089102,0.210705
30,1717640999,2024-06-06 02:29 UTC,247683,316504,8.53623,14.234,0.117768,0.187198,0.000155876,0.0573112,0.00112979,0.12959,0.340377,0.0730095,0.18127
31,1717641299,2024-06-06 02:34 UTC,247785,316667,8.52895,14.2414,0.10523,0.172164,0.000120755,0.00912456,0.00112991,0.129435,0.340735,0.0583886,0.152849
32,1717641599,2024-06-06 02:39 UTC,247888,316830,8.52172,14.2489,0.0927148,0.157176,9.97905e-05,0.00521652,0.00112998,0.129284,0.341094,0.0455482,0.127067
33,1717641899,2024-06-06 02:44 UTC,247993,316994,8.51453,14.2564,0.0802311,0.14225,0.000115533,0.0037011,0.00112998,0.129133,0.341452,0.0343461,0.104222
34,1717642199,2024-06-06 02:49 UTC,248098,317159,8.50739,14.2639,0.0677955,0.127413,0.00011246,0.00261534,0.00112998,0.128986,0.341811,0.0248787,0.0838173
35,1717642499,2024-06-06 02:54 UTC,248204,317325,8.50029,14.2714,0.0554391,0.112704,0.000111784,0.00213347,0.0011302,0.128838,0.34217,0.0169988,0.0654198
36,1717642799,2024-06-06 02:59 UTC,248311,317491,8.49324,14.2789,0.043236,0.0982183,8.79598e-05,0.00170108,0.00113019,0.128694,0.342529,0.0108659,0.0497736
37,1717643099,2024-06-06 03:04 UTC,248388,317605,8.49096,14.2576,0.0316569,0.0834847,8.68211e-05,0.00162034,0.00113021,0.128626,0.341509,0.00626232,0.0359336
38,1717643399,2024-06-06 03:09 UTC,248456,317706,8.48871,14.2362,0.0232546,0.0695844,8.97121e-05,0.00150354,0.00113023,0.128558,0.340485,0.0031437,0.0249417
39,1717643699,2024-06-06 03:14 UTC,248525,317806,8.48647,14.2148,0.0187898,0.0565625,9.97496e-05,0.00143318,0.00113023,0.12849,0.339464,0.00137747,0.0164016
40,1717643999,2024-06-06 03:19 UTC,248594,317907,8.48425,14.1935,0.0198125,0.0521676,8.45687e-05,0.00152466,0.00113024,0.128423,0.338444,0.00190205,0.0140175
41,1717644299,2024-06-06 03:24 UTC,248664,318007,8.48205,14.1721,0.0274893,0.0673778,9.54342e-05,0.00144533,0.00113024,0.128358,0.337426,0.00423213,0.0233729
42,1717644599,2024-06-06 03:29 UTC,248733,318107,8.47985,14.1507,0.0379387,0.082588,9.04581e-05,0.00148215,0.00113024,0.128291,0.336409,0.008108,0.0351094
43,1717644899,2024-06-06 03:34 UTC,248803,318207,8.47768,14.1294,0.0494726,0.0977983,9.57011e-05,0.00145045,0.00113025,0.128228,0.335393,0.0135321,0.0492025
44,1717645199,2024-06-06 03:39 UTC,248873,318307,8.47551,14.108,0.061476,0.113009,6.62519e-05,0.00133286,0.00113025,0.128163,0.33438,0.0206476,0.065753
45,1717645499,2024-06-06 03:44 UTC,248944,318406,8.47337,14.0866,0.0737055,0.128219,8.29021e-05,0.00124935,0.00113025,0.128099,0.333368,0.0294147,0.0846359
46,1717645799,2024-06-06 03:49 UTC,249014,318506,8.47123,14.0653,0.0860565,0.143429,6.64286e-05,0.00112342,0.00113038,0.128036,0.332357,0.0398522,0.105948
47,1717646099,2024-06-06 03:54 UTC,249085,318605,8.46912,14.0439,0.0984792,0.158644,8.88716e-05,0.00106318,0.00113038,0.127974,0.331348,0.0519123,0.129567
48,1717646399,2024-06-06 03:59 UTC,249156,318704,8.46701,14.0225,0.110948,0.173862,7.20691e-05,0.0118067,0.00113066,0.127913,0.33034,0.0656799,0.174281
49,1717646699,2024-06-06 04:04 UTC,249227,318803,8.46493,14.0012,0.120903,0.184669,8.71705e-05,0.00125073,0.00113066,0.127852,0.329334,0.0777516,0.175553
50,1717646999,2024-06-06 04:09 UTC,249298,318902,8.46285,13.9798,0.13087,0.195463,5.18555e-05,0.00198677,0.00113088,0.127791,0.32833,0.0909479,0.196762
51,1717647299,2024-06-06 04:14 UTC,249370,319000,8.46079,13.9584,0.140852,0.206259,5.34871e-05,0.00290867,0.00113092,0.127731,0.327327,0.105152,0.219075
52,1717647599,2024-06-06 04:19 UTC,249442,319099,8.45875,13.9371,0.150847,0.217055,4.90033e-05,0.00389272,0.00113094,0.127671,0.326326,0.120487,0.242621
53,1717647899,2024-06-06 04:24 UTC,249514,319197,8.45672,13.9157,0.160851,0.227853,4.89912e-05,0.00587398,0.00113115,0.127613,0.325326,0.136793,0.26728
54,1717648199,2024-06-06 04:29 UTC,249586,319296,8.45471,13.8943,0.170863,0.238651,4.32072e-05,0.00840368,0.00113119,0.127555,0.324328,0.154236,0.293354
55,1717648499,2024-06-06 04:34 UTC,249658,319394,8.45271,13.873,0.180881,0.24945,8.57987e-05,0.0110249,0.00113122,0.127497,0.323331,0.172768,0.320383
56,1717648799,2024-06-06 04:39 UTC,249731,319492,8.45073,13.8516,0.190905,0.26025,5.82857e-05,0.0143313,0.00113349,0.127441,0.322336,0.192291,0.348725
57,1717649099,2024-06-06 04:44 UTC,249805,319590,8.44876,13.8302,0.200933,0.27105,6.58624e-05,0.0204209,0.00113442,0.127385,0.321343,0.212869,0.378318
58,1717649399,2024-06-06 04:49 UTC,249878,319687,8.44681,13.8089,0.210966,0.281851,4.95966e-05,0.0294645,0.00113452,0.127329,0.320351,0.234628,0.409183
59,1717649699,2024-06-06 04:54 UTC,249952,319785,8.44487,13.7875,0.221002,0.292652,6.19732e-05,0.0552128,0.00113537,0.127274,0.319361,0.257334,0.440932
60,1717649999,2024-06-06 04:59 UTC,250025,319882,8.44295,13.7662,0.23104,0.303454,8.46869e-05,0.061039,0.00113792,0.12722,0.318372,0.281135,0.474327
61,1717650299,2024-06-06 05:04 UTC,250100,319980,8.44104,13.7448,0.236827,0.309185,5.56021e-05,0.0666228,0.00113793,0.127166,0.317385,0.295392,0.49223
62,1717650599,2024-06-06 05:09 UTC,250174,320077,8.43915,13.7236,0.2426,0.314902,7.12695e-05,0.0583486,0.00113901,0.127113,0.316405,0.309926,0.51064
63,1717650899,2024-06-06 05:14 UTC,250250,320174,8.43727,13.7024,0.248375,0.321203,5.7786e-05,0.0685454,0.00113821,0.127061,0.315429,0.324757,0.531401
64,1717651199,2024-06-06 05:19 UTC,250324,320271,8.43541,13.6812,0.25415,0.327665,6.88478e-05,0.0758354,0.00113992,0.127009,0.314454,0.339956,0.553853
65,1717651499,2024-06-06 05:24 UTC,250399,320368,8.43357,13.66,0.259927,0.334128,6.01429e-05,0.080671,0.00114036,0.126958,0.31348,0.355554,0.57474
66,1717651799,2024-06-06 05:29 UTC,250475,320465,8.43174,13.6388,0.265704,0.340604,5.34756e-05,0.0842353,0.00114068,0.126908,0.312508,0.371459,0.597285
67,1717652099,2024-06-06 05:34 UTC,250550,320562,8.42992,13.6176,0.271482,0.347089,6.64791e-05,0.0893088,0.00114298,0.126858,0.311538,0.387765,0.620362
68,1717652399,2024-06-06 05:39 UTC,250628,320658,8.42812,13.5964,0.277261,0.353575,5.68388e-05,0.098135,0.00114363,0.126808,0.310569,0.404406,0.643513
69,1717652699,2024-06-06 05:44 UTC,250704,320755,8.42634,13.5752,0.283041,0.360061,4.72986e-05,0.104354,0.00114404,0.12676,0.309602,0.421374,0.667749
70,1717652999,2024-06-06 05:49 UTC,250780,320851,8.42457,13.554,0.288822,0.366548,0.000163122,0.112553,0.00116,0.126711,0.308636,0.438765,0.692009
71,1717653299,2024-06-06 05:54 UTC,250856,320947,8.42283,13.5328,0.294603,0.37334,9.99327e-05,0.117669,0.00116419,0.126664,0.307672,0.456392,0.7177
72,1717653599,2024-06-06 05:59 UTC,250933,321044,8.42109,13.5117,0.300385,0.380814,7.12679e-05,0.123764,0.00116443,0.126618,0.306709,0.474388,0.746658
73,1717653899,2024-06-06 06:04 UTC,250963,321090,8.43374,13.5114,0.300816,0.381145,5.90057e-05,0.128486,0.00116754,0.126957,0.306698,0.47578,0.747982
74,1717654199,2024-06-06 06:09 UTC,250979,321123,8.44649,13.5113,0.301234,0.381451,4.98913e-05,0.131306,0.00116772,0.127299,0.306691,0.477053,0.74938
75,1717654499,2024-06-06 06:14 UTC,250996,321153,8.45928,13.5111,0.301656,0.381788,4.12252e-05,0.135528,0.00116864,0.127645,0.306684,0.478278,0.750847
76,1717654799,2024-06-06 06:19 UTC,251009,321179,8.47211,13.511,0.302082,0.382201,3.93831e-05,0.137822,0.00116876,0.127992,0.306679,0.479565,0.752074
77,1717655099,2024-06-06 06:24 UTC,251022,321203,8.48498,13.5109,0.302511,0.382613,3.60202e-05,0.140345,0.00116947,0.12834,0.306674,0.480891,0.754123
78,1717655399,2024-06-06 06:29 UTC,251033,321223,8.49789,13.5108,0.302945,0.383026,2.95822e-05,0.141672,0.00117101,0.128692,0.306669,0.48217,0.755409
79,1717655699,2024-06-06 06:34 UTC,251042,321241,8.51084,13.5107,0.303382,0.383439,2.90804e-05,0.143945,0.00117096,0.129045,0.306666,0.483474,0.757138
80,1717655999,2024-06-06 06:39 UTC,251051,321255,8.52384,13.5106,0.303823,0.383851,2.9059e-05,0.145032,0.00117405,0.129401,0.306662,0.484794,0.758683
81,1717656299,2024-06-06 06:44 UTC,251057,321267,8.53687,13.5106,0.304268,0.384264,2.2457e-05,0.146513,0.00117399,0.129758,0.30666,0.486136,0.760439
82,1717656599,2024-06-06 06:49 UTC,251063,321275,8.54994,13.5105,0.304716,0.384747,2.20973e-05,0.147379,0.0011755,0.130118,0.306658,0.487501,0.762368
83,1717656899,2024-06-06 06:54 UTC,251067,321281,8.56305,13.5105,0.305168,0.38538,2.04505e-05,0.148623,0.00117665,0.130479,0.306657,0.488849,0.764854
84,1717657199,2024-06-06 06:59 UTC,251069,321284,8.5762,13.5105,0.305624,0.386032,1.80855e-05,0.149199,0.00117698,0.130843,0.306657,0.490207,0.767428
85,1717657499,2024-06-06 07:04 UTC,251071,321284,8.58939,13.5105,0.300441,0.379151,2.21738e-05,0.149942,0.00117873,0.131209,0.306657,0.473616,0.74039
86,1717657799,2024-06-06 07:09 UTC,251071,321282,8.60262,13.5105,0.295242,0.372776,2.04206e-05,0.152147,0.00117898,0.131577,0.306658,0.45722,0.715711
87,1717658099,2024-06-06 07:14 UTC,251069,321276,8.61589,13.5106,0.290048,0.366401,1.93204e-05,0.154391,0.00118,0.131947,0.306659,0.441115,0.691485
88,1717658399,2024-06-06 07:19 UTC,251066,321268,8.62919,13.5106,0.284858,0.360026,2.01067e-05,0.155766,0.00118245,0.132319,0.306661,0.42533,0.667597
89,1717658699,2024-06-06 07:24 UTC,251062,321256,8.64253,13.5289,0.279673,0.353652,2.21823e-05,0.156515,0.00118215,0.132693,0.307493,0.40984,0.644218
90,1717658999,2024-06-06 07:29 UTC,251056,321242,8.6559,13.5499,0.274493,0.347277,1.77491e-05,0.144135,0.00118171,0.13307,0.308447,0.39463,0.621127
91,1717659299,2024-06-06 07:34 UTC,251049,321226,8.66932,13.5709,0.269318,0.340902,1.63228e-05,0.141873,0.00118385,0.133449,0.309403,0.379731,0.598577
92,1717659599,2024-06-06 07:39 UTC,251040,321206,8.68277,13.5918,0.264149,0.334528,1.47492e-05,0.1464,0.00118385,0.133829,0.31036,0.365122,0.576351
93,1717659899,2024-06-06 07:44 UTC,251030,321184,8.69625,13.6128,0.258986,0.328153,1.63083e-05,0.14999,0.00118381,0.134212,0.311319,0.350831,0.554593
94,1717660199,2024-06-06 07:49 UTC,251018,321159,8.70978,13.6338,0.253829,0.321778,1.47703e-05,0.152761,0.00118381,0.134597,0.312279,0.336828,0.533336
95,1717660499,2024-06-06 07:54 UTC,251006,321131,8.72334,13.6548,0.248679,0.315404,1.48345e-05,0.154898,0.00118383,0.134984,0.313241,0.323125,0.512402
96,1717660799,2024-06-06 07:59 UTC,250991,321101,8.73693,13.6758,0.243536,0.309029,1.56144e-05,0.13853,0.0011815,0.135373,0.314205,0.309725,0.491906
97,1717661099,2024-06-06 08:04 UTC,250976,321068,8.75056,13.6968,0.234091,0.297711,2.11329e-05,0.125092,0.0011823,0.135764,0.31517,0.286042,0.456526
98,1717661399,2024-06-06 08:09 UTC,250960,321043,8.76423,13.7177,0.224635,0.286376,1.83044e-05,0.133642,0.00118236,0.136157,0.316137,0.263259,0.422446
99,1717661699,2024-06-06 08:14 UTC,250943,321021,8.77793,13.7387,0.215183,0.275041,1.74978e-05,0.139245,0.00118179,0.136553,0.317105,0.24144,0.389708
100,1717661999,2024-06-06 08:19 UTC,250924,320997,8.79166,13.7597,0.205736,0.263706,2.03158e-05,0.143673,0.0011828,0.13695,0.318075,0.22059,0.358215
101,1717662299,2024-06-06 08:24 UTC,250904,320970,8.80544,13.7807,0.196296,0.252372,1.91394e-05,0.146652,0.00118131,0.13735,0.319047,0.20069,0.328096
102,1717662599,2024-06-06 08:29 UTC,250883,320940,8.81924,13.8017,0.186862,0.241038,1.77804e-05,0.149226,0.00118264,0.137751,0.32002,0.181748,0.299288
103,1717662899,2024-06-06 08:34 UTC,250860,320908,8.83309,13.8227,0.177436,0.230221,1.78329e-05,0.140516,0.00118166,0.138155,0.320995,0.16377,0.273027
104,1717663199,2024-06-06 08:39 UTC,250837,320874,8.84696,13.8437,0.168021,0.219772,1.71195e-05,0.139743,0.0011816,0.138561,0.321971,0.146749,0.252309
105,1717663499,2024-06-06 08:44 UTC,250812,320837,8.86087,13.8648,0.158616,0.209324,1.41588e-05,0.0885035,0.00117947,0.138969,0.322949,0.130686,0.225721
106,1717663799,2024-06-06 08:49 UTC,250786,320798,8.87482,13.8858,0.149227,0.198877,1.43477e-05,0.0831819,0.00117945,0.139379,0.323928,0.115585,0.203769
107,1717664099,2024-06-06 08:54 UTC,250758,320757,8.8888,13.9068,0.139855,0.188432,1.14413e-05,0.0776305,0.00117942,0.139792,0.32491,0.101439,0.18292
108,1717664399,2024-06-06 08:59 UTC,250731,320713,8.90282,13.9278,0.130505,0.177987,1.19871e-05,0.0721665,0.00118093,0.140206,0.325892,0.088255,0.163191
109,1717664699,2024-06-06 09:04 UTC,250649,320641,8.94954,13.9735,0.119789,0.165298,1.29512e-05,0.0664064,0.00118091,0.14158,0.328032,0.0742829,0.140773
110,1717664999,2024-06-06 09:09 UTC,250553,320560,8.99646,14.0375,0.109104,0.152611,1.26097e-05,0.0601832,0.00118325,0.142967,0.331046,0.0615452,0.11999
111,1717665299,2024-06-06 09:14 UTC,250450,320474,9.04347,14.1015,0.0984681,0.139926,1.07811e-05,0.0535267,0.00118249,0.144365,0.334074,0.0500484,0.100866
112,1717665599,2024-06-06 09:19 UTC,250346,320384,9.09056,14.1656,0.0879008,0.127242,1.12975e-05,0.0575843,0.0011825,0.145773,0.337116,0.0397943,0.0911062
113,1717665899,2024-06-06 09:24 UTC,250239,320291,9.13774,14.2297,0.0774352,0.114561,1.00916e-05,0.076953,0.00118248,0.147191,0.340173,0.0307773,0.103538
114,1717666199,2024-06-06 09:29 UTC,250127,320194,9.18501,14.2938,0.0671264,0.101884,9.05104e-06,0.0920898,0.00118167,0.14862,0.343244,0.0229959,0.108425
115,1717666499,2024-06-06 09:34 UTC,250011,320093,9.23235,14.3579,0.0570712,0.0892121,8.2398e-06,0.107048,0.00118182,0.150059,0.34633,0.0164417,0.113301
116,1717666799,2024-06-06 09:39 UTC,249893,319988,9.27977,14.422,0.0474422,0.0765478,7.81368e-06,0.134686,0.00118256,0.151508,0.349431,0.0111009,0.136906
117,1717667099,2024-06-06 09:44 UTC,249770,319879,9.32726,14.4862,0.0385344,0.063896,7.65957e-06,0.15971,0.00118086,0.152968,0.352546,0.00694569,0.154897
118,1717667399,2024-06-06 09:49 UTC,249645,319767,9.37483,14.5503,0.0307924,0.0512657,6.5241e-06,0.183393,0.00118197,0.154439,0.355675,0.00395876,0.177483
119,1717667699,2024-06-06 09:54 UTC,249516,319650,9.42246,14.6145,0.0248382,0.0433589,6.62626e-06,0.194133,0.00118066,0.155919,0.358819,0.00232621,0.173099
120,1717667999,2024-06-06 09:59 UTC,249383,319530,9.47016,14.6787,0.0217476,0.0515502,5.14091e-06,0.0806027,0.00118142,0.157411,0.361978,0.00249458,0.015833
121,1717668299,2024-06-06 10:04 UTC,249247,319405,9.51793,14.7429,0.0222908,0.0595299,5.24455e-06,0.119258,0.00118141,0.158912,0.365151,0.00362217,0.0415593
122,1717668599,2024-06-06 10:09 UTC,249107,319277,9.56577,14.8071,0.0271319,0.0682588,5.10029e-06,0.1382,0.00118067,0.160424,0.368338,0.00535159,0.0619586
123,1717668899,2024-06-06 10:14 UTC,248964,319145,9.61367,14.8713,0.0348298,0.0773821,6.65021e-06,0.170157,0.00117992,0.161946,0.371541,0.00790583,0.0931223
124,1717669199,2024-06-06 10:19 UTC,248818,319009,9.66162,14.9355,0.0433447,0.0867755,5.20816e-06,0.0755138,0.00117831,0.163479,0.374757,0.0113753,0.0387723
125,1717669499,2024-06-06 10:24 UTC,248668,318870,9.70964,14.9998,0.0521817,0.09636,6.25133e-06,0.0856261,0.0011783,0.165023,0.377988,0.0157738,0.0478183
126,1717669799,2024-06-06 10:29 UTC,248515,318726,9.75772,15.064,0.0611857,0.106084,6.52926e-06,0.0961776,0.00117833,0.166576,0.381234,0.0211047,0.0579495
127,1717670099,2024-06-06 10:34 UTC,248358,318579,9.80585,15.1283,0.07029,0.115912,7.72955e-06,0.107122,0.00117833,0.16814,0.384494,0.0273678,0.0691889
128,1717670399,2024-06-06 10:39 UTC,248199,318431,9.85404,15.1931,0.0794605,0.12582,8.8194e-06,0.117841,0.0011791,0.169715,0.387795,0.0345633,0.0815188
129,1717670699,2024-06-06 10:44 UTC,248035,318294,9.90228,15.2582,0.088677,0.135791,9.07863e-06,0.128172,0.00117914,0.1713,0.391123,0.0426911,0.0949516
130,1717670999,2024-06-06 10:49 UTC,247869,318155,9.95057,15.3233,0.0979271,0.145811,1.24827e-05,0.139277,0.00117919,0.172895,0.39447,0.0517498,0.109469
131,1717671299,2024-06-06 10:54 UTC,247699,318012,9.99892,15.3911,0.107203,0.155871,1.22338e-05,0.150017,0.00118085,0.174501,0.397968,0.0617403,0.125106
132,1717671599,2024-06-06 10:59 UTC,247525,317866,10.0473,15.4666,0.116498,0.165975,1.29127e-05,0.160642,0.00118151,0.176118,0.401881,0.0726618,0.141848
133,1717671899,2024-06-06 11:04 UTC,247349,317717,10.0958,15.542,0.1227,0.17242,1.044e-05,0.171184,0.0011815,0.177745,0.405813,0.0804201,0.153092
134,1717672199,2024-06-06 11:09 UTC,247168,317565,10.1443,15.6194,0.128899,0.178868,1.07893e-05,0.181267,0.0011815,0.179382,0.409862,0.0885761,0.164757
135,1717672499,2024-06-06 11:14 UTC,246984,317410,10.1928,15.697,0.135105,0.185329,1.11526e-05,0.19086,0.00118143,0.18103,0.413944,0.0971462,0.176872
136,1717672799,2024-06-06 11:19 UTC,246798,317252,10.2414,15.7746,0.141316,0.191802,1.12907e-05,0.200355,0.0011813,0.182688,0.418046,0.106133,0.189427
137,1717673099,2024-06-06 11:24 UTC,246608,317091,10.29,15.8522,0.147531,0.198286,1.15664e-05,0.209419,0.00118119,0.184357,0.422169,0.115533,0.202475
138,1717673399,2024-06-06 11:29 UTC,246415,316927,10.3387,15.9298,0.153751,0.204779,1.26414e-05,0.218205,0.0011824,0.186036,0.426312,0.125346,0.215945
139,1717673699,2024-06-06 11:34 UTC,246219,316760,10.3874,16.0074,0.159975,0.211282,1.29647e-05,0.226697,0.00118282,0.187726,0.430476,0.135574,0.229883
140,1717673999,2024-06-06 11:39 UTC,246019,316590,10.4362,16.085,0.166202,0.217792,1.34397e-05,0.235041,0.00118257,0.189426,0.43466,0.146216,0.244262
141,1717674299,2024-06-06 11:44 UTC,245816,316417,10.485,16.1626,0.172432,0.22431,1.45471e-05,0.243104,0.00118346,0.191137,0.438864,0.157272,0.259096
142,1717674599,2024-06-06 11:49 UTC,245609,316242,10.5338,16.2402,0.178665,0.230835,1.47214e-05,0.251159,0.00118436,0.192858,0.443089,0.168743,0.274398
143,1717674899,2024-06-06 11:54 UTC,245399,316070,10.5827,16.3178,0.1849,0.237365,1.54397e-05,0.25893,0.00118652,0.194589,0.447335,0.180627,0.290141
144,1717675199,2024-06-06 11:59 UTC,245187,315921,10.6316,16.3954,0.191138,0.243902,1.72922e-05,0.266467,0.00118799,0.196331,0.451601,0.192926,0.30634
145,1717675499,2024-06-06 12:04 UTC,244995,315797,10.647,16.3449,0.193407,0.246449,1.05796e-05,0.273623,0.00118568,0.196902,0.448823,0.19749,0.312794
146,1717675799,2024-06-06 12:09 UTC,244806,315678,10.6623,16.294,0.195666,0.249,1.06097e-05,0.279227,0.00118569,0.197474,0.446032,0.202073,0.319299
147,1717676099,2024-06-06 12:14 UTC,244614,315556,10.6778,16.2431,0.197929,0.251566,1.17844e-05,0.283854,0.00118494,0.198051,0.443249,0.206711,0.325912
148,1717676399,2024-06-06 12:19 UTC,244421,315432,10.6933,16.1922,0.200196,0.254149,9.87179e-06,0.287627,0.00118575,0.198634,0.440475,0.211417,0.332637
149,1717676699,2024-06-06 12:24 UTC,244226,315306,10.7089,16.1413,0.202465,0.256748,8.79514e-06,0.290805,0.00118584,0.199222,0.437711,0.216178,0.339478
150,1717676999,2024-06-06 12:29 UTC,244028,315178,10.7245,16.0904,0.204738,0.259367,9.12887e-06,0.293524,0.00118367,0.199815,0.434956,0.220995,0.346439
151,1717677299,2024-06-06 12:34 UTC,243829,315047,10.7403,16.0396,0.207014,0.262,2.33217e-05,0.29605,0.00118675,0.200413,0.43221,0.225869,0.353511
152,1717677599,2024-06-06 12:39 UTC,243628,314915,10.7561,15.9887,0.209293,0.264647,4.18337e-05,0.298237,0.00118856,0.201016,0.429473,0.230782,0.360612
153,1717677899,2024-06-06 12:44 UTC,243424,314780,10.7721,15.9379,0.211575,0.267309,3.77047e-05,0.300399,0.0011867,0.201626,0.426749,0.235793,0.367879
154,1717678199,2024-06-06 12:49 UTC,243217,314642,10.7881,15.8871,0.21386,0.269983,4.00612e-05,0.302293,0.00118484,0.20224,0.424035,0.240855,0.375305
155,1717678499,2024-06-06 12:54 UTC,243008,314504,10.8041,15.8386,0.216148,0.272671,3.78591e-05,0.302876,0.00118523,0.202859,0.421446,0.245958,0.38282
156,1717678799,2024-06-06 12:59 UTC,242798,314362,10.8203,15.79,0.218438,0.275371,3.14776e-05,0.108834,0.00118657,0.203485,0.418866,0.251134,0.390463
157,1717679099,2024-06-06 13:04 UTC,242585,314219,10.8365,15.7512,0.216554,0.272663,3.37546e-05,0.138572,0.00119014,0.204115,0.416808,0.246811,0.382944
158,1717679399,2024-06-06 13:09 UTC,242370,314073,10.8528,15.7138,0.214658,0.269939,3.21443e-05,0.166183,0.00119057,0.204751,0.41483,0.242433,0.375296
159,1717679699,2024-06-06 13:14 UTC,242151,313926,10.8692,15.6774,0.212763,0.26726,2.82234e-05,0.191715,0.00118995,0.205392,0.412913,0.238108,0.367787
160,1717679999,2024-06-06 13:19 UTC,241933,313776,10.8856,15.6411,0.21087,0.264925,3.09636e-05,0.124845,0.00118865,0.206039,0.411,0.233879,0.361497
161,1717680299,2024-06-06 13:24 UTC,241712,313624,10.9021,15.6047,0.208978,0.26259,2.92262e-05,0.138839,0.00118763,0.20669,0.409091,0.229629,0.355068
162,1717680599,2024-06-06 13:29 UTC,241486,313469,10.9187,15.5684,0.207088,0.260256,2.84816e-05,0.165342,0.00118869,0.207347,0.407188,0.22543,0.348834
163,1717680899,2024-06-06 13:34 UTC,241261,313313,10.9354,15.532,0.205199,0.257921,2.81592e-05,0.198246,0.00118901,0.20801,0.405289,0.221289,0.342624
164,1717681199,2024-06-06 13:39 UTC,241032,313154,10.9521,15.4957,0.203313,0.255586,2.82757e-05,0.22045,0.00118976,0.208678,0.403395,0.217188,0.336417
165,1717681499,2024-06-06 13:44 UTC,240802,312994,10.9689,15.4593,0.201427,0.253254,2.25994e-05,0.12973,0.00119037,0.209351,0.401505,0.213093,0.330275
166,1717681799,2024-06-06 13:49 UTC,240569,312831,10.9858,15.423,0.199544,0.250923,1.84722e-05,0.00814733,0.0011922,0.210031,0.39962,0.209085,0.324188
167,1717682099,2024-06-06 13:54 UTC,240333,312666,11.0027,15.3867,0.197663,0.248591,1.59313e-05,0.00673066,0.00119214,0.210715,0.397739,0.20511,0.318322
168,1717682399,2024-06-06 13:59 UTC,240096,312498,11.0197,15.3503,0.195784,0.246259,1.49101e-05,0.00599698,0.00119205,0.211405,0.395863,0.201165,0.312387
169,1717682699,2024-06-06 14:04 UTC,239857,312329,11.0367,15.314,0.190557,0.240059,1.64697e-05,0.00529688,0.00119228,0.2121,0.393992,0.190548,0.2968
170,1717682999,2024-06-06 14:09 UTC,239616,312157,11.0539,15.2777,0.185321,0.233846,1.9158e-05,0.00476552,0.00119241,0.212801,0.392125,0.180219,0.281718
171,1717683299,2024-06-06 14:14 UTC,239372,311984,11.0711,15.2414,0.180087,0.227633,1.54384e-05,0.00430123,0.00119249,0.213507,0.390263,0.170163,0.266921
172,1717683599,2024-06-06 14:19 UTC,239127,311808,11.0883,15.2696,0.174856,0.221431,1.33144e-05,0.00418728,0.00119252,0.214218,0.391707,0.160401,0.252545
173,1717683899,2024-06-06 14:24 UTC,238879,311630,11.1056,15.3153,0.169626,0.215332,1.48223e-05,0.00415065,0.00119252,0.214936,0.394058,0.150942,0.238817
174,1717684199,2024-06-06 14:29 UTC,238629,311449,11.123,15.3612,0.164399,0.20925,1.54827e-05,0.00424387,0.00119252,0.215658,0.396425,0.141778,0.225492
175,1717684499,2024-06-06 14:34 UTC,238377,311267,11.1404,15.4074,0.159175,0.203168,1.11382e-05,0.00428842,0.00119247,0.216386,0.39881,0.132895,0.212585
176,1717684799,2024-06-06 14:39 UTC,238122,311081,11.1579,15.4537,0.153953,0.197085,1.03129e-05,0.00440387,0.00119242,0.217119,0.401211,0.124315,0.200073
177,1717685099,2024-06-06 14:44 UTC,237866,310894,11.1755,15.5002,0.148736,0.191003,1.19854e-05,0.00469887,0.00119237,0.217858,0.403629,0.116037,0.187914
178,1717685399,2024-06-06 14:49 UTC,237607,310705,11.1931,15.5469,0.143522,0.18492,9.4769e-06,0.00508974,0.00119229,0.218603,0.406064,0.108041,0.176153
179,1717685699,2024-06-06 14:54 UTC,237347,310514,11.2108,15.5937,0.138312,0.178838,1.17419e-05,0.00545798,0.00119226,0.219352,0.408516,0.100341,0.164755
180,1717685999,2024-06-06 14:59 UTC,237085,310320,11.2285,15.6408,0.133108,0.172757,1.19458e-05,0.00585413,0.00119223,0.220108,0.410986,0.0929415,0.153719
181,1717686299,2024-06-06 15:04 UTC,236888,310201,11.2599,15.6643,0.126691,0.165132,1.2297e-05,0.00590754,0.00119222,0.221284,0.412222,0.0842028,0.140461
182,1717686599,2024-06-06 15:09 UTC,236704,310098,11.2914,15.6879,0.120278,0.157625,9.75812e-06,0.0056089,0.00119235,0.222467,0.413466,0.0758978,0.127954
183,1717686899,2024-06-06 15:14 UTC,236520,309995,11.323,15.7116,0.113874,0.150128,9.44575e-06,0.00554186,0.00119234,0.223657,0.414714,0.0680411,0.116078
184,1717687199,2024-06-06 15:19 UTC,236336,309892,11.3546,15.7353,0.10748,0.142633,3.99285e-05,0.00573665,0.00119232,0.224853,0.415966,0.0606253,0.104914
185,1717687499,2024-06-06 15:24 UTC,236151,309790,11.3863,15.759,0.1011,0.135743,9.85717e-05,0.00627486,0.00119245,0.226055,0.417221,0.0536861,0.0952562
186,1717687799,2024-06-06 15:29 UTC,235966,309688,11.418,15.7828,0.0947354,0.128973,0.000117069,0.00838846,0.00119245,0.227263,0.41848,0.0471298,0.0857238
187,1717688099,2024-06-06 15:34 UTC,235781,309586,11.4498,15.8065,0.0883905,0.122203,0.000113599,0.0151697,0.00119246,0.228475,0.419742,0.0410035,0.0768325
188,1717688399,2024-06-06 15:39 UTC,235596,309484,11.4816,15.8304,0.0820703,0.115434,0.000106327,0.00825718,0.00119258,0.229698,0.421008,0.0354292,0.0686683
189,1717688699,2024-06-06 15:44 UTC,235410,309383,11.5135,15.8542,0.0757815,0.108666,9.67969e-05,0.00279113,0.00119259,0.230924,0.422278,0.0302221,0.0607984
190,1717688999,2024-06-06 15:49 UTC,235224,309282,11.5455,15.8781,0.0695339,0.101898,0.000103313,0.0021566,0.00119257,0.232153,0.423551,0.0254035,0.0531727
191,1717689299,2024-06-06 15:54 UTC,235037,309181,11.5775,15.902,0.0633413,0.0951338,0.000111293,0.00174519,0.00119258,0.233394,0.424828,0.0211452,0.046449
192,1717689599,2024-06-06 15:59 UTC,234851,309081,11.6095,15.9259,0.0572242,0.0883769,0.000140437,0.00162708,0.0011927,0.234639,0.426108,0.0172766,0.040359
193,1717689899,2024-06-06 16:04 UTC,234664,308980,11.6416,15.9499,0.052077,0.0822495,0.000111578,0.00158301,0.00119191,0.235889,0.427392,0.0142924,0.0346827
194,1717690199,2024-06-06 16:09 UTC,234476,308881,11.6738,15.9739,0.0469839,0.0761255,0.000105688,0.00161001,0.0011919,0.237146,0.428679,0.0116402,0.0298946
195,1717690499,2024-06-06 16:14 UTC,234289,308781,11.706,15.998,0.0419616,0.0700033,0.000114253,0.00161867,0.00119192,0.238411,0.42997,0.00930836,0.0252801
196,1717690799,2024-06-06 16:19 UTC,234101,308681,11.7382,16.022,0.0370406,0.0638832,0.000103241,0.00155675,0.00119194,0.239679,0.431265,0.00723797,0.0209728
197,1717691099,2024-06-06 16:24 UTC,233913,308582,11.7705,16.0461,0.0322692,0.0578679,9.53165e-05,0.00143643,0.00119192,0.240954,0.432563,0.00548791,0.017219
198,1717691399,2024-06-06 16:29 UTC,233724,308483,11.8029,16.0702,0.0277265,0.0524205,8.75523e-05,0.00152573,0.00119192,0.242238,0.433865,0.00404906,0.0141609
199,1717691699,2024-06-06 16:34 UTC,233536,308385,11.8353,16.0944,0.0235442,0.0470045,8.03544e-05,0.00142264,0.00119208,0.243525,0.43517,0.00288406,0.0113941
200,1717691999,2024-06-06 16:39 UTC,233346,308286,11.8677,16.1186,0.019939,0.0416277,9.18909e-05,0.00150162,0.00119209,0.244818,0.436479,0.00200118,0.00892009
201,1717692299,2024-06-06 16:44 UTC,233157,308188,11.9002,16.1428,0.0172498,0.0366596,0.00010213,0.00145196,0.00119223,0.246117,0.437791,0.00141351,0.00689486
202,1717692599,2024-06-06 16:49 UTC,232967,308090,11.9328,16.167,0.0159883,0.0392459,8.1708e-05,0.00143114,0.00119224,0.247425,0.439107,0.00110972,0.00793172
203,1717692899,2024-06-06 16:54 UTC,232777,307992,11.9654,16.1913,0.0166027,0.0429853,8.59192e-05,0.00146267,0.0011922,0.248736,0.440427,0.00115125,0.00951503
204,1717693199,2024-06-06 16:59 UTC,232587,307895,11.998,16.2156,0.0187193,0.0470475,0.000100372,0.0013854,0.00119219,0.250055,0.44175,0.00156436,0.0113989
205,1717693499,2024-06-06 17:04 UTC,232396,307797,12.0307,16.24,0.0200275,0.0487045,8.78046e-05,0.00136662,0.0011922,0.251379,0.443077,0.00186096,0.0122154
206,1717693799,2024-06-06 17:09 UTC,232205,307700,12.0634,16.2643,0.0215241,0.0504576,8.08035e-05,0.00139904,0.00119217,0.252709,0.444407,0.00223645,0.0131117
207,1717694099,2024-06-06 17:14 UTC,232014,307603,12.0962,16.2887,0.0231846,0.0523048,8.0056e-05,0.00130774,0.00119217,0.254047,0.445741,0.0026868,0.0140901
208,1717694399,2024-06-06 17:19 UTC,231822,307507,12.129,16.3135,0.0249885,0.0542366,0.000111769,0.00130985,0.00119236,0.255389,0.447101,0.00318915,0.0151486
209,1717694699,2024-06-06 17:24 UTC,231630,307410,12.1619,16.3398,0.0269195,0.0562442,0.000107616,0.00130058,0.00119234,0.25674,0.448541,0.00377134,0.01629
210,1717694999,2024-06-06 17:29 UTC,231438,307314,12.1948,16.3661,0.0289613,0.0583198,9.48184e-05,0.0015867,0.00119232,0.258094,0.449985,0.0044235,0.0175181
211,1717695299,2024-06-06 17:34 UTC,231245,307218,12.2277,16.3924,0.0310972,0.0604563,0.000101323,0.00128861,0.00119244,0.259456,0.451433,0.00514438,0.0188233
212,1717695599,2024-06-06 17:39 UTC,231052,307122,12.2607,16.4187,0.0333118,0.0626477,9.66178e-05,0.00122819,0.00119243,0.260823,0.452885,0.00594591,0.0202099
213,1717695899,2024-06-06 17:44 UTC,230859,307027,12.2938,16.4451,0.0355912,0.0648882,8.80811e-05,0.00119521,0.00119241,0.262197,0.45434,0.00680264,0.0216868
214,1717696199,2024-06-06 17:49 UTC,230666,306932,12.3268,16.473,0.0379233,0.067173,7.74364e-05,0.00128873,0.00119241,0.263577,0.455886,0.00773205,0.0232366
215,1717696499,2024-06-06 17:54 UTC,230472,306836,12.36,16.5059,0.0402982,0.0694977,7.05756e-05,0.00119535,0.00119242,0.264962,0.457706,0.00875687,0.0248751
216,1717696799,2024-06-06 17:59 UTC,230278,306742,12.3931,16.5507,0.0427078,0.0718585,7.48319e-05,0.00117644,0.00119241,0.266355,0.460198,0.00982677,0.0265911
217,1717697099,2024-06-06 18:04 UTC,230118,306678,12.4176,16.5372,0.0416462,0.0694162,7.44886e-05,0.00123362,0.00119243,0.267378,0.459445,0.00938037,0.0248141
218,1717697399,2024-06-06 18:09 UTC,229965,306622,12.442,16.5302,0.0405884,0.0669938,6.74462e-05,0.00112078,0.00119387,0.268405,0.459053,0.00893358,0.0231215
219,1717697699,2024-06-06 18:14 UTC,229813,306567,12.4665,16.528,0.0395473,0.0646114,6.64421e-05,0.00120689,0.00119388,0.269434,0.458933,0.00851275,0.0214998
220,1717697999,2024-06-06 18:19 UTC,229662,306513,12.491,16.5292,0.0385244,0.0622736,5.57847e-05,0.00120561,0.00119389,0.270468,0.459,0.0081125,0.0199722
221,1717698299,2024-06-06 18:24 UTC,229511,306460,12.5156,16.5304,0.037521,0.0599911,6.7555e-05,0.00123171,0.00119409,0.271506,0.459067,0.00771724,0.0185328
222,1717698599,2024-06-06 18:29 UTC,229360,306408,12.5401,16.5316,0.0365389,0.0577723,6.51584e-05,0.00117322,0.00119418,0.272546,0.459136,0.00735331,0.0171882
223,1717698899,2024-06-06 18:34 UTC,229210,306356,12.5647,16.5329,0.0355796,0.0561932,6.64042e-05,0.00124795,0.00119426,0.273592,0.459205,0.00700129,0.01622
224,1717699199,2024-06-06 18:39 UTC,229060,306305,12.5894,16.5548,0.0346451,0.0559315,5.96364e-05,0.00125016,0.00119438,0.274639,0.460421,0.00667299,0.0161279
225,1717699499,2024-06-06 18:44 UTC,228910,306256,12.6141,16.5823,0.0337373,0.0557082,6.76466e-05,0.00124642,0.00119449,0.275691,0.461955,0.00635848,0.016007
226,1717699799,2024-06-06 18:49 UTC,228761,306207,12.6388,16.6099,0.032858,0.0555238,7.5937e-05,0.0013401,0.0011946,0.276746,0.463494,0.00607292,0.0159643
227,1717700099,2024-06-06 18:54 UTC,228612,306158,12.6635,16.6375,0.0320092,0.0553788,6.94428e-05,0.00128681,0.0011947,0.277805,0.465036,0.00579792,0.015782
228,1717700399,2024-06-06 18:59 UTC,228463,306111,12.6883,16.6651,0.0311929,0.0552735,6.86759e-05,0.00125166,0.00119476,0.278869,0.466581,0.00553497,0.0157252
229,1717700699,2024-06-06 19:04 UTC,228315,306065,12.713,16.6928,0.0272575,0.0503031,8.89189e-05,0.00127096,0.00119532,0.279936,0.46813,0.00419872,0.0129619
230,1717700999,2024-06-06 19:09 UTC,228168,306019,12.7379,16.7205,0.023845,0.0456447,7.40467e-05,0.00137315,0.0011955,0.281006,0.469684,0.00314995,0.0107908
231,1717701299,2024-06-06 19:14 UTC,228020,305974,12.7627,16.7481,0.0211235,0.0414262,7.26757e-05,0.00139642,0.00119554,0.282079,0.47124,0.00238161,0.00881797
232,1717701599,2024-06-06 19:19 UTC,227873,305930,12.7876,16.7759,0.0193627,0.0377952,6.23797e-05,0.00130774,0.00119559,0.283159,0.472801,0.00190411,0.00731792
233,1717701899,2024-06-06 19:24 UTC,227726,305887,12.8125,16.8036,0.0189477,0.0377546,6.71012e-05,0.00136397,0.00119562,0.28424,0.474365,0.0017623,0.00733961
234,1717702199,2024-06-06 19:29 UTC,227580,305845,12.8374,16.8313,0.0200563,0.0431519,6.92076e-05,0.00133909,0.00119581,0.285324,0.475934,0.00196143,0.00954395
235,1717702499,2024-06-06 19:34 UTC,227434,305803,12.8624,16.8591,0.0224273,0.0486121,5.68795e-05,0.00135733,0.00119582,0.286413,0.477506,0.00249359,0.0121476
236,1717702799,2024-06-06 19:39 UTC,227288,305762,12.8874,16.8869,0.0257004,0.054116,6.12546e-05,0.0013757,0.00119508,0.287506,0.479081,0.00334208,0.015028
237,1717703099,2024-06-06 19:44 UTC,227143,305722,12.9124,16.9147,0.0295853,0.0596516,6.02138e-05,0.00141335,0.0011951,0.288602,0.480661,0.00448746,0.0183081
238,1717703399,2024-06-06 19:49 UTC,226998,305683,12.9374,16.9425,0.0338799,0.0652109,5.43776e-05,0.00146149,0.00119513,0.289703,0.482244,0.00593285,0.0218873
239,1717703699,2024-06-06 19:54 UTC,226853,305644,12.9625,16.9704,0.038452,0.0707882,5.44199e-05,0.00147961,0.00119533,0.290806,0.483831,0.00766911,0.0258416
240,1717703999,2024-06-06 19:59 UTC,226709,305607,12.9876,16.9983,0.0432156,0.0763838,4.23083e-05,0.00147848,0.00119584,0.291914,0.485421,0.00971311,0.030035
241,1717704299,2024-06-06 20:04 UTC,226565,305570,13.0127,17.0262,0.0505367,0.0850701,0.000101761,0.00149692,0.00119616,0.293025,0.487016,0.0133875,0.0372969
242,1717704599,2024-06-06 20:09 UTC,226421,305534,13.0379,17.0541,0.0582558,0.0941677,6.94449e-05,0.00163669,0.0011962,0.294139,0.488614,0.0178453,0.0457532
243,1717704899,2024-06-06 20:14 UTC,226278,305499,13.063,17.082,0.0662308,0.103589,6.48711e-05,0.00166499,0.00119628,0.295258,0.490216,0.0230822,0.0553044
244,1717705199,2024-06-06 20:19 UTC,226135,305464,13.0882,17.11,0.0743763,0.113219,5.56942e-05,0.00174196,0.0011963,0.29638,0.491822,0.0291135,0.0659539
245,1717705499,2024-06-06 20:24 UTC,225992,305430,13.1134,17.1379,0.0826385,0.122912,5.2674e-05,0.00181789,0.00119634,0.297505,0.493431,0.0359276,0.0778215
246,1717705799,2024-06-06 20:29 UTC,225850,305397,13.1387,17.1659,0.0909833,0.132635,4.73929e-05,0.00191198,0.0011964,0.298635,0.495044,0.0435338,0.090627
247,1717706099,2024-06-06 20:34 UTC,225708,305365,13.164,17.1939,0.0993879,0.142454,5.76521e-05,0.00199784,0.00119641,0.299769,0.496661,0.0519391,0.104581
248,1717706399,2024-06-06 20:39 UTC,225566,305333,13.1893,17.2316,0.107837,0.152461,5.05496e-05,0.00212949,0.00119664,0.300905,0.498841,0.0611247,0.119567
249,1717706699,2024-06-06 20:44 UTC,225424,305302,13.2146,17.277,0.116321,0.162547,6.9047e-05,0.0022921,0.00119796,0.302047,0.501472,0.0711252,0.135926
250,1717706999,2024-06-06 20:49 UTC,225283,305272,13.2399,17.3223,0.124831,0.172642,5.25413e-05,0.00248798,0.00119799,0.303191,0.504111,0.0818907,0.15354
251,1717707299,2024-06-06 20:54 UTC,225142,305243,13.2653,17.3679,0.133362,0.182743,6.07708e-05,0.00269013,0.00119813,0.304339,0.506766,0.0934591,0.171919
252,1717707599,2024-06-06 20:59 UTC,225002,305214,13.2907,17.4136,0.14191,0.192844,5.27753e-05,0.00301062,0.00119816,0.30549,0.509435,0.105816,0.191607
253,1717707899,2024-06-06 21:04 UTC,224924,305209,13.324,17.4792,0.151266,0.203938,7.2733e-05,0.0035607,0.00120326,0.307008,0.513277,0.120245,0.214801
254,1717708199,2024-06-06 21:09 UTC,224860,305208,13.3574,17.5449,0.160651,0.215036,5.49839e-05,0.00431635,0.00120437,0.308533,0.517141,0.135618,0.238108
255,1717708499,2024-06-06 21:14 UTC,224797,305209,13.3909,17.6106,0.170059,0.226134,4.75945e-05,0.00546442,0.00120487,0.310065,0.521027,0.151958,0.263358
256,1717708799,2024-06-06 21:19 UTC,224736,305211,13.4244,17.6765,0.179485,0.237756,8.25539e-05,0.00689949,0.00121798,0.311604,0.524933,0.169255,0.291134
257,1717709099,2024-06-06 21:24 UTC,224677,305215,13.458,17.7424,0.188928,0.249618,0.000108772,0.00840248,0.00124059,0.313149,0.528856,0.18755,0.321129
258,1717709399,2024-06-06 21:29 UTC,224618,305219,13.4916,17.8083,0.198383,0.261481,6.48927e-05,0.0109445,0.00124473,0.314701,0.532788,0.206807,0.351959
259,1717709699,2024-06-06 21:34 UTC,224562,305224,13.5254,17.8742,0.20785,0.273344,0.000136967,0.00816299,0.00128059,0.316258,0.536735,0.226927,0.38377
260,1717709999,2024-06-06 21:39 UTC,224507,305230,13.5592,17.9402,0.217327,0.285208,0.000158413,0.0124033,0.00128302,0.317822,0.540703,0.248013,0.418043
261,1717710299,2024-06-06 21:44 UTC,224453,305238,13.593,18.0061,0.226813,0.297072,0.000115241,0.00945036,0.00130118,0.319395,0.544683,0.270233,0.454183
262,1717710599,2024-06-06 21:49 UTC,224401,305246,13.6269,18.0813,0.236306,0.308937,0.000119026,0.0311628,0.00133217,0.320976,0.549243,0.293445,0.490452
263,1717710899,2024-06-06 21:54 UTC,224349,305256,13.6609,18.1613,0.245806,0.320801,0.000137282,0.0686393,0.00136399,0.322559,0.554119,0.317425,0.530016
264,1717711199,2024-06-06 21:59 UTC,224300,305267,13.6949,18.2413,0.255311,0.332666,9.22127e-05,0.0699594,0.00139158,0.324152,0.558999,0.342519,0.570549
265,1717711499,2024-06-06 22:04 UTC,224253,305279,13.729,18.3213,0.262736,0.342491,0.000988646,0.0397023,0.00210421,0.325714,0.563879,0.360634,0.603116
266,1717711799,2024-06-06 22:09 UTC,224213,305291,13.7632,18.4013,0.270155,0.35231,0.000450763,0.170107,0.00348884,0.327352,0.568837,0.383244,0.636935
267,1717712099,2024-06-06 22:14 UTC,224168,305305,13.7974,18.4814,0.277575,0.362128,0.000198709,0.205404,0.00351507,0.328968,0.573812,0.404805,0.676057
268,1717712399,2024-06-06 22:19 UTC,224126,305320,13.8317,18.5614,0.284997,0.371947,0.0002051,0.283871,0.00356933,0.330583,0.578793,0.426542,0.712556
269,1717712699,2024-06-06 22:24 UTC,224085,305336,13.866,18.6416,0.29242,0.381765,0.000152682,0.23544,0.00363797,0.332206,0.583818,0.448905,0.749889
270,1717712999,2024-06-06 22:29 UTC,224045,305352,13.9004,18.7217,0.299844,0.391584,0.000302987,0.298011,0.00387464,0.333838,0.588849,0.471942,0.787943
271,1717713299,2024-06-06 22:34 UTC,224009,305370,13.9348,18.8019,0.30727,0.401404,0.000681764,0.321686,0.00410046,0.335452,0.593826,0.49419,0.829507
272,1717713599,2024-06-06 22:39 UTC,223976,305389,13.9693,18.882,0.314696,0.411224,0.000480617,0.333068,0.00498626,0.337125,0.598959,0.52011,0.871512
273,1717713899,2024-06-06 22:44 UTC,223940,305409,14.0039,18.9623,0.322123,0.421044,0.000263333,0.350385,0.00506297,0.338772,0.604078,0.544647,0.911722
274,1717714199,2024-06-06 22:49 UTC,223906,305429,14.0385,19.0425,0.329551,0.430864,0.000514921,0.3546,0.00545295,0.34042,0.609205,0.569288,0.952935
275,1717714499,2024-06-06 22:54 UTC,223873,305466,14.0732,19.1228,0.33698,0.440684,0.000447731,0.319364,0.00610765,0.342099,0.614331,0.596322,0.997373
276,1717714799,2024-06-06 22:59 UTC,223842,305524,14.1079,19.2031,0.344409,0.450505,0.000658897,0.351744,0.0064653,0.343752,0.6195,0.62138,1.04151
277,1717715099,2024-06-06 23:04 UTC,223809,305583,14.1427,19.2834,0.347708,0.455276,0.000206869,0.378047,0.00684167,0.345447,0.624717,0.634746,1.0665
278,1717715399,2024-06-06 23:09 UTC,223777,305643,14.1775,19.3637,0.350993,0.460031,0.000146334,0.398128,0.00686486,0.34713,0.629918,0.646697,1.09036
279,1717715699,2024-06-06 23:14 UTC,223746,305704,14.2124,19.4441,0.354279,0.464785,0.000110328,0.413031,0.00688905,0.348821,0.635159,0.65881,1.11258
280,1717715999,2024-06-06 23:19 UTC,223718,305765,14.2473,19.5245,0.357564,0.46954,0.000202689,0.423949,0.00693797,0.350516,0.640417,0.670744,1.13401
281,1717716299,2024-06-06 23:24 UTC,223691,305828,14.2823,19.6049,0.36085,0.474295,0.00054998,0.431977,0.00728246,0.352208,0.645705,0.682205,1.15877
282,1717716599,2024-06-06 23:29 UTC,223672,305891,14.3173,19.6853,0.364136,0.47905,0.000443993,0.438081,0.00919269,0.353936,0.651021,0.695996,1.18454
283,1717716899,2024-06-06 23:34 UTC,223647,305955,14.3524,19.7657,0.367422,0.483804,0.000198491,0.442949,0.00922052,0.355654,0.656348,0.70863,1.20595
284,1717717199,2024-06-06 23:39 UTC,223624,306020,14.3876,19.8462,0.370708,0.488559,0.00012517,0.447039,0.00923626,0.357376,0.661709,0.721134,1.22908
285,1717717499,2024-06-06 23:44 UTC,223603,306086,14.4228,19.9267,0.373994,0.493314,0.000183272,0.450654,0.00933249,0.359104,0.667091,0.733758,1.2514
286,1717717799,2024-06-06 23:49 UTC,223582,306153,14.458,20.0072,0.37728,0.498094,0.000130211,0.453985,0.00935054,0.360842,0.672483,0.746717,1.27687
287,1717718099,2024-06-06 23:54 UTC,223561,306220,14.4933,20.0878,0.380566,0.50311,0.000257699,0.457155,0.00949424,0.362585,0.677906,0.759688,1.30275
288,1717718399,2024-06-06 23:59 UTC,223541,306289,14.5286,20.1683,0.383853,0.508126,0.000132633,0.460239,0.0095239,0.364337,0.683356,0.772984,1.3288
289,1717718699,2024-06-07 00:04 UTC,223518,306362,14.5331,20.1831,0.382178,0.506566,7.6179e-05,0.462322,0.00954087,0.364548,0.684359,0.766615,1.32189
290,1717718999,2024-06-07 00:09 UTC,223496,306436,14.5375,20.1976,0.380488,0.504985,6.86239e-05,0.462943,0.00954077,0.364749,0.685348,0.759619,1.31297
291,1717719299,2024-06-07 00:14 UTC,223476,306511,14.5419,20.2121,0.378798,0.503405,0.000147719,0.462658,0.0095812,0.364955,0.686331,0.752912,1.30449
292,1717719599,2024-06-07 00:19 UTC,223455,306587,14.5464,20.2267,0.377109,0.501825,0.000167876,0.46182,0.0095877,0.365163,0.687318,0.746212,1.29665
293,1717719899,2024-06-07 00:24 UTC,223437,306664,14.5508,20.2412,0.37542,0.500245,0.000153259,0.460646,0.00960018,0.36537,0.688302,0.73934,1.29007
294,1717720199,2024-06-07 00:29 UTC,223420,306741,14.5553,20.2557,0.373732,0.498666,0.000153393,0.45927,0.00960079,0.365581,0.689306,0.732655,1.28116
295,1717720499,2024-06-07 00:34 UTC,223403,306820,14.5598,20.2703,0.372045,0.497088,0.000113147,0.457773,0.00960007,0.365795,0.690278,0.7261,1.27233
296,1717720799,2024-06-07 00:39 UTC,223388,306899,14.5644,20.2848,0.370359,0.49551,0.000133692,0.456206,0.00960018,0.366006,0.69127,0.719208,1.26416
297,1717721099,2024-06-07 00:44 UTC,223374,306979,14.5689,20.2993,0.368673,0.493932,0.00011469,0.454596,0.00960018,0.366224,0.692271,0.712771,1.2562
298,1717721399,2024-06-07 00:49 UTC,223360,307060,14.5735,20.3139,0.366988,0.492356,9.28041e-05,0.452963,0.00960102,0.366442,0.693255,0.706184,1.24881
299,1717721699,2024-06-07 00:54 UTC,223348,307142,14.5781,20.3284,0.365304,0.49078,9.56214e-05,0.451317,0.00960077,0.366664,0.69425,0.699794,1.24034
300,1717721999,2024-06-07 00:59 UTC,223337,307224,14.5827,20.343,0.363621,0.489204,7.36651e-05,0.449666,0.00960163,0.366885,0.695244,0.693227,1.23185
301,1717722299,2024-06-07 01:04 UTC,223327,307308,14.5873,20.3575,0.356905,0.48107,9.2101e-05,0.447404,0.00960178,0.36711,0.696238,0.667843,1.19274
302,1717722599,2024-06-07 01:09 UTC,223317,307392,14.592,20.3721,0.350174,0.472916,7.45534e-05,0.444292,0.00960219,0.367337,0.697236,0.642895,1.15228
303,1717722899,2024-06-07 01:14 UTC,223308,307477,14.5967,20.3866,0.343445,0.464763,5.12611e-05,0.212999,0.00959839,0.367563,0.698233,0.618232,1.11193
304,1717723199,2024-06-07 01:19 UTC,223301,307562,14.6014,20.4012,0.336718,0.456611,6.79596e-05,0.0926408,0.00959866,0.367794,0.699225,0.594234,1.07357
305,1717723499,2024-06-07 01:24 UTC,223294,307649,14.6061,20.4157,0.329993,0.448463,7.31614e-05,0.0692086,0.00959936,0.368027,0.700228,0.570717,1.03642
306,1717723799,2024-06-07 01:29 UTC,223289,307736,14.6108,20.4303,0.32327,0.440318,5.52015e-05,0.0511832,0.00959932,0.368259,0.701225,0.547525,0.998756
307,1717724099,2024-06-07 01:34 UTC,223285,307825,14.6156,20.4448,0.316549,0.432174,4.73826e-05,0.030371,0.00960096,0.368494,0.702226,0.524917,0.961996
308,1717724399,2024-06-07 01:39 UTC,223281,307914,14.6203,20.4594,0.309831,0.424032,4.11582e-05,0.0056356,0.00960193,0.368732,0.703227,0.502774,0.925851
309,1717724699,2024-06-07 01:44 UTC,223279,308003,14.6251,20.474,0.303115,0.415892,3.88642e-05,0.00565787,0.00960226,0.368971,0.704229,0.481133,0.890843
310,1717724999,2024-06-07 01:49 UTC,223278,308094,14.63,20.4885,0.296402,0.407754,2.95214e-05,0.00565684,0.00960279,0.369212,0.70523,0.459925,0.856193
311,1717725299,2024-06-07 01:54 UTC,223277,308185,14.6348,20.5031,0.289691,0.399618,3.19061e-05,0.00560755,0.0096028,0.369455,0.706235,0.439217,0.822441
312,1717725599,2024-06-07 01:59 UTC,223277,308277,14.6396,20.5177,0.282984,0.391484,3.35136e-05,0.0055645,0.00960251,0.369701,0.707238,0.419056,0.789464
313,1717725899,2024-06-07 02:04 UTC,223279,308369,14.6445,20.5323,0.272009,0.378188,2.53892e-05,0.0054951,0.00960418,0.369947,0.708244,0.387156,0.736635
314,1717726199,2024-06-07 02:09 UTC,223280,308463,14.6494,20.5468,0.261021,0.364951,3.74478e-05,0.00541528,0.00960393,0.370197,0.709251,0.356552,0.686081
315,1717726499,2024-06-07 02:14 UTC,223283,308557,14.6543,20.5614,0.250035,0.351767,3.18461e-05,0.00533384,0.00960535,0.370448,0.710258,0.32716,0.637304
316,1717726799,2024-06-07 02:19 UTC,223288,308652,14.6592,20.576,0.239052,0.338587,2.77893e-05,0.00525146,0.00960697,0.3707,0.711266,0.299049,0.590493
317,1717727099,2024-06-07 02:24 UTC,223293,308748,14.6642,20.5906,0.22807,0.32541,2.66576e-05,0.00517571,0.00960715,0.370955,0.712272,0.27222,0.545471
318,1717727399,2024-06-07 02:29 UTC,223299,308844,14.6692,20.6052,0.217092,0.312239,2.72962e-05,0.00509626,0.00960811,0.371212,0.713285,0.246664,0.502384
319,1717727699,2024-06-07 02:34 UTC,223305,308942,14.6742,20.6198,0.206117,0.299073,2.60649e-05,0.005022,0.0096084,0.37147,0.714295,0.222362,0.46074
320,1717727999,2024-06-07 02:39 UTC,223313,309039,14.6792,20.6344,0.195145,0.285912,2.98608e-05,0.00495135,0.00961029,0.37173,0.715307,0.199364,0.421125
321,1717728299,2024-06-07 02:44 UTC,223322,309138,14.6842,20.649,0.184178,0.272759,2.47232e-05,0.00487554,0.00961001,0.371993,0.716319,0.177617,0.38332
322,1717728599,2024-06-07 02:49 UTC,223332,309237,14.6892,20.6637,0.173217,0.259613,2.95434e-05,0.00689825,0.00961143,0.372257,0.717339,0.157159,0.347201
323,1717728899,2024-06-07 02:54 UTC,223342,309338,14.6943,20.6785,0.162261,0.246526,2.32149e-05,0.0241637,0.0096135,0.372523,0.718368,0.13795,0.313105
324,1717729199,2024-06-07 02:59 UTC,223354,309438,14.6994,20.6933,0.151314,0.233523,2.25759e-05,0.135048,0.00961663,0.372791,0.7194,0.120028,0.280889
325,1717729499,2024-06-07 03:04 UTC,223282,309488,14.7203,20.703,0.138257,0.21776,3.25854e-05,0.171929,0.00961851,0.373777,0.720073,0.100359,0.244337
326,1717729799,2024-06-07 03:09 UTC,223195,309528,14.7414,20.7132,0.125207,0.202018,1.9212e-05,0.190123,0.00962072,0.374768,0.720781,0.0824514,0.21021
327,1717730099,2024-06-07 03:14 UTC,223107,309568,14.7624,20.7235,0.112174,0.186311,2.15434e-05,0.185341,0.00962115,0.375763,0.721497,0.066373,0.17885
328,1717730399,2024-06-07 03:19 UTC,223017,309607,14.7835,20.7338,0.0991648,0.17065,5.13358e-05,0.19698,0.00962522,0.376761,0.722218,0.0521047,0.15009
329,1717730699,2024-06-07 03:24 UTC,222926,309646,14.8045,20.7442,0.0861897,0.155055,2.59145e-05,0.0218625,0.00962405,0.377761,0.722944,0.0396286,0.123884
330,1717730999,2024-06-07 03:29 UTC,222835,309685,14.8256,20.7547,0.0732647,0.139541,2.46034e-05,0.0284027,0.00962668,0.378765,0.723677,0.0289761,0.100356
331,1717731299,2024-06-07 03:34 UTC,222742,309723,14.8468,20.7653,0.060419,0.124139,2.30816e-05,0.034286,0.00962861,0.379772,0.724412,0.0201212,0.0793981
332,1717731599,2024-06-07 03:39 UTC,222649,309761,14.8679,20.7759,0.047712,0.108897,2.00735e-05,0.037089,0.00962921,0.380782,0.725155,0.0130784,0.0610717
333,1717731899,2024-06-07 03:44 UTC,222554,309799,14.889,20.7866,0.035391,0.0939082,1.81031e-05,0.0382703,0.00963021,0.381795,0.725904,0.00782988,0.0454077
334,1717732199,2024-06-07 03:49 UTC,222458,309836,14.9102,20.7974,0.0262035,0.0793014,2.20415e-05,0.0446173,0.00963085,0.382812,0.726654,0.00422344,0.0324023
335,1717732499,2024-06-07 03:54 UTC,222361,309873,14.9314,20.8082,0.0213222,0.0657257,1.92997e-05,0.0550852,0.0096289,0.383831,0.727412,0.00201529,0.0222526
336,1717732799,2024-06-07 03:59 UTC,222264,309910,14.9526,20.8468,0.0213789,0.0538162,1.7315e-05,0.0731795,0.00962975,0.384854,0.730109,0.00207158,0.0156655
337,1717733099,2024-06-07 04:04 UTC,222165,309947,14.9738,20.8934,0.0273052,0.0679102,1.60084e-05,0.0976156,0.00963222,0.385879,0.733379,0.00408565,0.0397478
338,1717733399,2024-06-07 04:09 UTC,222065,309983,14.995,20.94,0.0365991,0.0820884,1.59512e-05,0.123006,0.00963204,0.386908,0.736655,0.00753378,0.0800102
339,1717733699,2024-06-07 04:14 UTC,221964,310019,15.0162,20.9867,0.0473679,0.0964637,1.39819e-05,0.141845,0.00963053,0.38794,0.739939,0.0124808,0.121263
340,1717733999,2024-06-07 04:19 UTC,221862,310054,15.0375,21.0333,0.0588162,0.111014,1.09088e-05,0.0106774,0.00963073,0.388975,0.743231,0.0189852,0.0634819
341,1717734299,2024-06-07 04:24 UTC,221760,310090,15.0588,21.0799,0.070597,0.125565,1.51306e-05,0.00467739,0.00963172,0.390013,0.746532,0.027061,0.0811842
342,1717734599,2024-06-07 04:29 UTC,221656,310125,15.08,21.1266,0.0825552,0.140116,6.36942e-05,0.00125487,0.00964571,0.391053,0.749833,0.0367387,0.10105
343,1717734899,2024-06-07 04:34 UTC,221551,310159,15.1013,21.1732,0.094617,0.154668,4.53228e-05,0.00123171,0.00964585,0.392098,0.753151,0.0479739,0.123201
344,1717735199,2024-06-07 04:39 UTC,221446,310194,15.1227,21.2199,0.106744,0.169219,2.8132e-05,0.00118972,0.00964759,0.393145,0.756475,0.0608145,0.147428
345,1717735499,2024-06-07 04:44 UTC,221339,310228,15.144,21.2665,0.118914,0.183771,2.75947e-05,0.00115938,0.00965089,0.394196,0.759808,0.0752444,0.173947
346,1717735799,2024-06-07 04:49 UTC,221232,310262,15.1653,21.3132,0.131114,0.198323,2.49832e-05,0.0011227,0.00965399,0.39525,0.763146,0.0912633,0.202599
347,1717736099,2024-06-07 04:54 UTC,221123,310296,15.1867,21.3599,0.143336,0.21288,2.3814e-05,0.0521873,0.00965701,0.396306,0.766491,0.108872,0.233384
348,1717736399,2024-06-07 04:59 UTC,221014,310329,15.2081,21.4066,0.155574,0.227441,2.28375e-05,0.0478195,0.00965757,0.397366,0.769845,0.128077,0.266399
349,1717736699,2024-06-07 05:04 UTC,220903,310362,15.2295,21.4533,0.164624,0.236913,3.20608e-05,0.0435655,0.00966219,0.398429,0.773206,0.143245,0.289054
350,1717736999,2024-06-07 05:09 UTC,220792,310395,15.2509,21.4999,0.173671,0.246367,3.25233e-05,0.0717814,0.00966698,0.399494,0.776577,0.159277,0.312578
351,1717737299,2024-06-07 05:14 UTC,220679,310428,15.2723,21.5466,0.182726,0.255823,3.30713e-05,0.0517926,0.00967507,0.400563,0.77995,0.176174,0.337089
352,1717737599,2024-06-07 05:19 UTC,220566,310460,15.2937,21.5934,0.191787,0.265279,2.99373e-05,0.0424224,0.00967964,0.401636,0.783339,0.193933,0.362374
353,1717737899,2024-06-07 05:24 UTC,220452,310492,15.3152,21.6401,0.200853,0.274736,3.22636e-05,0.0347206,0.0096863,0.402711,0.786729,0.212581,0.388677
354,1717738199,2024-06-07 05:29 UTC,220337,310524,15.3366,21.6868,0.209923,0.284194,0.000135964,0.0106589,0.00970721,0.403789,0.790129,0.232096,0.415901
355,1717738499,2024-06-07 05:34 UTC,220221,310555,15.3581,21.7335,0.218998,0.293655,6.11751e-05,0.0755276,0.00971145,0.404871,0.79354,0.252484,0.444089
356,1717738799,2024-06-07 05:39 UTC,220104,310587,15.3796,21.7802,0.228076,0.303116,3.78828e-05,0.0847123,0.00971337,0.405955,0.796957,0.273772,0.473097
357,1717739099,2024-06-07 05:44 UTC,219986,310618,15.4011,21.827,0.237157,0.312577,4.25926e-05,0.0848809,0.00972667,0.407043,0.800378,0.295915,0.503183
358,1717739399,2024-06-07 05:49 UTC,219867,310648,15.4226,21.8737,0.246241,0.322039,4.83047e-05,0.0694978,0.00973803,0.408134,0.803811,0.318915,0.534077
359,1717739699,2024-06-07 05:54 UTC,219747,310679,15.4442,21.9205,0.255327,0.331502,7.87416e-05,0.0591208,0.00974846,0.409227,0.807253,0.342855,0.566192
360,1717739999,2024-06-07 05:59 UTC,219627,310709,15.4657,21.9672,0.264416,0.340964,0.000117188,0.0572892,0.00979043,0.410325,0.810694,0.367566,0.598003
361,1717740299,2024-06-07 06:04 UTC,219451,310682,15.5003,21.9594,0.268802,0.345083,5.20021e-05,0.0488008,0.00979217,0.41212,0.810124,0.379864,0.6133
362,1717740599,2024-06-07 06:09 UTC,219264,310642,15.5349,21.9515,0.273173,0.349847,6.42187e-05,0.0401868,0.00980788,0.413924,0.809542,0.392276,0.630502
363,1717740899,2024-06-07 06:14 UTC,219074,310599,15.5696,21.9436,0.277546,0.354718,4.18548e-05,0.0364968,0.00981006,0.415734,0.808956,0.404875,0.647911
364,1717741199,2024-06-07 06:19 UTC,218882,310554,15.6043,21.9357,0.281919,0.359591,6.0638e-05,0.0446616,0.00981623,0.417549,0.808372,0.417695,0.665938
365,1717741499,2024-06-07 06:24 UTC,218688,310506,15.6389,21.9278,0.286293,0.364479,7.46818e-05,0.0464436,0.00983835,0.41937,0.807788,0.4307,0.684041
366,1717741799,2024-06-07 06:29 UTC,218493,310456,15.6736,21.9199,0.290668,0.369378,4.89932e-05,0.0459526,0.00984753,0.421195,0.807209,0.443935,0.702511
367,1717742099,2024-06-07 06:34 UTC,218294,310403,15.7083,21.912,0.295044,0.374278,5.46684e-05,0.048632,0.00985259,0.423027,0.806636,0.457347,0.721498
368,1717742399,2024-06-07 06:39 UTC,218093,310348,15.7431,21.9042,0.299421,0.37918,3.93767e-05,0.0578837,0.00986238,0.424863,0.806048,0.470965,0.740272
369,1717742699,2024-06-07 06:44 UTC,217889,310290,15.7778,21.8963,0.303798,0.384084,6.66377e-05,0.0592363,0.00987809,0.426706,0.80547,0.48477,0.759499
370,1717742999,2024-06-07 06:49 UTC,217683,310229,15.8126,21.8885,0.308177,0.38899,4.17244e-05,0.0630428,0.00988675,0.428553,0.804898,0.498824,0.779209
371,1717743299,2024-06-07 06:54 UTC,217475,310166,15.8473,21.8807,0.312555,0.393897,4.54288e-05,0.0575945,0.00989513,0.430405,0.804324,0.513082,0.798887
372,1717743599,2024-06-07 06:59 UTC,217264,310100,15.8821,21.8728,0.316935,0.399381,0.000185811,0.059655,0.00997053,0.432264,0.803753,0.527479,0.821278
373,1717743899,2024-06-07 07:04 UTC,217051,310032,15.9169,21.865,0.315686,0.397604,0.000102481,0.0608363,0.00997594,0.434126,0.803173,0.523333,0.814702
374,1717744199,2024-06-07 07:09 UTC,216837,309962,15.9517,21.8572,0.314422,0.395803,6.66682e-05,0.06232,0.00998044,0.435996,0.8026,0.519059,0.806721
375,1717744499,2024-06-07 07:14 UTC,216618,309889,15.9865,21.8495,0.313162,0.394058,5.25719e-05,0.0681726,0.00997538,0.43787,0.802027,0.514835,0.799833
376,1717744799,2024-06-07 07:19 UTC,216399,309813,16.0214,21.8417,0.311907,0.392514,4.88386e-05,0.0720699,0.0099747,0.43975,0.801462,0.510646,0.793608
377,1717745099,2024-06-07 07:24 UTC,216177,309735,16.0562,21.8339,0.310656,0.390993,4.20087e-05,0.0746561,0.00998171,0.441635,0.800889,0.50647,0.787441
378,1717745399,2024-06-07 07:29 UTC,215952,309655,16.0911,21.8262,0.309409,0.389496,3.41631e-05,0.0762141,0.0099776,0.443525,0.800323,0.502332,0.781253
379,1717745699,2024-06-07 07:34 UTC,215726,309572,16.126,21.8185,0.308167,0.388022,2.97078e-05,0.0770222,0.00998718,0.445422,0.799755,0.498196,0.775474
380,1717745999,2024-06-07 07:39 UTC,215497,309487,16.1609,21.8107,0.30693,0.386573,2.7583e-05,0.0772152,0.00998985,0.447323,0.799191,0.494108,0.769606
381,1717746299,2024-06-07 07:44 UTC,215266,309399,16.1958,21.803,0.305697,0.385148,2.82155e-05,0.076958,0.00999086,0.449229,0.798624,0.490077,0.763936
382,1717746598,2024-06-07 07:49 UTC,215032,309309,16.2306,21.8275,0.304472,0.383752,2.2467e-05,0.0763381,0.00998715,0.451136,0.800417,0.486012,0.758465
383,1717746898,2024-06-07 07:54 UTC,214796,309216,16.2655,21.8607,0.303248,0.382376,2.07964e-05,0.0754598,0.0099859,0.453053,0.802857,0.482043,0.753079
384,1717747198,2024-06-07 07:59 UTC,214560,309121,16.3005,21.8945,0.302029,0.381512,3.02001e-05,0.074397,0.00999879,0.454976,0.805343,0.478061,0.749488
385,1717747498,2024-06-07 08:04 UTC,214320,309024,16.3354,21.9283,0.295232,0.373087,2.41673e-05,0.0729446,0.00999522,0.456904,0.80783,0.456664,0.716943
386,1717747798,2024-06-07 08:09 UTC,214078,308924,16.3704,21.9621,0.288401,0.364621,2.49193e-05,0.0710918,0.00999526,0.458838,0.810321,0.435637,0.684724
387,1717748098,2024-06-07 08:14 UTC,213834,308821,16.4054,21.9959,0.281576,0.356169,1.94254e-05,0.0693936,0.00999155,0.460777,0.812819,0.415093,0.65334
388,1717748398,2024-06-07 08:19 UTC,213587,308717,16.4404,22.0297,0.274755,0.347731,2.40404e-05,0.0678332,0.0099923,0.462722,0.815318,0.395086,0.62281
389,1717748698,2024-06-07 08:24 UTC,213339,308610,16.4754,22.0635,0.267941,0.339308,2.35552e-05,0.0859945,0.00999706,0.464672,0.817821,0.375572,0.592954
390,1717748998,2024-06-07 08:29 UTC,213089,308500,16.5104,22.0973,0.261132,0.330901,2.03684e-05,0.0886888,0.0099972,0.466627,0.82033,0.356559,0.563939
391,1717749298,2024-06-07 08:34 UTC,212837,308388,16.5455,22.1311,0.25433,0.322512,2.08203e-05,0.0962383,0.0100003,0.468588,0.822842,0.338067,0.535757
392,1717749598,2024-06-07 08:39 UTC,212583,308274,16.5805,22.165,0.247535,0.314143,2.13783e-05,0.095266,0.00999789,0.470554,0.825359,0.320084,0.508262
393,1717749898,2024-06-07 08:44 UTC,212327,308157,16.6156,22.1988,0.240748,0.305794,1.68068e-05,0.0923386,0.00999678,0.472526,0.827878,0.302592,0.481603
394,1717750198,2024-06-07 08:49 UTC,212068,308038,16.6507,22.2326,0.23397,0.297467,2.04472e-05,0.103615,0.00999464,0.474503,0.830402,0.285631,0.47435
395,1717750498,2024-06-07 08:54 UTC,211808,307916,16.6858,22.2664,0.2272,0.289165,2.08439e-05,0.1165,0.00999433,0.476485,0.832931,0.269162,0.486665
396,1717750798,2024-06-07 08:59 UTC,211546,307792,16.7208,22.3002,0.220442,0.280889,2.10511e-05,0.075032,0.0099947,0.478473,0.835463,0.253205,0.406354
397,1717751098,2024-06-07 09:04 UTC,211336,307666,16.7251,22.2932,0.209887,0.26729,2.62294e-05,0.0615145,0.0099923,0.478771,0.834939,0.229417,0.367951
398,1717751398,2024-06-07 09:09 UTC,211136,307538,16.7292,22.2859,0.199315,0.25369,2.57483e-05,0.0629986,0.01,0.479058,0.834395,0.206744,0.331529
399,1717751698,2024-06-07 09:14 UTC,210934,307408,16.7333,22.2787,0.188753,0.241096,2.11982e-05,0.0792232,0.00999701,0.479347,0.833851,0.18527,0.334169
400,1717751998,2024-06-07 09:19 UTC,210732,307276,16.7374,22.2714,0.178202,0.228508,2.19819e-05,0.0873474,0.0100012,0.479637,0.833307,0.165006,0.331285
401,1717752298,2024-06-07 09:24 UTC,210528,307140,16.7416,22.2642,0.167665,0.21593,2.4989e-05,0.107822,0.00999854,0.479927,0.832764,0.145948,0.350008
402,1717752598,2024-06-07 09:29 UTC,210324,307003,16.7457,22.2569,0.157145,0.203363,1.86712e-05,0.135727,0.00999738,0.480219,0.832222,0.128073,0.377672
403,1717752898,2024-06-07 09:34 UTC,210120,306863,16.7498,22.2497,0.146645,0.190808,1.78619e-05,0.0900055,0.00999563,0.480511,0.831681,0.111408,0.236264
404,1717753198,2024-06-07 09:39 UTC,209915,306721,16.754,22.2424,0.136172,0.178266,2.11897e-05,0.0974359,0.00999741,0.480805,0.83114,0.0959496,0.235825
405,1717753498,2024-06-07 09:44 UTC,209709,306577,16.7581,22.2352,0.125733,0.16574,2.12446e-05,0.104931,0.0100008,0.481099,0.830598,0.0816833,0.235625
406,1717753798,2024-06-07 09:49 UTC,209502,306430,16.7623,22.228,0.115337,0.153331,1.52126e-05,0.112478,0.0100019,0.481395,0.830059,0.06861,0.235221
407,1717754098,2024-06-07 09:54 UTC,209294,306281,16.7664,22.2207,0.105001,0.141024,1.50859e-05,0.136128,0.00999465,0.481692,0.829519,0.0567447,0.268803
408,1717754398,2024-06-07 09:59 UTC,209086,306130,16.7706,22.2135,0.0947466,0.129275,1.65771e-05,0.181323,0.00999601,0.481989,0.82898,0.0460751,0.329623
409,1717754698,2024-06-07 10:04 UTC,208878,305976,16.7748,22.2063,0.0839133,0.116081,1.3666e-05,0.205262,0.00999798,0.482288,0.828441,0.0359833,0.359721
410,1717754998,2024-06-07 10:09 UTC,208669,305820,16.7789,22.1991,0.07324,0.102935,1.36347e-05,0.209319,0.00999976,0.482588,0.827904,0.0272282,0.35779
411,1717755298,2024-06-07 10:14 UTC,208459,305661,16.7831,22.1919,0.0628181,0.0898692,1.08654e-05,0.0769938,0.00999441,0.482888,0.827366,0.0198107,0.0800502
412,1717755598,2024-06-07 10:19 UTC,208248,305500,16.7873,22.1847,0.0527933,0.0769245,5.28918e-05,0.0673176,0.00999287,0.48319,0.826829,0.0137259,0.0537914
413,1717755898,2024-06-07 10:24 UTC,208037,305337,16.7915,22.1775,0.0434082,0.0641742,6.39155e-05,0.0713056,0.00999555,0.483493,0.826298,0.00895435,0.0502284
414,1717756198,2024-06-07 10:29 UTC,207825,305172,16.7958,22.1703,0.0350483,0.0517622,6.36787e-05,0.0756608,0.00999591,0.483795,0.82576,0.00552799,0.047599
415,1717756498,2024-06-07 10:34 UTC,207613,305004,16.8,22.1631,0.0283176,0.0485546,5.12128e-05,0.0768978,0.00999358,0.484102,0.825223,0.00355856,0.0427204
416,1717756798,2024-06-07 10:39 UTC,207400,304833,16.8042,22.1559,0.0242799,0.0544166,5.55566e-05,0.0378309,0.00999303,0.484408,0.82469,0.00324628,0.0152841
417,1717757098,2024-06-07 10:44 UTC,207186,304661,16.8085,22.1488,0.024798,0.062985,5.41825e-05,0.0544647,0.00999119,0.484713,0.824151,0.00425702,0.0204258
418,1717757398,2024-06-07 10:49 UTC,206972,304486,16.8127,22.1416,0.0308312,0.0733169,5.0419e-05,0.0828699,0.00999162,0.485021,0.823613,0.00639662,0.0292173
419,1717757698,2024-06-07 10:54 UTC,206757,304308,16.817,22.1344,0.0396098,0.0847699,5.91478e-05,0.116167,0.00999067,0.48533,0.823081,0.00981288,0.0539413
420,1717757998,2024-06-07 10:59 UTC,206542,304129,16.8212,22.1273,0.0495499,0.0969475,4.77997e-05,0.152961,0.00999295,0.485639,0.822551,0.0145492,0.0890818
421,1717758298,2024-06-07 11:04 UTC,206326,303947,16.8255,22.1201,0.0582237,0.106299,5.01738e-05,0.190109,0.00999365,0.485949,0.822017,0.0194248,0.133973
422,1717758598,2024-06-07 11:09 UTC,206109,303762,16.8298,22.1129,0.0670661,0.115757,4.1515e-05,0.218333,0.00999353,0.486262,0.82149,0.025221,0.170636
423,1717758898,2024-06-07 11:14 UTC,205892,303575,16.834,22.1058,0.0760213,0.125314,3.77808e-05,0.238971,0.00999463,0.486575,0.820961,0.0319295,0.195997
424,1717759198,2024-06-07 11:19 UTC,205675,303386,16.8383,22.0987,0.0850527,0.134948,3.46699e-05,0.254382,0.00999517,0.486888,0.820428,0.0395487,0.212
425,1717759498,2024-06-07 11:24 UTC,205456,303195,16.8426,22.0915,0.0941382,0.144644,3.38272e-05,0.0711355,0.00999367,0.487202,0.819896,0.0480732,0.107755
426,1717759798,2024-06-07 11:29 UTC,205237,303001,16.847,22.0844,0.103264,0.154391,3.08831e-05,0.0815561,0.00998984,0.487519,0.819368,0.0575356,0.122788
427,1717760098,2024-06-07 11:34 UTC,205018,302804,16.8513,22.0885,0.11242,0.16418,2.53439e-05,0.097839,0.00999081,0.487836,0.819677,0.0679015,0.13884
428,1717760398,2024-06-07 11:39 UTC,204799,302606,16.8556,22.1022,0.121599,0.174002,2.97632e-05,0.119616,0.0099948,0.488152,0.820695,0.0791609,0.155857
429,1717760698,2024-06-07 11:44 UTC,204579,302404,16.8599,22.1159,0.130798,0.183854,2.98186e-05,0.149051,0.00999651,0.488471,0.821713,0.0913565,0.174096
430,1717760998,2024-06-07 11:49 UTC,204358,302201,16.8643,22.1297,0.140012,0.19373,2.81834e-05,0.147355,0.00999514,0.488791,0.822737,0.104468,0.193253
431,1717761298,2024-06-07 11:54 UTC,204136,301995,16.8686,22.1435,0.149239,0.203627,2.44505e-05,0.0750223,0.00999573,0.489112,0.823763,0.118487,0.213541
432,1717761598,2024-06-07 11:59 UTC,203915,301787,16.873,22.1573,0.158476,0.213553,2.52413e-05,0.07453,0.00999711,0.489434,0.82479,0.133422,0.234876
433,1717761898,2024-06-07 12:04 UTC,203720,301656,16.8818,22.1783,0.164239,0.219517,2.63002e-05,0.101709,0.0100011,0.489956,0.826355,0.143182,0.248125
434,1717762198,2024-06-07 12:09 UTC,203529,301537,16.8906,22.1994,0.169984,0.225468,2.50909e-05,0.139617,0.00999919,0.49048,0.827924,0.15323,0.261817
435,1717762498,2024-06-07 12:14 UTC,203339,301418,16.8995,22.2204,0.175734,0.231432,2.39032e-05,0.18378,0.0100019,0.491004,0.829495,0.163625,0.275797
436,1717762798,2024-06-07 12:19 UTC,203148,301299,16.9084,22.2415,0.181488,0.237408,2.23123e-05,0.226955,0.0100018,0.491532,0.831067,0.174406,0.290207
437,1717763098,2024-06-07 12:24 UTC,202957,301179,16.9173,22.2625,0.187245,0.243394,2.20173e-05,0.26261,0.0100051,0.49206,0.832644,0.185522,0.304993
438,1717763398,2024-06-07 12:29 UTC,202766,301060,16.9262,22.2836,0.193005,0.249391,2.56496e-05,0.289482,0.0100066,0.492589,0.83422,0.196993,0.320257
439,1717763698,2024-06-07 12:34 UTC,202576,300940,16.9352,22.3047,0.198769,0.25573,3.17226e-05,0.309532,0.0100152,0.49312,0.835799,0.208837,0.336767
440,1717763998,2024-06-07 12:39 UTC,202385,300820,16.9442,22.3258,0.204536,0.263601,2.82714e-05,0.323808,0.010012,0.493653,0.83738,0.221044,0.357781
441,1717764298,2024-06-07 12:44 UTC,202194,300699,16.9532,22.3469,0.210305,0.271472,3.60988e-05,0.334242,0.0100146,0.494186,0.838961,0.233553,0.379356
442,1717764598,2024-06-07 12:49 UTC,202003,300579,16.9622,22.368,0.216077,0.279343,4.08412e-05,0.342277,0.0100154,0.494722,0.840552,0.246473,0.401604
443,1717764898,2024-06-07 12:54 UTC,201812,300458,16.9712,22.3891,0.221851,0.287214,4.42511e-05,0.348714,0.0100181,0.495258,0.842134,0.259722,0.424663
444,1717765198,2024-06-07 12:59 UTC,201621,300337,16.9803,22.4102,0.227627,0.295085,5.26995e-05,0.3542,0.0100206,0.495796,0.843726,0.273316,0.448097
445,1717765498,2024-06-07 13:04 UTC,201430,300216,16.9894,22.4313,0.229272,0.297513,5.93624e-05,0.35854,0.0100224,0.496337,0.845316,0.277267,0.455804
446,1717765798,2024-06-07 13:09 UTC,201240,300094,16.9985,22.4525,0.230891,0.299904,4.99053e-05,0.361718,0.0100236,0.496878,0.846913,0.281128,0.462947
447,1717766098,2024-06-07 13:14 UTC,201049,299972,17.0076,22.4736,0.232514,0.302295,5.46722e-05,0.364174,0.0100282,0.497419,0.848503,0.285003,0.470706
448,1717766398,2024-06-07 13:19 UTC,200858,299850,17.0168,22.4947,0.234141,0.304686,5.01875e-05,0.366192,0.0100298,0.497964,0.850103,0.288958,0.477819
449,1717766698,2024-06-07 13:24 UTC,200667,299728,17.0259,22.5159,0.23577,0.307077,4.06086e-05,0.367935,0.0100265,0.498509,0.851704,0.292936,0.485267
450,1717766998,2024-06-07 13:29 UTC,200476,299605,17.0351,22.5371,0.237403,0.309468,3.85718e-05,0.369515,0.010031,0.499055,0.853304,0.296906,0.493222
451,1717767298,2024-06-07 13:34 UTC,200286,299482,17.0443,22.5642,0.239039,0.311859,3.09574e-05,0.370983,0.0100336,0.499603,0.855361,0.300946,0.500764
452,1717767598,2024-06-07 13:39 UTC,200095,299359,17.0536,22.5939,0.240678,0.314251,3.10917e-05,0.372367,0.010037,0.500153,0.857615,0.305021,0.508633
453,1717767898,2024-06-07 13:44 UTC,199904,299236,17.0628,22.6236,0.24232,0.316642,2.258e-05,0.0372436,0.0100381,0.500703,0.859872,0.309111,0.516251
454,1717768198,2024-06-07 13:49 UTC,199713,299113,17.0721,22.6533,0.243965,0.319033,2.02527e-05,0.0242175,0.0100386,0.501255,0.862132,0.313237,0.524097
455,1717768498,2024-06-07 13:54 UTC,199522,298989,17.0814,22.683,0.245613,0.321427,2.03365e-05,0.0238909,0.0100382,0.501809,0.864395,0.317401,0.531968
456,1717768798,2024-06-07 13:59 UTC,199331,298865,17.0907,22.7137,0.247263,0.323821,1.76572e-05,0.0249262,0.0100389,0.502364,0.866735,0.321606,0.539948
457,1717769098,2024-06-07 14:04 UTC,199140,298740,17.1,22.7448,0.244736,0.321169,0.000111169,0.0260512,0.0100462,0.502922,0.869111,0.315085,0.530274
458,1717769398,2024-06-07 14:09 UTC,198950,298616,17.1094,22.7761,0.242181,0.318483,7.04501e-05,0.0271213,0.0100464,0.503479,0.871499,0.308458,0.522501
459,1717769698,2024-06-07 14:14 UTC,198759,298491,17.1188,22.8128,0.239628,0.315797,9.91243e-05,0.0280506,0.0100468,0.50404,0.874313,0.302033,0.514411
460,1717769998,2024-06-07 14:19 UTC,198568,298366,17.1282,22.8502,0.237075,0.313111,7.78383e-05,0.028807,0.0100473,0.504599,0.877181,0.295522,0.505271
461,1717770298,2024-06-07 14:24 UTC,198377,298240,17.1376,22.8876,0.234524,0.310425,7.5836e-05,0.0295537,0.0100476,0.50516,0.880054,0.289092,0.495985
462,1717770598,2024-06-07 14:29 UTC,198187,298115,17.1471,22.925,0.231974,0.307739,5.48906e-05,0.0309459,0.0100507,0.505723,0.882932,0.282795,0.487673
463,1717770898,2024-06-07 14:34 UTC,197996,297989,17.1565,22.9624,0.229425,0.305052,8.51236e-05,0.00702643,0.0100647,0.506291,0.885814,0.276668,0.479407
464,1717771198,2024-06-07 14:39 UTC,197806,297863,17.166,22.9998,0.226877,0.302366,5.54504e-05,0.00473962,0.0100648,0.506855,0.888702,0.270423,0.470916
465,1717771498,2024-06-07 14:44 UTC,197615,297736,17.1755,23.0372,0.22433,0.299689,9.22774e-05,0.004098,0.0100655,0.507419,0.891594,0.264201,0.461901
466,1717771798,2024-06-07 14:49 UTC,197425,297610,17.1851,23.0746,0.221785,0.297143,6.18921e-05,0.00381378,0.0100664,0.507992,0.894491,0.258366,0.454879
467,1717772098,2024-06-07 14:54 UTC,197234,297483,17.1946,23.112,0.219241,0.294602,5.85424e-05,0.00373401,0.0100669,0.508563,0.897394,0.252449,0.446962
468,1717772398,2024-06-07 14:59 UTC,197044,297356,17.2042,23.1494,0.216699,0.292061,6.65279e-05,0.00363737,0.0100671,0.509134,0.900301,0.246586,0.439652
469,1717772698,2024-06-07 15:04 UTC,196904,297260,17.1974,23.103,0.211157,0.286137,6.23128e-05,0.00335113,0.0100663,0.508633,0.896698,0.23421,0.421847
470,1717772998,2024-06-07 15:09 UTC,196773,297170,17.1904,23.0561,0.205598,0.28019,5.77844e-05,0.00308899,0.0100665,0.508126,0.893059,0.2221,0.40455
471,1717773298,2024-06-07 15:14 UTC,196643,297080,17.1835,23.0092,0.200041,0.274243,4.72786e-05,0.00287588,0.0100666,0.507618,0.889427,0.210308,0.387405
472,1717773598,2024-06-07 15:19 UTC,196514,296991,17.1765,22.9622,0.194487,0.268296,4.29967e-05,0.00271488,0.0100685,0.507112,0.885803,0.198835,0.370576
473,1717773898,2024-06-07 15:24 UTC,196385,296901,17.1696,22.9153,0.188936,0.262349,6.22241e-05,0.00262551,0.0100687,0.506607,0.882187,0.187711,0.354388
474,1717774198,2024-06-07 15:29 UTC,196257,296812,17.1627,22.8684,0.183388,0.256621,5.24101e-05,0.00250301,0.0100687,0.506103,0.878578,0.176953,0.33915
475,1717774498,2024-06-07 15:34 UTC,196130,296723,17.1557,22.8215,0.177844,0.251433,4.51293e-05,0.00236583,0.0100691,0.505601,0.874976,0.166514,0.325795
476,1717774798,2024-06-07 15:39 UTC,196004,296635,17.1488,22.7745,0.172303,0.246347,5.59102e-05,0.00230835,0.010072,0.505099,0.871382,0.156379,0.312185
477,1717775098,2024-06-07 15:44 UTC,195879,296547,17.1419,22.7276,0.166768,0.241271,7.0155e-05,0.00173492,0.0100721,0.504601,0.867795,0.146693,0.300299
478,1717775398,2024-06-07 15:49 UTC,195754,296459,17.1349,22.6807,0.161237,0.236273,5.37942e-05,0.00168341,0.0100728,0.504098,0.864216,0.137157,0.287464
479,1717775698,2024-06-07 15:54 UTC,195631,296371,17.128,22.6338,0.155712,0.231368,6.14029e-05,0.00160133,0.0100732,0.503601,0.860644,0.128098,0.276013
480,1717775998,2024-06-07 15:59 UTC,195508,296284,17.1211,22.5869,0.150193,0.226485,7.03006e-05,0.00154879,0.0100742,0.503104,0.857079,0.119306,0.264139
481,1717776298,2024-06-07 16:04 UTC,195386,296197,17.1142,22.5399,0.143956,0.220253,5.60409e-05,0.00144354,0.0100742,0.502607,0.853523,0.109728,0.250017
482,1717776598,2024-06-07 16:09 UTC,195265,296110,17.1072,22.493,0.137722,0.214012,5.00178e-05,0.00141276,0.0100742,0.502112,0.849973,0.100566,0.235827
483,1717776898,2024-06-07 16:14 UTC,195144,296024,17.1003,22.4461,0.131496,0.207779,6.46953e-05,0.00140122,0.0100744,0.501619,0.846431,0.0918692,0.222139
484,1717777198,2024-06-07 16:19 UTC,195024,295937,17.0934,22.3992,0.12528,0.201578,8.64047e-05,0.00135182,0.0100748,0.501124,0.842896,0.0834924,0.209641
485,1717777498,2024-06-07 16:24 UTC,194906,295851,17.0865,22.3523,0.119075,0.195423,8.40552e-05,0.00134132,0.010075,0.500635,0.839369,0.0756879,0.196987
486,1717777798,2024-06-07 16:29 UTC,194787,295766,17.0796,22.3054,0.112884,0.189324,0.000202297,0.00130504,0.0100756,0.500137,0.83585,0.0680416,0.183777
487,1717778098,2024-06-07 16:34 UTC,194670,295680,17.0727,22.2585,0.106709,0.183271,0.000165715,0.00133528,0.0100759,0.499649,0.832337,0.061058,0.173147
488,1717778398,2024-06-07 16:39 UTC,194553,295595,17.0658,22.2115,0.100555,0.177221,0.000125608,0.00120431,0.0100759,0.499166,0.828832,0.0545143,0.162031
489,1717778698,2024-06-07 16:44 UTC,194438,295511,17.0589,22.1646,0.0944247,0.17117,0.000118263,0.00168597,0.010076,0.498675,0.825335,0.0482521,0.150608
490,1717778998,2024-06-07 16:49 UTC,194322,295426,17.0519,22.1177,0.0883254,0.16512,0.000122598,0.00146443,0.0100759,0.498188,0.821845,0.042464,0.140417
491,1717779298,2024-06-07 16:54 UTC,194208,295342,17.045,22.0708,0.0822651,0.15907,0.000122072,0.00114399,0.0100762,0.497709,0.818363,0.0371771,0.130559
492,1717779598,2024-06-07 16:59 UTC,194094,295258,17.0381,22.0239,0.0762554,0.153025,9.54472e-05,0.00102839,0.0100764,0.497219,0.814887,0.0321523,0.121036
493,1717779898,2024-06-07 17:04 UTC,193982,295174,17.0312,21.977,0.0716114,0.147935,7.61567e-05,0.00103439,0.0100765,0.496737,0.81142,0.0285493,0.11259
494,1717780198,2024-06-07 17:09 UTC,193869,295091,17.0243,21.9301,0.066998,0.142852,8.05565e-05,0.00113792,0.0100766,0.496257,0.80796,0.0252272,0.10502
495,1717780498,2024-06-07 17:14 UTC,193758,295007,17.0175,21.8832,0.0624118,0.137769,6.8875e-05,0.00106044,0.0100766,0.495773,0.804507,0.0220916,0.097888
496,1717780798,2024-06-07 17:19 UTC,193647,294925,17.0106,21.8363,0.0578608,0.132687,6.27974e-05,0.00102094,0.0100769,0.495294,0.801062,0.0192286,0.0905908
497,1717781098,2024-06-07 17:24 UTC,193537,294842,17.0037,21.7894,0.0533559,0.127604,0.000107908,0.00100114,0.0100772,0.494817,0.797624,0.0166149,0.0838879
498,1717781398,2024-06-07 17:29 UTC,193428,294759,16.9968,21.7425,0.0489132,0.122521,0.000142841,0.00111689,0.0100773,0.494339,0.794194,0.0142254,0.0772716
499,1717781698,2024-06-07 17:34 UTC,193320,294677,16.9899,21.6965,0.0445567,0.117438,0.000244035,0.00122605,0.0100782,0.493855,0.790838,0.0119471,0.0705091
500,1717781998,2024-06-07 17:39 UTC,193212,294595,16.983,21.6513,0.0403233,0.112356,0.000185858,0.0013817,0.0100792,0.493383,0.787547,0.0101167,0.0648262
501,1717782298,2024-06-07 17:44 UTC,193106,294514,16.9761,21.6077,0.0362711,0.107273,0.000162446,0.00120817,0.0100791,0.492906,0.784376,0.00837881,0.0591323
502,1717782598,2024-06-07 17:49 UTC,192999,294432,16.9693,21.568,0.0324928,0.102191,0.000177641,0.00106103,0.0100794,0.492435,0.781495,0.00693873,0.0537101
503,1717782898,2024-06-07 17:54 UTC,192894,294351,16.9624,21.5283,0.0291309,0.0971089,0.000168305,0.00113795,0.0100794,0.491958,0.778627,0.00566748,0.0481062
504,1717783198,2024-06-07 17:59 UTC,192789,294270,16.9555,21.4886,0.0263791,0.0920347,0.000140724,0.00107208,0.0100794,0.49149,0.775754,0.00464434,0.0434773
505,1717783498,2024-06-07 18:04 UTC,192670,294224,16.947,21.4727,0.0254197,0.0902677,0.000127687,0.00101712,0.0100797,0.490986,0.774602,0.00429714,0.0420249
506,1717783798,2024-06-07 18:09 UTC,192549,294182,16.9385,21.4569,0.0246069,0.0885229,0.000101765,0.000824034,0.0100797,0.490491,0.77347,0.00401692,0.0404928
507,1717784098,2024-06-07 18:14 UTC,192429,294142,16.93,21.4411,0.0239659,0.0867781,0.000103028,0.00105033,0.0100799,0.489987,0.772331,0.00371231,0.0388079
508,1717784398,2024-06-07 18:19 UTC,192309,294102,16.9215,21.4254,0.0235366,0.0850335,8.87421e-05,0.000979959,0.01008,0.489488,0.771201,0.00342897,0.0371359
509,1717784698,2024-06-07 18:24 UTC,192190,294062,16.913,21.4096,0.0233166,0.0832889,0.000100443,0.00108566,0.01008,0.488986,0.770062,0.00317906,0.0357188
510,1717784998,2024-06-07 18:29 UTC,192071,294024,16.9045,21.3939,0.0232909,0.0815445,6.80509e-05,0.000884308,0.01008,0.488489,0.768932,0.00294878,0.0343825
511,1717785298,2024-06-07 18:34 UTC,191953,293986,16.896,21.3781,0.0234329,0.0798001,7.66306e-05,0.000844623,0.0100801,0.48799,0.767807,0.00271209,0.0328279
512,1717785598,2024-06-07 18:39 UTC,191835,293949,16.8875,21.3624,0.02371,0.0780591,6.59954e-05,0.000959813,0.01008,0.48749,0.766676,0.00249995,0.031302
513,1717785898,2024-06-07 18:44 UTC,191717,293912,16.8791,21.3467,0.0240995,0.0763227,7.96697e-05,0.000890016,0.0100801,0.486996,0.765543,0.00231874,0.029986
514,1717786198,2024-06-07 18:49 UTC,191600,293876,16.8706,21.3309,0.0245856,0.0745889,6.14898e-05,0.000939973,0.0100805,0.486495,0.764419,0.00215912,0.0286873
515,1717786498,2024-06-07 18:54 UTC,191483,293841,16.8621,21.3152,0.0251558,0.0729032,5.58172e-05,0.000878651,0.0100807,0.486001,0.763291,0.00204614,0.0273529
516,1717786798,2024-06-07 18:59 UTC,191367,293806,16.8536,21.2995,0.0257998,0.071278,6.31066e-05,0.00103521,0.0100807,0.485502,0.762167,0.00199741,0.026196
517,1717787098,2024-06-07 19:04 UTC,191251,293772,16.8452,21.2838,0.0253541,0.073967,6.48491e-05,0.000831969,0.0100815,0.485008,0.761045,0.00209958,0.0281986
518,1717787398,2024-06-07 19:09 UTC,191135,293739,16.8367,21.2681,0.025013,0.0767398,0.000114325,0.000990674,0.0100818,0.484515,0.759919,0.0022963,0.0303011
519,1717787698,2024-06-07 19:14 UTC,191020,293706,16.8283,21.2524,0.0247976,0.0795599,0.000100027,0.000869722,0.0100841,0.484018,0.758795,0.00255043,0.0326544
520,1717787998,2024-06-07 19:19 UTC,190905,293674,16.8198,21.2367,0.0247245,0.0823854,7.29758e-05,0.000858201,0.0100842,0.483523,0.757679,0.002852,0.0349405
521,1717788298,2024-06-07 19:24 UTC,190791,293643,16.8114,21.221,0.0248168,0.085212,7.07885e-05,0.00100544,0.0100842,0.483029,0.756561,0.00318908,0.0373394
522,1717788598,2024-06-07 19:29 UTC,190677,293612,16.8029,21.2054,0.0250905,0.0880447,6.16695e-05,0.000972853,0.0100842,0.482537,0.755438,0.00356156,0.0399577
523,1717788898,2024-06-07 19:34 UTC,190563,293582,16.7945,21.1897,0.0255576,0.0908775,5.44423e-05,0.000886571,0.0100843,0.482043,0.754324,0.00395525,0.0425653
524,1717789198,2024-06-07 19:39 UTC,190450,293553,16.7861,21.174,0.0262127,0.0937104,4.93644e-05,0.000800282,0.0100858,0.481551,0.753208,0.00438296,0.0452189
525,1717789498,2024-06-07 19:44 UTC,190337,293524,16.7776,21.1584,0.0270463,0.0965433,4.70986e-05,0.000933588,0.0100858,0.481058,0.752096,0.00483728,0.0480363
526,1717789798,2024-06-07 19:49 UTC,190225,293496,16.7692,21.1427,0.0280491,0.0993772,4.45523e-05,0.000981328,0.0100861,0.480567,0.750983,0.00533395,0.050877
527,1717790098,2024-06-07 19:54 UTC,190113,293468,16.7608,21.127,0.029209,0.102218,4.59302e-05,0.000966013,0.0100862,0.480077,0.749873,0.00585951,0.0538347
528,1717790398,2024-06-07 19:59 UTC,190001,293441,16.7524,21.1114,0.0305106,0.105063,5.14284e-05,0.000823148,0.0100875,0.479586,0.748761,0.0064225,0.0568231
529,1717790698,2024-06-07 20:04 UTC,189890,293415,16.744,21.0958,0.0339699,0.11222,3.9242e-05,0.000921052,0.0100886,0.479097,0.747652,0.00807058,0.0648353
530,1717790998,2024-06-07 20:09 UTC,189779,293389,16.7355,21.0801,0.0382478,0.119406,3.94394e-05,0.000969593,0.0100891,0.478607,0.746545,0.0100308,0.0733525
531,1717791298,2024-06-07 20:14 UTC,189669,293364,16.7271,21.0645,0.0430663,0.126592,3.59198e-05,0.000927503,0.0100892,0.478118,0.745438,0.0123262,0.0824735
532,1717791598,2024-06-07 20:19 UTC,189558,293340,16.7187,21.0489,0.048235,0.133838,2.88784e-05,0.000910734,0.0100896,0.47763,0.744333,0.0149851,0.092268
533,1717791898,2024-06-07 20:24 UTC,189449,293316,16.7103,21.0334,0.0536298,0.141237,3.02589e-05,0.000964084,0.01009,0.477142,0.74324,0.018001,0.102676
534,1717792198,2024-06-07 20:29 UTC,189339,293292,16.7019,21.0193,0.0591736,0.148689,2.98429e-05,0.000972395,0.01009,0.476656,0.742248,0.0213873,0.113837
535,1717792498,2024-06-07 20:34 UTC,189230,293270,16.6936,21.0063,0.0648185,0.156162,2.6768e-05,0.000959092,0.0100903,0.476168,0.74132,0.0251365,0.125545
536,1717792798,2024-06-07 20:39 UTC,189122,293248,16.6852,20.9932,0.0705343,0.163636,2.36093e-05,0.000975857,0.0100905,0.475682,0.740402,0.0292683,0.137882
537,1717793098,2024-06-07 20:44 UTC,189013,293226,16.6768,20.9801,0.0763014,0.171109,2.43901e-05,0.00100454,0.0100917,0.475196,0.739477,0.033765,0.150769
538,1717793398,2024-06-07 20:49 UTC,188905,293205,16.6684,20.9671,0.0821067,0.178583,1.98575e-05,0.000992981,0.0100924,0.474712,0.73856,0.0386447,0.16418
539,1717793698,2024-06-07 20:54 UTC,188798,293185,16.66,20.954,0.0879413,0.186056,1.94259e-05,0.00100554,0.0100926,0.474227,0.737638,0.0438904,0.178232
540,1717793998,2024-06-07 20:59 UTC,188691,293165,16.6517,20.941,0.0937986,0.193529,2.24611e-05,0.000993791,0.0100942,0.473742,0.73672,0.049513,0.192843
541,1717794298,2024-06-07 21:04 UTC,188611,293169,16.6539,20.9429,0.102049,0.20368,2.32236e-05,0.00119133,0.0100963,0.473855,0.736861,0.0580404,0.213607
542,1717794598,2024-06-07 21:09 UTC,188535,293176,16.6561,20.945,0.110398,0.213848,3.7066e-05,0.00106414,0.0101033,0.473971,0.737007,0.0673806,0.235467
543,1717794898,2024-06-07 21:14 UTC,188460,293184,16.6584,20.9471,0.118809,0.224016,3.18453e-05,0.00107855,0.0101045,0.474089,0.737152,0.0775233,0.258333
544,1717795198,2024-06-07 21:19 UTC,188386,293193,16.6607,20.9492,0.127268,0.234185,6.15049e-05,0.00119492,0.0101101,0.474207,0.737301,0.0884586,0.28234
545,1717795498,2024-06-07 21:24 UTC,188312,293203,16.663,20.9513,0.135765,0.244353,5.85659e-05,0.00115204,0.0101187,0.474325,0.737446,0.100186,0.307464
546,1717795798,2024-06-07 21:29 UTC,188240,293214,16.6653,20.9534,0.144291,0.254557,4.45091e-05,0.00117991,0.0101206,0.474444,0.737593,0.112694,0.333616
547,1717796098,2024-06-07 21:34 UTC,188169,293225,16.6676,20.9555,0.15284,0.264945,4.38765e-05,0.00117779,0.0101221,0.474563,0.737737,0.126012,0.361071
548,1717796398,2024-06-07 21:39 UTC,188098,293237,16.6699,20.9575,0.161408,0.275364,6.80062e-05,0.00124948,0.0101393,0.474683,0.737887,0.14014,0.390236
549,1717796698,2024-06-07 21:44 UTC,188029,293250,16.6722,20.9596,0.169993,0.285783,5.59811e-05,0.0012314,0.0101426,0.474804,0.738032,0.155081,0.420083
550,1717796998,2024-06-07 21:49 UTC,187960,293264,16.6745,20.9617,0.178591,0.296205,6.42774e-05,0.00142242,0.0101519,0.474925,0.738181,0.1708,0.451555
551,1717797298,2024-06-07 21:54 UTC,187892,293278,16.6769,20.9638,0.1872,0.306665,5.9203e-05,0.00140096,0.0101707,0.475046,0.738333,0.187325,0.483973
552,1717797598,2024-06-07 21:59 UTC,187825,293293,16.6792,20.9659,0.195818,0.317196,0.000144387,0.00198861,0.0102387,0.475167,0.738482,0.204604,0.5172
553,1717797898,2024-06-07 22:04 UTC,187759,293309,16.6815,20.968,0.204619,0.328562,7.86249e-05,0.00662958,0.0102488,0.475289,0.738625,0.223134,0.554982
554,1717798198,2024-06-07 22:09 UTC,187694,293326,16.6839,20.9701,0.213435,0.339939,9.03077e-05,0.00599359,0.0102851,0.475413,0.738775,0.242525,0.594632
555,1717798498,2024-06-07 22:14 UTC,187630,293343,16.6862,20.9722,0.222262,0.351316,0.000233889,0.0199548,0.0105157,0.475534,0.738925,0.262642,0.632861
556,1717798798,2024-06-07 22:19 UTC,187566,293361,16.6885,20.9743,0.2311,0.362694,0.000133519,0.017973,0.0105335,0.475661,0.739059,0.283827,0.676092
557,1717799098,2024-06-07 22:24 UTC,187504,293380,16.6909,20.9764,0.239946,0.374071,0.000355965,0.00317442,0.0106545,0.475773,0.739215,0.305104,0.718663
558,1717799398,2024-06-07 22:29 UTC,187442,293400,16.6933,20.9785,0.248801,0.385448,0.000164434,0.187408,0.0107246,0.475907,0.739364,0.328261,0.762943
559,1717799698,2024-06-07 22:34 UTC,187382,293420,16.6956,20.9806,0.257662,0.396826,0.000422442,0.0211923,0.0109004,0.476022,0.739516,0.351277,0.808321
560,1717799998,2024-06-07 22:39 UTC,187322,293441,16.698,20.9827,0.26653,0.408312,0.000132751,0.0650288,0.0111369,0.476161,0.739665,0.376396,0.85803
561,1717800298,2024-06-07 22:44 UTC,187264,293463,16.7004,20.9848,0.275403,0.419927,0.000584338,0.232242,0.011366,0.476269,0.73979,0.400545,0.903536
562,1717800598,2024-06-07 22:49 UTC,187206,293486,16.7027,20.9869,0.284281,0.431542,0.000150501,0.292991,0.0115218,0.476413,0.739963,0.427686,0.957582
563,1717800898,2024-06-07 22:54 UTC,187148,293509,16.7051,20.9891,0.293164,0.443163,0.000349769,0.0734749,0.0116665,0.476534,0.740106,0.454237,1.01026
564,1717801198,2024-06-07 22:59 UTC,187092,293533,16.7075,20.9912,0.302051,0.454785,0.00016602,0.0127833,0.0117519,0.476669,0.740245,0.482448,1.06397
565,1717801498,2024-06-07 23:04 UTC,187036,293558,16.7099,20.9933,0.308416,0.464498,0.000264684,0.00354912,0.0120291,0.476791,0.740407,0.50248,1.10777
566,1717801798,2024-06-07 23:09 UTC,186981,293583,16.7123,20.9954,0.314765,0.474198,0.000383137,0.0141487,0.0122137,0.476914,0.740559,0.522898,1.15316
567,1717802098,2024-06-07 23:14 UTC,186928,293609,16.7147,20.9976,0.321115,0.483899,0.000611982,0.131213,0.0125991,0.477037,0.740705,0.543852,1.20287
568,1717802398,2024-06-07 23:19 UTC,186876,293636,16.7171,20.9997,0.327465,0.493599,0.000192578,0.202913,0.0128232,0.477183,0.740861,0.566577,1.25429
569,1717802698,2024-06-07 23:24 UTC,186824,293664,16.7195,21.0018,0.333816,0.503299,0.000413873,0.281234,0.0131805,0.47731,0.740998,0.588506,1.30244
570,1717802998,2024-06-07 23:29 UTC,186776,293692,16.7219,21.0039,0.340167,0.513,0.00130311,0.350645,0.0151619,0.477415,0.741183,0.609201,1.32467
571,1717803298,2024-06-07 23:34 UTC,186729,293721,16.7244,21.0061,0.346519,0.5227,0.000848704,0.330458,0.0165347,0.477544,0.7413,0.632132,1.40068
572,1717803598,2024-06-07 23:39 UTC,186680,293750,16.7268,21.0082,0.352871,0.5324,0.00042592,0.0300138,0.016686,0.477697,0.74146,0.657018,1.45548
573,1717803898,2024-06-07 23:44 UTC,186632,293780,16.7292,21.0103,0.359224,0.542101,0.000345461,0.210244,0.0167571,0.47783,0.741613,0.680885,1.51084
574,1717804198,2024-06-07 23:49 UTC,186584,293811,16.7317,21.0124,0.365577,0.551801,0.00025375,0.302987,0.0169462,0.477967,0.741752,0.705445,1.56657
575,1717804498,2024-06-07 23:54 UTC,186537,293843,16.7341,21.0164,0.371931,0.561501,0.000392416,0.377894,0.0170547,0.478093,0.742039,0.729598,1.62124
576,1717804798,2024-06-07 23:59 UTC,186491,293875,16.7366,21.0301,0.378285,0.571202,0.000636723,0.45842,0.0176769,0.478217,0.742992,0.753985,1.67291
577,1717805098,2024-06-08 00:04 UTC,186489,293944,16.7373,21.0358,0.380053,0.574819,0.000504328,0.516812,0.0178742,0.478287,0.74338,0.761619,1.69188
578,1717805398,2024-06-08 00:09 UTC,186493,294019,16.7381,21.0551,0.38179,0.578395,0.000194677,0.555899,0.0181297,0.478367,0.74476,0.769952,1.72148
579,1717805698,2024-06-08 00:14 UTC,186499,294095,16.7388,21.0743,0.383528,0.581972,0.00014247,0.580406,0.0182371,0.478432,0.746128,0.777146,1.74499
580,1717805998,2024-06-08 00:19 UTC,186507,294171,16.7396,21.0936,0.385265,0.585549,0.000195482,0.595394,0.0182904,0.478493,0.747493,0.784016,1.76467
581,1717806298,2024-06-08 00:24 UTC,186517,294249,16.7403,21.1129,0.387003,0.589125,0.000247935,0.691617,0.0184524,0.478555,0.748864,0.790938,1.78571
582,1717806598,2024-06-08 00:29 UTC,186535,294327,16.7411,21.1323,0.388741,0.592702,0.00115081,0.512208,0.0200364,0.478582,0.750245,0.795297,1.8054
583,1717806898,2024-06-08 00:34 UTC,186551,294406,16.7418,21.1517,0.390479,0.596279,0.00115647,0.551141,0.0211516,0.478648,0.751628,0.802456,1.82336
584,1717807198,2024-06-08 00:39 UTC,186568,294486,16.7426,21.1711,0.392217,0.599856,0.000384642,0.577875,0.0214982,0.478752,0.753018,0.812622,1.84861
585,1717807498,2024-06-08 00:44 UTC,186585,294567,16.7434,21.1906,0.393955,0.603432,0.000189418,0.585497,0.0215553,0.478819,0.754387,0.820085,1.87439
586,1717807798,2024-06-08 00:49 UTC,186604,294649,16.7442,21.21,0.395693,0.607009,0.00018174,0.606272,0.0215811,0.478887,0.755773,0.82743,1.89572
587,1717808098,2024-06-08 00:54 UTC,186625,294731,16.745,21.2295,0.397432,0.610586,0.000184353,0.0369385,0.0216134,0.478951,0.757161,0.834574,1.91896
588,1717808398,2024-06-08 00:59 UTC,186648,294815,16.7457,21.249,0.39917,0.614163,0.000272112,0.0607965,0.0217172,0.479015,0.758554,0.841679,1.93875
589,1717808698,2024-06-08 01:04 UTC,186674,294899,16.7465,21.2685,0.396018,0.611135,0.000876604,0.137218,0.0219286,0.479052,0.759945,0.826045,1.9134
590,1717808998,2024-06-08 01:09 UTC,186701,294984,16.7473,21.288,0.392835,0.608062,0.000118311,0.131284,0.0220064,0.479161,0.761342,0.816161,1.90434
591,1717809298,2024-06-08 01:14 UTC,186730,295070,16.7481,21.3075,0.389652,0.60499,0.000206649,0.175432,0.0220176,0.479223,0.762733,0.802554,1.88028
592,1717809598,2024-06-08 01:19 UTC,186761,295157,16.7489,21.3271,0.38647,0.601924,0.000136724,0.239823,0.0220568,0.479301,0.764139,0.79035,1.86708
593,1717809898,2024-06-08 01:24 UTC,186793,295245,16.7497,21.3466,0.383289,0.598881,0.000125726,0.183327,0.0220545,0.479369,0.765538,0.777372,1.84627
594,1717810198,2024-06-08 01:29 UTC,186826,295333,16.7506,21.3662,0.380109,0.595899,0.000133115,0.0121952,0.022056,0.479442,0.766948,0.764815,1.8298
595,1717810498,2024-06-08 01:34 UTC,186862,295422,16.7514,21.3858,0.37693,0.592917,0.000103162,0.00866507,0.0220587,0.479512,0.768351,0.752114,1.80963
596,1717810798,2024-06-08 01:39 UTC,186899,295512,16.7522,21.4054,0.373751,0.589935,8.47054e-05,0.00651767,0.022059,0.479584,0.769761,0.739647,1.79081
597,1717811098,2024-06-08 01:44 UTC,186938,295603,16.753,21.425,0.370574,0.586953,9.37784e-05,0.00525172,0.0220595,0.479658,0.771181,0.727423,1.77497
598,1717811398,2024-06-08 01:49 UTC,186979,295694,16.7539,21.4447,0.367398,0.58397,8.36833e-05,0.00509655,0.0220609,0.479728,0.772581,0.715052,1.75629
599,1717811698,2024-06-08 01:54 UTC,187021,295787,16.7547,21.4643,0.364223,0.580988,5.91986e-05,0.00484593,0.0220615,0.4798,0.774004,0.702811,1.73796
600,1717811998,2024-06-08 01:59 UTC,187065,295880,16.7555,21.484,0.361049,0.578006,5.14219e-05,0.00473317,0.0220618,0.479873,0.775423,0.690735,1.72078
601,1717812298,2024-06-08 02:04 UTC,187110,295974,16.7564,21.5036,0.353138,0.568956,5.05949e-05,0.00454903,0.0220645,0.479948,0.776847,0.66121,1.66772
602,1717812598,2024-06-08 02:09 UTC,187157,296068,16.7572,21.5233,0.345197,0.559864,4.36046e-05,0.0043108,0.0220668,0.480022,0.778271,0.632155,1.61499
603,1717812898,2024-06-08 02:14 UTC,187206,296164,16.7581,21.543,0.337258,0.550772,4.14623e-05,0.00411003,0.0220691,0.480096,0.779692,0.603759,1.56279
604,1717813198,2024-06-08 02:19 UTC,187255,296260,16.759,21.5628,0.329321,0.54168,3.64417e-05,0.00395342,0.0220758,0.48017,0.781121,0.575981,1.51126
605,1717813498,2024-06-08 02:24 UTC,187307,296357,16.7598,21.5825,0.321385,0.532589,3.546e-05,0.00377927,0.0220778,0.480246,0.78255,0.548967,1.46109
606,1717813798,2024-06-08 02:29 UTC,187360,296455,16.7607,21.6022,0.313451,0.523497,3.7729e-05,0.00357447,0.022079,0.480322,0.783984,0.522591,1.41186
607,1717814098,2024-06-08 02:34 UTC,187413,296553,16.7616,21.622,0.30552,0.514405,4.06873e-05,0.00673121,0.0220808,0.480399,0.785418,0.496872,1.36304
608,1717814398,2024-06-08 02:39 UTC,187469,296652,16.7624,21.6418,0.297591,0.505314,4.97342e-05,0.0117993,0.0220848,0.480475,0.786855,0.471817,1.3153
609,1717814698,2024-06-08 02:44 UTC,187526,296752,16.7633,21.6615,0.289664,0.496222,3.22654e-05,0.00316672,0.0220881,0.480552,0.788295,0.447404,1.26853
610,1717814998,2024-06-08 02:49 UTC,187584,296853,16.7642,21.6813,0.281741,0.48713,3.21634e-05,0.00301436,0.0220913,0.48063,0.789735,0.423688,1.22248
611,1717815298,2024-06-08 02:54 UTC,187644,296955,16.7651,21.7012,0.27382,0.478039,3.29847e-05,0.0028639,0.022096,0.480708,0.79118,0.400642,1.17732
612,1717815598,2024-06-08 02:59 UTC,187705,297057,16.766,21.721,0.265904,0.468947,2.89282e-05,0.00274616,0.0221025,0.480786,0.792627,0.378247,1.13288
613,1717815898,2024-06-08 03:04 UTC,187720,297118,16.7543,21.7067,0.254252,0.455272,6.00123e-05,0.014315,0.0221157,0.480122,0.791583,0.346749,1.06798
614,1717816198,2024-06-08 03:09 UTC,187731,297175,16.7425,21.6921,0.242577,0.441566,3.8986e-05,0.005943,0.0221182,0.479453,0.790521,0.316511,1.00466
615,1717816498,2024-06-08 03:14 UTC,187742,297231,16.7307,21.6776,0.230904,0.427861,0.000135662,0.0178489,0.0221681,0.478783,0.789463,0.287697,0.942736
616,1717816798,2024-06-08 03:19 UTC,187754,297288,16.7189,21.663,0.219232,0.414155,7.16106e-05,0.377009,0.0221748,0.478117,0.788402,0.260424,0.884072
617,1717817098,2024-06-08 03:24 UTC,187767,297345,16.7071,21.6485,0.207564,0.40045,9.7369e-05,0.340403,0.0222038,0.477451,0.787354,0.234575,0.82619
618,1717817398,2024-06-08 03:29 UTC,187780,297403,16.6954,21.634,0.195898,0.386744,0.000117978,0.398811,0.0222137,0.476783,0.78629,0.210013,0.771202
619,1717817698,2024-06-08 03:34 UTC,187794,297460,16.6836,21.6194,0.184236,0.373039,7.34975e-05,0.425289,0.0222204,0.476118,0.785234,0.187032,0.717492
620,1717817998,2024-06-08 03:39 UTC,187808,297518,16.6718,21.6049,0.172578,0.359334,5.81322e-05,0.429949,0.0222305,0.475454,0.784178,0.165424,0.665473
621,1717818298,2024-06-08 03:44 UTC,187823,297575,16.6601,21.5904,0.160926,0.345628,5.14581e-05,0.425304,0.022238,0.474791,0.783122,0.145286,0.615738
622,1717818598,2024-06-08 03:49 UTC,187839,297633,16.6483,21.5758,0.14928,0.331923,5.47199e-05,0.417327,0.0222537,0.474127,0.782072,0.126561,0.568121
623,1717818898,2024-06-08 03:54 UTC,187855,297691,16.6366,21.5613,0.137643,0.318218,5.6351e-05,0.408258,0.0222663,0.473465,0.781015,0.109262,0.521723
624,1717819198,2024-06-08 03:59 UTC,187872,297750,16.6248,21.5468,0.126016,0.304513,3.67204e-05,0.398857,0.0222781,0.472804,0.779964,0.0933996,0.477769
625,1717819498,2024-06-08 04:04 UTC,187889,297808,16.6131,21.5323,0.113023,0.288487,5.89607e-05,0.388824,0.0223054,0.472143,0.778911,0.0772964,0.432553
626,1717819798,2024-06-08 04:09 UTC,187908,297867,16.6014,21.5178,0.100046,0.272447,4.94665e-05,0.378248,0.0223252,0.471484,0.777862,0.0629632,0.433333
627,1717820098,2024-06-08 04:14 UTC,187926,297926,16.5897,21.5033,0.0871091,0.256406,7.40616e-05,0.367533,0.0223569,0.470825,0.776812,0.0504034,0.433641
628,1717820398,2024-06-08 04:19 UTC,187946,297985,16.5779,21.4887,0.0742392,0.240365,6.70826e-05,0.356812,0.0223695,0.470168,0.775769,0.0396575,0.43384
629,1717820698,2024-06-08 04:24 UTC,187965,298044,16.5662,21.4742,0.0615061,0.224325,6.68904e-05,0.105743,0.0224082,0.46951,0.774718,0.0306124,0.259198
630,1717820998,2024-06-08 04:29 UTC,187986,298104,16.5545,21.4597,0.0501881,0.208286,0.000378596,0.132507,0.0225738,0.468857,0.773661,0.023453,0.226407
631,1717821298,2024-06-08 04:34 UTC,188007,298163,16.5428,21.4452,0.0429437,0.192246,0.000162857,0.131355,0.0226056,0.468202,0.772616,0.0173806,0.190424
632,1717821598,2024-06-08 04:39 UTC,188029,298223,16.5312,21.4307,0.0396872,0.176207,0.000199973,0.184126,0.0226188,0.467546,0.771588,0.0123263,0.214615
633,1717821898,2024-06-08 04:44 UTC,188051,298283,16.5195,21.4162,0.0401474,0.160169,0.000148634,0.223574,0.0226277,0.466892,0.770544,0.00767799,0.33165
634,1717822198,2024-06-08 04:49 UTC,188074,298343,16.5078,21.4017,0.0432702,0.144132,0.000137351,0.238862,0.0226321,0.46624,0.769503,0.0042667,0.402462
635,1717822498,2024-06-08 04:54 UTC,188097,298404,16.4961,21.3873,0.0479902,0.128096,0.000129897,0.245007,0.0226542,0.465583,0.768456,0.00642842,0.451096
636,1717822798,2024-06-08 04:59 UTC,188120,298464,16.4845,21.3728,0.0539196,0.112062,0.000149058,0.245431,0.0227202,0.464933,0.76742,0.0124292,0.481953
637,1717823098,2024-06-08 05:04 UTC,188145,298525,16.4728,21.3583,0.0597325,0.124412,0.000184796,0.242673,0.0228557,0.464283,0.766381,0.0187304,0.497579
638,1717823398,2024-06-08 05:09 UTC,188170,298586,16.4611,21.3438,0.0664714,0.137522,0.000183057,0.238104,0.0234351,0.463634,0.765357,0.0258406,0.506091
639,1717823698,2024-06-08 05:14 UTC,188195,298647,16.4495,21.3293,0.0741627,0.150632,0.000130364,0.232535,0.0234734,0.462985,0.764304,0.03391,0.508639
640,1717823998,2024-06-08 05:19 UTC,188220,298708,16.4379,21.3148,0.0827915,0.163743,0.000100676,0.22628,0.0234836,0.462333,0.763265,0.0430452,0.512086
641,1717824298,2024-06-08 05:24 UTC,188246,298770,16.4262,21.3004,0.0922911,0.176854,9.91397e-05,0.213009,0.0234924,0.461684,0.762217,0.0532639,0.493578
642,1717824598,2024-06-08 05:29 UTC,188273,298831,16.4146,21.2859,0.102538,0.189965,9.71755e-05,0.083952,0.0235119,0.461042,0.761193,0.0645824,0.20561
643,1717824898,2024-06-08 05:34 UTC,188300,298893,16.403,21.2714,0.113361,0.203077,7.9533e-05,0.103015,0.0235481,0.460395,0.760151,0.077302,0.277612
644,1717825198,2024-06-08 05:39 UTC,188328,298955,16.3914,21.257,0.12453,0.21619,6.83726e-05,0.119053,0.0235533,0.45975,0.759115,0.0913546,0.341665
645,1717825498,2024-06-08 05:44 UTC,188357,299017,16.3798,21.2425,0.135823,0.229312,0.00011542,0.136149,0.0236803,0.459107,0.758083,0.106757,0.40515
646,1717825798,2024-06-08 05:49 UTC,188385,299080,16.3682,21.228,0.14717,0.242434,9.72762e-05,0.140591,0.0237164,0.458462,0.757063,0.123584,0.4335
647,1717826098,2024-06-08 05:54 UTC,188414,299142,16.3566,21.2136,0.158548,0.255557,8.27354e-05,0.0156105,0.0237426,0.45782,0.756024,0.14174,0.336314
648,1717826398,2024-06-08 05:59 UTC,188444,299205,16.345,21.1991,0.169944,0.268679,6.15072e-05,0.0683738,0.0237637,0.457178,0.754999,0.161301,0.371424
649,1717826698,2024-06-08 06:04 UTC,188425,299214,16.3237,21.1718,0.177575,0.276242,5.15906e-05,0.0247933,0.0237818,0.456007,0.753051,0.17502,0.392986
650,1717826998,2024-06-08 06:09 UTC,188401,299214,16.3025,21.1445,0.185187,0.283767,6.45726e-05,0.0716189,0.023818,0.454836,0.751105,0.189301,0.414756
651,1717827298,2024-06-08 06:14 UTC,188376,299214,16.2812,21.1171,0.192806,0.291294,7.17797e-05,0.0741633,0.0238659,0.453666,0.749169,0.20419,0.436795
652,1717827598,2024-06-08 06:19 UTC,188351,299212,16.2599,21.0897,0.20043,0.29882,6.74911e-05,0.0826542,0.0241013,0.452497,0.747223,0.219767,0.459691
653,1717827898,2024-06-08 06:24 UTC,188324,299208,16.2386,21.0624,0.208058,0.306347,0.000106548,0.0837431,0.0241818,0.451334,0.745287,0.235802,0.48292
654,1717828198,2024-06-08 06:29 UTC,188298,299204,16.2174,21.035,0.215691,0.313874,0.000156437,0.0816711,0.0243268,0.450171,0.743355,0.252578,0.507225
655,1717828498,2024-06-08 06:34 UTC,188272,299197,16.1962,21.0077,0.223326,0.321401,8.19884e-05,0.0739733,0.0244006,0.449008,0.741435,0.270017,0.532031
656,1717828798,2024-06-08 06:39 UTC,188243,299189,16.1749,20.9803,0.230965,0.328929,0.000111758,0.0680974,0.0245037,0.447848,0.739491,0.288031,0.556853
657,1717829098,2024-06-08 06:44 UTC,188215,299180,16.1537,20.953,0.238606,0.336457,7.61843e-05,0.0690058,0.0245995,0.44669,0.737571,0.306702,0.582948
658,1717829398,2024-06-08 06:49 UTC,188185,299169,16.1325,20.9257,0.246249,0.34399,7.25711e-05,0.0669333,0.0246759,0.445535,0.735645,0.325948,0.609418
659,1717829698,2024-06-08 06:54 UTC,188155,299157,16.1113,20.8983,0.253894,0.351523,0.000105995,0.0682745,0.0247983,0.444384,0.733721,0.34574,0.636095
660,1717829998,2024-06-08 06:59 UTC,188125,299144,16.0901,20.871,0.261542,0.359056,0.000101952,0.0719279,0.0248862,0.443233,0.731803,0.366272,0.664019
661,1717830298,2024-06-08 07:04 UTC,188094,299129,16.0689,20.8437,0.264254,0.361338,7.03723e-05,0.0785393,0.0249279,0.442083,0.729895,0.373675,0.672124
662,1717830598,2024-06-08 07:09 UTC,188063,299112,16.0477,20.8163,0.266934,0.364229,0.000187836,0.0838167,0.0254156,0.440938,0.727993,0.380941,0.68263
663,1717830898,2024-06-08 07:14 UTC,188030,299095,16.0265,20.789,0.269616,0.367124,6.03683e-05,0.0872194,0.025429,0.43979,0.72607,0.388531,0.694442
664,1717831198,2024-06-08 07:19 UTC,187998,299076,16.0053,20.7617,0.272298,0.370023,7.36101e-05,0.0800695,0.0254972,0.438649,0.724162,0.395968,0.705175
665,1717831498,2024-06-08 07:24 UTC,187964,299055,15.9842,20.7344,0.274982,0.372938,5.51444e-05,0.0807799,0.0255146,0.43751,0.722263,0.403522,0.716188
666,1717831798,2024-06-08 07:29 UTC,187930,299033,15.963,20.7071,0.277667,0.375866,7.58379e-05,0.0850735,0.0255809,0.436371,0.72036,0.41119,0.727152
667,1717832098,2024-06-08 07:34 UTC,187896,299010,15.9419,20.6798,0.280353,0.378798,6.26364e-05,0.0912918,0.0256228,0.435236,0.718457,0.4189,0.738851
668,1717832398,2024-06-08 07:39 UTC,187861,298986,15.9207,20.6525,0.28304,0.381733,7.96422e-05,0.0973478,0.0256529,0.434102,0.716565,0.426739,0.749998
669,1717832698,2024-06-08 07:44 UTC,187825,298960,15.8996,20.6252,0.285728,0.384672,0.000212237,0.102786,0.0260024,0.432975,0.714665,0.434395,0.760955
670,1717832998,2024-06-08 07:49 UTC,187790,298933,15.8785,20.5979,0.288417,0.387615,9.90536e-05,0.107243,0.0260707,0.431842,0.712783,0.442544,0.773665
671,1717833298,2024-06-08 07:54 UTC,187753,298904,15.8574,20.5706,0.291107,0.39056,7.36527e-05,0.110918,0.0260875,0.430715,0.710894,0.450585,0.785255
672,1717833598,2024-06-08 07:59 UTC,187716,298874,15.8363,20.5433,0.293798,0.393509,5.40312e-05,0.113954,0.0261114,0.429588,0.709011,0.458788,0.797216
673,1717833898,2024-06-08 08:04 UTC,187679,298843,15.8152,20.516,0.291003,0.38989,4.08637e-05,0.116142,0.0261175,0.428465,0.707124,0.450072,0.782908
674,1717834198,2024-06-08 08:09 UTC,187641,298811,15.7941,20.4887,0.288176,0.386251,3.96075e-05,0.117385,0.0261205,0.427343,0.705247,0.441403,0.768341
675,1717834498,2024-06-08 08:14 UTC,187603,298777,15.773,20.4615,0.285354,0.382636,3.13587e-05,0.117958,0.0261218,0.426225,0.703367,0.432735,0.754129
676,1717834798,2024-06-08 08:19 UTC,187564,298742,15.752,20.4342,0.282537,0.379047,3.32044e-05,0.118054,0.0261246,0.425109,0.701491,0.424176,0.739914
677,1717835098,2024-06-08 08:24 UTC,187524,298706,15.7309,20.4195,0.279725,0.375484,2.73659e-05,0.117809,0.0261276,0.423994,0.700486,0.415739,0.726056
678,1717835398,2024-06-08 08:29 UTC,187484,298668,15.7099,20.4149,0.276919,0.371948,2.28803e-05,0.11732,0.0261287,0.422882,0.70017,0.407418,0.712502
679,1717835698,2024-06-08 08:34 UTC,187444,298629,15.6888,20.4103,0.274118,0.36844,2.02209e-05,0.116661,0.0261304,0.421772,0.699854,0.399151,0.699116
680,1717835998,2024-06-08 08:39 UTC,187403,298589,15.6678,20.4057,0.271322,0.36496,1.83999e-05,0.115884,0.0261306,0.420664,0.699538,0.391003,0.685931
681,1717836298,2024-06-08 08:44 UTC,187361,298548,15.6468,20.4011,0.268533,0.361509,2.01672e-05,0.11503,0.0261314,0.419558,0.699224,0.382959,0.673053
682,1717836598,2024-06-08 08:49 UTC,187320,298505,15.6258,20.3965,0.265749,0.358089,1.95084e-05,0.114131,0.0261328,0.418455,0.698909,0.375012,0.660375
683,1717836898,2024-06-08 08:54 UTC,187278,298461,15.6048,20.3919,0.262971,0.3547,1.70794e-05,0.113211,0.0261345,0.417353,0.698595,0.367147,0.648
684,1717837198,2024-06-08 08:59 UTC,187235,298416,15.5838,20.3873,0.2602,0.351342,1.62116e-05,0.112288,0.0261357,0.416254,0.698282,0.359384,0.635743
685,1717837498,2024-06-08 09:04 UTC,187153,298353,15.5536,20.3663,0.252412,0.340298,2.20821e-05,0.111339,0.0261364,0.414649,0.696842,0.338229,0.596451
686,1717837798,2024-06-08 09:09 UTC,187066,298286,15.5234,20.3452,0.244596,0.329226,2.08537e-05,0.110416,0.0261368,0.413046,0.6954,0.317609,0.558285
687,1717838098,2024-06-08 09:14 UTC,186978,298218,15.4932,20.3242,0.236787,0.31818,1.95689e-05,0.109633,0.0261437,0.411448,0.693961,0.29765,0.521409
688,1717838398,2024-06-08 09:19 UTC,186889,298148,15.4631,20.3031,0.228984,0.307163,1.87993e-05,0.10907,0.0261449,0.409855,0.692526,0.278372,0.485952
689,1717838698,2024-06-08 09:24 UTC,186799,298076,15.433,20.2822,0.221189,0.296178,1.80979e-05,0.108782,0.0261454,0.408267,0.691094,0.259757,0.45178
690,1717838998,2024-06-08 09:29 UTC,186707,298002,15.403,20.2612,0.213403,0.28523,1.91843e-05,0.108806,0.0261493,0.406684,0.689667,0.241803,0.419019
691,1717839298,2024-06-08 09:34 UTC,186614,297927,15.373,20.2403,0.205625,0.274322,1.7474e-05,0.109167,0.0261496,0.405106,0.688243,0.22452,0.387617
692,1717839598,2024-06-08 09:39 UTC,186520,297849,15.3431,20.2194,0.197859,0.263459,1.5931e-05,0.109878,0.0261507,0.403534,0.686824,0.207897,0.35752
693,1717839898,2024-06-08 09:44 UTC,186424,297770,15.3132,20.1985,0.190104,0.252648,1.92401e-05,0.110947,0.0261516,0.401966,0.685409,0.191944,0.328732
694,1717840198,2024-06-08 09:49 UTC,186327,297689,15.2834,20.1777,0.182363,0.241895,1.66051e-05,0.112373,0.0261512,0.400403,0.683997,0.17666,0.301362
695,1717840498,2024-06-08 09:54 UTC,186229,297607,15.2536,20.157,0.174637,0.231208,1.80643e-05,0.114153,0.026153,0.398845,0.682589,0.162039,0.275318
696,1717840798,2024-06-08 09:59 UTC,186129,297522,15.2239,20.1362,0.166928,0.220598,1.38971e-05,0.116278,0.0261534,0.397292,0.681185,0.14808,0.251269
697,1717841098,2024-06-08 10:04 UTC,186029,297436,15.1942,20.1155,0.156159,0.205743,1.63014e-05,0.118954,0.0261545,0.395745,0.679785,0.129775,0.245314
698,1717841398,2024-06-08 10:09 UTC,185927,297348,15.1646,20.0948,0.145389,0.192716,1.82516e-05,0.122333,0.0261543,0.394202,0.678388,0.112692,0.241644
699,1717841698,2024-06-08 10:14 UTC,185824,297258,15.135,20.0742,0.134642,0.179945,1.51692e-05,0.126327,0.0261551,0.392664,0.676996,0.096871,0.238384
700,1717841998,2024-06-08 10:19 UTC,185720,297166,15.1055,20.0536,0.123926,0.167192,1.32908e-05,0.130866,0.0261551,0.391131,0.675607,0.0823095,0.235597
701,1717842298,2024-06-08 10:24 UTC,185615,297073,15.076,20.0331,0.11325,0.154461,1.50303e-05,0.135889,0.0261567,0.389604,0.674223,0.0690119,0.233882
702,1717842598,2024-06-08 10:29 UTC,185509,296978,15.0466,20.0125,0.102626,0.141828,1.21784e-05,0.141346,0.0261574,0.388081,0.672842,0.0569712,0.231914
703,1717842898,2024-06-08 10:34 UTC,185401,296881,15.0172,19.992,0.0920753,0.129686,1.09955e-05,0.147192,0.0261556,0.386564,0.671465,0.0461934,0.230134
704,1717843198,2024-06-08 10:39 UTC,185293,296783,14.9879,19.9716,0.0816274,0.117588,1.2432e-05,0.153386,0.0261556,0.385051,0.670092,0.036671,0.228492
705,1717843498,2024-06-08 10:44 UTC,185183,296683,14.9586,19.9512,0.0713349,0.105553,1.16919e-05,0.159897,0.0261563,0.383543,0.668723,0.0284034,0.227441
706,1717843798,2024-06-08 10:49 UTC,185073,296581,14.9294,19.9308,0.0612931,0.093612,1.05678e-05,0.166693,0.0261565,0.382041,0.667358,0.0213792,0.225952
707,1717844098,2024-06-08 10:54 UTC,184961,296477,14.9003,19.9105,0.0517043,0.0817875,1.96352e-05,0.173749,0.026158,0.380543,0.665997,0.0155826,0.224624
708,1717844398,2024-06-08 10:59 UTC,184848,296372,14.8712,19.8902,0.0431704,0.0701386,1.37836e-05,0.181042,0.0261582,0.379051,0.664639,0.0109611,0.22333
709,1717844698,2024-06-08 11:04 UTC,184735,296265,14.8421,19.8699,0.0371199,0.058569,1.17015e-05,0.188554,0.0261598,0.377563,0.663286,0.00740769,0.222037
710,1717844998,2024-06-08 11:09 UTC,184620,296156,14.8131,19.8497,0.0336964,0.0507403,1.04976e-05,0.196271,0.0261601,0.376081,0.661936,0.0048717,0.220858
711,1717845298,2024-06-08 11:14 UTC,184504,296045,14.7842,19.8295,0.0322892,0.0621054,1.04471e-05,0.204178,0.0261609,0.374603,0.66059,0.00390585,0.219768
712,1717845598,2024-06-08 11:19 UTC,184387,295933,14.7553,19.8098,0.0329593,0.0745815,1.92428e-05,0.212263,0.0261615,0.37313,0.659278,0.00502544,0.21876
713,1717845898,2024-06-08 11:24 UTC,184270,295819,14.7265,19.7909,0.0362167,0.0874014,1.53972e-05,0.181099,0.0261615,0.371663,0.658023,0.00752899,0.147709
714,1717846198,2024-06-08 11:29 UTC,184151,295703,14.6977,19.7741,0.0424699,0.100428,1.31319e-05,0.0567974,0.0261586,0.3702,0.656903,0.0110845,0.0519309
715,1717846498,2024-06-08 11:34 UTC,184031,295586,14.669,19.7615,0.0508952,0.113696,1.40584e-05,0.0399658,0.0261591,0.368742,0.656069,0.0157983,0.0665716
716,1717846798,2024-06-08 11:39 UTC,183911,295467,14.6404,19.749,0.0604413,0.127159,1.30985e-05,0.0218727,0.0261602,0.36729,0.655235,0.021748,0.0832549
717,1717847098,2024-06-08 11:44 UTC,183790,295346,14.6118,19.7377,0.0705381,0.140677,1.28238e-05,0.0177885,0.0261604,0.365842,0.654487,0.0289675,0.101884
718,1717847398,2024-06-08 11:49 UTC,183667,295223,14.5832,19.7267,0.0809324,0.154237,1.31902e-05,0.0215831,0.0261609,0.364399,0.653759,0.0374656,0.122539
719,1717847698,2024-06-08 11:54 UTC,183545,295099,14.5548,19.7158,0.0915066,0.167827,1.65698e-05,0.0303112,0.0261625,0.362962,0.653037,0.0472438,0.145007
720,1717847998,2024-06-08 11:59 UTC,183421,294973,14.5264,19.7049,0.102198,0.181439,2.46252e-05,0.0504078,0.0261707,0.361529,0.652318,0.0583061,0.169522
721,1717848298,2024-06-08 12:04 UTC,183302,294823,14.502,19.6668,0.110564,0.19239,1.71444e-05,0.0870447,0.0261734,0.360285,0.649798,0.0677587,0.190562
722,1717848598,2024-06-08 12:09 UTC,183182,294669,14.4777,19.6286,0.118943,0.203333,1.53618e-05,0.132171,0.026174,0.359048,0.647271,0.0779573,0.212874
723,1717848898,2024-06-08 12:14 UTC,183062,294512,14.4535,19.5903,0.127347,0.214284,1.80695e-05,0.20299,0.0261805,0.357815,0.644746,0.088921,0.236428
724,1717849198,2024-06-08 12:19 UTC,182940,294353,14.4293,19.552,0.13577,0.225641,2.03621e-05,0.272491,0.0261821,0.356588,0.642229,0.100652,0.262125
725,1717849498,2024-06-08 12:24 UTC,182819,294191,14.4052,19.5137,0.144209,0.237102,2.06057e-05,0.317211,0.0261892,0.355365,0.639717,0.113161,0.289461
726,1717849798,2024-06-08 12:29 UTC,182695,294027,14.3811,19.4754,0.152661,0.248563,1.75957e-05,0.280675,0.0261832,0.354147,0.63721,0.126433,0.318131
727,1717850098,2024-06-08 12:34 UTC,182571,293861,14.3571,19.4371,0.161124,0.260023,1.74759e-05,0.0224842,0.0261847,0.352934,0.634706,0.140477,0.348152
728,1717850398,2024-06-08 12:39 UTC,182446,293692,14.3331,19.3988,0.169595,0.271484,1.82425e-05,0.00574669,0.0261861,0.351726,0.632207,0.155286,0.379451
729,1717850698,2024-06-08 12:44 UTC,182321,293520,14.3092,19.3605,0.178075,0.282945,1.84561e-05,0.00478739,0.0261881,0.350523,0.629714,0.170871,0.412167
730,1717850998,2024-06-08 12:49 UTC,182195,293347,14.2854,19.3222,0.186562,0.294406,1.97003e-05,0.00423135,0.0261898,0.349325,0.627226,0.187224,0.4463
731,1717851298,2024-06-08 12:54 UTC,182068,293170,14.2616,19.284,0.195054,0.305867,2.4222e-05,0.00430884,0.0261929,0.348132,0.624743,0.20434,0.48168
732,1717851598,2024-06-08 12:59 UTC,181940,292992,14.2378,19.2457,0.203551,0.317328,2.17582e-05,0.00434426,0.0261956,0.346943,0.622265,0.222238,0.518427
733,1717851898,2024-06-08 13:04 UTC,181812,292811,14.2142,19.2074,0.208432,0.32411,1.58038e-05,0.0043473,0.0261962,0.34576,0.619791,0.232881,0.540864
734,1717852198,2024-06-08 13:09 UTC,181683,292627,14.1905,19.1691,0.213292,0.330862,1.63278e-05,0.00437588,0.0261979,0.344582,0.617322,0.243713,0.563655
735,1717852498,2024-06-08 13:14 UTC,181553,292441,14.167,19.1308,0.218155,0.337613,1.84455e-05,0.00441288,0.0261986,0.343408,0.614859,0.2548,0.586928
736,1717852798,2024-06-08 13:19 UTC,181422,292252,14.1435,19.0925,0.223021,0.344364,1.92623e-05,0.0044284,0.0262003,0.34224,0.6124,0.266147,0.610593
737,1717853098,2024-06-08 13:24 UTC,181291,292061,14.12,19.0542,0.22789,0.351116,1.97432e-05,0.0044853,0.0262029,0.341076,0.609946,0.277753,0.634726
738,1717853398,2024-06-08 13:29 UTC,181159,291868,14.0966,19.0159,0.232762,0.357867,2.18989e-05,0.00460437,0.0262079,0.339917,0.607497,0.28961,0.659456
739,1717853698,2024-06-08 13:34 UTC,181026,291672,14.0733,18.9776,0.237636,0.364619,1.77011e-05,0.00463585,0.0262087,0.338764,0.605054,0.301725,0.684598
740,1717853998,2024-06-08 13:39 UTC,180893,291474,14.05,18.9394,0.242513,0.371371,1.67502e-05,0.00472413,0.0262106,0.337615,0.602615,0.314099,0.710146
741,1717854298,2024-06-08 13:44 UTC,180759,291273,14.0268,18.9011,0.247393,0.378122,2.07971e-05,0.00482781,0.0262135,0.336471,0.60018,0.326722,0.736264
742,1717854598,2024-06-08 13:49 UTC,180624,291069,14.0036,18.8628,0.252274,0.384874,1.72466e-05,0.0104973,0.0262141,0.335332,0.597751,0.339607,0.762749
743,1717854898,2024-06-08 13:54 UTC,180488,290863,13.9805,18.8245,0.257157,0.391626,2.37987e-05,0.0175686,0.0262165,0.334198,0.595328,0.352729,0.789609
744,1717855198,2024-06-08 13:59 UTC,180352,290655,13.9575,18.7862,0.262043,0.398378,1.88246e-05,0.0225765,0.0262187,0.333069,0.592908,0.366133,0.817123
745,1717855498,2024-06-08 14:04 UTC,180216,290444,13.9345,18.7479,0.262722,0.399342,7.71991e-06,0.0277464,0.0262194,0.331946,0.590494,0.368039,0.821288
746,1717855798,2024-06-08 14:09 UTC,180078,290231,13.9116,18.7096,0.263376,0.400267,1.28487e-05,0.0333749,0.0262221,0.330827,0.588085,0.369838,0.825007
747,1717856098,2024-06-08 14:14 UTC,179940,290015,13.8887,18.6713,0.264034,0.401193,9.11518e-06,0.0400067,0.0262228,0.329712,0.58568,0.371645,0.828879
748,1717856398,2024-06-08 14:19 UTC,179802,289796,13.8659,18.6331,0.264694,0.402118,1.71527e-05,0.048423,0.0262235,0.328603,0.583281,0.373453,0.832718
749,1717856698,2024-06-08 14:24 UTC,179662,289576,13.8432,18.5948,0.265357,0.403044,2.51862e-05,0.0560007,0.0262247,0.327499,0.580887,0.375313,0.836513
750,1717856998,2024-06-08 14:29 UTC,179523,289352,13.8205,18.5565,0.266024,0.40397,1.65825e-05,0.0627637,0.026225,0.3264,0.578497,0.377144,0.840442
751,1717857298,2024-06-08 14:34 UTC,179382,289126,13.7979,18.5182,0.266693,0.404896,1.46589e-05,0.0692433,0.0262257,0.325305,0.576112,0.379002,0.844237
752,1717857598,2024-06-08 14:39 UTC,179241,288898,13.7753,18.4799,0.267366,0.405823,2.15889e-05,0.0750152,0.0262304,0.324216,0.573732,0.380869,0.847913
753,1717857898,2024-06-08 14:44 UTC,179100,288667,13.7529,18.4416,0.268041,0.406749,1.26563e-05,0.0800511,0.0262307,0.323131,0.571357,0.382739,0.852035
754,1717858198,2024-06-08 14:49 UTC,178957,288433,13.7304,18.4033,0.26872,0.407676,1.07839e-05,0.0739564,0.0262319,0.322052,0.568987,0.384622,0.85584
755,1717858498,2024-06-08 14:54 UTC,178815,288197,13.7081,18.3651,0.269401,0.408602,1.61938e-05,0.0551602,0.0262331,0.320977,0.566623,0.386525,0.859793
756,1717858798,2024-06-08 14:59 UTC,178671,287959,13.6857,18.3268,0.270085,0.409529,9.79399e-06,0.00685812,0.0262333,0.319908,0.564263,0.388427,0.8637
757,1717859098,2024-06-08 15:04 UTC,178556,287849,13.6669,18.2982,0.266904,0.405718,1.10688e-05,0.0068719,0.0262334,0.319069,0.562502,0.379495,0.847785
758,1717859398,2024-06-08 15:09 UTC,178443,287751,13.6482,18.2697,0.263697,0.401875,1.31998e-05,0.00579359,0.0262336,0.318233,0.560751,0.370581,0.831784
759,1717859698,2024-06-08 15:14 UTC,178331,287654,13.6294,18.2412,0.260491,0.398033,1.67107e-05,0.00477706,0.0262351,0.3174,0.559004,0.361761,0.816003
760,1717859998,2024-06-08 15:19 UTC,178218,287557,13.6106,18.2127,0.257285,0.394191,1.02981e-05,0.00364909,0.0262355,0.316568,0.557263,0.353062,0.80027
761,1717860298,2024-06-08 15:24 UTC,178105,287460,13.5919,18.1843,0.254081,0.39035,1.2596e-05,0.00310395,0.026236,0.315739,0.555525,0.344486,0.784804
762,1717860598,2024-06-08 15:29 UTC,177992,287364,13.5732,18.1559,0.250877,0.386509,9.705e-06,0.00269214,0.0262366,0.314911,0.553793,0.336003,0.7694
763,1717860898,2024-06-08 15:34 UTC,177879,287268,13.5545,18.1276,0.247675,0.382669,9.13181e-06,0.00237135,0.0262366,0.314086,0.552065,0.327636,0.754221
764,1717861198,2024-06-08 15:39 UTC,177766,287172,13.5358,18.1007,0.244473,0.378829,1.01258e-05,0.00211415,0.0262362,0.313263,0.550425,0.319386,0.739177
765,1717861498,2024-06-08 15:44 UTC,177653,287077,13.5171,18.0739,0.241272,0.37499,8.73509e-06,0.00190597,0.0262363,0.312442,0.548801,0.31124,0.72423
766,1717861798,2024-06-08 15:49 UTC,177541,286982,13.4984,18.0515,0.238072,0.371151,8.00781e-06,0.00181858,0.0262366,0.311623,0.547439,0.303207,0.70948
767,1717862098,2024-06-08 15:54 UTC,177428,286887,13.4798,18.032,0.234873,0.367313,8.85138e-06,0.00186127,0.0262372,0.310806,0.546259,0.29529,0.694885
768,1717862398,2024-06-08 15:59 UTC,177315,286793,13.4611,18.0129,0.231675,0.363475,7.75523e-06,0.00190812,0.0262374,0.309991,0.545099,0.287478,0.680414
769,1717862698,2024-06-08 16:04 UTC,177202,286699,13.4425,17.9938,0.226138,0.356809,1.71754e-05,0.00195392,0.0262406,0.309179,0.543942,0.274284,0.655641
770,1717862998,2024-06-08 16:09 UTC,177089,286606,13.4239,17.975,0.220588,0.350124,1.32899e-05,0.00200475,0.0262406,0.308368,0.542809,0.261369,0.631392
771,1717863298,2024-06-08 16:14 UTC,176975,286512,13.4053,17.9565,0.215041,0.343441,1.36401e-05,0.00206057,0.0262385,0.30756,0.541693,0.248784,0.607548
772,1717863598,2024-06-08 16:19 UTC,176862,286419,13.3867,17.9381,0.209498,0.337053,1.27296e-05,0.00212369,0.026237,0.306754,0.54058,0.236529,0.585159
773,1717863898,2024-06-08 16:24 UTC,176749,286327,13.3682,17.9196,0.203959,0.330728,1.35754e-05,0.00219354,0.0262377,0.305949,0.539469,0.224607,0.563413
774,1717864198,2024-06-08 16:29 UTC,176635,286234,13.3496,17.9012,0.198424,0.324406,1.24448e-05,0.00227164,0.0262387,0.305147,0.53836,0.21301,0.542059
775,1717864498,2024-06-08 16:34 UTC,176522,286142,13.3311,17.8828,0.192893,0.318087,1.34481e-05,0.00236304,0.0262394,0.304347,0.537254,0.201745,0.521143
776,1717864798,2024-06-08 16:39 UTC,176409,286050,13.3125,17.8644,0.187368,0.311771,1.27487e-05,0.002467,0.0262404,0.303549,0.536151,0.19081,0.50069
777,1717865098,2024-06-08 16:44 UTC,176296,285959,13.294,17.846,0.181849,0.305458,1.16947e-05,0.00258634,0.0262409,0.302753,0.535049,0.180204,0.480626
778,1717865398,2024-06-08 16:49 UTC,176183,285868,13.2755,17.8277,0.176337,0.299149,3.42019e-05,0.00272187,0.0262485,0.301959,0.533949,0.16993,0.460967
779,1717865698,2024-06-08 16:54 UTC,176069,285777,13.257,17.8094,0.170831,0.292844,3.49013e-05,0.00288275,0.0262615,0.301167,0.532852,0.15998,0.441648
780,1717865998,2024-06-08 16:59 UTC,175956,285687,13.2386,17.7911,0.165334,0.286546,2.98517e-05,0.0030775,0.0262627,0.300378,0.531758,0.150364,0.422685
781,1717866298,2024-06-08 17:04 UTC,175843,285596,13.2201,17.7728,0.159628,0.27945,2.67986e-05,0.00331739,0.0262631,0.29959,0.530666,0.140617,0.402278
782,1717866598,2024-06-08 17:09 UTC,175729,285506,13.2017,17.7546,0.153927,0.272356,2.4312e-05,0.00361327,0.0262647,0.298805,0.529576,0.131218,0.382096
783,1717866897,2024-06-08 17:14 UTC,175616,285417,13.1833,17.7364,0.148251,0.265341,2.3308e-05,0.00398504,0.0262652,0.298024,0.528493,0.122194,0.362614
784,1717867197,2024-06-08 17:19 UTC,175502,285328,13.1649,17.7182,0.142563,0.258436,2.65861e-05,0.0044621,0.0262653,0.297243,0.527407,0.113489,0.344124
785,1717867497,2024-06-08 17:24 UTC,175389,285239,13.1465,17.7,0.136885,0.251546,2.68794e-05,0.00508762,0.0262668,0.296463,0.526325,0.105129,0.325857
786,1717867797,2024-06-08 17:29 UTC,175275,285150,13.1282,17.6818,0.131216,0.24466,2.20816e-05,0.00590825,0.026268,0.295686,0.525245,0.0971296,0.30836
787,1717868097,2024-06-08 17:34 UTC,175162,285061,13.1098,17.6636,0.12556,0.237782,1.95423e-05,0.00692222,0.0262701,0.294911,0.524167,0.0894714,0.29121
788,1717868397,2024-06-08 17:39 UTC,175049,284973,13.0915,17.6455,0.119918,0.230909,1.64427e-05,0.00788199,0.0262727,0.294138,0.523091,0.0821663,0.274641
789,1717868697,2024-06-08 17:44 UTC,174935,284886,13.0731,17.6274,0.114292,0.224043,1.46214e-05,0.00818545,0.0262739,0.293367,0.522018,0.0752087,0.258584
790,1717868997,2024-06-08 17:49 UTC,174822,284798,13.0548,17.6093,0.108686,0.217183,3.21635e-05,0.00823072,0.026275,0.292598,0.520947,0.0686025,0.243024
791,1717869297,2024-06-08 17:54 UTC,174708,284711,13.0365,17.5912,0.103105,0.21033,2.44468e-05,0.00821468,0.0262779,0.291832,0.519878,0.0623399,0.227838
792,1717869597,2024-06-08 17:59 UTC,174595,284624,13.0183,17.5732,0.0975544,0.203486,2.67015e-05,0.00814153,0.0262837,0.291067,0.518812,0.0564409,0.213247
793,1717869897,2024-06-08 18:04 UTC,174488,284591,13.0349,17.6236,0.0936871,0.198285,1.97713e-05,0.00805963,0.0262844,0.29185,0.521792,0.0524516,0.202533
794,1717870197,2024-06-08 18:09 UTC,174382,284563,13.052,17.6747,0.0898461,0.193105,1.81633e-05,0.00793794,0.0262853,0.292651,0.524824,0.0486481,0.192115
795,1717870497,2024-06-08 18:14 UTC,174277,284537,13.069,17.7258,0.0860163,0.187929,1.50086e-05,0.00779193,0.0262859,0.293456,0.527864,0.0450125,0.181918
796,1717870797,2024-06-08 18:19 UTC,174172,284511,13.0861,17.777,0.0822004,0.182758,1.5462e-05,0.00763121,0.0262878,0.294264,0.530914,0.0415409,0.172045
797,1717871097,2024-06-08 18:24 UTC,174066,284486,13.1032,17.8281,0.0784016,0.177592,1.42611e-05,0.0074497,0.0262901,0.295074,0.533974,0.0382257,0.162467
798,1717871397,2024-06-08 18:29 UTC,173961,284462,13.1204,17.8793,0.0746243,0.172432,1.34521e-05,0.00723941,0.0262912,0.295888,0.537043,0.0350777,0.153103
799,1717871697,2024-06-08 18:34 UTC,173856,284439,13.1375,17.9305,0.0708745,0.167277,1.66235e-05,0.00699542,0.0262962,0.296705,0.540122,0.0320928,0.144083
800,1717871997,2024-06-08 18:39 UTC,173751,284416,13.1547,17.9816,0.0671606,0.16213,1.25395e-05,0.00671432,0.0262964,0.297524,0.543211,0.0292722,0.135404
801,1717872297,2024-06-08 18:44 UTC,173646,284394,13.1719,18.0329,0.0634944,0.156989,1.07953e-05,0.00639776,0.0262971,0.298347,0.546309,0.0266104,0.126942
802,1717872597,2024-06-08 18:49 UTC,173541,284374,13.1891,18.0841,0.0598931,0.15186,1.22876e-05,0.00605372,0.0263028,0.299173,0.549416,0.024111,0.118758
803,1717872897,2024-06-08 18:54 UTC,173436,284354,13.2063,18.1353,0.0563811,0.146741,1.35852e-05,0.00569497,0.0263037,0.300001,0.552534,0.0217729,0.110929
804,1717873197,2024-06-08 18:59 UTC,173332,284335,13.2236,18.1865,0.0529922,0.141632,1.08619e-05,0.00533546,0.0263051,0.300833,0.55566,0.0195846,0.103335
805,1717873497,2024-06-08 19:04 UTC,173227,284316,13.2408,18.2378,0.051959,0.139923,2.24459e-05,0.00498943,0.0263087,0.301667,0.558797,0.018911,0.100806
806,1717873797,2024-06-08 19:09 UTC,173123,284299,13.2581,18.2891,0.0509532,0.138248,1.89702e-05,0.00466063,0.0263109,0.302505,0.561943,0.0182667,0.0984894
807,1717874097,2024-06-08 19:14 UTC,173018,284282,13.2754,18.3403,0.0499519,0.136573,1.22567e-05,0.00435342,0.0263109,0.303345,0.565099,0.0176342,0.0960413
808,1717874397,2024-06-08 19:19 UTC,172914,284267,13.2927,18.3916,0.0489555,0.134898,1.01786e-05,0.00406946,0.0263113,0.304189,0.568264,0.0170137,0.0937002
809,1717874697,2024-06-08 19:24 UTC,172810,284251,13.3101,18.4429,0.0479641,0.133223,7.90841e-06,0.00472073,0.0263118,0.305035,0.571439,0.0164085,0.0913949
810,1717874997,2024-06-08 19:29 UTC,172706,284237,13.3275,18.4943,0.046978,0.131548,8.59002e-06,0.0045347,0.0263125,0.305885,0.574623,0.0158162,0.0891109
811,1717875297,2024-06-08 19:34 UTC,172602,284224,13.3448,18.5456,0.0459976,0.129874,1.2303e-05,0.00541551,0.0263142,0.306738,0.577817,0.0152356,0.0868455
812,1717875597,2024-06-08 19:39 UTC,172498,284211,13.3622,18.5969,0.0450231,0.128199,8.55177e-06,0.00315778,0.0263147,0.307593,0.58102,0.0146707,0.084645
813,1717875897,2024-06-08 19:44 UTC,172395,284199,13.3797,18.6483,0.044055,0.126524,1.88264e-05,0.00297834,0.0263205,0.308452,0.584234,0.0141187,0.0824476
814,1717876197,2024-06-08 19:49 UTC,172291,284188,13.3971,18.7002,0.0430935,0.124849,1.55573e-05,0.00426376,0.0263222,0.309313,0.58749,0.0135758,0.0802921
815,1717876497,2024-06-08 19:54 UTC,172187,284178,13.4146,18.7522,0.0421392,0.123174,5.77798e-05,0.0367692,0.0263321,0.310177,0.590762,0.0130436,0.0780668
816,1717876797,2024-06-08 19:59 UTC,172084,284168,13.4321,18.8042,0.0411927,0.1215,6.3289e-05,0.00252741,0.0263341,0.311045,0.594046,0.012532,0.0759697
817,1717877097,2024-06-08 20:04 UTC,171981,284160,13.4496,18.8562,0.0430056,0.124365,5.31277e-05,0.00240386,0.0263342,0.311915,0.597336,0.0135198,0.0795962
818,1717877397,2024-06-08 20:09 UTC,171878,284152,13.4671,18.909,0.0449885,0.127291,5.24138e-05,0.00229143,0.0263344,0.312789,0.600683,0.0146002,0.083331
819,1717877697,2024-06-08 20:14 UTC,171774,284145,13.4846,18.9674,0.04709,0.13023,4.64272e-05,0.0021873,0.0263348,0.313666,0.604397,0.0157337,0.0873088
820,1717877997,2024-06-08 20:19 UTC,171671,284138,13.5022,19.0269,0.049288,0.133181,3.62988e-05,0.00209113,0.0263351,0.314545,0.6082,0.0169444,0.0914497
821,1717878297,2024-06-08 20:24 UTC,171568,284132,13.5198,19.0865,0.0515633,0.136144,4.18911e-05,0.00200237,0.0263385,0.315428,0.612017,0.0182206,0.0954668
822,1717878597,2024-06-08 20:29 UTC,171466,284128,13.5374,19.1475,0.0539002,0.139118,3.26627e-05,0.0019208,0.0263386,0.316313,0.615931,0.0195634,0.0996581
823,1717878897,2024-06-08 20:34 UTC,171363,284123,13.555,19.2086,0.056286,0.142102,3.37818e-05,0.00184323,0.026339,0.317202,0.619871,0.0209929,0.103998
824,1717879197,2024-06-08 20:39 UTC,171260,284120,13.5726,19.2697,0.0587111,0.145096,3.31865e-05,0.00177199,0.0263403,0.318093,0.623821,0.0224777,0.108423
825,1717879497,2024-06-08 20:44 UTC,171158,284117,13.5903,19.3309,0.0611677,0.148099,2.77982e-05,0.00170646,0.0263408,0.318987,0.627787,0.0240401,0.112874
826,1717879797,2024-06-08 20:49 UTC,171055,284115,13.608,19.3921,0.0636502,0.151111,2.67977e-05,0.00164425,0.0263412,0.319885,0.631766,0.0256825,0.117515
827,1717880097,2024-06-08 20:54 UTC,170953,284114,13.6257,19.4532,0.066154,0.154133,2.23956e-05,0.0015859,0.0263421,0.320786,0.635759,0.0273995,0.122341
828,1717880397,2024-06-08 20:59 UTC,170851,284114,13.6434,19.5144,0.0686755,0.157163,2.04402e-05,0.00153268,0.0263423,0.321689,0.639765,0.0291798,0.127231
829,1717880697,2024-06-08 21:04 UTC,170782,284156,13.655,19.55,0.0744459,0.164158,1.88671e-05,0.00148379,0.0263426,0.322228,0.642098,0.0335723,0.138729
830,1717880997,2024-06-08 21:09 UTC,170717,284202,13.6666,19.5853,0.0802984,0.17121,1.72264e-05,0.0014406,0.0263428,0.322767,0.64442,0.0383697,0.150924
831,1717881297,2024-06-08 21:14 UTC,170653,284249,13.6783,19.6206,0.0861866,0.178277,1.51004e-05,0.00140024,0.026343,0.323309,0.646747,0.0435499,0.16364
832,1717881597,2024-06-08 21:19 UTC,170589,284297,13.69,19.6559,0.0921014,0.185356,1.46635e-05,0.00220339,0.0263436,0.323854,0.649077,0.0491101,0.176904
833,1717881897,2024-06-08 21:24 UTC,170526,284346,13.7018,19.6913,0.0980363,0.192446,1.62664e-05,0.00132699,0.0263445,0.324403,0.651412,0.0550516,0.190704
834,1717882197,2024-06-08 21:29 UTC,170464,284396,13.7136,19.7266,0.103987,0.199547,1.41411e-05,0.00129576,0.0263445,0.324954,0.653751,0.0613825,0.205033
835,1717882497,2024-06-08 21:34 UTC,170403,284447,13.7254,19.7619,0.10995,0.20666,1.4219e-05,0.00126628,0.0263447,0.325509,0.656096,0.0680863,0.219882
836,1717882797,2024-06-08 21:39 UTC,170342,284498,13.7373,19.7973,0.115923,0.213841,1.26042e-05,0.00123943,0.0263448,0.326067,0.658445,0.0751783,0.235455
837,1717883097,2024-06-08 21:44 UTC,170282,284551,13.7493,19.8326,0.121905,0.221143,1.17391e-05,0.00121244,0.0263447,0.326629,0.660798,0.0826549,0.251815
838,1717883397,2024-06-08 21:49 UTC,170223,284605,13.7612,19.868,0.127894,0.228456,1.29453e-05,0.0011884,0.0263457,0.327193,0.663156,0.09051,0.268745
839,1717883697,2024-06-08 21:54 UTC,170164,284659,13.7733,19.9033,0.133888,0.235827,1.49412e-05,0.00116613,0.0263451,0.327761,0.66552,0.0987479,0.286359
840,1717883997,2024-06-08 21:59 UTC,170106,284715,13.7853,19.9387,0.139888,0.243254,1.30524e-05,0.00114518,0.0263463,0.328331,0.667886,0.107372,0.30467
841,1717884297,2024-06-08 22:04 UTC,170049,284771,13.7974,19.9741,0.148028,0.25355,1.48643e-05,0.00112932,0.0263466,0.328905,0.670257,0.119775,0.330982
842,1717884597,2024-06-08 22:09 UTC,169992,284828,13.8096,20.0094,0.156216,0.263879,1.66979e-05,0.00157931,0.0263487,0.329483,0.672634,0.132947,0.358499
843,1717884897,2024-06-08 22:14 UTC,169936,284886,13.8218,20.0448,0.164424,0.274211,1.8731e-05,0.00125402,0.0263495,0.330063,0.675015,0.146857,0.387164
844,1717885197,2024-06-08 22:19 UTC,169881,284945,13.834,20.0802,0.17265,0.284548,2.29712e-05,0.00137015,0.0263531,0.330647,0.677398,0.161504,0.416883
845,1717885497,2024-06-08 22:24 UTC,169826,285005,13.8463,20.1156,0.180891,0.294887,2.69648e-05,0.00150567,0.0263576,0.331233,0.67979,0.176891,0.447742
846,1717885797,2024-06-08 22:29 UTC,169772,285066,13.8586,20.151,0.189145,0.305229,2.06789e-05,0.00169441,0.0263593,0.331824,0.682184,0.193025,0.479647
847,1717886097,2024-06-08 22:34 UTC,169719,285128,13.871,20.1864,0.197409,0.315574,2.16054e-05,0.00188367,0.0263617,0.332417,0.684583,0.209891,0.512763
848,1717886397,2024-06-08 22:39 UTC,169666,285190,13.8834,20.2218,0.205682,0.325921,3.01594e-05,0.00209889,0.0263634,0.333013,0.686985,0.227496,0.546798
849,1717886697,2024-06-08 22:44 UTC,169614,285254,13.8959,20.2572,0.213964,0.33627,2.2171e-05,0.00237533,0.0263655,0.333613,0.689394,0.245846,0.582252
850,1717886997,2024-06-08 22:49 UTC,169563,285318,13.9083,20.2926,0.222252,0.346621,1.87001e-05,0.00269879,0.0263665,0.334216,0.691807,0.264944,0.618661
851,1717887297,2024-06-08 22:54 UTC,169512,285383,13.9209,20.328,0.230547,0.356974,4.88044e-05,0.00313429,0.0263696,0.334822,0.69422,0.284754,0.656035
852,1717887597,2024-06-08 22:59 UTC,169462,285450,13.9335,20.3635,0.238847,0.367328,3.47679e-05,0.0037711,0.0263713,0.335431,0.696645,0.305305,0.694713
853,1717887897,2024-06-08 23:04 UTC,169413,285516,13.9461,20.3989,0.246819,0.37806,3.59332e-05,0.00485067,0.0263738,0.336043,0.699071,0.325819,0.735768
854,1717888197,2024-06-08 23:09 UTC,169364,285584,13.9587,20.4343,0.254795,0.388796,3.73462e-05,0.00624119,0.0263771,0.336659,0.7015,0.347017,0.778085
855,1717888497,2024-06-08 23:14 UTC,169316,285653,13.9714,20.4698,0.262777,0.399532,3.60549e-05,0.0090834,0.0263858,0.337278,0.703938,0.368912,0.821752
856,1717888797,2024-06-08 23:19 UTC,169268,285722,13.9842,20.5052,0.270764,0.410269,4.27204e-05,0.0154735,0.0263932,0.3379,0.706378,0.391472,0.866422
857,1717889097,2024-06-08 23:24 UTC,169221,285792,13.997,20.5406,0.278757,0.421005,4.34826e-05,0.0335559,0.026395,0.338525,0.708822,0.414727,0.912392
858,1717889397,2024-06-08 23:29 UTC,169175,285863,14.0098,20.5761,0.286754,0.431742,3.75967e-05,0.0447723,0.0264009,0.339154,0.711273,0.4387,0.959532
859,1717889697,2024-06-08 23:34 UTC,169129,285935,14.0226,20.6116,0.294755,0.442478,4.56702e-05,0.0418903,0.0264045,0.339785,0.713725,0.463302,1.00788
860,1717889997,2024-06-08 23:39 UTC,169084,286008,14.0355,20.647,0.30276,0.453215,5.53518e-05,0.0393709,0.0264121,0.34042,0.716182,0.4886,1.05735
861,1717890297,2024-06-08 23:44 UTC,169040,286081,14.0485,20.6825,0.310769,0.463952,5.97226e-05,0.0190415,0.0264289,0.341058,0.718648,0.514623,1.10797
862,1717890597,2024-06-08 23:49 UTC,168996,286156,14.0615,20.718,0.318781,0.474689,4.42346e-05,0.00387807,0.0264396,0.3417,0.721113,0.541352,1.16007
863,1717890897,2024-06-08 23:54 UTC,168953,286231,14.0745,20.7534,0.326796,0.485426,4.87304e-05,0.002848,0.0264533,0.342344,0.723583,0.568716,1.213
864,1717891197,2024-06-08 23:59 UTC,168910,286307,14.0876,20.7889,0.334814,0.496163,6.67956e-05,0.0690877,0.0264849,0.342992,0.726062,0.596737,1.26702
865,1717891497,2024-06-09 00:04 UTC,168885,286360,14.1092,20.8077,0.339466,0.503117,4.1974e-05,0.114011,0.0265005,0.344054,0.727377,0.61338,1.30321
866,1717891797,2024-06-09 00:09 UTC,168863,286411,14.131,20.8264,0.344084,0.510032,4.88725e-05,0.145217,0.0265164,0.345125,0.728683,0.630107,1.33928
867,1717892097,2024-06-09 00:14 UTC,168841,286463,14.1528,20.8452,0.348703,0.516948,5.40671e-05,0.131215,0.0265287,0.346199,0.729997,0.646891,1.37564
868,1717892397,2024-06-09 00:19 UTC,168821,286516,14.1747,20.864,0.353322,0.523863,5.52631e-05,0.00696615,0.026555,0.347281,0.731315,0.664055,1.41304
869,1717892697,2024-06-09 00:24 UTC,168801,286569,14.1966,20.8828,0.357941,0.530779,5.56029e-05,0.00563179,0.0265696,0.348368,0.732634,0.681361,1.45017
870,1717892997,2024-06-09 00:29 UTC,168782,286623,14.2185,20.9017,0.36256,0.537695,0.000163053,0.00518445,0.0266025,0.349457,0.733963,0.698609,1.49146
871,1717893297,2024-06-09 00:34 UTC,168764,286678,14.2405,20.9207,0.36718,0.544611,6.33066e-05,0.00417461,0.0266799,0.35056,0.735296,0.716847,1.52673
872,1717893597,2024-06-09 00:39 UTC,168748,286733,14.2625,20.9397,0.371799,0.551527,9.6131e-05,0.0067466,0.0267252,0.351661,0.736628,0.734745,1.56647
873,1717893897,2024-06-09 00:44 UTC,168732,286789,14.2845,20.9587,0.376419,0.558443,9.98973e-05,0.0033613,0.0268061,0.352769,0.737973,0.752923,1.60576
874,1717894197,2024-06-09 00:49 UTC,168717,286845,14.3066,20.9778,0.381039,0.565359,0.000250559,0.0177949,0.0268458,0.353877,0.739306,0.770806,1.64595
875,1717894497,2024-06-09 00:54 UTC,168703,286902,14.3287,20.9969,0.38566,0.572276,8.34589e-05,0.00295699,0.0268962,0.355004,0.740664,0.790204,1.68593
876,1717894797,2024-06-09 00:59 UTC,168689,286959,14.3508,21.0161,0.39028,0.579192,0.000122461,0.00317924,0.0269782,0.356128,0.742018,0.808989,1.72724
877,1717895097,2024-06-09 01:04 UTC,168677,287017,14.373,21.0354,0.390475,0.580379,4.7976e-05,0.00391612,0.0270131,0.357263,0.743371,0.81015,1.7343
878,1717895397,2024-06-09 01:09 UTC,168665,287076,14.3952,21.0546,0.390626,0.581508,3.04696e-05,0.00423735,0.0270181,0.358399,0.744741,0.81083,1.7415
879,1717895697,2024-06-09 01:14 UTC,168654,287135,14.4175,21.074,0.390776,0.582637,2.69057e-05,0.0021145,0.0270218,0.359541,0.746107,0.811435,1.74808
880,1717895997,2024-06-09 01:19 UTC,168643,287194,14.4398,21.0933,0.390927,0.583766,3.43551e-05,0.00204903,0.0270275,0.360688,0.747482,0.812023,1.75524
881,1717896297,2024-06-09 01:24 UTC,168634,287255,14.4621,21.1127,0.391077,0.584895,1.86026e-05,0.00408511,0.0270328,0.361841,0.748857,0.812707,1.76167
882,1717896597,2024-06-09 01:29 UTC,168625,287315,14.4844,21.1322,0.391228,0.586024,1.95753e-05,0.00180755,0.0270342,0.362999,0.750238,0.813316,1.76851
883,1717896897,2024-06-09 01:34 UTC,168617,287377,14.5068,21.1517,0.391379,0.587153,3.48569e-05,0.00175729,0.0270417,0.364162,0.751624,0.813929,1.77528
884,1717897197,2024-06-09 01:39 UTC,168610,287439,14.5293,21.1713,0.391531,0.588282,1.81453e-05,0.00163463,0.0270462,0.365332,0.753015,0.814641,1.78214
885,1717897497,2024-06-09 01:44 UTC,168604,287501,14.5517,21.1909,0.391682,0.589411,2.96981e-05,0.00237407,0.0270626,0.366506,0.75441,0.815267,1.78911
886,1717897797,2024-06-09 01:49 UTC,168599,287564,14.5742,21.2105,0.391833,0.59054,0.000114223,0.00274194,0.0271627,0.367686,0.755808,0.815939,1.79545
887,1717898097,2024-06-09 01:54 UTC,168594,287628,14.5967,21.2302,0.391985,0.591669,3.88606e-05,0.00194224,0.0271634,0.368871,0.757213,0.816582,1.80275
888,1717898397,2024-06-09 01:59 UTC,168590,287692,14.6193,21.2527,0.392137,0.592799,0.000105951,0.00171958,0.0271883,0.37006,0.758813,0.817032,1.80892
889,1717898697,2024-06-09 02:04 UTC,168587,287756,14.6419,21.3082,0.38772,0.587809,6.61982e-05,0.0015978,0.0271907,0.37126,0.76279,0.799206,1.77944
890,1717898997,2024-06-09 02:09 UTC,168585,287821,14.6646,21.3639,0.383259,0.582758,3.97064e-05,0.00162397,0.027191,0.372461,0.766782,0.781037,1.74917
891,1717899297,2024-06-09 02:14 UTC,168583,287887,14.6872,21.4197,0.378798,0.577707,3.94354e-05,0.00164771,0.0271913,0.37367,0.770791,0.763244,1.71897
892,1717899597,2024-06-09 02:19 UTC,168582,287953,14.7099,21.4756,0.374339,0.572656,3.30718e-05,0.00162191,0.0271921,0.374882,0.774817,0.745546,1.68936
893,1717899897,2024-06-09 02:24 UTC,168582,288020,14.7327,21.5316,0.369882,0.567605,2.86211e-05,0.0015901,0.0271928,0.376101,0.778863,0.728077,1.65951
894,1717900197,2024-06-09 02:29 UTC,168583,288087,14.7555,21.5876,0.365425,0.562555,2.39667e-05,0.00174073,0.0271931,0.377324,0.782924,0.710789,1.62979
895,1717900497,2024-06-09 02:34 UTC,168585,288155,14.7783,21.6438,0.360971,0.557505,2.36788e-05,0.00187783,0.0271943,0.378553,0.787004,0.69375,1.60087
896,1717900797,2024-06-09 02:39 UTC,168587,288223,14.8011,21.7001,0.356517,0.552455,2.09356e-05,0.00192285,0.0271951,0.379788,0.791101,0.676915,1.57189
897,1717901097,2024-06-09 02:44 UTC,168590,288292,14.824,21.7564,0.352066,0.547406,2.74479e-05,0.00160049,0.0271955,0.381028,0.795216,0.660297,1.54348
898,1717901397,2024-06-09 02:49 UTC,168593,288362,14.8469,21.8129,0.347615,0.542405,3.83084e-05,0.00154332,0.0271958,0.382274,0.799347,0.643915,1.51522
899,1717901697,2024-06-09 02:54 UTC,168598,288431,14.8699,21.8694,0.343167,0.537507,2.07136e-05,0.00150006,0.027198,0.383524,0.803498,0.627696,1.48808
900,1717901997,2024-06-09 02:59 UTC,168603,288502,14.8928,21.9261,0.33872,0.532611,1.99328e-05,0.00149219,0.0271994,0.384781,0.807666,0.611723,1.4611
901,1717902297,2024-06-09 03:04 UTC,168601,288576,14.8751,21.8063,0.330033,0.522542,3.31548e-05,0.00145975,0.0272023,0.383851,0.798866,0.581275,1.40665
902,1717902597,2024-06-09 03:09 UTC,168600,288652,14.857,21.685,0.321305,0.512434,3.41247e-05,0.00144063,0.0272037,0.382905,0.790001,0.551428,1.35271
903,1717902897,2024-06-09 03:14 UTC,168600,288728,14.839,21.5639,0.312579,0.50233,3.63585e-05,0.00143268,0.0272049,0.381965,0.781203,0.522389,1.29988
904,1717903197,2024-06-09 03:19 UTC,168601,288804,14.8211,21.443,0.303856,0.492231,3.38011e-05,0.00139294,0.0272068,0.381031,0.772471,0.494139,1.24808
905,1717903497,2024-06-09 03:24 UTC,168603,288881,14.8032,21.3224,0.295134,0.482133,8.42126e-05,0.00132384,0.0272757,0.380104,0.763805,0.466715,1.19773
906,1717903797,2024-06-09 03:29 UTC,168605,288959,14.7854,21.2021,0.286415,0.472039,5.19058e-05,0.00135447,0.0272775,0.379183,0.755207,0.440071,1.14793
907,1717904097,2024-06-09 03:34 UTC,168609,289037,14.7677,21.082,0.277699,0.461947,4.01526e-05,0.00131516,0.027281,0.378268,0.746675,0.414243,1.0994
908,1717904397,2024-06-09 03:39 UTC,168613,289115,14.75,20.9621,0.268987,0.451858,3.82455e-05,0.00129899,0.0272838,0.377359,0.738209,0.389234,1.05187
909,1717904697,2024-06-09 03:44 UTC,168618,289195,14.7324,20.8425,0.260277,0.441772,3.9626e-05,0.00125444,0.0272872,0.376457,0.729809,0.365026,1.0055
910,1717904997,2024-06-09 03:49 UTC,168624,289274,14.7149,20.7233,0.251572,0.431689,3.55053e-05,0.00126439,0.0272891,0.375561,0.721485,0.341613,0.959981
911,1717905297,2024-06-09 03:54 UTC,168630,289354,14.6974,20.6051,0.24287,0.42161,4.50887e-05,0.00121174,0.0272936,0.374672,0.713272,0.319036,0.91589
912,1717905597,2024-06-09 03:59 UTC,168638,289435,14.6801,20.4871,0.234174,0.411535,5.07143e-05,0.00124097,0.027298,0.373789,0.705123,0.297245,0.872232
913,1717905897,2024-06-09 04:04 UTC,168646,289516,14.6628,20.3694,0.222607,0.398113,6.32292e-05,0.0015619,0.0273033,0.372912,0.697049,0.269648,0.817497
914,1717906197,2024-06-09 04:09 UTC,168656,289598,14.6455,20.263,0.211015,0.38467,3.76205e-05,0.00121206,0.02731,0.372041,0.689787,0.24337,0.762427
915,1717906497,2024-06-09 04:14 UTC,168665,289680,14.6284,20.1765,0.199427,0.371239,6.03061e-05,0.00198519,0.0273156,0.371176,0.683913,0.21853,0.710554
916,1717906797,2024-06-09 04:19 UTC,168676,289763,14.6113,20.0902,0.187845,0.35782,5.09179e-05,0.00153574,0.027321,0.370319,0.678076,0.195153,0.659779
917,1717907097,2024-06-09 04:24 UTC,168688,289846,14.5943,20.0041,0.176269,0.344413,3.84426e-05,0.00144746,0.0273289,0.369467,0.672276,0.173125,0.611148
918,1717907397,2024-06-09 04:29 UTC,168700,289930,14.5774,19.9182,0.164702,0.33102,3.08905e-05,0.00146283,0.0273338,0.368622,0.666514,0.152524,0.564568
919,1717907697,2024-06-09 04:34 UTC,168713,290015,14.5605,19.8325,0.153144,0.317642,3.50709e-05,0.00138469,0.0273422,0.367783,0.660789,0.133366,0.51983
920,1717907997,2024-06-09 04:39 UTC,168726,290099,14.5437,19.7469,0.141599,0.304282,3.25867e-05,0.001505,0.0273487,0.36695,0.655103,0.115609,0.477082
921,1717908297,2024-06-09 04:44 UTC,168741,290185,14.527,19.6616,0.130071,0.290942,4.15543e-05,0.00166014,0.0273593,0.366124,0.649452,0.0992841,0.436257
922,1717908597,2024-06-09 04:49 UTC,168756,290270,14.5104,19.5765,0.118565,0.277625,3.65646e-05,0.00170138,0.0273675,0.365304,0.64384,0.0843528,0.397038
923,1717908897,2024-06-09 04:54 UTC,168772,290357,14.4938,19.4915,0.107092,0.264334,3.64331e-05,0.00187479,0.0273747,0.364491,0.638265,0.070849,0.360137
924,1717909197,2024-06-09 04:59 UTC,168789,290443,14.4773,19.4068,0.0956665,0.251073,3.60211e-05,0.00216699,0.0273834,0.363684,0.632728,0.0587564,0.324852
925,1717909497,2024-06-09 05:04 UTC,168806,290531,14.4609,19.3635,0.0839206,0.236845,2.80009e-05,0.00260911,0.0273938,0.362883,0.629905,0.0476663,0.289037
926,1717909797,2024-06-09 05:09 UTC,168824,290618,14.4446,19.3592,0.0723227,0.222654,3.2216e-05,0.00372194,0.0274091,0.362089,0.629631,0.038089,0.255467
927,1717910097,2024-06-09 05:14 UTC,168843,290706,14.4284,19.355,0.0611097,0.208521,2.17758e-05,0.00658553,0.0274189,0.3613,0.629357,0.0299991,0.223994
928,1717910397,2024-06-09 05:19 UTC,168863,290795,14.4122,19.3509,0.0520975,0.194457,2.71848e-05,0.0390001,0.0274339,0.360519,0.629088,0.023332,0.194841
929,1717910697,2024-06-09 05:24 UTC,168882,290884,14.3961,19.3468,0.0469933,0.180494,3.38347e-05,0.0439609,0.0274479,0.359744,0.628821,0.0176113,0.167868
930,1717910997,2024-06-09 05:29 UTC,168903,290974,14.3801,19.3428,0.0450312,0.166648,2.85845e-05,0.0234506,0.0274609,0.358975,0.62856,0.0122767,0.143131
931,1717911297,2024-06-09 05:34 UTC,168925,291064,14.3642,19.3388,0.0447533,0.152941,2.76025e-05,0.0132706,0.0274675,0.358213,0.628302,0.00700246,0.12052
932,1717911597,2024-06-09 05:39 UTC,168947,291154,14.3484,19.3349,0.0455709,0.139985,3.05329e-05,0.00970363,0.0274867,0.357456,0.628046,0.00188969,0.100992
933,1717911897,2024-06-09 05:44 UTC,168969,291245,14.3327,19.331,0.0474214,0.127674,5.33041e-05,0.00796426,0.0275762,0.356706,0.627795,0.00439098,0.0838952
934,1717912197,2024-06-09 05:49 UTC,168992,291337,14.317,19.3272,0.0505259,0.115845,3.10553e-05,0.0069156,0.0275887,0.355963,0.62755,0.0103083,0.0691165
935,1717912497,2024-06-09 05:54 UTC,169016,291429,14.3015,19.3234,0.0552653,0.11862,3.42794e-05,0.00793277,0.0276099,0.355226,0.627301,0.0167821,0.0724542
936,1717912797,2024-06-09 05:59 UTC,169041,291521,14.286,19.3197,0.061899,0.133315,2.83263e-05,0.0102629,0.0276211,0.354496,0.627061,0.0239466,0.0914662
937,1717913097,2024-06-09 06:04 UTC,168953,291528,14.3093,19.3599,0.0682136,0.143847,2.53358e-05,0.0125199,0.0276246,0.355551,0.629677,0.0301809,0.106558
938,1717913397,2024-06-09 06:09 UTC,168857,291526,14.3329,19.4006,0.0754926,0.154338,3.1301e-05,0.0141369,0.0276648,0.356628,0.632328,0.0370508,0.12271
939,1717913697,2024-06-09 06:14 UTC,168758,291535,14.3566,19.4413,0.0835698,0.164829,2.9989e-05,0.0149784,0.0276687,0.35771,0.634983,0.0446777,0.139881
940,1717913997,2024-06-09 06:19 UTC,168657,291542,14.3804,19.4821,0.0921877,0.17532,4.9346e-05,0.0151866,0.0277103,0.358797,0.637647,0.0531461,0.158166
941,1717914297,2024-06-09 06:24 UTC,168554,291547,14.4042,19.5228,0.101135,0.185812,3.83087e-05,0.00972904,0.0277313,0.359886,0.640314,0.0625213,0.177765
942,1717914597,2024-06-09 06:29 UTC,168450,291550,14.4281,19.5635,0.110286,0.196303,2.83346e-05,0.00234943,0.0277588,0.360981,0.642988,0.0728148,0.19841
943,1717914897,2024-06-09 06:34 UTC,168343,291549,14.4519,19.6043,0.119562,0.206796,2.44875e-05,0.00195475,0.0277684,0.362079,0.64567,0.0840582,0.220197
944,1717915197,2024-06-09 06:39 UTC,168234,291546,14.4759,19.645,0.12892,0.217288,3.10132e-05,0.00182626,0.0277872,0.363182,0.648359,0.0962393,0.243046
945,1717915497,2024-06-09 06:44 UTC,168123,291540,14.4998,19.6858,0.138333,0.22778,3.22353e-05,0.00238775,0.0278082,0.364289,0.651055,0.109389,0.267167
946,1717915797,2024-06-09 06:49 UTC,168010,291531,14.5238,19.7266,0.147785,0.238273,3.94812e-05,0.00406105,0.0278283,0.3654,0.653755,0.123503,0.292215
947,1717916097,2024-06-09 06:54 UTC,167895,291520,14.5478,19.7674,0.157265,0.248766,0.00017705,0.00998662,0.0278974,0.366518,0.656467,0.138534,0.318975
948,1717916397,2024-06-09 06:59 UTC,167779,291506,14.5719,19.8082,0.166766,0.259356,8.45998e-05,0.0122924,0.0279173,0.367636,0.659173,0.15461,0.346422
949,1717916697,2024-06-09 07:04 UTC,167660,291489,14.5959,19.8491,0.172245,0.264844,8.0196e-05,0.014035,0.0280628,0.368759,0.661897,0.164248,0.36126
950,1717916997,2024-06-09 07:09 UTC,167539,291470,14.62,19.8899,0.177689,0.270316,7.13117e-05,0.0188353,0.028083,0.369888,0.66462,0.174076,0.376259
951,1717917297,2024-06-09 07:14 UTC,167417,291448,14.6442,19.9308,0.183138,0.275966,6.93213e-05,0.0242361,0.0281277,0.371019,0.667354,0.184262,0.391986
952,1717917597,2024-06-09 07:19 UTC,167292,291424,14.6683,19.9716,0.188591,0.281616,0.000121048,0.0312048,0.0282724,0.372156,0.6701,0.194739,0.407808
953,1717917897,2024-06-09 07:24 UTC,167166,291396,14.6925,20.0125,0.194048,0.287266,7.45925e-05,0.0386159,0.02831,0.373295,0.67285,0.205606,0.424754
954,1717918197,2024-06-09 07:29 UTC,167038,291367,14.7167,20.0534,0.199509,0.292917,8.05931e-05,0.0448592,0.0283863,0.374442,0.675594,0.216645,0.441826
955,1717918497,2024-06-09 07:34 UTC,166909,291334,14.7409,20.0943,0.204973,0.298567,6.0434e-05,0.0496837,0.0284049,0.375591,0.678349,0.228142,0.459087
956,1717918797,2024-06-09 07:39 UTC,166777,291300,14.7652,20.1352,0.210439,0.304217,9.38125e-05,0.0327864,0.0285025,0.376746,0.681114,0.239849,0.476573
957,1717919097,2024-06-09 07:44 UTC,166643,291262,14.7894,20.1762,0.215909,0.309868,5.26619e-05,0.0311964,0.0285503,0.377902,0.683887,0.251999,0.49447
958,1717919397,2024-06-09 07:49 UTC,166509,291222,14.8137,20.2171,0.22138,0.316089,6.5198e-05,0.0365542,0.0286144,0.379065,0.686666,0.264364,0.514601
959,1717919697,2024-06-09 07:54 UTC,166372,291180,14.838,20.258,0.226854,0.322333,4.98588e-05,0.0420165,0.0286503,0.38023,0.68945,0.277123,0.534969
960,1717919997,2024-06-09 07:59 UTC,166233,291135,14.8624,20.299,0.23233,0.328577,5.59239e-05,0.0326365,0.0287143,0.381401,0.692241,0.290135,0.555971
961,1717920297,2024-06-09 08:04 UTC,166093,291087,14.8867,20.34,0.23296,0.329258,3.58961e-05,0.0312431,0.0287307,0.382574,0.695036,0.291688,0.558326
962,1717920597,2024-06-09 08:09 UTC,165952,291038,14.9111,20.381,0.233543,0.329882,4.25623e-05,0.0299875,0.028748,0.383753,0.697848,0.293048,0.560435
963,1717920897,2024-06-09 08:14 UTC,165808,290985,14.9355,20.422,0.234127,0.330507,3.33206e-05,0.0294575,0.0287563,0.384936,0.700655,0.294387,0.562663
964,1717921197,2024-06-09 08:19 UTC,165664,290930,14.96,20.463,0.234713,0.331133,2.5944e-05,0.0300481,0.0287666,0.386124,0.70347,0.295748,0.564689
965,1717921497,2024-06-09 08:24 UTC,165517,290873,14.9844,20.504,0.235301,0.331759,2.7335e-05,0.0317126,0.0287761,0.387315,0.706294,0.297124,0.566926
966,1717921797,2024-06-09 08:29 UTC,165369,290813,15.0089,20.545,0.235891,0.332386,2.77095e-05,0.0344955,0.0287861,0.388511,0.709122,0.298518,0.569086
967,1717922097,2024-06-09 08:34 UTC,165220,290751,15.0334,20.586,0.236482,0.333014,3.35895e-05,0.0387941,0.0288036,0.389711,0.711958,0.299894,0.571014
968,1717922397,2024-06-09 08:39 UTC,165069,290686,15.0579,20.6271,0.237074,0.333642,2.66199e-05,0.0425446,0.0288089,0.390916,0.714802,0.301282,0.573234
969,1717922697,2024-06-09 08:44 UTC,164916,290619,15.0825,20.6682,0.237669,0.33427,3.158e-05,0.0462772,0.0288184,0.392124,0.717649,0.30269,0.575681
970,1717922997,2024-06-09 08:49 UTC,164763,290549,15.107,20.7129,0.238264,0.334899,2.70992e-05,0.0501121,0.0288295,0.393337,0.720759,0.30409,0.577573
971,1717923297,2024-06-09 08:54 UTC,164607,290477,15.1316,20.7977,0.238862,0.335529,2.60859e-05,0.0543333,0.0288319,0.394554,0.726677,0.305487,0.579779
972,1717923597,2024-06-09 08:59 UTC,164451,290403,15.1562,20.8826,0.23946,0.336159,2.31344e-05,0.05969,0.028836,0.395776,0.73262,0.306904,0.581969
973,1717923897,2024-06-09 09:04 UTC,164309,290306,15.1814,20.9252,0.235093,0.331013,2.20102e-05,0.0653348,0.0288514,0.397017,0.73561,0.296034,0.564234
974,1717924197,2024-06-09 09:09 UTC,164166,290205,15.2067,20.9673,0.230683,0.325811,4.03902e-05,0.0672978,0.0288662,0.398263,0.738578,0.28524,0.546654
975,1717924497,2024-06-09 09:14 UTC,164023,290100,15.2319,21.0095,0.226282,0.320612,2.44765e-05,0.0639997,0.0288663,0.399514,0.741553,0.274667,0.52954
976,1717924797,2024-06-09 09:19 UTC,163878,289993,15.2572,21.0518,0.22189,0.315415,1.95941e-05,0.0564584,0.0288659,0.400769,0.744535,0.264318,0.512388
977,1717925097,2024-06-09 09:24 UTC,163733,289882,15.2826,21.094,0.217508,0.310221,1.50695e-05,0.0594461,0.0288683,0.40203,0.747527,0.254177,0.495657
978,1717925397,2024-06-09 09:29 UTC,163587,289768,15.3079,21.1365,0.213136,0.305029,1.63557e-05,0.0604649,0.0288702,0.403295,0.750545,0.244268,0.479199
979,1717925697,2024-06-09 09:34 UTC,163439,289651,15.3333,21.1797,0.208776,0.299841,1.47184e-05,0.0625827,0.0288712,0.404565,0.753615,0.234582,0.463063
980,1717925997,2024-06-09 09:39 UTC,163290,289530,15.3587,21.2229,0.204427,0.294656,1.41855e-05,0.0477094,0.028872,0.405839,0.756692,0.225122,0.447177
981,1717926297,2024-06-09 09:44 UTC,163141,289406,15.3842,21.2661,0.200092,0.289475,1.1845e-05,0.0384232,0.0288729,0.407118,0.759778,0.215878,0.431532
982,1717926597,2024-06-09 09:49 UTC,162990,289279,15.4096,21.3094,0.19577,0.284297,1.21261e-05,0.0312337,0.0288737,0.408401,0.762871,0.206863,0.416244
983,1717926897,2024-06-09 09:54 UTC,162838,289149,15.4351,21.3527,0.191462,0.279123,1.0252e-05,0.0309333,0.0288744,0.409689,0.765972,0.198066,0.401255
984,1717927197,2024-06-09 09:59 UTC,162686,289016,15.4606,21.3959,0.187171,0.273954,1.05296e-05,0.0312072,0.0288749,0.410982,0.76908,0.189496,0.386526
985,1717927497,2024-06-09 10:04 UTC,162533,288879,15.4862,21.4393,0.178317,0.263343,8.98508e-05,0.0359788,0.0289696,0.41228,0.772197,0.172546,0.35705
986,1717927797,2024-06-09 10:09 UTC,162379,288739,15.5117,21.4826,0.169449,0.252683,5.07225e-05,0.00851956,0.0289689,0.413582,0.775323,0.156378,0.328958
987,1717928097,2024-06-09 10:14 UTC,162223,288598,15.5373,21.5277,0.16062,0.242029,3.26323e-05,0.00907812,0.0289695,0.414889,0.77858,0.141091,0.301696
988,1717928397,2024-06-09 10:19 UTC,162068,288467,15.563,21.5771,0.151838,0.231383,3.14034e-05,0.0622495,0.0289699,0.4162,0.782156,0.126698,0.275733
989,1717928697,2024-06-09 10:24 UTC,161911,288334,15.5886,21.6264,0.143115,0.220745,2.60742e-05,0.0717333,0.0289703,0.417516,0.785739,0.113167,0.27395
990,1717928997,2024-06-09 10:29 UTC,161753,288198,15.6143,21.6758,0.134466,0.210117,2.55799e-05,0.0829349,0.0289675,0.418837,0.789332,0.10053,0.276516
991,1717929297,2024-06-09 10:34 UTC,161595,288059,15.64,21.7252,0.12591,0.199513,2.01768e-05,0.0951651,0.0289676,0.420162,0.79293,0.0887575,0.27919
992,1717929597,2024-06-09 10:39 UTC,161436,287918,15.6657,21.7746,0.117477,0.189463,1.90366e-05,0.0564901,0.0289705,0.421492,0.79654,0.077854,0.196216
993,1717929897,2024-06-09 10:44 UTC,161276,287775,15.6914,21.824,0.109204,0.179511,2.89889e-05,0.067048,0.0289778,0.422827,0.80016,0.0678061,0.199522
994,1717930197,2024-06-09 10:49 UTC,161116,287629,15.7172,21.8734,0.101148,0.169571,1.90646e-05,0.0862011,0.0289796,0.424167,0.803785,0.0585938,0.209129
995,1717930497,2024-06-09 10:54 UTC,160955,287480,15.743,21.9228,0.0933913,0.159667,1.53195e-05,0.10921,0.0289812,0.425511,0.80742,0.0502058,0.204308
996,1717930797,2024-06-09 10:59 UTC,160793,287329,15.7688,21.9722,0.0860703,0.14978,3.99196e-05,0.136727,0.0289856,0.42686,0.811059,0.0426014,0.219432
997,1717931097,2024-06-09 11:04 UTC,160630,287175,15.7946,22.0216,0.0774096,0.136984,2.28834e-05,0.16868,0.0289862,0.428213,0.814713,0.0338803,0.255563
998,1717931397,2024-06-09 11:09 UTC,160467,287018,15.8205,22.0722,0.0698758,0.124202,1.80741e-05,0.191567,0.0289875,0.429571,0.818469,0.0261751,0.278825
999,1717931697,2024-06-09 11:14 UTC,160304,286860,15.8464,22.1274,0.0637861,0.111479,1.59379e-05,0.194598,0.0289874,0.430934,0.822561,0.0193368,0.263425
1000,1717931997,2024-06-09 11:19 UTC,160139,286698,15.8723,22.1862,0.0594459,0.109121,1.3397e-05,0.140011,0.0289885,0.432301,0.826945,0.0131578,0.183514
1001,1717932297,2024-06-09 11:24 UTC,159975,286534,15.8982,22.246,0.0569077,0.116693,1.3276e-05,0.154912,0.0289895,0.433673,0.831404,0.00746472,0.200406
1002,1717932597,2024-06-09 11:29 UTC,159809,286368,15.9241,22.3057,0.055993,0.125136,1.4315e-05,0.190696,0.0289911,0.43505,0.835875,0.0027884,0.228483
1003,1717932897,2024-06-09 11:34 UTC,159644,286199,15.9501,22.3654,0.0565419,0.134507,1.43751e-05,0.118787,0.0289905,0.436431,0.840358,0.00514591,0.120402
1004,1717933197,2024-06-09 11:39 UTC,159478,286027,15.9761,22.4252,0.0583779,0.145044,1.73169e-05,0.133033,0.0289946,0.437817,0.844854,0.0108634,0.125082
1005,1717933497,2024-06-09 11:44 UTC,159311,285852,16.0021,22.4849,0.0613269,0.156012,1.25406e-05,0.172008,0.0289937,0.439208,0.849362,0.017214,0.148035
1006,1717933797,2024-06-09 11:49 UTC,159144,285676,16.0282,22.5447,0.0653285,0.167302,1.26615e-05,0.018834,0.0289961,0.440603,0.853882,0.0241383,0.144116
1007,1717934097,2024-06-09 11:54 UTC,158977,285496,16.0542,22.6045,0.0705018,0.178853,1.31535e-05,0.0101007,0.0289979,0.442003,0.858415,0.0317349,0.164679
1008,1717934397,2024-06-09 11:59 UTC,158810,285315,16.0803,22.6642,0.0770865,0.190616,1.35232e-05,0.00799169,0.0289996,0.443408,0.86296,0.0401558,0.187046
1009,1717934697,2024-06-09 12:04 UTC,158685,285125,16.0675,22.6173,0.0847228,0.202132,1.53119e-05,0.0744384,0.0290019,0.442727,0.859394,0.0489229,0.21037
1010,1717934997,2024-06-09 12:09 UTC,158563,284933,16.0544,22.5694,0.0936513,0.213791,1.47712e-05,0.133808,0.0290031,0.442028,0.855752,0.0587572,0.235338
1011,1717935297,2024-06-09 12:14 UTC,158440,284738,16.0413,22.5214,0.103385,0.225666,1.97825e-05,0.1765,0.0290056,0.441332,0.852121,0.0697782,0.262151
1012,1717935597,2024-06-09 12:19 UTC,158318,284541,16.0282,22.4735,0.113544,0.23803,2.58346e-05,0.190274,0.0290117,0.44064,0.8485,0.0820507,0.291813
1013,1717935897,2024-06-09 12:24 UTC,158195,284340,16.0151,22.4256,0.123935,0.250484,2.23155e-05,0.0131995,0.0290115,0.439951,0.844885,0.0955726,0.323024
1014,1717936197,2024-06-09 12:29 UTC,158073,284137,16.0021,22.3777,0.134465,0.263001,2.07377e-05,0.00348601,0.0290152,0.439265,0.841281,0.110367,0.356102
1015,1717936497,2024-06-09 12:34 UTC,157951,283932,15.9891,22.3299,0.145084,0.275573,2.04151e-05,0.00321718,0.0290177,0.438582,0.837685,0.126422,0.390989
1016,1717936797,2024-06-09 12:39 UTC,157829,283723,15.976,22.282,0.155765,0.288193,1.96854e-05,0.00301982,0.0290227,0.437903,0.834099,0.143749,0.42761
1017,1717937097,2024-06-09 12:44 UTC,157707,283512,15.9631,22.2342,0.166492,0.300855,2.4966e-05,0.00286617,0.0290258,0.437227,0.83052,0.162331,0.46602
1018,1717937397,2024-06-09 12:49 UTC,157585,283298,15.9501,22.1863,0.177252,0.313559,3.21179e-05,0.00274041,0.0290368,0.436554,0.826951,0.182183,0.506142
1019,1717937697,2024-06-09 12:54 UTC,157463,283081,15.9371,22.1385,0.188039,0.326295,3.25896e-05,0.0026487,0.0290429,0.435885,0.82339,0.203313,0.548107
1020,1717937997,2024-06-09 12:59 UTC,157341,282861,15.9242,22.0908,0.198848,0.339059,3.1364e-05,0.00257231,0.029046,0.435219,0.819843,0.225706,0.591787
1021,1717938297,2024-06-09 13:04 UTC,157220,282639,15.9113,22.0435,0.20673,0.348997,2.44361e-05,0.00246248,0.0290479,0.434556,0.81634,0.242729,0.627138
1022,1717938597,2024-06-09 13:09 UTC,157098,282414,15.8984,21.9965,0.214591,0.358919,2.74814e-05,0.00279055,0.0290522,0.433897,0.812858,0.260331,0.66323
1023,1717938897,2024-06-09 13:14 UTC,156977,282186,15.8855,21.9494,0.222458,0.368853,3.28942e-05,0.00363887,0.0290639,0.43324,0.809384,0.278602,0.700487
1024,1717939197,2024-06-09 13:19 UTC,156855,281955,15.8726,21.9034,0.230333,0.379216,3.03402e-05,0.00460703,0.0290683,0.432587,0.805992,0.297542,0.741686
1025,1717939497,2024-06-09 13:24 UTC,156734,281722,15.8598,21.86,0.238212,0.389829,6.04742e-05,0.0055436,0.0290765,0.431938,0.802809,0.317145,0.782672
1026,1717939797,2024-06-09 13:29 UTC,156612,281485,15.847,21.818,0.246097,0.400443,3.58046e-05,0.00790245,0.0290826,0.431291,0.799724,0.337424,0.825552
1027,1717940097,2024-06-09 13:34 UTC,156491,281246,15.8342,21.7766,0.253987,0.41106,4.19112e-05,0.014807,0.0290922,0.430648,0.79669,0.358342,0.870229
1028,1717940397,2024-06-09 13:39 UTC,156370,281004,15.8214,21.7352,0.26188,0.421678,4.05784e-05,0.0335879,0.0291012,0.430008,0.793665,0.379949,0.915285
1029,1717940697,2024-06-09 13:44 UTC,156249,280759,15.8086,21.6938,0.269778,0.432298,3.70376e-05,0.0637691,0.0291089,0.429371,0.790642,0.402232,0.962068
1030,1717940997,2024-06-09 13:49 UTC,156129,280512,15.7959,21.6524,0.277678,0.442919,4.25252e-05,0.101803,0.0291239,0.428738,0.78763,0.425166,1.01001
1031,1717941297,2024-06-09 13:54 UTC,156008,280261,15.7832,21.6111,0.285582,0.453542,5.74815e-05,0.179482,0.0291306,0.428107,0.784624,0.448713,1.05894
1032,1717941597,2024-06-09 13:59 UTC,155887,280008,15.7705,21.5697,0.293489,0.464166,5.87951e-05,0.257668,0.0291399,0.42748,0.781627,0.472983,1.10892
1033,1717941897,2024-06-09 14:04 UTC,155767,279752,15.7578,21.5284,0.297576,0.469742,5.7051e-05,0.315668,0.0291524,0.426858,0.778641,0.485879,1.13592
1034,1717942197,2024-06-09 14:09 UTC,155646,279493,15.7451,21.4871,0.301627,0.475268,3.82851e-05,0.110873,0.0291623,0.426238,0.775648,0.498739,1.16305
1035,1717942497,2024-06-09 14:14 UTC,155526,279231,15.7325,21.4458,0.305681,0.480794,3.57167e-05,0.150527,0.0291687,0.425621,0.772668,0.511812,1.19036
1036,1717942797,2024-06-09 14:19 UTC,155405,278966,15.7199,21.4045,0.309736,0.48632,4.48504e-05,0.120973,0.0291718,0.425007,0.769698,0.524974,1.21745
1037,1717943097,2024-06-09 14:24 UTC,155285,278698,15.7073,21.3633,0.313794,0.491847,0.000117635,0.101241,0.0291968,0.4244,0.766738,0.538589,1.24729
1038,1717943397,2024-06-09 14:29 UTC,155165,278428,15.6947,21.322,0.317854,0.497374,0.000157389,0.05757,0.0292178,0.423788,0.763776,0.551859,1.27315
1039,1717943697,2024-06-09 14:34 UTC,155045,278154,15.6821,21.2808,0.321915,0.502902,0.000112898,0.0170061,0.0292406,0.423185,0.760821,0.565748,1.30151
1040,1717943997,2024-06-09 14:39 UTC,154925,277878,15.6696,21.2396,0.325979,0.50843,0.000107116,0.00250266,0.0292658,0.422585,0.757878,0.579681,1.33136
1041,1717944297,2024-06-09 14:44 UTC,154805,277599,15.6571,21.1984,0.330044,0.513958,9.92371e-05,0.00178705,0.0292882,0.421988,0.754946,0.593841,1.36008
1042,1717944597,2024-06-09 14:49 UTC,154685,277316,15.6446,21.1572,0.334111,0.519487,0.000109374,0.00173303,0.0293148,0.421392,0.752013,0.607982,1.38907
1043,1717944897,2024-06-09 14:54 UTC,154566,277031,15.6321,21.1161,0.33818,0.525016,0.000138404,0.0017659,0.0293787,0.420801,0.749095,0.622489,1.41978
1044,1717945197,2024-06-09 14:59 UTC,154446,276743,15.6196,21.1285,0.342251,0.530545,9.12916e-05,0.00173491,0.0293987,0.420213,0.749976,0.637089,1.44897
1045,1717945497,2024-06-09 15:04 UTC,154340,276583,15.6385,21.1229,0.342422,0.530885,7.41926e-05,0.00176136,0.0294055,0.421149,0.749576,0.637855,1.45062
1046,1717945797,2024-06-09 15:09 UTC,154234,276429,15.6576,21.117,0.342556,0.531172,4.85104e-05,0.00174533,0.0294094,0.422106,0.749158,0.63858,1.45345
1047,1717946097,2024-06-09 15:14 UTC,154129,276274,15.6769,21.1112,0.342692,0.531458,4.39966e-05,0.00176447,0.0294129,0.423066,0.748744,0.639057,1.45444
1048,1717946397,2024-06-09 15:19 UTC,154024,276120,15.6961,21.1053,0.342831,0.531745,3.52317e-05,0.0017682,0.0294165,0.424033,0.748332,0.639529,1.45625
1049,1717946697,2024-06-09 15:24 UTC,153919,275965,15.7154,21.1119,0.342972,0.532032,3.0276e-05,0.00178637,0.0294194,0.425007,0.748798,0.640084,1.45778
1050,1717946997,2024-06-09 15:29 UTC,153815,275811,15.7348,21.1197,0.343115,0.532319,0.000102045,0.00179481,0.0296534,0.425987,0.749348,0.640694,1.45836
1051,1717947297,2024-06-09 15:34 UTC,153711,275656,15.7541,21.1274,0.343261,0.532606,7.36011e-05,0.00184017,0.0296615,0.426973,0.749895,0.641275,1.46124
1052,1717947597,2024-06-09 15:39 UTC,153607,275501,15.7735,21.1351,0.343409,0.532893,5.15767e-05,0.00184656,0.0296633,0.427965,0.750448,0.641793,1.46229
1053,1717947897,2024-06-09 15:44 UTC,153504,275347,15.793,21.1429,0.343559,0.53318,4.15363e-05,0.00189201,0.0296665,0.428963,0.750998,0.642331,1.46402
1054,1717948197,2024-06-09 15:49 UTC,153400,275192,15.8124,21.1506,0.343712,0.533468,3.62552e-05,0.00190725,0.0296679,0.429967,0.751547,0.64293,1.46566
1055,1717948497,2024-06-09 15:54 UTC,153297,275037,15.8319,21.1584,0.343867,0.533755,3.11086e-05,0.00196192,0.0296742,0.430978,0.752099,0.64353,1.46722
1056,1717948797,2024-06-09 15:59 UTC,153195,274882,15.8514,21.1662,0.344024,0.534042,4.48918e-05,0.0020133,0.029709,0.431995,0.752652,0.64411,1.46894
1057,1717949097,2024-06-09 16:04 UTC,153092,274726,15.871,21.1741,0.340646,0.530158,6.37065e-05,0.002003,0.0297497,0.433018,0.753208,0.631949,1.44713
1058,1717949397,2024-06-09 16:09 UTC,152990,274571,15.8906,21.1819,0.337234,0.526234,3.7339e-05,0.00202581,0.0297506,0.434048,0.753777,0.619801,1.42621
1059,1717949697,2024-06-09 16:14 UTC,152888,274416,15.9102,21.1898,0.333822,0.52231,4.00816e-05,0.00204301,0.0297514,0.435083,0.754335,0.607774,1.4054
1060,1717949997,2024-06-09 16:19 UTC,152787,274260,15.9299,21.1977,0.330411,0.518387,3.13207e-05,0.00205679,0.0297515,0.436125,0.754897,0.595862,1.38407
1061,1717950297,2024-06-09 16:24 UTC,152686,274105,15.9496,21.2056,0.327001,0.514465,2.66727e-05,0.00208494,0.0297521,0.437173,0.755457,0.584034,1.36304
1062,1717950597,2024-06-09 16:29 UTC,152584,273949,15.9693,21.2135,0.323592,0.510544,2.35598e-05,0.00208919,0.029755,0.438227,0.75602,0.572337,1.34218
1063,1717950897,2024-06-09 16:34 UTC,152484,273793,15.989,21.2214,0.320183,0.506624,2.29378e-05,0.00213622,0.0297552,0.439288,0.756587,0.560855,1.32186
1064,1717951197,2024-06-09 16:39 UTC,152383,273637,16.0088,21.2293,0.316776,0.502706,3.46551e-05,0.00217633,0.0297566,0.440354,0.757149,0.549474,1.30201
1065,1717951497,2024-06-09 16:44 UTC,152283,273481,16.0287,21.2372,0.313369,0.498788,4.03425e-05,0.00221839,0.0297571,0.441426,0.757717,0.538126,1.28102
1066,1717951797,2024-06-09 16:49 UTC,152183,273325,16.0485,21.2451,0.309964,0.494871,3.95409e-05,0.0022496,0.0297578,0.442505,0.758278,0.526999,1.2615
1067,1717952097,2024-06-09 16:54 UTC,152083,273169,16.0684,21.2531,0.306559,0.490956,3.81398e-05,0.00227414,0.0297614,0.443591,0.758842,0.51599,1.24137
1068,1717952397,2024-06-09 16:59 UTC,151984,273013,16.0883,21.261,0.303156,0.487297,3.43142e-05,0.00232117,0.029768,0.444682,0.75941,0.505064,1.22289
1069,1717952697,2024-06-09 17:04 UTC,151884,272857,16.1082,21.2689,0.297745,0.481482,2.72721e-05,0.0023401,0.0297686,0.445779,0.759977,0.487996,1.19411
1070,1717952997,2024-06-09 17:09 UTC,151785,272700,16.1282,21.2768,0.292315,0.475646,2.38928e-05,0.00236504,0.0297696,0.446883,0.760545,0.47117,1.16549
1071,1717953297,2024-06-09 17:14 UTC,151686,272544,16.1482,21.2848,0.286888,0.469812,2.85809e-05,0.00239226,0.0297731,0.447993,0.761109,0.45465,1.13684
1072,1717953597,2024-06-09 17:19 UTC,151588,272387,16.1683,21.2927,0.281462,0.463981,2.43323e-05,0.00242168,0.0297767,0.449109,0.761677,0.438447,1.10874
1073,1717953897,2024-06-09 17:24 UTC,151489,272230,16.1883,21.3007,0.276038,0.458152,2.09871e-05,0.00244478,0.0297776,0.450231,0.762247,0.422563,1.08103
1074,1717954197,2024-06-09 17:29 UTC,151391,272073,16.2084,21.3086,0.270616,0.452327,2.02816e-05,0.00246085,0.0297791,0.45136,0.762817,0.406996,1.05387
1075,1717954497,2024-06-09 17:34 UTC,151293,271916,16.2285,21.3166,0.265196,0.446504,5.01124e-05,0.0024873,0.0297795,0.452496,0.763387,0.391838,1.02714
1076,1717954797,2024-06-09 17:39 UTC,151196,271759,16.2487,21.3246,0.259779,0.440684,9.35213e-05,0.00252628,0.0297822,0.453636,0.763957,0.376907,1.0007
1077,1717955097,2024-06-09 17:44 UTC,151099,271602,16.2689,21.3325,0.254364,0.434868,0.000161659,0.0025399,0.029786,0.454782,0.764529,0.362187,0.976817
1078,1717955397,2024-06-09 17:49 UTC,151002,271444,16.2891,21.3405,0.248952,0.429057,0.000123756,0.00252108,0.0297872,0.455935,0.765099,0.34792,0.948618
1079,1717955697,2024-06-09 17:54 UTC,150905,271287,16.3094,21.3485,0.243543,0.423251,0.000187231,0.0025916,0.0297879,0.457088,0.76568,0.333532,0.920686
1080,1717955997,2024-06-09 17:59 UTC,150808,271129,16.3297,21.3565,0.238137,0.417449,0.000190248,0.00257606,0.0297901,0.458256,0.766241,0.320059,0.896287
1081,1717956297,2024-06-09 18:04 UTC,150714,271084,16.3113,21.3379,0.233027,0.411348,0.00024433,0.00697328,0.0297964,0.457245,0.764912,0.307688,0.870785
1082,1717956597,2024-06-09 18:09 UTC,150621,271043,16.2925,21.319,0.227922,0.40525,0.000226741,0.00258506,0.0297976,0.456202,0.763572,0.294778,0.844328
1083,1717956897,2024-06-09 18:14 UTC,150528,271004,16.2738,21.3002,0.222818,0.399156,0.00017967,0.00262581,0.0297981,0.455176,0.762216,0.282962,0.8216
1084,1717957197,2024-06-09 18:19 UTC,150435,270965,16.2551,21.2814,0.217717,0.393269,0.000154455,0.00258577,0.0297998,0.454153,0.760862,0.271137,0.795843
1085,1717957497,2024-06-09 18:24 UTC,150342,270928,16.2365,21.2626,0.212618,0.387415,0.000167254,0.00267338,0.0297999,0.453128,0.75953,0.259498,0.771644
1086,1717957797,2024-06-09 18:29 UTC,150250,270892,16.2179,21.2438,0.207521,0.381573,0.000132416,0.00267304,0.0298002,0.452113,0.75819,0.248221,0.74945
1087,1717958097,2024-06-09 18:34 UTC,150158,270856,16.1994,21.225,0.202427,0.375733,0.000120053,0.00264137,0.0298006,0.451099,0.756844,0.237141,0.727518
1088,1717958397,2024-06-09 18:39 UTC,150066,270822,16.1809,21.2062,0.197336,0.369897,9.83805e-05,0.00266413,0.0298011,0.450092,0.755498,0.226454,0.704672
1089,1717958697,2024-06-09 18:44 UTC,149975,270788,16.1625,21.1874,0.192249,0.364063,9.25057e-05,0.00259492,0.0298022,0.44909,0.754163,0.21604,0.68267
1090,1717958997,2024-06-09 18:49 UTC,149883,270756,16.144,21.1686,0.187165,0.358236,0.000101447,0.00257355,0.0298056,0.448091,0.752832,0.205865,0.660383
1091,1717959297,2024-06-09 18:54 UTC,149792,270725,16.1257,21.1499,0.182087,0.352413,8.51869e-05,0.00252635,0.0298075,0.447094,0.751499,0.195853,0.639627
1092,1717959597,2024-06-09 18:59 UTC,149702,270694,16.1074,21.1311,0.177014,0.346593,6.56128e-05,0.00240815,0.0298083,0.446105,0.750162,0.18628,0.618964
1093,1717959897,2024-06-09 19:04 UTC,149611,270665,16.0891,21.1124,0.174021,0.342662,6.64858e-05,0.0023242,0.0298092,0.44512,0.748832,0.180666,0.605101
1094,1717960197,2024-06-09 19:09 UTC,149521,270637,16.0709,21.0936,0.171052,0.33875,5.25851e-05,0.00224499,0.0298099,0.444137,0.747498,0.175082,0.590798
1095,1717960497,2024-06-09 19:14 UTC,149431,270609,16.0527,21.075,0.168086,0.334839,5.03261e-05,0.00212707,0.0298102,0.443161,0.746183,0.169721,0.577729
1096,1717960797,2024-06-09 19:19 UTC,149342,270583,16.0345,21.0565,0.165122,0.330929,4.43955e-05,0.00201723,0.0298108,0.442187,0.744868,0.164356,0.564094
1097,1717961097,2024-06-09 19:24 UTC,149252,270557,16.0164,21.0379,0.162162,0.32702,7.22989e-05,0.001936,0.0298123,0.441218,0.743552,0.159059,0.550468
1098,1717961397,2024-06-09 19:29 UTC,149163,270532,15.9983,21.0194,0.159206,0.323112,0.000118186,0.00184007,0.0298138,0.440257,0.742245,0.154061,0.538324
1099,1717961697,2024-06-09 19:34 UTC,149074,270509,15.9803,21.0009,0.156254,0.319205,8.74606e-05,0.00177228,0.029815,0.439299,0.740942,0.149045,0.525263
1100,1717961997,2024-06-09 19:39 UTC,148986,270486,15.9623,20.9823,0.153307,0.315299,6.84836e-05,0.00166305,0.0298156,0.438344,0.739634,0.144074,0.512197
1101,1717962297,2024-06-09 19:44 UTC,148897,270464,15.9444,20.9638,0.150365,0.311394,5.54025e-05,0.00160411,0.0298169,0.437394,0.738331,0.139265,0.499697
1102,1717962597,2024-06-09 19:49 UTC,148809,270444,15.9265,20.9453,0.147429,0.307491,4.65015e-05,0.00155668,0.0298175,0.436448,0.737026,0.134515,0.487189
1103,1717962897,2024-06-09 19:54 UTC,148721,270424,15.9086,20.9505,0.144501,0.303588,5.32018e-05,0.00148215,0.0298189,0.435508,0.737389,0.129896,0.474684
1104,1717963197,2024-06-09 19:59 UTC,148634,270405,15.8908,20.9574,0.141582,0.299686,3.9312e-05,0.00143517,0.0298193,0.434571,0.737877,0.125352,0.462541
1105,1717963497,2024-06-09 20:04 UTC,148546,270387,15.873,20.9642,0.141453,0.299482,3.73557e-05,0.00243342,0.0298195,0.433639,0.738355,0.125037,0.461871
1106,1717963797,2024-06-09 20:09 UTC,148459,270370,15.8553,20.9711,0.141353,0.299317,3.17792e-05,0.00133839,0.02982,0.432712,0.738839,0.124774,0.461293
1107,1717964097,2024-06-09 20:14 UTC,148372,270354,15.8376,20.9779,0.141255,0.299152,2.59148e-05,0.00129727,0.0298202,0.431789,0.739322,0.124516,0.460877
1108,1717964397,2024-06-09 20:19 UTC,148286,270338,15.8199,20.9847,0.141157,0.298989,2.98558e-05,0.00123862,0.0298206,0.430871,0.739801,0.12427,0.460396
1109,1717964697,2024-06-09 20:24 UTC,148199,270324,15.8023,20.9916,0.141061,0.298826,7.85758e-05,0.00145641,0.0298221,0.429957,0.740293,0.124002,0.459993
1110,1717964997,2024-06-09 20:29 UTC,148113,270311,15.7848,20.9984,0.140965,0.298665,0.000116091,0.00118314,0.029824,0.429048,0.740773,0.123773,0.459519
1111,1717965297,2024-06-09 20:34 UTC,148027,270298,15.7672,21.0052,0.140871,0.298505,0.000112695,0.00118867,0.0298259,0.428143,0.741246,0.123486,0.459102
1112,1717965597,2024-06-09 20:39 UTC,147941,270287,15.7497,21.0121,0.140777,0.298346,9.76251e-05,0.00115038,0.0298269,0.427244,0.741735,0.123293,0.458634
1113,1717965897,2024-06-09 20:44 UTC,147856,270276,15.7323,21.0189,0.140685,0.298188,7.28956e-05,0.00111354,0.0298277,0.426348,0.742217,0.123012,0.457728
1114,1717966197,2024-06-09 20:49 UTC,147771,270266,15.7149,21.0258,0.140593,0.298031,6.30846e-05,0.00102604,0.0298282,0.425456,0.7427,0.122765,0.457467
1115,1717966497,2024-06-09 20:54 UTC,147685,270257,15.6975,21.0326,0.140503,0.297875,5.44396e-05,0.00104383,0.0298281,0.42457,0.743184,0.12254,0.456849
1116,1717966797,2024-06-09 20:59 UTC,147601,270249,15.6802,21.0394,0.140414,0.29772,5.40888e-05,0.0017545,0.0298283,0.423688,0.743666,0.122313,0.456542
1117,1717967097,2024-06-09 21:04 UTC,147529,270261,15.6333,20.9934,0.143359,0.301619,4.93956e-05,0.00681252,0.0298286,0.42121,0.740415,0.126656,0.46848
1118,1717967397,2024-06-09 21:09 UTC,147458,270274,15.5861,20.9469,0.146351,0.305569,4.46334e-05,0.000983023,0.0298286,0.418728,0.737137,0.131257,0.480801
1119,1717967697,2024-06-09 21:14 UTC,147387,270288,15.5389,20.9004,0.149357,0.309528,3.36042e-05,0.000963551,0.0298287,0.416253,0.733867,0.135947,0.493332
1120,1717967997,2024-06-09 21:19 UTC,147318,270303,15.4917,20.8538,0.152377,0.313497,3.76996e-05,0.00096956,0.0298297,0.413785,0.730602,0.140719,0.506166
1121,1717968297,2024-06-09 21:24 UTC,147248,270320,15.4445,20.8073,0.155408,0.317475,3.34383e-05,0.000938228,0.0298301,0.411328,0.727344,0.145633,0.519041
1122,1717968597,2024-06-09 21:29 UTC,147180,270337,15.3974,20.7608,0.158449,0.321464,5.5103e-05,0.00204303,0.0298303,0.408879,0.724094,0.150661,0.532357
1123,1717968897,2024-06-09 21:34 UTC,147112,270355,15.3503,20.7142,0.161501,0.325461,8.21954e-05,0.000956905,0.0298464,0.406439,0.720854,0.155786,0.545398
1124,1717969197,2024-06-09 21:39 UTC,147045,270374,15.3031,20.6677,0.164561,0.329466,6.08487e-05,0.000936704,0.0298456,0.404006,0.717616,0.160981,0.558851
1125,1717969497,2024-06-09 21:44 UTC,146978,270393,15.256,20.6211,0.16763,0.333479,4.72683e-05,0.000917429,0.0298459,0.401584,0.714391,0.166371,0.572759
1126,1717969797,2024-06-09 21:49 UTC,146912,270414,15.2089,20.5746,0.170706,0.337499,3.98517e-05,0.00090781,0.0298459,0.39917,0.711167,0.171831,0.586576
1127,1717970097,2024-06-09 21:54 UTC,146847,270436,15.1619,20.5281,0.173789,0.341526,3.91298e-05,0.000897297,0.0298464,0.396764,0.707954,0.177396,0.600614
1128,1717970397,2024-06-09 21:59 UTC,146782,270458,15.1148,20.4815,0.17688,0.345566,3.3923e-05,0.000889839,0.0298465,0.394367,0.704748,0.183095,0.61488
1129,1717970697,2024-06-09 22:04 UTC,146718,270482,15.0678,20.435,0.182907,0.352927,3.62708e-05,0.000902786,0.0298464,0.39198,0.701551,0.194626,0.64148
1130,1717970997,2024-06-09 22:09 UTC,146654,270506,15.0207,20.3885,0.18897,0.360394,7.27455e-05,0.000919736,0.0298483,0.389599,0.698355,0.206563,0.669162
1131,1717971297,2024-06-09 22:14 UTC,146591,270532,14.9737,20.3419,0.195038,0.367942,4.07086e-05,0.000925764,0.0298488,0.387229,0.695173,0.218956,0.697062
1132,1717971597,2024-06-09 22:19 UTC,146529,270558,14.9267,20.2954,0.20111,0.375535,3.69254e-05,0.000909973,0.0298496,0.384867,0.691996,0.231715,0.725981
1133,1717971897,2024-06-09 22:24 UTC,146467,270585,14.8797,20.2488,0.207186,0.383146,3.33316e-05,0.000914396,0.0298502,0.382514,0.688826,0.244873,0.755822
1134,1717972197,2024-06-09 22:29 UTC,146405,270613,14.8327,20.2023,0.213265,0.390769,2.80301e-05,0.000940949,0.0298507,0.38017,0.685664,0.258443,0.786191
1135,1717972497,2024-06-09 22:34 UTC,146345,270642,14.7858,20.1558,0.219348,0.398403,2.60895e-05,0.00093338,0.0298516,0.377834,0.682508,0.272405,0.817193
1136,1717972797,2024-06-09 22:39 UTC,146285,270672,14.7388,20.1092,0.225433,0.406047,2.72433e-05,0.000944267,0.0298551,0.375506,0.679359,0.286748,0.848757
1137,1717973097,2024-06-09 22:44 UTC,146225,270703,14.6919,20.0627,0.231521,0.4137,2.88847e-05,0.000968204,0.0298567,0.373188,0.676219,0.301508,0.881263
1138,1717973397,2024-06-09 22:49 UTC,146166,270734,14.645,20.0162,0.237611,0.421363,2.7304e-05,0.0009768,0.0298586,0.370878,0.673086,0.316638,0.914123
1139,1717973697,2024-06-09 22:54 UTC,146107,270767,14.5981,19.9696,0.243703,0.429034,2.85821e-05,0.000987615,0.0298613,0.368578,0.669959,0.332183,0.947644
1140,1717973997,2024-06-09 22:59 UTC,146049,270800,14.5512,19.9231,0.249797,0.436713,2.60514e-05,0.000995019,0.0298637,0.366285,0.666842,0.348121,0.981856
1141,1717974297,2024-06-09 23:04 UTC,145992,270834,14.5043,19.8766,0.257308,0.445796,5.62036e-05,0.00104771,0.0298836,0.364001,0.66373,0.368336,1.02271
1142,1717974597,2024-06-09 23:09 UTC,145935,270869,14.4575,19.83,0.264837,0.4549,3.9914e-05,0.0010503,0.0298894,0.361726,0.660625,0.389259,1.06519
1143,1717974897,2024-06-09 23:14 UTC,145879,270905,14.4106,19.7835,0.27237,0.464009,5.06922e-05,0.00108025,0.0298957,0.35946,0.657528,0.410742,1.10771
1144,1717975197,2024-06-09 23:19 UTC,145823,270942,14.3638,19.7369,0.279906,0.473122,4.9847e-05,0.00111694,0.0299076,0.357202,0.654437,0.43288,1.15181
1145,1717975497,2024-06-09 23:24 UTC,145768,270980,14.317,19.6904,0.287445,0.482241,4.62906e-05,0.00113599,0.0299194,0.354954,0.651355,0.455631,1.197
1146,1717975797,2024-06-09 23:29 UTC,145713,271018,14.2702,19.6439,0.294987,0.491364,7.61065e-05,0.00117142,0.0299473,0.352713,0.64828,0.478889,1.24224
1147,1717976097,2024-06-09 23:34 UTC,145659,271057,14.2235,19.5973,0.302531,0.500491,9.47597e-05,0.00139107,0.0299738,0.35048,0.645213,0.502781,1.28872
1148,1717976397,2024-06-09 23:39 UTC,145605,271097,14.1767,19.5508,0.310078,0.509624,0.000165826,0.00576411,0.0300884,0.348258,0.642153,0.527335,1.33666
1149,1717976697,2024-06-09 23:44 UTC,145552,271138,14.13,19.5043,0.317627,0.518791,0.000243476,0.00136707,0.0301982,0.34604,0.639103,0.552225,1.38397
1150,1717976997,2024-06-09 23:49 UTC,145500,271180,14.0833,19.4577,0.325178,0.527972,0.000316362,0.00154026,0.0303286,0.343831,0.636054,0.577654,1.43253
1151,1717977297,2024-06-09 23:54 UTC,145449,271222,14.0366,19.4112,0.332731,0.537164,0.00086407,0.00682196,0.031231,0.341615,0.633015,0.602509,1.48103
1152,1717977597,2024-06-09 23:59 UTC,145398,271265,13.9899,19.3647,0.340285,0.54636,0.000699672,0.00805119,0.0319791,0.339433,0.629979,0.629957,1.53159
1153,1717977897,2024-06-10 00:04 UTC,145371,271359,13.9798,19.376,0.346427,0.554057,0.000684275,0.00716436,0.0323942,0.338889,0.630699,0.652158,1.57649
1154,1717978197,2024-06-10 00:09 UTC,145346,271455,13.9701,19.3878,0.352557,0.561741,0.000414685,0.00607082,0.0327081,0.338378,0.631463,0.675876,1.62262
1155,1717978497,2024-06-10 00:14 UTC,145323,271552,13.9604,19.3997,0.358688,0.569427,0.000718323,0.0045534,0.0329184,0.337844,0.632261,0.697671,1.65869
1156,1717978797,2024-06-10 00:19 UTC,145303,271650,13.9507,19.4116,0.36482,0.577115,0.00247,0.0244633,0.0343503,0.337264,0.633057,0.715814,1.70419
1157,1717979097,2024-06-10 00:24 UTC,145288,271749,13.941,19.4235,0.370954,0.584805,0.00367787,0.0410002,0.0376796,0.336693,0.633827,0.734241,1.78948
1158,1717979397,2024-06-10 00:29 UTC,145273,271848,13.9314,19.4354,0.377088,0.592496,0.00524325,0.117418,0.0403447,0.336104,0.634541,0.751585,1.86627
1159,1717979697,2024-06-10 00:34 UTC,145259,271949,13.9217,19.4473,0.383224,0.60019,0.00672545,0.19034,0.0437305,0.33553,0.635219,0.770404,1.85153
1160,1717979997,2024-06-10 00:39 UTC,145246,272050,13.9121,19.4593,0.389362,0.607884,0.00973253,0.171821,0.0481714,0.334884,0.635883,0.782797,1.88845
1161,1717980297,2024-06-10 00:44 UTC,145236,272153,13.9025,19.4712,0.3955,0.615581,0.0142119,0.233517,0.0540522,0.334183,0.636655,0.790069,1.94149
1162,1717980597,2024-06-10 00:49 UTC,145228,272256,13.8929,19.4831,0.401639,0.623279,0.020238,0.288889,0.0589703,0.333419,0.637125,0.792009,2.0016
1163,1717980897,2024-06-10 00:54 UTC,145230,272360,13.8834,19.495,0.40778,0.630978,0.0279843,0.344209,0.0624211,0.332573,0.637751,0.787372,2.04972
1164,1717981197,2024-06-10 00:59 UTC,145241,272465,13.8738,19.507,0.413921,0.638679,0.0360195,0.13681,0.0655121,0.331714,0.638247,0.782857,2.10237
1165,1717981497,2024-06-10 01:04 UTC,145248,272570,13.8643,19.5189,0.416691,0.642811,0.0432559,0.15248,0.0684326,0.330874,0.638725,0.767375,2.12878
1166,1717981797,2024-06-10 01:09 UTC,145263,272677,13.8547,19.5308,0.419428,0.646908,0.048798,0.180393,0.0717964,0.330093,0.637022,0.757118,2.14921
1167,1717982097,2024-06-10 01:14 UTC,145273,272784,13.8452,19.5428,0.422164,0.651005,0.0500593,0.163528,0.0749533,0.32949,0.637256,0.762839,2.17906
1168,1717982397,2024-06-10 01:19 UTC,145284,272893,13.8358,19.5547,0.424901,0.655103,0.0496736,0.155621,0.078007,0.328962,0.637977,0.774594,2.20161
1169,1717982697,2024-06-10 01:24 UTC,145286,273002,13.8263,19.5667,0.427637,0.659201,0.0480782,0.150948,0.0813278,0.328489,0.63858,0.790548,2.22516
1170,1717982997,2024-06-10 01:29 UTC,145285,273112,13.8168,19.5786,0.430374,0.6633,0.0468235,0.142431,0.0840852,0.328007,0.639279,0.80543,2.23725
1171,1717983297,2024-06-10 01:34 UTC,145278,273222,13.8074,19.5906,0.43311,0.667399,0.0458272,0.229967,0.0865366,0.327519,0.640093,0.819531,2.2223
1172,1717983597,2024-06-10 01:39 UTC,145275,273334,13.798,19.6025,0.435847,0.671498,0.0451354,0.351003,0.0891203,0.327019,0.640627,0.832232,2.2186
1173,1717983897,2024-06-10 01:44 UTC,145255,273447,13.7886,19.6145,0.438584,0.675598,0.0448514,0.38036,0.0918621,0.326504,0.641346,0.843086,2.19111
1174,1717984197,2024-06-10 01:49 UTC,145252,273560,13.7792,19.6265,0.441321,0.679698,0.0460135,0.493765,0.0965589,0.325925,0.641786,0.847655,2.13129
1175,1717984497,2024-06-10 01:54 UTC,145225,273674,13.7698,19.6385,0.444058,0.683799,0.0492363,0.585559,0.100079,0.325267,0.642282,0.845054,2.08118
1176,1717984797,2024-06-10 01:59 UTC,145214,273806,13.7605,19.6504,0.446795,0.6879,0.05428,0.512666,0.10425,0.324537,0.642592,0.836576,2.00403
1177,1717985097,2024-06-10 02:04 UTC,145182,273965,13.7511,19.6624,0.445318,0.686845,0.0597191,0.261572,0.109478,0.32378,0.642767,0.808836,1.95486
1178,1717985397,2024-06-10 02:09 UTC,145160,274124,13.7418,19.6744,0.4438,0.685739,0.0632892,0.323049,0.115241,0.323097,0.643014,0.788357,1.95626
1179,1717985697,2024-06-10 02:14 UTC,145126,274285,13.7325,19.6864,0.442281,0.684632,0.0659374,0.496528,0.119859,0.322452,0.643372,0.771351,1.94288
1180,1717985997,2024-06-10 02:19 UTC,145094,274445,13.7232,19.6984,0.440763,0.683525,0.0672786,0.51476,0.123033,0.321878,0.644045,0.759978,1.93792
1181,1717986297,2024-06-10 02:24 UTC,145070,274607,13.714,19.7104,0.439244,0.682418,0.0672245,0.589468,0.126043,0.321375,0.644913,0.753808,1.93052
1182,1717986597,2024-06-10 02:29 UTC,145034,274769,13.7047,19.7224,0.437726,0.681312,0.066501,0.293157,0.128842,0.320896,0.645617,0.749575,1.92539
1183,1717986897,2024-06-10 02:34 UTC,145012,274932,13.6955,19.7344,0.436209,0.680205,0.0650407,0.284304,0.131656,0.320463,0.646653,0.748425,1.91538
1184,1717987196,2024-06-10 02:39 UTC,144988,275096,13.6863,19.7464,0.434696,0.679155,0.0627034,0.325765,0.134155,0.320077,0.647651,0.750649,1.90636
1185,1717987496,2024-06-10 02:44 UTC,144965,275260,13.6771,19.7584,0.433179,0.678107,0.0602644,0.359036,0.136421,0.319694,0.648724,0.752948,1.89825
1186,1717987796,2024-06-10 02:49 UTC,144952,275426,13.668,19.7704,0.431662,0.677059,0.0581619,0.395604,0.138778,0.319306,0.649773,0.754371,1.8921
1187,1717988096,2024-06-10 02:54 UTC,144928,275592,13.6588,19.7825,0.430145,0.676011,0.0562212,0.436669,0.140776,0.318915,0.650832,0.755392,1.88371
1188,1717988396,2024-06-10 02:59 UTC,144919,275758,13.6497,19.7945,0.428628,0.674963,0.054622,0.331083,0.142771,0.318511,0.651875,0.754972,1.88051
1189,1717988696,2024-06-10 03:04 UTC,144854,275847,13.6383,19.7905,0.422812,0.668056,0.0520246,0.316553,0.145935,0.318047,0.651886,0.741808,1.86191
1190,1717988996,2024-06-10 03:09 UTC,144797,275934,13.6269,19.7864,0.416939,0.661071,0.0482324,0.296789,0.148189,0.317638,0.652105,0.732976,1.85738
1191,1717989296,2024-06-10 03:14 UTC,144740,276021,13.6155,19.7822,0.411068,0.654086,0.0439985,0.216547,0.149566,0.317254,0.652412,0.725679,1.84371
1192,1717989596,2024-06-10 03:19 UTC,144690,276108,13.6041,19.7781,0.405199,0.647101,0.0391997,0.23331,0.150737,0.316903,0.652747,0.720937,1.83775
1193,1717989896,2024-06-10 03:24 UTC,144637,276195,13.5928,19.7739,0.399332,0.640117,0.0347088,0.219734,0.151739,0.316542,0.653077,0.715098,1.82472
1194,1717990196,2024-06-10 03:29 UTC,144592,276282,13.5814,19.7698,0.393467,0.633134,0.0302028,0.265399,0.152632,0.316189,0.653281,0.70976,1.8186
1195,1717990496,2024-06-10 03:34 UTC,144550,276369,13.5702,19.7656,0.387604,0.626151,0.0259644,0.21882,0.153392,0.31583,0.653584,0.70358,1.80864
1196,1717990796,2024-06-10 03:39 UTC,144506,276456,13.5589,19.7614,0.381744,0.619169,0.0221281,0.223249,0.154043,0.315458,0.653706,0.695993,1.79512
1197,1717991096,2024-06-10 03:44 UTC,144466,276544,13.5477,19.7573,0.375886,0.612187,0.0184106,0.23669,0.154534,0.315086,0.653869,0.688304,1.78371
1198,1717991396,2024-06-10 03:49 UTC,144435,276631,13.5364,19.7531,0.370031,0.605206,0.0145717,0.26406,0.154994,0.314725,0.654064,0.681246,1.77253
1199,1717991696,2024-06-10 03:54 UTC,144402,276718,13.5253,19.749,0.364178,0.59823,0.0110499,0.308509,0.1554,0.314353,0.654118,0.673065,1.75525
1200,1717991996,2024-06-10 03:59 UTC,144371,276806,13.5141,19.7448,0.358329,0.591256,0.00795858,0.333941,0.1557,0.313968,0.654226,0.663463,1.73726
1201,1717992296,2024-06-10 04:04 UTC,144343,276893,13.503,19.7407,0.348772,0.579438,0.00465031,0.385364,0.155919,0.313597,0.654275,0.641388,1.69393
1202,1717992596,2024-06-10 04:09 UTC,144315,276981,13.4918,19.7365,0.339169,0.567557,0.0010496,0.443209,0.156025,0.313244,0.654335,0.620826,1.65291
1203,1717992896,2024-06-10 04:14 UTC,144291,277069,13.4808,19.7323,0.329569,0.55568,0.000149049,0.485931,0.156046,0.312782,0.654146,0.591084,1.5909
1204,1717993196,2024-06-10 04:19 UTC,144267,277156,13.4697,19.7282,0.319972,0.543806,0.000111979,0.526488,0.156051,0.312273,0.653865,0.558001,1.52357
1205,1717993496,2024-06-10 04:24 UTC,144241,277244,13.4587,19.724,0.310379,0.531936,0.000109313,0.571244,0.156052,0.311769,0.653591,0.526042,1.45774
1206,1717993796,2024-06-10 04:29 UTC,144215,277332,13.4477,19.7199,0.30079,0.52007,0.000113237,0.616677,0.156051,0.311268,0.653319,0.495098,1.39359
1207,1717994096,2024-06-10 04:34 UTC,144189,277420,13.4367,19.7157,0.291205,0.508208,7.67959e-05,0.350623,0.156069,0.31077,0.653042,0.465098,1.33071
1208,1717994396,2024-06-10 04:39 UTC,144165,277508,13.4257,19.7116,0.281626,0.496351,9.54542e-05,0.0911334,0.156114,0.310275,0.652766,0.436119,1.26943
1209,1717994696,2024-06-10 04:44 UTC,144141,277596,13.4148,19.7074,0.272052,0.484498,7.6449e-05,0.152184,0.15612,0.309782,0.65249,0.408048,1.20935
1210,1717994996,2024-06-10 04:49 UTC,144116,277684,13.4039,19.7033,0.262484,0.472651,8.23307e-05,0.0828414,0.156128,0.309293,0.652218,0.381018,1.15132
1211,1717995296,2024-06-10 04:54 UTC,144092,277772,13.393,19.6991,0.252923,0.46081,7.5109e-05,0.0394177,0.15614,0.308806,0.651943,0.354922,1.09412
1212,1717995596,2024-06-10 04:59 UTC,144069,277860,13.3822,19.695,0.243369,0.448978,7.67704e-05,0.0547758,0.156149,0.308322,0.651666,0.329823,1.03862
1213,1717995896,2024-06-10 05:04 UTC,144045,277948,13.3714,19.6908,0.231701,0.434586,8.35479e-05,0.0305722,0.156155,0.307841,0.651393,0.300588,0.973288
1214,1717996196,2024-06-10 05:09 UTC,144021,278037,13.3606,19.6867,0.220012,0.42018,8.37003e-05,0.032984,0.156174,0.307363,0.65112,0.272697,0.909843
1215,1717996496,2024-06-10 05:14 UTC,143998,278125,13.3498,19.6825,0.208331,0.405799,9.68053e-05,0.0358877,0.156193,0.306888,0.650848,0.246288,0.84844
1216,1717996796,2024-06-10 05:19 UTC,143975,278214,13.339,19.6784,0.19666,0.391454,0.000105911,0.0389867,0.156211,0.306415,0.650573,0.221304,0.789866
1217,1717997096,2024-06-10 05:24 UTC,143952,278302,13.3283,19.6742,0.185003,0.377146,0.000120286,0.0280905,0.156268,0.305946,0.650298,0.197754,0.733134
1218,1717997396,2024-06-10 05:29 UTC,143930,278391,13.3176,19.6701,0.173361,0.362885,0.000132587,0.0292118,0.156283,0.305479,0.650027,0.175679,0.678915
1219,1717997696,2024-06-10 05:34 UTC,143907,278480,13.307,19.6659,0.161741,0.348658,0.000106797,0.0321404,0.1563,0.305014,0.649751,0.154961,0.626793
1220,1717997996,2024-06-10 05:39 UTC,143885,278568,13.2963,19.6618,0.15015,0.334465,0.000101942,0.0372702,0.156319,0.304552,0.649469,0.135731,0.576801
1221,1717998296,2024-06-10 05:44 UTC,143863,278657,13.2857,19.6576,0.138601,0.320315,0.000118431,0.0444473,0.156343,0.304095,0.649202,0.117988,0.529097
1222,1717998596,2024-06-10 05:49 UTC,143842,278746,13.2752,19.6535,0.127119,0.306214,0.000107112,0.0524231,0.156365,0.303639,0.648929,0.101624,0.483225
1223,1717998896,2024-06-10 05:54 UTC,143820,278835,13.2646,19.6493,0.115751,0.292163,0.000136084,0.108425,0.156384,0.303187,0.648657,0.0867789,0.442488
1224,1717999196,2024-06-10 05:59 UTC,143799,278925,13.2541,19.6452,0.104611,0.278169,0.000139018,0.112665,0.156402,0.302737,0.648383,0.0733195,0.39929
1225,1717999496,2024-06-10 06:04 UTC,143749,278898,13.2589,19.5962,0.0943949,0.264239,9.55174e-05,0.078672,0.156429,0.30288,0.645151,0.0616464,0.360093
1226,1717999796,2024-06-10 06:09 UTC,143698,278866,13.264,19.5467,0.0849622,0.250389,0.000119809,0.0948242,0.156443,0.303039,0.641897,0.0512587,0.323439
1227,1718000096,2024-06-10 06:14 UTC,143647,278830,13.2691,19.4971,0.0764444,0.236626,0.00013537,0.119146,0.156486,0.3032,0.638645,0.041917,0.288759
1228,1718000396,2024-06-10 06:19 UTC,143595,278789,13.2742,19.4476,0.068788,0.222968,0.00011496,0.127121,0.156509,0.303365,0.635406,0.0335138,0.256502
1229,1718000696,2024-06-10 06:24 UTC,143542,278745,13.2794,19.398,0.0620194,0.209434,0.000105153,0.134011,0.156541,0.303533,0.632166,0.0259824,0.226198
1230,1718000996,2024-06-10 06:29 UTC,143490,278695,13.2845,19.3485,0.0564366,0.19605,8.87948e-05,0.141444,0.156558,0.303705,0.628937,0.0192345,0.19835
1231,1718001296,2024-06-10 06:34 UTC,143437,278647,13.2897,19.2989,0.0523882,0.182859,8.67683e-05,0.105783,0.156572,0.303882,0.625726,0.0131323,0.172357
1232,1718001596,2024-06-10 06:39 UTC,143382,278594,13.2949,19.2494,0.0500807,0.169921,8.32911e-05,0.129206,0.156584,0.304062,0.622515,0.00755173,0.148868
1233,1718001896,2024-06-10 06:44 UTC,143328,278536,13.3001,19.1998,0.0493625,0.157421,9.47314e-05,0.148801,0.156594,0.304247,0.619315,0.00281181,0.145235
1234,1718002196,2024-06-10 06:49 UTC,143273,278472,13.3054,19.1503,0.0501367,0.146499,6.61059e-05,0.0744168,0.156604,0.304433,0.616121,0.00423479,0.110649
1235,1718002496,2024-06-10 06:54 UTC,143218,278403,13.3107,19.1007,0.0524184,0.13621,9.99706e-05,0.0939276,0.156616,0.304627,0.612944,0.00933266,0.095643
1236,1718002796,2024-06-10 06:59 UTC,143162,278328,13.316,19.0512,0.0565781,0.131196,8.88657e-05,0.117532,0.156658,0.304821,0.60976,0.0149574,0.143031
1237,1718003096,2024-06-10 07:04 UTC,143106,278247,13.3213,19.0017,0.0605279,0.139721,7.81158e-05,0.141283,0.156665,0.30502,0.606595,0.0194371,0.205331
1238,1718003396,2024-06-10 07:09 UTC,143049,278161,13.3267,18.9521,0.0652344,0.148219,8.16953e-05,0.15515,0.156671,0.305223,0.603434,0.0242325,0.250741
1239,1718003696,2024-06-10 07:14 UTC,142992,278069,13.332,18.9026,0.0706314,0.156727,8.38145e-05,0.151712,0.156683,0.30543,0.600288,0.0294047,0.250692
1240,1718003996,2024-06-10 07:19 UTC,142947,277993,13.3374,18.853,0.0766181,0.165245,7.18276e-05,0.156696,0.15669,0.305641,0.59714,0.0350383,0.269563
1241,1718004296,2024-06-10 07:24 UTC,142889,277899,13.3428,18.8035,0.0830932,0.173769,6.54731e-05,0.0640581,0.1567,0.305856,0.594006,0.0412204,0.155551
1242,1718004596,2024-06-10 07:29 UTC,142831,277801,13.3483,18.754,0.0899536,0.182301,8.52276e-05,0.0210054,0.156708,0.306075,0.590883,0.0479517,0.171139
1243,1718004896,2024-06-10 07:34 UTC,142772,277699,13.3537,18.7044,0.0971063,0.190838,0.000158705,0.0116957,0.156743,0.3063,0.587771,0.0552733,0.187776
1244,1718005196,2024-06-10 07:39 UTC,142713,277592,13.3592,18.6549,0.104477,0.199379,0.000188011,0.0677155,0.156756,0.306527,0.584684,0.063271,0.204773
1245,1718005496,2024-06-10 07:44 UTC,142653,277482,13.3647,18.6054,0.11201,0.207926,7.23541e-05,0.0744475,0.156772,0.306753,0.58156,0.0719825,0.228792
1246,1718005796,2024-06-10 07:49 UTC,142593,277368,13.3702,18.5558,0.119664,0.216475,0.000163373,0.0770398,0.156819,0.30699,0.578473,0.0812608,0.251151
1247,1718006096,2024-06-10 07:54 UTC,142533,277249,13.3758,18.5063,0.127409,0.225029,0.000123221,0.0759186,0.156829,0.307226,0.57538,0.0912897,0.266765
1248,1718006396,2024-06-10 07:59 UTC,142473,277127,13.3813,18.4568,0.135224,0.233585,0.000293713,0.0731764,0.157046,0.307472,0.572308,0.101811,0.280987
1249,1718006696,2024-06-10 08:04 UTC,142412,277000,13.3869,18.4072,0.13891,0.237516,8.11004e-05,0.0698037,0.157055,0.30771,0.569232,0.107293,0.290882
1250,1718006996,2024-06-10 08:09 UTC,142351,276870,13.3925,18.3577,0.142552,0.241385,0.00011766,0.0670981,0.157064,0.30796,0.566178,0.1126,0.300307
1251,1718007296,2024-06-10 08:14 UTC,142289,276735,13.3981,18.3082,0.146204,0.245254,0.000103241,0.0648,0.157074,0.308215,0.563127,0.117999,0.309795
1252,1718007596,2024-06-10 08:19 UTC,142227,276597,13.4038,18.2587,0.149866,0.249124,0.000115712,0.0627618,0.157084,0.308472,0.560085,0.1236,0.319816
1253,1718007896,2024-06-10 08:24 UTC,142165,276454,13.4094,18.2091,0.153537,0.252995,9.61726e-05,0.0606317,0.157107,0.308731,0.557048,0.129408,0.329667
1254,1718008196,2024-06-10 08:29 UTC,142102,276308,13.4151,18.1596,0.157215,0.256866,9.88646e-05,0.0589652,0.157113,0.308996,0.55403,0.135309,0.33998
1255,1718008496,2024-06-10 08:34 UTC,142039,276157,13.4208,18.1101,0.1609,0.260737,0.000129594,0.0574331,0.157123,0.309266,0.551013,0.141317,0.350053
1256,1718008796,2024-06-10 08:39 UTC,141976,276002,13.4266,18.0606,0.164592,0.264609,0.000112123,0.0561148,0.157136,0.309538,0.547997,0.147572,0.36057
1257,1718009096,2024-06-10 08:44 UTC,141912,275844,13.4323,18.0111,0.16829,0.268481,0.00011468,0.0674817,0.157141,0.309814,0.544998,0.153924,0.371171
1258,1718009396,2024-06-10 08:49 UTC,141848,275681,13.4381,17.9615,0.171993,0.272354,0.00016074,0.0767896,0.15716,0.310096,0.54201,0.16038,0.382119
1259,1718009696,2024-06-10 08:54 UTC,141785,275515,13.4439,17.912,0.175701,0.276227,0.000112169,0.0821693,0.15718,0.310378,0.539022,0.167119,0.392944
1260,1718009996,2024-06-10 08:59 UTC,141720,275344,13.4497,17.8972,0.179413,0.2801,0.000126233,0.0849911,0.157187,0.310666,0.538119,0.173922,0.404041
1261,1718010296,2024-06-10 09:04 UTC,141628,275161,13.4918,17.9199,0.178431,0.278916,1.82441e-05,0.0888391,0.157194,0.312507,0.539488,0.172229,0.400686
1262,1718010596,2024-06-10 09:09 UTC,141527,274970,13.5344,17.9467,0.17739,0.277663,1.48658e-05,0.105469,0.157193,0.314383,0.541103,0.170276,0.397055
1263,1718010896,2024-06-10 09:14 UTC,141425,274776,13.5771,17.9895,0.176354,0.27641,1.3588e-05,0.118421,0.157195,0.316268,0.543684,0.168316,0.435271
1264,1718011196,2024-06-10 09:19 UTC,141323,274577,13.6198,18.0523,0.175322,0.275157,1.30356e-05,0.127406,0.157197,0.318163,0.547486,0.166383,0.459961
1265,1718011496,2024-06-10 09:24 UTC,141219,274373,13.6626,18.1241,0.174295,0.273904,1.36178e-05,0.133803,0.157198,0.320066,0.551849,0.164467,0.475037
1266,1718011796,2024-06-10 09:29 UTC,141115,274165,13.7054,18.196,0.173273,0.272651,2.57103e-05,0.13867,0.157203,0.321979,0.556236,0.162562,0.484436
1267,1718012096,2024-06-10 09:34 UTC,141008,273952,13.7483,18.2679,0.172257,0.271398,1.70695e-05,0.142511,0.1572,0.323901,0.560646,0.160674,0.489424
1268,1718012396,2024-06-10 09:39 UTC,140902,273735,13.7912,18.34,0.171245,0.270145,1.79768e-05,0.145623,0.157198,0.325832,0.565078,0.158802,0.489251
1269,1718012696,2024-06-10 09:44 UTC,140794,273514,13.8341,18.4122,0.170238,0.268893,1.72565e-05,0.149109,0.157199,0.327772,0.569534,0.156948,0.494975
1270,1718012996,2024-06-10 09:49 UTC,140686,273288,13.8771,18.4844,0.169237,0.26764,1.52905e-05,0.152152,0.157204,0.329721,0.574013,0.155108,0.498577
1271,1718013296,2024-06-10 09:54 UTC,140577,273057,13.9201,18.5568,0.168242,0.266388,1.85433e-05,0.148489,0.157211,0.331679,0.578515,0.153289,0.481594
1272,1718013596,2024-06-10 09:59 UTC,140468,272822,13.9632,18.6292,0.167252,0.265135,1.48455e-05,0.148922,0.157213,0.333647,0.583039,0.151486,0.48648
1273,1718013896,2024-06-10 10:04 UTC,140357,272583,14.0063,18.7017,0.161678,0.259499,2.39898e-05,0.15069,0.157214,0.335622,0.587587,0.142015,0.478126
1274,1718014196,2024-06-10 10:09 UTC,140246,272339,14.0495,18.7743,0.156069,0.253804,2.06765e-05,0.160638,0.15721,0.337608,0.592158,0.132779,0.473386
1275,1718014496,2024-06-10 10:14 UTC,140133,272090,14.0927,18.847,0.15049,0.248111,2.44961e-05,0.169652,0.157213,0.339603,0.596751,0.123913,0.471095
1276,1718014796,2024-06-10 10:19 UTC,140021,271837,14.1359,18.9198,0.144948,0.242419,2.11184e-05,0.177765,0.157215,0.341607,0.601368,0.115401,0.470253
1277,1718015096,2024-06-10 10:24 UTC,139907,271579,14.1792,18.9926,0.139446,0.236728,2.17986e-05,0.17478,0.157217,0.34362,0.606008,0.107256,0.470279
1278,1718015396,2024-06-10 10:29 UTC,139794,271316,14.2226,19.0655,0.133992,0.231038,2.3162e-05,0.181789,0.157223,0.345642,0.610671,0.0994705,0.470831
1279,1718015696,2024-06-10 10:34 UTC,139679,271049,14.2659,19.1385,0.128594,0.22535,2.31069e-05,0.188885,0.157222,0.347673,0.615356,0.0920401,0.47171
1280,1718015996,2024-06-10 10:39 UTC,139564,270778,14.3093,19.2116,0.123262,0.219663,2.74387e-05,0.196044,0.157224,0.349713,0.620065,0.0849678,0.472498
1281,1718016296,2024-06-10 10:44 UTC,139447,270501,14.3528,19.2848,0.118008,0.213978,2.88881e-05,0.203249,0.157223,0.351763,0.624797,0.0782479,0.473729
1282,1718016596,2024-06-10 10:49 UTC,139330,270220,14.3962,19.358,0.112845,0.208295,2.99326e-05,0.210491,0.157218,0.353821,0.629552,0.0718771,0.475055
1283,1718016896,2024-06-10 10:54 UTC,139213,269935,14.4397,19.4313,0.10779,0.202613,2.70694e-05,0.217765,0.157218,0.355889,0.634329,0.0658501,0.475854
1284,1718017196,2024-06-10 10:59 UTC,139095,269645,14.4833,19.5047,0.102864,0.196934,2.75369e-05,0.225067,0.157219,0.357966,0.63913,0.0601637,0.477046
1285,1718017496,2024-06-10 11:04 UTC,138978,269350,14.5269,19.5782,0.0948622,0.188167,3.24646e-05,0.233266,0.157222,0.360051,0.643954,0.0516551,0.467964
1286,1718017796,2024-06-10 11:09 UTC,138860,269050,14.5705,19.6517,0.0872565,0.179364,3.44063e-05,0.242777,0.157222,0.362146,0.648801,0.0439295,0.463101
1287,1718018096,2024-06-10 11:14 UTC,138741,268745,14.6142,19.7254,0.0802754,0.170567,5.05929e-05,0.253089,0.157236,0.36425,0.65367,0.0369764,0.460612
1288,1718018396,2024-06-10 11:19 UTC,138622,268436,14.6579,19.799,0.07406,0.161779,3.15085e-05,0.263905,0.157234,0.366364,0.658563,0.0307045,0.459028
1289,1718018696,2024-06-10 11:24 UTC,138503,268122,14.7016,19.8728,0.0687488,0.153,2.77917e-05,0.275048,0.157235,0.368486,0.663479,0.0250172,0.459033
1290,1718018996,2024-06-10 11:29 UTC,138385,267803,14.7454,19.9466,0.0645042,0.144231,2.83626e-05,0.286414,0.15724,0.370618,0.668418,0.0197865,0.459679
1291,1718019296,2024-06-10 11:34 UTC,138264,267479,14.7892,20.0205,0.0614817,0.135476,2.67208e-05,0.297942,0.157237,0.372758,0.67338,0.0148543,0.459809
1292,1718019596,2024-06-10 11:39 UTC,138144,267151,14.833,20.0945,0.0597048,0.126737,2.96661e-05,0.309593,0.157231,0.374908,0.678364,0.0100666,0.461121
1293,1718019896,2024-06-10 11:44 UTC,138025,266818,14.8768,20.1685,0.0590989,0.129126,2.75274e-05,0.321348,0.157236,0.377066,0.683372,0.00530478,0.461381
1294,1718020196,2024-06-10 11:49 UTC,137905,266480,14.9207,20.2426,0.0595523,0.134056,2.92883e-05,0.333192,0.157236,0.379234,0.688403,0.00120054,0.463081
1295,1718020496,2024-06-10 11:54 UTC,137786,266137,14.9647,20.3168,0.0609648,0.140448,3.06704e-05,0.345119,0.157236,0.381411,0.693457,0.00512939,0.463516
1296,1718020796,2024-06-10 11:59 UTC,137666,265789,15.0086,20.391,0.0632318,0.147608,3.40715e-05,0.357124,0.157244,0.383597,0.698533,0.0105829,0.465527
1297,1718021096,2024-06-10 12:04 UTC,137571,265569,15.0412,20.4204,0.0663147,0.156802,3.64536e-05,0.284137,0.157244,0.385179,0.70055,0.0170071,0.305974
1298,1718021396,2024-06-10 12:09 UTC,137482,265381,15.0737,20.4493,0.0701981,0.166375,3.888e-05,0.285738,0.157241,0.386761,0.702529,0.0239691,0.308193
1299,1718021696,2024-06-10 12:14 UTC,137392,265192,15.1062,20.4781,0.0748406,0.176225,4.08546e-05,0.287266,0.15724,0.388353,0.704512,0.0315113,0.310157
1300,1718021996,2024-06-10 12:19 UTC,137304,265003,15.1388,20.507,0.0802299,0.186308,4.3364e-05,0.322678,0.157246,0.389954,0.706501,0.0396994,0.312424
1301,1718022296,2024-06-10 12:24 UTC,137215,264814,15.1714,20.5368,0.0863755,0.196604,4.52234e-05,0.326697,0.157247,0.391564,0.708554,0.0485952,0.315937
1302,1718022596,2024-06-10 12:29 UTC,137126,264623,15.2041,20.5665,0.0932551,0.207093,5.19244e-05,0.330054,0.157245,0.393183,0.710611,0.0582635,0.308826
1303,1718022896,2024-06-10 12:34 UTC,137038,264432,15.2369,20.5964,0.100821,0.217842,5.64282e-05,0.337187,0.157249,0.394811,0.712673,0.0687755,0.27572
1304,1718023196,2024-06-10 12:39 UTC,136949,264240,15.2697,20.6262,0.109074,0.22889,6.38238e-05,0.371426,0.157245,0.396448,0.714739,0.0801876,0.30313
1305,1718023496,2024-06-10 12:44 UTC,136860,264048,15.3026,20.656,0.118009,0.240055,6.77704e-05,0.384037,0.157248,0.398094,0.716809,0.0925835,0.324055
1306,1718023796,2024-06-10 12:49 UTC,136772,263854,15.3356,20.6859,0.127477,0.251313,8.13085e-05,0.401847,0.157256,0.399749,0.718884,0.106032,0.353442
1307,1718024096,2024-06-10 12:54 UTC,136684,263661,15.3686,20.7158,0.137279,0.262651,8.5088e-05,0.413878,0.157259,0.401413,0.720964,0.120585,0.370038
1308,1718024396,2024-06-10 12:59 UTC,136596,263466,15.4016,20.7457,0.147271,0.274048,9.65597e-05,0.43267,0.157264,0.403086,0.723047,0.136257,0.386585
1309,1718024696,2024-06-10 13:04 UTC,136508,263271,15.4348,20.7757,0.155954,0.28423,9.49079e-05,0.42348,0.157267,0.404769,0.725135,0.150371,0.415835
1310,1718024996,2024-06-10 13:09 UTC,136419,263075,15.4679,20.8056,0.164671,0.294432,0.000101678,0.452163,0.157269,0.40646,0.727228,0.165267,0.446222
1311,1718025296,2024-06-10 13:14 UTC,136331,262878,15.5012,20.8356,0.173424,0.304667,0.000113587,0.478893,0.157272,0.40816,0.729325,0.180983,0.47776
1312,1718025596,2024-06-10 13:19 UTC,136243,262681,15.5344,20.8656,0.182203,0.314932,0.000110181,0.503307,0.157303,0.40987,0.731427,0.197572,0.510563
1313,1718025896,2024-06-10 13:24 UTC,136155,262483,15.5678,20.8956,0.191001,0.325266,0.000136477,0.490923,0.157306,0.411588,0.733533,0.214915,0.544505
1314,1718026196,2024-06-10 13:29 UTC,136067,262284,15.6012,20.9257,0.199813,0.335725,0.000150219,0.500664,0.157316,0.413315,0.735643,0.233118,0.580042
1315,1718026496,2024-06-10 13:34 UTC,135979,262085,15.6346,20.9557,0.208638,0.346213,0.000152756,0.0230066,0.157322,0.415052,0.737758,0.252168,0.616836
1316,1718026796,2024-06-10 13:39 UTC,135891,261920,15.6681,20.9908,0.217473,0.35672,0.000178879,0.033749,0.157333,0.416797,0.740233,0.272013,0.654746
1317,1718027096,2024-06-10 13:44 UTC,135803,261761,15.7017,21.0262,0.226316,0.367244,0.000180922,0.0367917,0.157345,0.418551,0.742731,0.292738,0.69398
1318,1718027396,2024-06-10 13:49 UTC,135716,261602,15.7353,21.0616,0.235166,0.377784,0.000217315,0.0432982,0.157355,0.420314,0.745234,0.314204,0.734289
1319,1718027696,2024-06-10 13:54 UTC,135629,261442,15.769,21.097,0.244022,0.388337,0.000241194,0.047733,0.157372,0.422086,0.747743,0.336539,0.7758
1320,1718027996,2024-06-10 13:59 UTC,135542,261282,15.8027,21.1325,0.252883,0.398908,0.000264867,0.0464622,0.157389,0.423867,0.750257,0.359703,0.818653
1321,1718028296,2024-06-10 14:04 UTC,135454,261122,15.8364,21.1795,0.258906,0.406483,0.000201211,0.0282594,0.157404,0.425662,0.753601,0.376004,0.850207
1322,1718028596,2024-06-10 14:09 UTC,135366,260961,15.8703,21.2427,0.264892,0.414023,0.000269865,0.0344631,0.157414,0.427459,0.758105,0.392175,0.881706
1323,1718028896,2024-06-10 14:14 UTC,135279,260801,15.9041,21.308,0.27088,0.421569,0.000284732,0.0390937,0.157432,0.429268,0.762774,0.408893,0.914346
1324,1718029196,2024-06-10 14:19 UTC,135191,260639,15.938,21.3734,0.276869,0.42912,0.000333003,0.0374831,0.157446,0.431084,0.767461,0.425881,0.947312
1325,1718029496,2024-06-10 14:24 UTC,135103,260478,15.972,21.4388,0.282861,0.436678,0.000391372,0.0803822,0.157459,0.432909,0.772162,0.443213,0.980736
1326,1718029796,2024-06-10 14:29 UTC,135015,260317,16.006,21.5041,0.288854,0.44424,0.00044574,0.337979,0.1575,0.434743,0.776878,0.460936,1.01472
1327,1718030096,2024-06-10 14:34 UTC,134930,260155,16.0401,21.5695,0.294848,0.451807,0.000536988,0.245309,0.157531,0.436583,0.781609,0.478904,1.04913
1328,1718030396,2024-06-10 14:39 UTC,134843,259993,16.0742,21.6349,0.300844,0.459379,0.000692753,0.383903,0.157576,0.43843,0.786356,0.49702,1.0838
1329,1718030696,2024-06-10 14:44 UTC,134755,259830,16.1084,21.7003,0.306841,0.466955,0.00104203,0.501919,0.158029,0.440276,0.791118,0.514819,1.11832
1330,1718030996,2024-06-10 14:49 UTC,134669,259668,16.1426,21.7657,0.31284,0.474536,0.00129015,0.590941,0.158131,0.442135,0.795894,0.533339,1.1541
1331,1718031296,2024-06-10 14:54 UTC,134581,259505,16.1769,21.8311,0.318839,0.48212,0.00179621,0.646956,0.158228,0.44399,0.800686,0.55125,1.1889
1332,1718031596,2024-06-10 14:59 UTC,134495,259341,16.2112,21.8966,0.32484,0.489708,0.00260068,0.681725,0.158485,0.445837,0.805492,0.568448,1.22325
1333,1718031896,2024-06-10 15:04 UTC,134414,259182,16.2064,21.8088,0.327415,0.493083,0.00304972,0.701231,0.15869,0.44551,0.799047,0.575384,1.23711
1334,1718032196,2024-06-10 15:09 UTC,134335,259024,16.201,21.719,0.329945,0.496401,0.00290737,0.670429,0.158897,0.445188,0.792479,0.584504,1.25396
1335,1718032496,2024-06-10 15:14 UTC,134256,258865,16.1957,21.6292,0.332477,0.499719,0.00308489,0.578325,0.159261,0.444851,0.785943,0.592527,1.27056
1336,1718032796,2024-06-10 15:19 UTC,134176,258706,16.1904,21.5395,0.33501,0.503039,0.00334156,0.382924,0.159543,0.444512,0.779439,0.600207,1.28524
1337,1718033096,2024-06-10 15:24 UTC,134096,258547,16.185,21.4499,0.337545,0.506359,0.00378134,0.412465,0.159749,0.444166,0.772966,0.60733,1.29982
1338,1718033396,2024-06-10 15:29 UTC,134015,258388,16.1797,21.3604,0.340081,0.509679,0.00440317,0.478323,0.159971,0.443814,0.766525,0.613829,1.31331
1339,1718033696,2024-06-10 15:34 UTC,133934,258229,16.1744,21.2709,0.342619,0.513001,0.00504927,0.446907,0.160204,0.443462,0.760114,0.620227,1.32795
1340,1718033996,2024-06-10 15:39 UTC,133850,258069,16.1691,21.1814,0.345158,0.516323,0.00563973,0.350402,0.160629,0.443116,0.753736,0.626898,1.34132
1341,1718034296,2024-06-10 15:44 UTC,133769,257910,16.1639,21.092,0.347698,0.519645,0.00618895,0.270792,0.16097,0.442774,0.74739,0.633752,1.35437
1342,1718034596,2024-06-10 15:49 UTC,133689,257749,16.1586,21.0027,0.35024,0.522969,0.00691643,0.325028,0.161351,0.442424,0.741074,0.639997,1.36769
1343,1718034896,2024-06-10 15:54 UTC,133609,257589,16.1533,20.9135,0.352783,0.526293,0.00764798,0.418411,0.161782,0.442079,0.73479,0.646342,1.38045
1344,1718035196,2024-06-10 15:59 UTC,133530,257429,16.1481,20.8243,0.355327,0.529617,0.00833307,0.53014,0.162207,0.441737,0.728537,0.652742,1.39374
1345,1718035496,2024-06-10 16:04 UTC,133450,257268,16.1428,20.7352,0.354403,0.528678,0.00872401,0.616757,0.162655,0.441413,0.722317,0.647795,1.38582
1346,1718035796,2024-06-10 16:09 UTC,133370,257107,16.1376,20.6462,0.353433,0.52768,0.00846753,0.674799,0.163173,0.441127,0.716127,0.645159,1.38193
1347,1718036096,2024-06-10 16:14 UTC,133291,256946,16.1324,20.5573,0.352465,0.526683,0.00812291,0.708507,0.163655,0.440849,0.709969,0.64298,1.37946
1348,1718036396,2024-06-10 16:19 UTC,133211,256785,16.1272,20.4684,0.351498,0.525686,0.00769488,0.612835,0.164068,0.440577,0.703842,0.640931,1.376
1349,1718036696,2024-06-10 16:24 UTC,133131,256624,16.122,20.3796,0.350534,0.524689,0.00725625,0.430089,0.164486,0.44031,0.697748,0.639085,1.37215
1350,1718036996,2024-06-10 16:29 UTC,133051,256462,16.1168,20.2908,0.34957,0.523692,0.00682382,0.515171,0.16478,0.440044,0.691685,0.637146,1.36953
1351,1718037296,2024-06-10 16:34 UTC,132972,256300,16.1116,20.2021,0.348609,0.522695,0.00647655,0.585844,0.165063,0.439778,0.685652,0.634952,1.36671
1352,1718037596,2024-06-10 16:39 UTC,132892,256138,16.1065,20.1135,0.347649,0.521699,0.00611313,0.639323,0.165287,0.439516,0.679652,0.632829,1.36469
1353,1718037896,2024-06-10 16:44 UTC,132812,255975,16.1013,20.0542,0.34669,0.520702,0.00584054,0.617875,0.165556,0.439251,0.675132,0.630336,1.36132
1354,1718038196,2024-06-10 16:49 UTC,132734,255813,16.0962,20.0536,0.345733,0.519705,0.0054274,0.270925,0.165816,0.438996,0.675114,0.628376,1.35673
1355,1718038496,2024-06-10 16:54 UTC,132655,255650,16.091,20.053,0.344778,0.518708,0.00520718,0.351959,0.166048,0.438735,0.675105,0.625739,1.35379
1356,1718038796,2024-06-10 16:59 UTC,132579,255487,16.0859,20.0525,0.343825,0.517713,0.00492707,0.446099,0.166276,0.43848,0.675115,0.623377,1.34983
1357,1718039096,2024-06-10 17:04 UTC,132503,255324,16.0808,20.0519,0.340062,0.513642,0.00413651,0.530263,0.166451,0.438254,0.675133,0.612947,1.33389
1358,1718039396,2024-06-10 17:09 UTC,132427,255160,16.0757,20.0513,0.336262,0.50953,0.00306996,0.596998,0.166589,0.438047,0.675209,0.603577,1.31875
1359,1718039696,2024-06-10 17:14 UTC,132352,254997,16.0706,20.0507,0.332462,0.505419,0.00194151,0.643589,0.166717,0.437847,0.675252,0.59453,1.30477
1360,1718039996,2024-06-10 17:19 UTC,132278,254833,16.0655,20.0501,0.328663,0.501309,0.000912395,0.363437,0.166761,0.437644,0.675309,0.5852,1.28873
1361,1718040296,2024-06-10 17:24 UTC,132204,254669,16.0605,20.0496,0.324864,0.497201,0.000218919,0.462169,0.166786,0.437427,0.675326,0.574718,1.27201
1362,1718040596,2024-06-10 17:29 UTC,132129,254505,16.0554,20.049,0.321065,0.493094,2.80441e-05,0.319049,0.166787,0.437187,0.675297,0.562498,1.49008
1363,1718040896,2024-06-10 17:34 UTC,132054,254340,16.0504,20.0484,0.317267,0.488988,2.88161e-05,0.235031,0.166783,0.436938,0.675258,0.549714,1.23174
1364,1718041196,2024-06-10 17:39 UTC,131981,254175,16.0453,20.0478,0.31347,0.484886,2.28033e-05,0.333469,0.166781,0.436693,0.675221,0.537056,1.21088
1365,1718041496,2024-06-10 17:44 UTC,131908,254010,16.0403,20.0475,0.309673,0.480828,4.01819e-05,0.325614,0.166793,0.43645,0.675202,0.524576,1.19066
1366,1718041796,2024-06-10 17:49 UTC,131835,253845,16.0353,20.0472,0.305877,0.476865,2.72668e-05,0.0349277,0.166798,0.436209,0.675175,0.512212,1.17126
1367,1718042096,2024-06-10 17:54 UTC,131762,253680,16.0303,20.0468,0.302081,0.472914,2.22802e-05,0.028475,0.166798,0.435972,0.675154,0.500018,1.1519
1368,1718042396,2024-06-10 17:59 UTC,131688,253514,16.0253,20.0722,0.298286,0.468985,2.10252e-05,0.0309655,0.166798,0.435737,0.676863,0.487994,1.13276
1369,1718042696,2024-06-10 18:04 UTC,131617,253426,16.0006,20.0685,0.293372,0.463588,3.74817e-05,0.0316278,0.166801,0.434424,0.676609,0.472741,1.10694
1370,1718042996,2024-06-10 18:09 UTC,131545,253358,15.9757,20.0643,0.288446,0.458185,3.20608e-05,0.0506374,0.166803,0.433099,0.676326,0.457673,1.08144
1371,1718043296,2024-06-10 18:14 UTC,131475,253290,15.9508,20.0601,0.283523,0.452802,3.62678e-05,0.0669389,0.166811,0.431776,0.676041,0.442852,1.05601
1372,1718043596,2024-06-10 18:19 UTC,131404,253223,15.9259,20.0558,0.278602,0.447423,3.12151e-05,0.159525,0.166821,0.430457,0.675757,0.428298,1.0313
1373,1718043896,2024-06-10 18:24 UTC,131334,253157,15.901,20.0516,0.273684,0.442057,2.68571e-05,0.0611873,0.166829,0.42914,0.675473,0.413987,1.00666
1374,1718044196,2024-06-10 18:29 UTC,131264,253092,15.8761,20.0474,0.268768,0.436693,6.19629e-05,0.051657,0.166831,0.427828,0.675191,0.39999,0.98177
1375,1718044496,2024-06-10 18:34 UTC,131193,253028,15.8512,20.0432,0.263856,0.431331,8.13763e-05,0.0799217,0.166839,0.426513,0.674905,0.385958,0.955894
1376,1718044796,2024-06-10 18:39 UTC,131123,252964,15.8263,20.039,0.258946,0.425971,0.000225092,0.126482,0.166857,0.425198,0.67462,0.371948,0.929787
1377,1718045096,2024-06-10 18:44 UTC,131053,252901,15.8014,20.0348,0.25404,0.420614,0.00259748,0.208042,0.166972,0.42377,0.67434,0.351573,0.883556
1378,1718045396,2024-06-10 18:49 UTC,130980,252839,15.7766,20.0305,0.249138,0.415258,0.0185965,0.262367,0.167579,0.42163,0.674055,0.294564,0.746938
1379,1718045696,2024-06-10 18:54 UTC,130898,252778,15.7517,20.0263,0.24424,0.409905,0.0292351,0.0903332,0.168336,0.419767,0.673768,0.257213,0.692315
1380,1718045996,2024-06-10 18:59 UTC,130813,252718,15.7269,20.0221,0.239345,0.404554,0.0357965,0.106707,0.169423,0.418123,0.673485,0.231615,0.638096
1381,1718046296,2024-06-10 19:04 UTC,130719,252658,15.702,20.0179,0.235349,0.399554,0.0449147,0.135902,0.17084,0.416348,0.673202,0.204582,0.577708
1382,1718046596,2024-06-10 19:09 UTC,130626,252599,15.6772,20.0137,0.231366,0.394559,0.0553278,0.153187,0.171959,0.414509,0.67292,0.178,0.564127
1383,1718046896,2024-06-10 19:14 UTC,130527,252541,15.6524,20.0095,0.227385,0.389566,0.065637,0.180915,0.173062,0.412681,0.67264,0.155005,0.549589
1384,1718047196,2024-06-10 19:19 UTC,130423,252484,15.6275,20.0054,0.223405,0.384576,0.0750649,0.219466,0.174037,0.410901,0.67236,0.136192,0.535111
1385,1718047496,2024-06-10 19:24 UTC,130312,252428,15.6027,20.0013,0.219426,0.379589,0.0835547,0.25814,0.175001,0.409171,0.672084,0.121048,0.519077
1386,1718047796,2024-06-10 19:29 UTC,130197,252372,15.5779,19.9971,0.215449,0.374603,0.0900568,0.29114,0.175954,0.407546,0.671809,0.109749,0.50247
1387,1718048096,2024-06-10 19:34 UTC,130085,252317,15.5531,19.993,0.211473,0.369619,0.0962686,0.310722,0.176896,0.405939,0.671531,0.0999362,0.492633
1388,1718048396,2024-06-10 19:39 UTC,129969,252263,15.5284,19.9889,0.2075,0.364637,0.102938,0.350637,0.177798,0.404312,0.671254,0.0905899,0.477511
1389,1718048696,2024-06-10 19:44 UTC,129847,252210,15.5036,19.9848,0.203528,0.359657,0.111779,0.382663,0.178602,0.402576,0.67098,0.0807052,0.466896
1390,1718048996,2024-06-10 19:49 UTC,129723,252157,15.4788,19.9807,0.199559,0.354679,0.118356,0.407279,0.179436,0.400959,0.670705,0.0729188,0.455577
1391,1718049296,2024-06-10 19:54 UTC,129598,252106,15.454,19.9766,0.195592,0.349704,0.124261,0.447635,0.180255,0.399377,0.670425,0.0655776,0.559651
1392,1718049596,2024-06-10 19:59 UTC,129467,252055,15.4293,19.9724,0.191628,0.344731,0.129796,0.45298,0.181016,0.397815,0.670148,0.0581156,0.541675
1393,1718049896,2024-06-10 20:04 UTC,129340,252005,15.4045,19.9683,0.189726,0.341782,0.134548,0.479529,0.181772,0.396295,0.669873,0.0530945,0.597088
1394,1718050196,2024-06-10 20:09 UTC,129203,251955,15.3798,19.9642,0.187853,0.338861,0.140458,0.477845,0.182369,0.394719,0.669593,0.0467734,0.571412
1395,1718050496,2024-06-10 20:14 UTC,129067,251906,15.3551,19.9601,0.185981,0.335941,0.145883,0.488598,0.183056,0.393171,0.669322,0.040334,0.58246
1396,1718050796,2024-06-10 20:19 UTC,128926,251859,15.3304,19.956,0.18411,0.333021,0.151049,0.491127,0.183819,0.391637,0.669044,0.0337459,0.578811
1397,1718051096,2024-06-10 20:24 UTC,128783,251811,15.3057,19.9519,0.18224,0.330101,0.155951,0.499708,0.184566,0.390118,0.668768,0.0269125,0.596027
1398,1718051396,2024-06-10 20:29 UTC,128638,251765,15.281,19.9477,0.18037,0.327181,0.160116,0.498343,0.185329,0.388641,0.668492,0.0205471,0.40626
1399,1718051696,2024-06-10 20:34 UTC,128491,251719,15.2563,19.9436,0.178502,0.324261,0.163605,0.45572,0.186119,0.3872,0.66822,0.0149995,0.415517
1400,1718051996,2024-06-10 20:39 UTC,128339,251674,15.2316,19.9395,0.176635,0.321341,0.166271,0.487167,0.186897,0.3858,0.667942,0.0111238,0.373516
1401,1718052296,2024-06-10 20:44 UTC,128186,251630,15.2069,19.9354,0.174768,0.318421,0.168215,0.508795,0.187711,0.38444,0.667665,0.00961988,0.431115
1402,1718052596,2024-06-10 20:49 UTC,128033,251586,15.1822,19.9313,0.172903,0.315501,0.169617,0.519768,0.188624,0.383107,0.667391,0.0105142,0.467012
1403,1718052896,2024-06-10 20:54 UTC,127874,251544,15.1576,19.9272,0.171039,0.312581,0.170488,0.524559,0.189586,0.381807,0.667114,0.012405,0.485452
1404,1718053196,2024-06-10 20:59 UTC,127715,251502,15.1329,19.923,0.169176,0.309661,0.170918,0.526002,0.190534,0.380537,0.666839,0.0144922,0.493439
1405,1718053496,2024-06-10 21:04 UTC,127559,251527,15.0952,19.9048,0.169689,0.309861,0.171353,0.526289,0.191476,0.378597,0.665618,0.0145232,0.49976
1406,1718053796,2024-06-10 21:09 UTC,127399,251569,15.0572,19.8864,0.170236,0.310107,0.171713,0.526454,0.192268,0.376659,0.66439,0.0142904,0.490381
1407,1718054096,2024-06-10 21:14 UTC,127237,251613,15.0193,19.868,0.170785,0.310358,0.17194,0.526633,0.19299,0.374735,0.663163,0.0139186,0.501749
1408,1718054396,2024-06-10 21:19 UTC,127076,251657,14.9814,19.8497,0.171335,0.310613,0.172123,0.526913,0.193592,0.372814,0.661935,0.0137948,0.51131
1409,1718054696,2024-06-10 21:24 UTC,126915,251702,14.9435,19.8313,0.171887,0.310873,0.171952,0.527217,0.194213,0.370919,0.66071,0.0134727,0.501719
1410,1718054996,2024-06-10 21:29 UTC,126751,251749,14.9056,19.8129,0.17244,0.311142,0.171783,0.527503,0.194753,0.36903,0.659488,0.0132083,0.495342
1411,1718055296,2024-06-10 21:34 UTC,126589,251797,14.8677,19.7945,0.172995,0.311415,0.171807,0.52775,0.195219,0.36714,0.658266,0.0129818,0.515558
1412,1718055596,2024-06-10 21:39 UTC,126425,251845,14.8298,19.7762,0.173551,0.311693,0.171694,0.527983,0.195666,0.365263,0.657043,0.0126731,0.521
1413,1718055896,2024-06-10 21:44 UTC,126264,251895,14.792,19.7578,0.174109,0.311975,0.171556,0.528272,0.19607,0.363395,0.655826,0.0122828,0.543532
1414,1718056196,2024-06-10 21:49 UTC,126101,251946,14.7541,19.7395,0.174668,0.312261,0.171185,0.528603,0.196401,0.361545,0.654606,0.0116833,0.54342
1415,1718056496,2024-06-10 21:54 UTC,125931,251998,14.7163,19.7211,0.175229,0.312551,0.170691,0.528963,0.196683,0.359704,0.65339,0.0112692,0.550903
1416,1718056796,2024-06-10 21:59 UTC,125766,252051,14.6785,19.7028,0.175791,0.312846,0.170088,0.529661,0.196927,0.357875,0.652175,0.0108822,0.555633
1417,1718057096,2024-06-10 22:04 UTC,125600,252105,14.6407,19.6845,0.178913,0.316592,0.16949,0.533371,0.197189,0.35605,0.650963,0.0116833,0.556483
1418,1718057396,2024-06-10 22:09 UTC,125431,252160,14.6029,19.6661,0.182077,0.320398,0.169193,0.536829,0.197412,0.35422,0.649752,0.0137926,0.56619
1419,1718057696,2024-06-10 22:14 UTC,125264,252216,14.5651,19.6478,0.185248,0.324217,0.169107,0.538553,0.197592,0.352388,0.64854,0.0167796,0.564003
1420,1718057996,2024-06-10 22:19 UTC,125093,252273,14.5273,19.6295,0.188425,0.328049,0.169,0.540227,0.19777,0.35056,0.647333,0.0203075,0.51446
1421,1718058296,2024-06-10 22:24 UTC,124929,252331,14.4896,19.6112,0.191609,0.331893,0.169073,0.553781,0.197976,0.348728,0.646126,0.023927,0.489409
1422,1718058596,2024-06-10 22:29 UTC,124761,252390,14.4518,19.5929,0.194798,0.335758,0.168804,0.607794,0.198179,0.346921,0.64492,0.0280621,0.65496
1423,1718058896,2024-06-10 22:34 UTC,124591,252450,14.4141,19.5746,0.197994,0.339642,0.168843,0.568895,0.198372,0.345105,0.643715,0.0320762,0.517539
1424,1718059196,2024-06-10 22:39 UTC,124416,252511,14.3764,19.5563,0.201194,0.343546,0.168941,0.575846,0.198532,0.343289,0.642513,0.0360419,0.528431
1425,1718059496,2024-06-10 22:44 UTC,124245,252574,14.3387,19.538,0.2044,0.34749,0.169098,0.562238,0.198716,0.341478,0.641312,0.0401245,0.478272
1426,1718059796,2024-06-10 22:49 UTC,124074,252636,14.301,19.5197,0.207611,0.351474,0.16915,0.575752,0.198889,0.339677,0.640113,0.0442896,0.490622
1427,1718060096,2024-06-10 22:54 UTC,123901,252701,14.2633,19.5015,0.210826,0.355498,0.168723,0.585112,0.199042,0.337906,0.638915,0.049027,0.502312
1428,1718060396,2024-06-10 22:59 UTC,123732,252765,14.2257,19.4832,0.214046,0.359564,0.168191,0.610956,0.199198,0.336146,0.637721,0.053951,0.601116
1429,1718060696,2024-06-10 23:04 UTC,123566,252831,14.188,19.4649,0.219448,0.366023,0.167872,0.598018,0.199368,0.334381,0.636523,0.0619656,0.531703
1430,1718060996,2024-06-10 23:09 UTC,123392,252898,14.1504,19.4467,0.224883,0.372533,0.167588,0.592199,0.199501,0.332622,0.635332,0.0699991,0.553051
1431,1718061296,2024-06-10 23:14 UTC,123226,252966,14.1128,19.4284,0.230321,0.379063,0.167678,0.599695,0.199684,0.33085,0.634139,0.0778034,0.574117
1432,1718061596,2024-06-10 23:19 UTC,123055,253035,14.0751,19.4102,0.235761,0.385606,0.168176,0.608207,0.199825,0.329064,0.632948,0.0852648,0.599326
1433,1718061896,2024-06-10 23:24 UTC,122885,253105,14.0376,19.3919,0.241203,0.392159,0.168673,0.616049,0.199941,0.327283,0.63176,0.0928368,0.618002
1434,1718062196,2024-06-10 23:29 UTC,122718,253175,14,19.3737,0.246648,0.398723,0.16927,0.643832,0.200065,0.325501,0.630573,0.100482,0.638455
1435,1718062496,2024-06-10 23:34 UTC,122548,253247,13.9624,19.3555,0.252095,0.405298,0.170144,0.667188,0.200197,0.323711,0.629386,0.107999,0.662238
1436,1718062796,2024-06-10 23:39 UTC,122382,253319,13.9249,19.3373,0.257544,0.411883,0.170844,0.679062,0.200343,0.321936,0.628202,0.115753,0.685149
1437,1718063096,2024-06-10 23:44 UTC,122216,253393,13.8873,19.3191,0.262994,0.418476,0.17139,0.704102,0.200555,0.320174,0.627018,0.123877,0.749777
1438,1718063396,2024-06-10 23:49 UTC,122047,253467,13.8498,19.3009,0.268446,0.425079,0.172053,0.712561,0.20063,0.318413,0.625838,0.132109,0.750164
1439,1718063696,2024-06-10 23:54 UTC,121870,253542,13.8123,19.2827,0.2739,0.43169,0.172534,0.70298,0.200625,0.316665,0.624659,0.140634,0.75216
1440,1718063996,2024-06-10 23:59 UTC,121702,253619,13.7748,19.2645,0.279355,0.438309,0.172999,0.731828,0.200706,0.314922,0.623479,0.149256,0.779571
1441,1718064296,2024-06-11 00:04 UTC,121535,253699,13.7131,19.1445,0.284971,0.444212,0.173269,0.660543,0.200659,0.312029,0.615739,0.158696,0.803279
1442,1718064596,2024-06-11 00:09 UTC,121367,253782,13.6512,19.0231,0.290592,0.450119,0.173252,0.666952,0.200548,0.309149,0.607955,0.16856,0.826572
1443,1718064896,2024-06-11 00:14 UTC,121214,253865,13.5893,18.9018,0.296217,0.456035,0.173103,0.733047,0.200542,0.306294,0.600225,0.178678,0.850533
1444,1718065196,2024-06-11 00:19 UTC,121059,253949,13.5275,18.7805,0.301847,0.461957,0.172825,0.66118,0.200555,0.303461,0.592545,0.189038,0.8757
1445,1718065496,2024-06-11 00:24 UTC,120899,254034,13.4658,18.6592,0.307479,0.467885,0.172165,0.668877,0.200538,0.300661,0.584917,0.199827,0.90151
1446,1718065796,2024-06-11 00:29 UTC,120744,254120,13.4041,18.5379,0.313115,0.47382,0.17164,0.675701,0.200576,0.297872,0.577339,0.210647,0.925996
1447,1718066096,2024-06-11 00:34 UTC,120595,254207,13.3424,18.4167,0.318754,0.479761,0.170937,0.682939,0.200636,0.295108,0.569812,0.221835,0.953038
1448,1718066396,2024-06-11 00:39 UTC,120449,254294,13.2808,18.3262,0.324395,0.485708,0.170049,0.694991,0.200719,0.292367,0.562336,0.23343,0.981381
1449,1718066696,2024-06-11 00:44 UTC,120301,254383,13.2193,18.2503,0.33004,0.491661,0.169246,0.696637,0.200802,0.28964,0.554914,0.245206,1.01169
1450,1718066996,2024-06-11 00:49 UTC,120155,254472,13.1579,18.1745,0.335687,0.497619,0.168161,0.7032,0.200903,0.28694,0.547541,0.25733,1.05152
1451,1718067296,2024-06-11 00:54 UTC,120011,254562,13.0965,18.0987,0.341337,0.503639,0.167046,0.774014,0.200982,0.284256,0.540219,0.26969,1.08323
1452,1718067596,2024-06-11 00:59 UTC,119862,254654,13.0351,18.0231,0.346989,0.509781,0.166018,0.727617,0.201136,0.281583,0.532947,0.282301,1.12836
1453,1718067896,2024-06-11 01:04 UTC,119724,254745,12.9739,17.9475,0.350718,0.513611,0.165228,0.737148,0.201256,0.278918,0.525726,0.290988,1.151
1454,1718068196,2024-06-11 01:09 UTC,119591,254838,12.9127,17.8721,0.354422,0.517413,0.164261,0.744222,0.201489,0.276275,0.518556,0.299993,1.17377
1455,1718068496,2024-06-11 01:14 UTC,119450,254931,12.8515,17.7967,0.358128,0.521217,0.163298,0.760801,0.201608,0.273648,0.511439,0.3091,1.1963
1456,1718068796,2024-06-11 01:19 UTC,119315,255026,12.7905,17.7214,0.361834,0.525025,0.162313,0.753955,0.202016,0.271036,0.504371,0.318381,1.22062
1457,1718069096,2024-06-11 01:24 UTC,119177,255121,12.7295,17.6461,0.365543,0.528836,0.161431,0.757518,0.202457,0.268436,0.497354,0.32764,1.24517
1458,1718069396,2024-06-11 01:29 UTC,119040,255217,12.6686,17.571,0.369252,0.53265,0.160632,0.747356,0.202649,0.265847,0.490388,0.337216,1.26985
1459,1718069696,2024-06-11 01:34 UTC,118906,255314,12.6077,17.496,0.372963,0.536467,0.159567,0.745824,0.202825,0.263285,0.483477,0.347181,1.29463
1460,1718069996,2024-06-11 01:39 UTC,118770,255411,12.547,17.421,0.376675,0.540287,0.158546,0.749529,0.203109,0.260736,0.476613,0.357068,1.31875
1461,1718070296,2024-06-11 01:44 UTC,118633,255509,12.4863,17.3462,0.380388,0.54411,0.157421,0.75325,0.203355,0.258209,0.470542,0.367332,1.34809
1462,1718070596,2024-06-11 01:49 UTC,118511,255609,12.4257,17.2714,0.384102,0.547936,0.156441,0.756966,0.203634,0.255692,0.465974,0.377496,1.3682
1463,1718070896,2024-06-11 01:54 UTC,118374,255709,12.3652,17.1968,0.387817,0.551769,0.15567,0.760618,0.203983,0.253182,0.46148,0.387398,1.39482
1464,1718071196,2024-06-11 01:59 UTC,118256,255810,12.3047,17.1222,0.391533,0.555604,0.1545,0.764038,0.204301,0.250704,0.457893,0.398242,1.42043
1465,1718071496,2024-06-11 02:04 UTC,118129,255911,12.2443,17.0478,0.39192,0.555754,0.15338,0.76606,0.204703,0.248241,0.454754,0.400441,1.41703
1466,1718071796,2024-06-11 02:09 UTC,118006,256013,12.1841,16.9734,0.392263,0.555856,0.152075,0.766283,0.205082,0.2458,0.451628,0.402757,1.43
1467,1718072096,2024-06-11 02:14 UTC,117883,256116,12.1239,16.8991,0.392605,0.55596,0.150701,0.765588,0.205402,0.243376,0.448513,0.405147,1.41209
1468,1718072396,2024-06-11 02:19 UTC,117769,256220,12.0638,16.825,0.392948,0.556064,0.149267,0.764435,0.205839,0.240973,0.44541,0.407744,1.40705
1469,1718072696,2024-06-11 02:24 UTC,117656,256324,12.0037,16.7509,0.393291,0.55617,0.14783,0.76306,0.206299,0.238586,0.442312,0.410392,1.40473
1470,1718072996,2024-06-11 02:29 UTC,117544,256430,11.9438,16.677,0.393634,0.556276,0.14609,0.761589,0.206767,0.236227,0.439218,0.413257,1.40263
1471,1718073296,2024-06-11 02:34 UTC,117440,256535,11.884,16.6031,0.393977,0.556384,0.147443,0.760064,0.211036,0.233768,0.43616,0.403913,1.39956
1472,1718073596,2024-06-11 02:39 UTC,117363,256642,11.8243,16.5294,0.39432,0.556493,0.152353,0.758434,0.215958,0.23119,0.433095,0.382713,1.39652
1473,1718073896,2024-06-11 02:44 UTC,117264,256749,11.7647,16.4557,0.394664,0.556603,0.157581,0.756783,0.218743,0.228578,0.430043,0.360352,1.39307
1474,1718074196,2024-06-11 02:49 UTC,117200,256857,11.7052,16.3822,0.395008,0.556714,0.163355,0.755141,0.221109,0.22598,0.42716,0.340052,1.38998
1475,1718074496,2024-06-11 02:54 UTC,117166,256966,11.6458,16.3088,0.395351,0.556826,0.169,0.753484,0.223007,0.223405,0.426065,0.322155,1.38678
1476,1718074796,2024-06-11 02:59 UTC,117128,257076,11.5865,16.2355,0.395695,0.55694,0.173707,0.751751,0.224535,0.22089,0.424973,0.308535,1.38327
1477,1718075096,2024-06-11 03:04 UTC,117095,257138,11.5059,16.1562,0.392213,0.551807,0.176609,0.748794,0.226013,0.217586,0.420978,0.292282,1.35454
1478,1718075396,2024-06-11 03:09 UTC,117037,257191,11.4251,16.0768,0.388679,0.546604,0.17758,0.757611,0.227388,0.214381,0.416962,0.280702,1.31885
1479,1718075696,2024-06-11 03:14 UTC,116958,257243,11.3443,15.9974,0.385146,0.541402,0.177554,0.781375,0.228486,0.211248,0.412966,0.271645,1.29966
1480,1718075996,2024-06-11 03:19 UTC,116886,257296,11.2635,15.9181,0.381612,0.5362,0.176111,0.79041,0.229706,0.208204,0.40899,0.265284,1.27208
1481,1718076296,2024-06-11 03:24 UTC,116803,257349,11.1828,15.8388,0.378079,0.530999,0.173578,0.787273,0.23115,0.205228,0.405032,0.260843,1.27293
1482,1718076596,2024-06-11 03:29 UTC,116734,257402,11.1022,15.7595,0.374546,0.525798,0.17038,0.774581,0.232341,0.202308,0.401094,0.257868,1.24778
1483,1718076896,2024-06-11 03:34 UTC,116664,257456,11.0216,15.6803,0.371014,0.520598,0.166966,0.773712,0.233742,0.199421,0.397176,0.255276,1.22897
1484,1718077196,2024-06-11 03:39 UTC,116606,257509,10.9411,15.6011,0.367482,0.515398,0.163547,0.738023,0.234957,0.19657,0.393276,0.252862,1.19919
1485,1718077496,2024-06-11 03:44 UTC,116540,257563,10.8606,15.5219,0.36395,0.510199,0.160532,0.728095,0.236497,0.193743,0.389396,0.249709,1.2422
1486,1718077796,2024-06-11 03:49 UTC,116488,257617,10.7802,15.4428,0.360418,0.505001,0.15729,0.727675,0.238026,0.190962,0.385536,0.247487,1.18418
1487,1718078096,2024-06-11 03:54 UTC,116452,257671,10.6999,15.3637,0.356887,0.499804,0.153656,0.729169,0.239232,0.188224,0.381694,0.245995,1.11936
1488,1718078396,2024-06-11 03:59 UTC,116422,257725,10.6196,15.2847,0.353356,0.494607,0.149983,0.710711,0.240207,0.185518,0.377872,0.244543,1.12194
1489,1718078696,2024-06-11 04:04 UTC,116371,257780,10.5394,15.2057,0.346235,0.484365,0.146152,0.711422,0.241083,0.182842,0.374069,0.236276,1.09586
1490,1718078996,2024-06-11 04:09 UTC,116340,257835,10.4593,15.1267,0.339066,0.474056,0.141592,0.700724,0.241923,0.180221,0.370286,0.229323,1.03288
1491,1718079296,2024-06-11 04:14 UTC,116309,257889,10.3793,15.0478,0.331899,0.463747,0.136802,0.692776,0.242714,0.177635,0.366522,0.22286,0.999762
1492,1718079596,2024-06-11 04:19 UTC,116287,257944,10.2993,14.9689,0.324733,0.453438,0.131764,0.683855,0.243533,0.175086,0.362777,0.216918,0.946784
1493,1718079896,2024-06-11 04:24 UTC,116264,258000,10.2194,14.8901,0.317569,0.443129,0.126485,0.674334,0.244315,0.172574,0.359052,0.211472,0.901279
1494,1718080196,2024-06-11 04:29 UTC,116245,258055,10.1396,14.8113,0.310407,0.432821,0.121081,0.664428,0.24502,0.170093,0.355345,0.206392,0.887906
1495,1718080496,2024-06-11 04:34 UTC,116228,258111,10.0599,14.7325,0.303246,0.422512,0.115469,0.654433,0.245708,0.167647,0.351677,0.201875,0.827255
1496,1718080796,2024-06-11 04:39 UTC,116211,258166,9.98033,14.6538,0.296086,0.412204,0.109781,0.645203,0.246472,0.165228,0.348045,0.19734,0.775692
1497,1718081096,2024-06-11 04:44 UTC,116201,258223,9.90082,14.5751,0.288929,0.401916,0.104192,0.635538,0.247148,0.162834,0.344431,0.192988,0.762122
1498,1718081396,2024-06-11 04:49 UTC,116198,258279,9.82142,14.4965,0.281774,0.391775,0.0987131,0.625585,0.247728,0.160459,0.340837,0.188593,0.715476
1499,1718081696,2024-06-11 04:54 UTC,116196,258335,9.74214,14.4179,0.274621,0.381633,0.0930374,0.615429,0.248335,0.158117,0.337261,0.184562,0.675154
1500,1718081996,2024-06-11 04:59 UTC,116188,258392,9.66297,14.3393,0.26747,0.371491,0.0875666,0.605113,0.248831,0.15579,0.333705,0.180368,0.64395
1501,1718082296,2024-06-11 05:04 UTC,116187,258448,9.58392,14.2608,0.257664,0.358309,0.0817704,0.594066,0.249346,0.153502,0.330168,0.172243,0.60337
1502,1718082596,2024-06-11 05:09 UTC,116191,258505,9.505,14.1824,0.247824,0.345086,0.0756209,0.582016,0.249885,0.151255,0.326649,0.164964,0.5639
1503,1718082896,2024-06-11 05:14 UTC,116202,258562,9.42622,14.104,0.237985,0.331863,0.0692935,0.582277,0.250253,0.149037,0.32315,0.158171,0.524967
1504,1718083196,2024-06-11 05:19 UTC,116203,258619,9.34758,14.0256,0.228148,0.318641,0.062514,0.590676,0.250692,0.146855,0.319669,0.151998,0.488296
1505,1718083496,2024-06-11 05:24 UTC,116214,258677,9.26909,13.9473,0.218314,0.305419,0.0556548,0.582239,0.251034,0.144702,0.316208,0.146359,0.463823
1506,1718083796,2024-06-11 05:29 UTC,116225,258734,9.19077,13.8691,0.208482,0.29356,0.0486676,0.571227,0.251415,0.142577,0.312765,0.141068,0.470586
1507,1718084096,2024-06-11 05:34 UTC,116243,258792,9.11262,13.7909,0.198654,0.2817,0.0415218,0.556731,0.251755,0.140482,0.309342,0.136374,0.452564
1508,1718084396,2024-06-11 05:39 UTC,116258,258850,9.03467,13.7127,0.188828,0.269841,0.0345072,0.533982,0.25201,0.138406,0.305937,0.131719,0.441472
1509,1718084696,2024-06-11 05:44 UTC,116283,258908,8.95695,13.6346,0.179007,0.257983,0.0271787,0.512898,0.252287,0.136365,0.302552,0.127787,0.419045
1510,1718084996,2024-06-11 05:49 UTC,116307,258967,8.87948,13.5566,0.169191,0.246125,0.0198912,0.492371,0.252547,0.134346,0.299185,0.124066,0.396871
1511,1718085296,2024-06-11 05:54 UTC,116343,259025,8.80229,13.4786,0.159381,0.234269,0.0130884,0.475492,0.252795,0.132339,0.295837,0.120041,0.374637
1512,1718085596,2024-06-11 05:59 UTC,116375,259084,8.7254,13.4006,0.149578,0.222413,0.009722,0.452654,0.252906,0.130229,0.292509,0.109693,0.492464
1513,1718085896,2024-06-11 06:04 UTC,116378,259026,8.66089,13.2606,0.138763,0.209319,0.00728708,0.433683,0.253058,0.128393,0.287567,0.0975791,0.33747
1514,1718086196,2024-06-11 06:09 UTC,116371,258941,8.59668,13.1197,0.127948,0.196213,0.00482656,0.418146,0.253217,0.126569,0.282647,0.0859685,0.321172
1515,1718086496,2024-06-11 06:14 UTC,116360,258853,8.53261,12.9788,0.117153,0.183114,0.0027463,0.408137,0.253288,0.12475,0.277771,0.074812,0.328278
1516,1718086796,2024-06-11 06:19 UTC,116350,258761,8.46868,12.838,0.106389,0.170023,0.00188769,0.399328,0.253391,0.122914,0.27294,0.0633819,0.331994
1517,1718087096,2024-06-11 06:24 UTC,116333,258665,8.40491,12.6971,0.0956839,0.156942,0.00163346,0.383273,0.253396,0.121072,0.268153,0.0520984,0.335375
1518,1718087396,2024-06-11 06:29 UTC,116319,258566,8.34129,12.5563,0.0851819,0.144264,0.00148765,0.373507,0.253413,0.119252,0.263411,0.0421161,0.345819
1519,1718087696,2024-06-11 06:34 UTC,116305,258463,8.27782,12.4156,0.0750794,0.132289,0.0013544,0.357086,0.253424,0.11745,0.258712,0.0332992,0.33891
1520,1718087996,2024-06-11 06:39 UTC,116290,258356,8.21452,12.2974,0.0654865,0.120368,0.00125773,0.33977,0.253441,0.115668,0.254058,0.0256272,0.329567
1521,1718088296,2024-06-11 06:44 UTC,116273,258246,8.15138,12.1853,0.0565928,0.10852,0.00117138,0.318348,0.253433,0.113904,0.249448,0.0190495,0.309685
1522,1718088596,2024-06-11 06:49 UTC,116257,258132,8.08842,12.0733,0.0487331,0.0967694,0.00113371,0.29881,0.253446,0.112161,0.244883,0.0135106,0.294775
1523,1718088896,2024-06-11 06:54 UTC,116238,258014,8.02563,11.9613,0.0422096,0.0851587,0.00103745,0.281158,0.25344,0.110436,0.240361,0.00883501,0.285085
1524,1718089196,2024-06-11 06:59 UTC,116222,257893,7.96302,11.8494,0.0371199,0.0787783,0.000983324,0.263348,0.253452,0.108732,0.235884,0.00487972,0.271659
1525,1718089496,2024-06-11 07:04 UTC,116205,257769,7.9006,11.7375,0.0340502,0.0745869,0.000896394,0.272966,0.253455,0.107046,0.231452,0.00191231,0.297356
1526,1718089796,2024-06-11 07:09 UTC,116189,257640,7.83837,11.6257,0.0325191,0.0717916,0.000820737,0.286548,0.253445,0.10538,0.227063,0.00128366,0.349293
1527,1718090096,2024-06-11 07:14 UTC,116171,257508,7.77635,11.5139,0.0330467,0.0705578,0.000768616,0.277651,0.253445,0.103733,0.222719,0.00389961,0.35198
1528,1718090396,2024-06-11 07:19 UTC,116151,257373,7.71453,11.4023,0.0357013,0.0758851,0.00071552,0.277358,0.253444,0.102105,0.21842,0.00683025,0.381753
1529,1718090696,2024-06-11 07:24 UTC,116135,257234,7.65293,11.2906,0.0402451,0.0836593,0.00065531,0.262906,0.253465,0.100496,0.214164,0.0101575,0.373971
1530,1718090996,2024-06-11 07:29 UTC,116117,257092,7.59155,11.1791,0.0463941,0.0923233,0.000652217,0.24823,0.253465,0.0989074,0.209953,0.0140269,0.367945
1531,1718091296,2024-06-11 07:34 UTC,116102,256946,7.53039,11.0676,0.0537276,0.101837,0.000589241,0.223126,0.253482,0.0973357,0.205786,0.0186485,0.33414
1532,1718091596,2024-06-11 07:39 UTC,116081,256796,7.46946,10.9562,0.0619049,0.11139,0.000596829,0.190679,0.253469,0.0957853,0.201663,0.02404,0.276934
1533,1718091896,2024-06-11 07:44 UTC,116067,256643,7.40877,10.8448,0.0706498,0.120971,0.000578266,0.176576,0.253497,0.0942528,0.197585,0.0303314,0.235737
1534,1718092196,2024-06-11 07:49 UTC,116051,256486,7.34832,10.7335,0.0797054,0.130575,0.00056819,0.167795,0.253508,0.0927391,0.193551,0.0375436,0.206784
1535,1718092496,2024-06-11 07:54 UTC,116032,256326,7.28813,10.6223,0.0889181,0.140703,0.000642836,0.159026,0.253496,0.0912462,0.189561,0.0456083,0.206843
1536,1718092796,2024-06-11 07:59 UTC,116015,256163,7.22819,10.5112,0.0982237,0.152633,0.000686237,0.15027,0.253522,0.0897707,0.185615,0.0546212,0.205522
1537,1718093096,2024-06-11 08:04 UTC,116001,255996,7.16853,10.4002,0.104318,0.160952,0.000705446,0.141819,0.253551,0.0883123,0.181714,0.0612209,0.196492
1538,1718093396,2024-06-11 08:09 UTC,115990,255825,7.10915,10.2892,0.110398,0.169234,0.00078013,0.133856,0.253602,0.0868737,0.177857,0.0681151,0.189395
1539,1718093696,2024-06-11 08:14 UTC,115975,255651,7.05005,10.1783,0.116504,0.17782,0.0011268,0.126237,0.253622,0.0854602,0.174045,0.0750594,0.183816
1540,1718093996,2024-06-11 08:19 UTC,115962,255473,6.99125,10.0675,0.12263,0.186504,0.00153752,0.118864,0.253659,0.0840656,0.170276,0.0822987,0.179143
1541,1718094296,2024-06-11 08:24 UTC,115957,255292,6.93276,9.95682,0.128773,0.195192,0.00210117,0.111668,0.253732,0.0826928,0.166552,0.0896783,0.193031
1542,1718094596,2024-06-11 08:29 UTC,115956,255107,6.87459,9.84622,0.13493,0.203883,0.00287581,0.104605,0.253839,0.081343,0.162873,0.0970867,0.209425
1543,1718094896,2024-06-11 08:34 UTC,115947,254919,6.81675,9.73598,0.141099,0.212578,0.00396597,0.0976445,0.253899,0.0800193,0.159246,0.104311,0.225375
1544,1718095196,2024-06-11 08:39 UTC,115944,254727,6.75926,9.62594,0.147278,0.221275,0.00542217,0.0907667,0.254007,0.0787223,0.155667,0.111235,0.240555
1545,1718095496,2024-06-11 08:44 UTC,115943,254532,6.70212,9.516,0.153466,0.229975,0.00738054,0.0839606,0.254104,0.077456,0.152131,0.11755,0.253931
1546,1718095796,2024-06-11 08:49 UTC,115946,254333,6.64537,9.40617,0.159662,0.238677,0.00987082,0.0825826,0.25423,0.0762208,0.14864,0.123129,0.265491
1547,1718096096,2024-06-11 08:54 UTC,115956,254131,6.589,9.29644,0.165864,0.247381,0.0128699,0.0850915,0.254394,0.075016,0.145192,0.127946,0.275075
1548,1718096396,2024-06-11 08:59 UTC,115970,253925,6.53303,9.18683,0.172072,0.256087,0.0164047,0.0912045,0.25461,0.0738413,0.141788,0.13196,0.282561
1549,1718096696,2024-06-11 09:04 UTC,115929,253637,6.49266,9.16621,0.174386,0.25952,0.0199881,0.0947633,0.254806,0.0730661,0.141153,0.129519,0.277005
1550,1718096996,2024-06-11 09:09 UTC,115891,253329,6.45255,9.1468,0.176649,0.262882,0.0232086,0.0999753,0.25507,0.0722934,0.140556,0.12768,0.276848
1551,1718097296,2024-06-11 09:14 UTC,115851,253013,6.41251,9.1274,0.178913,0.266244,0.0262366,0.107858,0.255286,0.0715226,0.13996,0.126209,0.281719
1552,1718097596,2024-06-11 09:19 UTC,115816,252690,6.37254,9.10799,0.181179,0.269607,0.0290589,0.118905,0.255543,0.0707532,0.139365,0.125138,0.28658
1553,1718097896,2024-06-11 09:24 UTC,115793,252360,6.33263,9.08859,0.183446,0.272969,0.0318296,0.128094,0.255877,0.069988,0.138772,0.124235,0.291936
1554,1718098196,2024-06-11 09:29 UTC,115757,252024,6.2928,9.06918,0.185714,0.276332,0.0344982,0.135772,0.256202,0.0692283,0.13818,0.123433,0.295766
1555,1718098496,2024-06-11 09:34 UTC,115722,251680,6.25305,9.04978,0.187983,0.279695,0.0370595,0.142751,0.256542,0.0684726,0.13759,0.122893,0.301513
1556,1718098796,2024-06-11 09:39 UTC,115699,251329,6.21337,9.03038,0.190254,0.283059,0.039599,0.146147,0.256918,0.0677232,0.137,0.122386,0.306434
1557,1718099096,2024-06-11 09:44 UTC,115670,250971,6.17379,9.01098,0.192525,0.286422,0.0419729,0.152098,0.257259,0.0669765,0.136412,0.12216,0.312093
1558,1718099396,2024-06-11 09:49 UTC,115648,250606,6.13428,8.99158,0.194797,0.289786,0.0443415,0.15274,0.25764,0.0662366,0.135826,0.121968,0.31693
1559,1718099696,2024-06-11 09:54 UTC,115619,250234,6.09488,8.97219,0.197071,0.29315,0.0467514,0.13179,0.257962,0.0655041,0.13524,0.121765,0.321898
1560,1718099996,2024-06-11 09:59 UTC,115593,249855,6.05556,8.95279,0.199345,0.296514,0.0491,0.134786,0.258334,0.0647762,0.134656,0.121737,0.327552
1561,1718100296,2024-06-11 10:04 UTC,115572,249469,6.01635,8.9334,0.197599,0.294133,0.0511795,0.136773,0.258703,0.0640504,0.134073,0.115677,0.331045
1562,1718100596,2024-06-11 10:09 UTC,115554,249075,5.97725,8.914,0.195803,0.291675,0.0525942,0.141632,0.25912,0.0633133,0.133492,0.110932,0.379206
1563,1718100896,2024-06-11 10:14 UTC,115524,248674,5.93826,8.89461,0.194012,0.289217,0.053481,0.146324,0.259511,0.0625731,0.132912,0.106866,0.354245
1564,1718101196,2024-06-11 10:19 UTC,115497,248267,5.89938,8.87522,0.192225,0.286758,0.0539925,0.14461,0.259896,0.061831,0.132333,0.103513,0.306778
1565,1718101496,2024-06-11 10:24 UTC,115468,247852,5.86063,8.85584,0.190444,0.2843,0.0542553,0.144888,0.260245,0.0610897,0.131755,0.100598,0.296925
1566,1718101796,2024-06-11 10:29 UTC,115454,247430,5.82202,8.83645,0.188667,0.281842,0.0543403,0.14363,0.260693,0.0603522,0.131179,0.0979205,0.2895
1567,1718102096,2024-06-11 10:34 UTC,115424,247000,5.78354,8.81706,0.186896,0.279384,0.0542153,0.141068,0.261083,0.0596172,0.130604,0.0956093,0.284063
1568,1718102396,2024-06-11 10:39 UTC,115385,246564,5.74522,8.79768,0.185129,0.276926,0.0539695,0.14278,0.261457,0.0588873,0.130031,0.0934393,0.278383
1569,1718102696,2024-06-11 10:44 UTC,115349,246120,5.70707,8.7783,0.183369,0.274467,0.053599,0.138838,0.261767,0.0581627,0.129458,0.0914654,0.272255
1570,1718102996,2024-06-11 10:49 UTC,115320,245669,5.66912,8.75892,0.181613,0.272009,0.0531005,0.138783,0.262125,0.0574422,0.128887,0.0896935,0.266578
1571,1718103296,2024-06-11 10:54 UTC,115296,245210,5.63137,8.73954,0.179863,0.269551,0.0525992,0.138955,0.262538,0.0567297,0.128318,0.0879596,0.260607
1572,1718103596,2024-06-11 10:59 UTC,115245,244745,5.59383,8.72016,0.178119,0.267093,0.0520289,0.13303,0.262785,0.0560235,0.127749,0.086315,0.25499
1573,1718103896,2024-06-11 11:04 UTC,115206,244273,5.55651,8.70078,0.172507,0.259816,0.051145,0.131439,0.263141,0.0553182,0.127182,0.0802969,0.241394
1574,1718104196,2024-06-11 11:09 UTC,115167,243794,5.51942,8.68141,0.166861,0.252474,0.0496988,0.129299,0.263467,0.0546088,0.126616,0.075083,0.227543
1575,1718104496,2024-06-11 11:14 UTC,115125,243308,5.48257,8.66203,0.161235,0.245132,0.0478749,0.130506,0.263723,0.053899,0.126052,0.070501,0.214472
1576,1718104796,2024-06-11 11:19 UTC,115074,242815,5.44595,8.64267,0.155633,0.237791,0.0455542,0.139628,0.264003,0.0531876,0.125489,0.0666147,0.202154
1577,1718105096,2024-06-11 11:24 UTC,115020,242315,5.40957,8.62337,0.150058,0.230449,0.0429728,0.13516,0.264335,0.0524796,0.124929,0.0631635,0.189619
1578,1718105396,2024-06-11 11:29 UTC,114968,241809,5.37345,8.60407,0.144514,0.223108,0.0402537,0.125631,0.264603,0.0517758,0.124371,0.0599924,0.177855
1579,1718105696,2024-06-11 11:34 UTC,114925,241296,5.33759,8.58478,0.139004,0.215768,0.0373766,0.134566,0.264823,0.0510768,0.123813,0.0570879,0.166331
1580,1718105996,2024-06-11 11:39 UTC,114865,240776,5.30199,8.56549,0.133533,0.208427,0.0343292,0.141559,0.265014,0.0503836,0.123258,0.0544558,0.15518
1581,1718106296,2024-06-11 11:44 UTC,114807,240250,5.26665,8.54621,0.128108,0.201087,0.0312173,0.145593,0.265256,0.0496972,0.122703,0.0519638,0.144413
1582,1718106596,2024-06-11 11:49 UTC,114735,239718,5.23159,8.52692,0.122736,0.194206,0.0280587,0.105765,0.265428,0.0490188,0.12215,0.0495827,0.134044
1583,1718106896,2024-06-11 11:54 UTC,114666,239180,5.19681,8.50764,0.117423,0.187406,0.0247774,0.101685,0.265553,0.048346,0.121598,0.0474668,0.124106
1584,1718107196,2024-06-11 11:59 UTC,114598,238636,5.16231,8.48835,0.112178,0.180605,0.021455,0.0999836,0.265691,0.0476808,0.121048,0.0454926,0.114561
1585,1718107495,2024-06-11 12:04 UTC,114543,238282,5.15712,8.43442,0.104304,0.171022,0.017974,0.0955528,0.265829,0.0475193,0.119514,0.0415305,0.102482
1586,1718107795,2024-06-11 12:09 UTC,114490,237964,5.1525,8.37987,0.0965255,0.161526,0.0141484,0.100723,0.265928,0.0473594,0.117973,0.0380832,0.0959451
1587,1718108095,2024-06-11 12:14 UTC,114429,237645,5.14807,8.32533,0.0889584,0.152046,0.0101912,0.103334,0.265988,0.0471985,0.116443,0.0349904,0.0902585
1588,1718108395,2024-06-11 12:19 UTC,114367,237324,5.14383,8.27082,0.081672,0.14257,0.00674973,0.0839864,0.266005,0.0470441,0.114923,0.031887,0.0853176
1589,1718108695,2024-06-11 12:24 UTC,114305,237002,5.13977,8.21632,0.0747512,0.133095,0.00437056,0.0889466,0.266049,0.0469006,0.113413,0.0286087,0.0806353
1590,1718108995,2024-06-11 12:29 UTC,114240,236679,5.1359,8.16186,0.0682953,0.123621,0.00229461,0.101371,0.266092,0.0467636,0.111915,0.0253297,0.0756419
1591,1718109295,2024-06-11 12:34 UTC,114171,236355,5.13222,8.10741,0.0624138,0.114148,0.00210915,0.108449,0.266076,0.0466486,0.110427,0.0215337,0.0680734
1592,1718109595,2024-06-11 12:39 UTC,114101,236029,5.12874,8.05299,0.0572186,0.104675,0.00254672,0.113796,0.266084,0.0465662,0.108949,0.0170533,0.0570313
1593,1718109895,2024-06-11 12:44 UTC,114033,235703,5.12545,7.9986,0.0528095,0.0952047,0.0030336,0.122582,0.266106,0.0464852,0.107482,0.0130647,0.0531943
1594,1718110195,2024-06-11 12:49 UTC,113966,235376,5.12236,7.94423,0.0492605,0.0857361,0.00371615,0.13154,0.266112,0.0464028,0.106026,0.00962268,0.0525879
1595,1718110495,2024-06-11 12:54 UTC,113897,235048,5.11948,7.9186,0.0465828,0.0848657,0.00450419,0.14064,0.266123,0.0463206,0.10464,0.00673869,0.0516186
1596,1718110795,2024-06-11 12:59 UTC,113828,234719,5.11679,7.89623,0.0447882,0.0917395,0.00529805,0.149862,0.266132,0.0462405,0.104384,0.00474045,0.0510746
1597,1718111095,2024-06-11 13:04 UTC,113753,234389,5.11427,7.87584,0.0436822,0.0985773,0.00611519,0.159269,0.266102,0.0461621,0.104124,0.00445281,0.0501135
1598,1718111395,2024-06-11 13:09 UTC,113680,234059,5.1119,7.86691,0.0438921,0.106065,0.00691403,0.168901,0.266108,0.0460862,0.103865,0.00608427,0.0579406
1599,1718111695,2024-06-11 13:14 UTC,113606,233728,5.10968,7.85798,0.0455431,0.11412,0.00778723,0.178709,0.266082,0.0460114,0.103601,0.00853021,0.0670727
1600,1718111995,2024-06-11 13:19 UTC,113530,233396,5.10759,7.84904,0.0486011,0.122844,0.00868414,0.18866,0.266083,0.0459384,0.103335,0.0113183,0.0777135
1601,1718112295,2024-06-11 13:24 UTC,113461,233063,5.10563,7.84011,0.0529366,0.132416,0.00959204,0.198731,0.266112,0.0458677,0.103064,0.014415,0.0941999
1602,1718112595,2024-06-11 13:29 UTC,113394,232730,5.1038,7.83118,0.0583857,0.14253,0.0105067,0.208907,0.266138,0.0457995,0.10279,0.0178653,0.104806
1603,1718112895,2024-06-11 13:34 UTC,113324,232396,5.10209,7.82225,0.0648342,0.152822,0.0114469,0.219177,0.266181,0.0457333,0.102522,0.0217297,0.119603
1604,1718113195,2024-06-11 13:39 UTC,113250,232062,5.10051,7.81332,0.0721189,0.163258,0.0124576,0.229532,0.266211,0.0456675,0.102249,0.0260442,0.136465
1605,1718113495,2024-06-11 13:44 UTC,113180,231728,5.09905,7.80439,0.080198,0.174183,0.0135045,0.239953,0.266254,0.0456034,0.101979,0.0308849,0.154581
1606,1718113795,2024-06-11 13:49 UTC,113100,231393,5.09774,7.79546,0.0887011,0.185247,0.0145323,0.250434,0.266252,0.0455423,0.10171,0.0363118,0.173938
1607,1718114095,2024-06-11 13:54 UTC,113023,231058,5.09655,7.78653,0.0974278,0.196385,0.0156746,0.260972,0.266277,0.0454813,0.101444,0.042278,0.194828
1608,1718114395,2024-06-11 13:59 UTC,112949,230723,5.0955,7.7776,0.106249,0.20759,0.0169244,0.271567,0.266318,0.0454207,0.101172,0.0487788,0.217029
1609,1718114695,2024-06-11 14:04 UTC,112872,230388,5.09459,7.76867,0.113555,0.215433,0.0182411,0.281813,0.266352,0.045361,0.100904,0.0541976,0.23228
1610,1718114995,2024-06-11 14:09 UTC,112796,230053,5.09381,7.75974,0.120856,0.223225,0.0195885,0.291426,0.26638,0.045303,0.100623,0.0599553,0.249965
1611,1718115295,2024-06-11 14:14 UTC,112721,229719,5.09316,7.75081,0.128172,0.231024,0.0210662,0.30059,0.266456,0.0452446,0.100331,0.0660211,0.267208
1612,1718115595,2024-06-11 14:19 UTC,112647,229384,5.09265,7.74188,0.135499,0.23883,0.022438,0.309438,0.266509,0.0451915,0.100045,0.0725719,0.288016
1613,1718115895,2024-06-11 14:24 UTC,112570,229050,5.09228,7.73295,0.142836,0.24664,0.0238494,0.318507,0.266608,0.0451407,0.0997613,0.0794548,0.30923
1614,1718116195,2024-06-11 14:29 UTC,112493,228717,5.09206,7.72402,0.150181,0.254456,0.025325,0.33143,0.266704,0.0450909,0.099465,0.0866581,0.326261
1615,1718116495,2024-06-11 14:34 UTC,112410,228384,5.09202,7.71509,0.157533,0.262277,0.0267063,0.341621,0.266769,0.0450457,0.0991754,0.0943788,0.345264
1616,1718116795,2024-06-11 14:39 UTC,112338,228052,5.09224,7.70616,0.16489,0.270101,0.0281773,0.350963,0.266863,0.0450015,0.0988847,0.102361,0.367361
1617,1718117095,2024-06-11 14:44 UTC,112265,227722,5.09263,7.69723,0.172251,0.27793,0.0296973,0.361583,0.267027,0.0449592,0.0985837,0.110691,0.389832
1618,1718117395,2024-06-11 14:49 UTC,112182,227392,5.09314,7.6883,0.179616,0.285762,0.0311164,0.372429,0.267126,0.0449217,0.0982826,0.119477,0.403786
1619,1718117695,2024-06-11 14:54 UTC,112099,227064,5.09377,7.67937,0.186985,0.293597,0.0324586,0.377792,0.267235,0.0448882,0.0980726,0.128779,0.428566
1620,1718117995,2024-06-11 14:59 UTC,112021,226737,5.09452,7.67044,0.194357,0.301435,0.0339365,0.386429,0.267363,0.0448533,0.0980428,0.13823,0.627793
1621,1718118295,2024-06-11 15:04 UTC,111949,226521,5.12921,7.72221,0.198991,0.305652,0.0353985,0.389914,0.267599,0.0453947,0.0989419,0.143524,0.460289
1622,1718118595,2024-06-11 15:09 UTC,111874,226326,5.16491,7.775,0.203578,0.309807,0.0366884,0.394878,0.267747,0.0459559,0.100262,0.149079,0.47482
1623,1718118895,2024-06-11 15:14 UTC,111791,226132,5.20104,7.8278,0.208167,0.313963,0.0378172,0.396438,0.267876,0.0465254,0.101593,0.154868,0.487907
1624,1718119195,2024-06-11 15:19 UTC,111709,225938,5.23755,7.8806,0.212756,0.31812,0.038616,0.402798,0.268052,0.0471056,0.102949,0.161203,0.503809
1625,1718119495,2024-06-11 15:24 UTC,111647,225745,5.27444,7.93339,0.217346,0.322358,0.0391074,0.409026,0.268308,0.0477012,0.104307,0.168403,0.514837
1626,1718119795,2024-06-11 15:29 UTC,111553,225553,5.31168,7.98619,0.221936,0.326642,0.0392481,0.415187,0.268404,0.0483121,0.105696,0.17644,0.53127
1627,1718120095,2024-06-11 15:34 UTC,111487,225361,5.34924,8.03899,0.226528,0.330927,0.0394959,0.421302,0.268652,0.0489282,0.10709,0.184567,0.568026
1628,1718120395,2024-06-11 15:39 UTC,111405,225170,5.38709,8.09178,0.231119,0.335211,0.0396337,0.427385,0.268853,0.0495563,0.108481,0.193237,0.624662
1629,1718120695,2024-06-11 15:44 UTC,111320,224979,5.42519,8.14458,0.235712,0.339497,0.0395542,0.433446,0.268986,0.0501947,0.109901,0.202412,0.566977
1630,1718120995,2024-06-11 15:49 UTC,111241,224789,5.46352,8.19738,0.240305,0.343782,0.0395325,0.43949,0.269146,0.0508402,0.111326,0.211689,0.581075
1631,1718121295,2024-06-11 15:54 UTC,111168,224600,5.50205,8.25018,0.244898,0.348068,0.0396723,0.445524,0.269405,0.0514902,0.112766,0.220821,0.595739
1632,1718121595,2024-06-11 15:59 UTC,111093,224411,5.54076,8.30297,0.249492,0.352354,0.0398711,0.451549,0.269505,0.052148,0.114211,0.230269,0.611621
1633,1718121895,2024-06-11 16:04 UTC,111014,224223,5.57962,8.35577,0.251031,0.353848,0.0398235,0.457057,0.269722,0.0528182,0.11569,0.233724,0.620612
1634,1718122195,2024-06-11 16:09 UTC,110942,224035,5.61863,8.40857,0.25252,0.355303,0.0393897,0.461735,0.270009,0.0535052,0.117191,0.238042,0.628505
1635,1718122495,2024-06-11 16:14 UTC,110864,223848,5.65777,8.46137,0.254011,0.356768,0.0389106,0.470788,0.270162,0.0542007,0.118709,0.242445,0.635821
1636,1718122795,2024-06-11 16:19 UTC,110778,223662,5.69703,8.51416,0.255504,0.358241,0.0382376,0.47482,0.270309,0.054911,0.120249,0.247454,0.650804
1637,1718123095,2024-06-11 16:24 UTC,110711,223476,5.73641,8.56696,0.256998,0.359723,0.037544,0.474898,0.270578,0.0556294,0.121821,0.252549,0.652444
1638,1718123395,2024-06-11 16:29 UTC,110653,223290,5.77588,8.61976,0.258494,0.361213,0.0369267,0.476629,0.270845,0.0563543,0.12339,0.257572,0.658691
1639,1718123695,2024-06-11 16:34 UTC,110574,223106,5.81545,8.67256,0.259991,0.362712,0.0362062,0.479854,0.271023,0.0570908,0.124978,0.262824,0.658588
1640,1718123995,2024-06-11 16:39 UTC,110509,222921,5.85511,8.72535,0.26149,0.36422,0.0355784,0.482883,0.271263,0.0578336,0.126567,0.267912,0.645299
1641,1718124295,2024-06-11 16:44 UTC,110446,222738,5.89485,8.78093,0.26299,0.365735,0.03516,0.485787,0.271504,0.05858,0.128221,0.272493,0.661153
1642,1718124595,2024-06-11 16:49 UTC,110383,222555,5.93467,8.84701,0.264492,0.36726,0.0347743,0.488613,0.271784,0.0593354,0.130209,0.277254,0.656465
1643,1718124895,2024-06-11 16:54 UTC,110316,222372,5.97456,8.91312,0.265996,0.368792,0.0348562,0.491388,0.272394,0.060089,0.132204,0.280823,0.663073
1644,1718125195,2024-06-11 16:59 UTC,110258,222190,6.01452,8.97924,0.267501,0.370332,0.0350447,0.494132,0.272711,0.060851,0.13421,0.284513,0.675893
1645,1718125495,2024-06-11 17:04 UTC,110201,222009,6.05456,9.04537,0.26606,0.368281,0.0349598,0.496155,0.273019,0.0616272,0.13624,0.281971,0.671443
1646,1718125795,2024-06-11 17:09 UTC,110145,221828,6.09465,9.1115,0.264571,0.366175,0.0346597,0.497116,0.273407,0.062418,0.138317,0.279974,0.650032
1647,1718126095,2024-06-11 17:14 UTC,110086,221648,6.13481,9.17763,0.263084,0.364076,0.0342553,0.497431,0.273775,0.0632205,0.140422,0.278276,0.645563
1648,1718126395,2024-06-11 17:19 UTC,110025,221468,6.17502,9.24377,0.261598,0.361984,0.0336862,0.497357,0.27409,0.0640363,0.14254,0.277002,0.63554
1649,1718126695,2024-06-11 17:24 UTC,109977,221289,6.21529,9.30992,0.260114,0.359898,0.0330697,0.497052,0.274548,0.0648635,0.144674,0.275958,0.64232
1650,1718126995,2024-06-11 17:29 UTC,109929,221110,6.25562,9.37607,0.258631,0.35782,0.0323789,0.49661,0.274937,0.0657002,0.14682,0.274933,0.635298
1651,1718127295,2024-06-11 17:34 UTC,109872,220932,6.296,9.44223,0.25715,0.355749,0.0317216,0.496089,0.275305,0.0665456,0.148978,0.273795,0.62602
1652,1718127595,2024-06-11 17:39 UTC,109830,220755,6.33642,9.50839,0.255671,0.353684,0.0311551,0.495524,0.275676,0.067397,0.151145,0.272316,0.607539
1653,1718127895,2024-06-11 17:44 UTC,109790,220578,6.3769,9.57456,0.254194,0.351628,0.0306366,0.494933,0.276054,0.068257,0.153324,0.270652,0.601978
1654,1718128195,2024-06-11 17:49 UTC,109736,220401,6.41743,9.64073,0.252718,0.349578,0.0301041,0.494329,0.276388,0.0691245,0.155507,0.268904,0.596646
1655,1718128495,2024-06-11 17:54 UTC,109689,220225,6.458,9.70691,0.251245,0.347536,0.0297286,0.494171,0.276745,0.0699984,0.157706,0.266791,0.594601
1656,1718128795,2024-06-11 17:59 UTC,109651,220050,6.49862,9.77309,0.249773,0.345502,0.0293131,0.494102,0.277169,0.0708831,0.159903,0.264833,0.616998
1657,1718129095,2024-06-11 18:04 UTC,109601,219891,6.54804,9.7814,0.246115,0.339872,0.028641,0.493387,0.277499,0.0719649,0.160229,0.258601,0.624605
1658,1718129395,2024-06-11 18:09 UTC,109552,219736,6.59773,9.79065,0.242421,0.334182,0.0277213,0.49176,0.277819,0.0730699,0.160608,0.252941,0.606106
1659,1718129695,2024-06-11 18:14 UTC,109513,219582,6.64753,9.80482,0.238727,0.328494,0.0267551,0.489517,0.278207,0.0741877,0.161145,0.247366,0.545038
1660,1718129995,2024-06-11 18:19 UTC,109473,219428,6.69746,9.81918,0.235034,0.322807,0.0258423,0.48676,0.278589,0.0753174,0.161687,0.241684,0.531729
1661,1718130295,2024-06-11 18:24 UTC,109427,219275,6.74748,9.83358,0.231341,0.317122,0.0249501,0.483488,0.278913,0.076459,0.162221,0.235847,0.517064
1662,1718130595,2024-06-11 18:29 UTC,109387,219122,6.79762,9.84802,0.227649,0.311439,0.024193,0.479852,0.279223,0.0776104,0.162741,0.229735,0.505357
1663,1718130895,2024-06-11 18:34 UTC,109352,218970,6.84786,9.86251,0.223957,0.305758,0.0235109,0.476122,0.279587,0.0787725,0.163253,0.223493,0.492203
1664,1718131195,2024-06-11 18:39 UTC,109316,218819,6.89819,9.87703,0.220266,0.300231,0.0229187,0.472143,0.280015,0.0799437,0.16376,0.217016,0.469265
1665,1718131495,2024-06-11 18:44 UTC,109269,218669,6.94862,9.8916,0.216576,0.294764,0.0223856,0.468145,0.280279,0.0811268,0.164264,0.210534,0.45177
1666,1718131795,2024-06-11 18:49 UTC,109234,218519,6.99914,9.90621,0.212886,0.289299,0.0220079,0.463902,0.280595,0.082319,0.164757,0.203814,0.428776
1667,1718132095,2024-06-11 18:54 UTC,109191,218369,7.04975,9.92085,0.209197,0.283837,0.0217295,0.459716,0.280907,0.0835212,0.16524,0.196881,0.41308
1668,1718132395,2024-06-11 18:59 UTC,109152,218221,7.10044,9.93559,0.205509,0.278376,0.0215062,0.455214,0.281192,0.0847328,0.165721,0.189947,0.394552
1669,1718132695,2024-06-11 19:04 UTC,109107,218073,7.15122,9.95056,0.201287,0.272562,0.0212913,0.450792,0.281424,0.0859565,0.166206,0.182059,0.377282
1670,1718132995,2024-06-11 19:09 UTC,109071,217925,7.20207,9.96557,0.197057,0.266751,0.0210652,0.446235,0.281764,0.0871936,0.166693,0.174317,0.366095
1671,1718133295,2024-06-11 19:14 UTC,109032,217779,7.25301,9.98062,0.192831,0.26095,0.0208446,0.441661,0.282042,0.0884422,0.167181,0.16673,0.349302
1672,1718133595,2024-06-11 19:19 UTC,108994,217633,7.30402,9.99584,0.188606,0.25542,0.0207554,0.438126,0.282332,0.0896988,0.167668,0.158953,0.334781
1673,1718133895,2024-06-11 19:24 UTC,108948,217487,7.3551,10.0112,0.184384,0.250264,0.0206907,0.490693,0.282542,0.0909652,0.168153,0.15116,0.430775
1674,1718134195,2024-06-11 19:29 UTC,108903,217342,7.40625,10.0266,0.180165,0.245117,0.0206231,0.436041,0.282784,0.0922451,0.168633,0.143629,0.343632
1675,1718134495,2024-06-11 19:34 UTC,108869,217198,7.45748,10.0421,0.175949,0.23998,0.0207383,0.438195,0.283057,0.0935319,0.169114,0.13604,0.295206
1676,1718134795,2024-06-11 19:39 UTC,108834,217054,7.50877,10.0659,0.171736,0.234854,0.0208098,0.445868,0.283344,0.0948323,0.169604,0.128742,0.282715
1677,1718135095,2024-06-11 19:44 UTC,108790,216911,7.56012,10.1048,0.167526,0.229739,0.0209123,0.513322,0.28352,0.096145,0.17081,0.121635,0.430997
1678,1718135395,2024-06-11 19:49 UTC,108746,216769,7.61155,10.1437,0.163319,0.224637,0.0212243,0.522198,0.283748,0.0974627,0.172063,0.114378,0.47561
1679,1718135695,2024-06-11 19:54 UTC,108713,216627,7.66303,10.1826,0.159117,0.219547,0.0214451,0.537593,0.283967,0.0987969,0.173308,0.107544,0.555725
1680,1718135995,2024-06-11 19:59 UTC,108669,216486,7.71457,10.2216,0.154918,0.214472,0.0215456,0.516841,0.284192,0.100146,0.174496,0.101121,0.527905
1681,1718136295,2024-06-11 20:04 UTC,108633,216346,7.76618,10.2606,0.151829,0.211324,0.021654,0.473058,0.284445,0.101508,0.17568,0.0964557,0.451207
1682,1718136595,2024-06-11 20:09 UTC,108589,216206,7.81784,10.2996,0.148759,0.208209,0.0217549,0.437771,0.284662,0.102883,0.177313,0.0919443,0.502624
1683,1718136895,2024-06-11 20:14 UTC,108554,216066,7.86956,10.3386,0.14569,0.205094,0.0219896,0.432861,0.284933,0.104265,0.178545,0.0873394,0.53248
1684,1718137195,2024-06-11 20:19 UTC,108507,215928,7.92133,10.3776,0.142621,0.20198,0.022215,0.441154,0.285126,0.10566,0.17973,0.0828708,0.440911
1685,1718137495,2024-06-11 20:24 UTC,108460,215789,7.97316,10.4167,0.139554,0.198867,0.0225518,0.469425,0.285303,0.107065,0.181219,0.0784059,0.401179
1686,1718137795,2024-06-11 20:29 UTC,108415,215652,8.02504,10.4558,0.136487,0.195754,0.0228343,0.489137,0.285472,0.108483,0.182638,0.074141,0.474456
1687,1718138095,2024-06-11 20:34 UTC,108375,215515,8.07698,10.5037,0.133421,0.192641,0.0231281,0.410264,0.285703,0.109915,0.183797,0.0700007,0.295028
1688,1718138395,2024-06-11 20:39 UTC,108337,215379,8.12896,10.5518,0.130356,0.189529,0.0232742,0.387138,0.285901,0.111362,0.185135,0.0661638,0.270616
1689,1718138695,2024-06-11 20:44 UTC,108294,215243,8.181,10.5999,0.127292,0.186509,0.0234555,0.369604,0.28609,0.112823,0.186381,0.0624404,0.266236
1690,1718138995,2024-06-11 20:49 UTC,108246,215108,8.23308,10.6481,0.12423,0.183536,0.0238579,0.359842,0.286239,0.114288,0.187783,0.0585362,0.275075
1691,1718139295,2024-06-11 20:54 UTC,108204,214973,8.28522,10.6964,0.121169,0.180564,0.0240901,0.35751,0.286435,0.11577,0.189216,0.0549551,0.255056
1692,1718139595,2024-06-11 20:59 UTC,108156,214840,8.33739,10.7448,0.118109,0.177592,0.0242154,0.355194,0.286539,0.117268,0.190744,0.0515594,0.20019
1693,1718139895,2024-06-11 21:04 UTC,108107,214801,8.34948,10.744,0.117013,0.176747,0.024412,0.353221,0.286717,0.117626,0.191395,0.0502439,0.19172
1694,1718140195,2024-06-11 21:09 UTC,108064,214783,8.36094,10.7424,0.115952,0.175943,0.0246535,0.351848,0.286895,0.117966,0.19203,0.0489481,0.190104
1695,1718140495,2024-06-11 21:14 UTC,108021,214769,8.37246,10.7407,0.114893,0.175145,0.0249464,0.350805,0.287062,0.118308,0.192645,0.0476602,0.188933
1696,1718140795,2024-06-11 21:19 UTC,107973,214760,8.38405,10.7558,0.113835,0.174351,0.0252171,0.349976,0.287195,0.118653,0.193296,0.0463879,0.188127
1697,1718141095,2024-06-11 21:24 UTC,107920,214755,8.39569,10.7716,0.112779,0.173563,0.0254401,0.349291,0.287325,0.119001,0.193868,0.04517,0.18777
1698,1718141395,2024-06-11 21:29 UTC,107873,214753,8.40739,10.7877,0.111724,0.17278,0.0257599,0.348707,0.287433,0.119348,0.194282,0.0438553,0.188543
1699,1718141695,2024-06-11 21:34 UTC,107823,214756,8.41914,10.8038,0.110672,0.172003,0.0261742,0.348199,0.287576,0.119695,0.194867,0.0425275,0.189359
1700,1718141995,2024-06-11 21:39 UTC,107779,214763,8.43096,10.82,0.109621,0.171231,0.0264129,0.35196,0.287753,0.120052,0.19557,0.0413812,0.191793
1701,1718142295,2024-06-11 21:44 UTC,107730,214773,8.44284,10.8362,0.108572,0.170465,0.026671,0.355996,0.287888,0.12041,0.196112,0.0402478,0.200205
1702,1718142595,2024-06-11 21:49 UTC,107680,214787,8.45477,10.8524,0.107525,0.169705,0.0270442,0.397392,0.287985,0.120767,0.196637,0.0390543,0.291751
1703,1718142895,2024-06-11 21:54 UTC,107629,214805,8.46676,10.8686,0.10648,0.16895,0.0273749,0.384163,0.288058,0.121128,0.197191,0.0379127,0.26236
1704,1718143195,2024-06-11 21:59 UTC,107579,214826,8.47881,10.8849,0.105437,0.168201,0.0275506,0.344751,0.288155,0.121494,0.197578,0.0368779,0.196555
1705,1718143495,2024-06-11 22:04 UTC,107530,214850,8.49092,10.9011,0.106565,0.169003,0.0277474,0.34678,0.288233,0.121863,0.198135,0.0376915,0.203675
1706,1718143795,2024-06-11 22:09 UTC,107472,214877,8.50309,10.9174,0.107732,0.169833,0.0282221,0.350506,0.288266,0.122226,0.198874,0.0383412,0.205922
1707,1718144095,2024-06-11 22:14 UTC,107424,214908,8.51532,10.9337,0.1089,0.170665,0.0288357,0.361343,0.288389,0.122589,0.199535,0.0388983,0.250793
1708,1718144395,2024-06-11 22:19 UTC,107377,214942,8.5276,10.95,0.110069,0.171499,0.0294606,0.354894,0.288518,0.122952,0.200076,0.0394135,0.276328
1709,1718144695,2024-06-11 22:24 UTC,107334,214979,8.53994,10.9664,0.111241,0.172335,0.0301013,0.382838,0.288643,0.123319,0.200623,0.0399452,0.293066
1710,1718144995,2024-06-11 22:29 UTC,107276,215018,8.55235,10.9827,0.112413,0.173173,0.0306528,0.380286,0.288719,0.123689,0.201153,0.0405691,0.285488
1711,1718145295,2024-06-11 22:34 UTC,107222,215061,8.56481,10.9991,0.113587,0.174013,0.0313506,0.358819,0.2888,0.124059,0.201662,0.041074,0.274697
1712,1718145595,2024-06-11 22:39 UTC,107175,215106,8.57732,11.0155,0.114762,0.174855,0.0319809,0.356371,0.288906,0.124432,0.202313,0.041655,0.273892
1713,1718145895,2024-06-11 22:44 UTC,107129,215155,8.5899,11.0319,0.115939,0.175699,0.0326036,0.358516,0.289014,0.124808,0.20288,0.0422277,0.280282
1714,1718146195,2024-06-11 22:49 UTC,107080,215205,8.60253,11.0484,0.117117,0.176544,0.0332483,0.365184,0.28912,0.125187,0.203485,0.0428294,0.295707
1715,1718146495,2024-06-11 22:54 UTC,107026,215259,8.61522,11.0657,0.118296,0.177391,0.034044,0.371358,0.289205,0.125564,0.204169,0.0433128,0.294039
1716,1718146795,2024-06-11 22:59 UTC,106979,215315,8.62797,11.0912,0.119476,0.17824,0.0348001,0.380768,0.289353,0.125944,0.205075,0.0438121,0.30263
1717,1718147095,2024-06-11 23:04 UTC,106929,215373,8.64078,11.1166,0.122828,0.181684,0.0355977,0.390822,0.289496,0.126324,0.205985,0.0464048,0.305786
1718,1718147395,2024-06-11 23:09 UTC,106878,215434,8.65365,11.142,0.126223,0.185185,0.0366215,0.401046,0.289601,0.1267,0.206877,0.0488771,0.307833
1719,1718147695,2024-06-11 23:14 UTC,106828,215497,8.66657,11.1675,0.129623,0.188696,0.0376523,0.416631,0.289713,0.127079,0.207788,0.0514697,0.325546
1720,1718147995,2024-06-11 23:19 UTC,106781,215563,8.67955,11.1929,0.133027,0.192219,0.0389244,0.423107,0.289817,0.127453,0.208666,0.0539099,0.32373
1721,1718148295,2024-06-11 23:24 UTC,106730,215630,8.69258,11.2184,0.136436,0.195751,0.0402103,0.439015,0.289958,0.12783,0.209548,0.0564017,0.347869
1722,1718148595,2024-06-11 23:29 UTC,106696,215700,8.70568,11.2439,0.13985,0.199293,0.0415287,0.445909,0.2902,0.128208,0.210431,0.0589358,0.352029
1723,1718148895,2024-06-11 23:34 UTC,106643,215773,8.71883,11.2693,0.143267,0.202845,0.0428279,0.453878,0.290302,0.128588,0.211316,0.0615216,0.361627
1724,1718149195,2024-06-11 23:39 UTC,106588,215847,8.73204,11.2948,0.146688,0.206404,0.0443712,0.454228,0.290408,0.128963,0.212191,0.0639112,0.352122
1725,1718149495,2024-06-11 23:44 UTC,106532,215923,8.7453,11.3203,0.150112,0.209973,0.045941,0.458197,0.290547,0.129339,0.213055,0.0663301,0.35475
1726,1718149795,2024-06-11 23:49 UTC,106496,216001,8.75862,11.3457,0.15354,0.213549,0.0475626,0.464555,0.290732,0.129717,0.213927,0.0687587,0.364893
1727,1718150095,2024-06-11 23:54 UTC,106445,216081,8.772,11.3712,0.156971,0.217132,0.0491782,0.470337,0.29087,0.130096,0.214793,0.0712712,0.374513
1728,1718150395,2024-06-11 23:59 UTC,106392,216163,8.78544,11.3967,0.160404,0.220723,0.0507521,0.462128,0.291021,0.130481,0.215677,0.0739109,0.345805
1729,1718150695,2024-06-12 00:04 UTC,106343,216288,8.78134,11.3577,0.165155,0.226898,0.0524346,0.458226,0.291211,0.130316,0.214082,0.0780959,0.444137
1730,1718150995,2024-06-12 00:09 UTC,106290,216421,8.77702,11.3177,0.169929,0.233122,0.0541291,0.455261,0.291345,0.130145,0.212462,0.0823764,0.451095
1731,1718151295,2024-06-12 00:14 UTC,106239,216556,8.7728,11.2776,0.174705,0.23935,0.0558768,0.453271,0.291566,0.129976,0.210862,0.0867197,0.290206
1732,1718151595,2024-06-12 00:19 UTC,106192,216693,8.76866,11.2375,0.179481,0.245581,0.0574625,0.45126,0.291753,0.129815,0.209294,0.091373,0.305609
1733,1718151895,2024-06-12 00:24 UTC,106143,216832,8.76461,11.1975,0.184259,0.251816,0.0591995,0.44917,0.291971,0.129655,0.207695,0.0960319,0.321364
1734,1718152195,2024-06-12 00:29 UTC,106092,216973,8.76064,11.1574,0.189037,0.258054,0.0610058,0.446778,0.292213,0.129497,0.20611,0.100747,0.338726
1735,1718152495,2024-06-12 00:34 UTC,106044,217116,8.75675,11.1173,0.193817,0.264295,0.0628311,0.427206,0.29241,0.129341,0.204533,0.105499,0.354432
1736,1718152795,2024-06-12 00:39 UTC,105990,217261,8.75295,11.0773,0.198597,0.270539,0.0647044,0.446459,0.292624,0.129188,0.20295,0.110357,0.371339
1737,1718153095,2024-06-12 00:44 UTC,105949,217408,8.74923,11.0372,0.203378,0.276785,0.0666948,0.468097,0.292874,0.129034,0.201384,0.115107,0.387896
1738,1718153395,2024-06-12 00:49 UTC,105896,217556,8.7456,10.9972,0.20816,0.283034,0.0686279,0.480794,0.29311,0.128884,0.199814,0.12002,0.407286
1739,1718153695,2024-06-12 00:54 UTC,105843,217706,8.74204,10.9571,0.212943,0.289284,0.0704888,0.499933,0.293357,0.12874,0.198264,0.125143,0.424182
1740,1718153995,2024-06-12 00:59 UTC,105786,217857,8.73857,10.9171,0.217726,0.295537,0.0721678,0.512701,0.293589,0.128605,0.196718,0.130628,0.441942
1741,1718154295,2024-06-12 01:04 UTC,105738,218010,8.73518,10.877,0.222369,0.301903,0.0738483,0.511469,0.293813,0.128473,0.195198,0.135995,0.461878
1742,1718154595,2024-06-12 01:09 UTC,105691,218164,8.73187,10.837,0.227013,0.30829,0.0754841,0.494572,0.294074,0.128347,0.193644,0.141458,0.482474
1743,1718154895,2024-06-12 01:14 UTC,105635,218320,8.72864,10.7969,0.231662,0.314697,0.0770555,0.504838,0.294291,0.128225,0.192139,0.147141,0.503654
1744,1718155195,2024-06-12 01:19 UTC,105580,218477,8.72549,10.7569,0.236314,0.32112,0.0787167,0.516936,0.294537,0.128103,0.190613,0.152687,0.52489
1745,1718155495,2024-06-12 01:24 UTC,105523,218636,8.72242,10.7168,0.24097,0.327561,0.0804086,0.528959,0.294757,0.127984,0.189934,0.158268,0.544735
1746,1718155795,2024-06-12 01:29 UTC,105472,218796,8.71943,10.6812,0.24563,0.334017,0.0820896,0.540133,0.295023,0.127868,0.191508,0.164023,0.568083
1747,1718156095,2024-06-12 01:34 UTC,105410,218957,8.71652,10.7207,0.250292,0.340488,0.0838303,0.548557,0.295266,0.127754,0.19309,0.169798,0.592281
1748,1718156395,2024-06-12 01:39 UTC,105358,219120,8.71369,10.7647,0.254958,0.347195,0.0855534,0.55525,0.295598,0.127643,0.194678,0.17576,0.615352
1749,1718156695,2024-06-12 01:44 UTC,105299,219283,8.71094,10.8087,0.259626,0.353933,0.0871241,0.560387,0.295846,0.127541,0.196272,0.182137,0.637848
1750,1718156995,2024-06-12 01:49 UTC,105247,219448,8.70827,10.8527,0.264298,0.360681,0.0886929,0.565678,0.296226,0.127445,0.197874,0.18868,0.66316
1751,1718157295,2024-06-12 01:54 UTC,105179,219614,8.70568,10.8967,0.268971,0.367439,0.0903944,0.570582,0.2965,0.127344,0.199481,0.194868,0.688156
1752,1718157595,2024-06-12 01:59 UTC,105123,219781,8.70316,10.9407,0.273647,0.374206,0.091886,0.57579,0.296814,0.127255,0.201095,0.201635,0.714148
1753,1718157895,2024-06-12 02:04 UTC,105065,219949,8.70072,10.9847,0.276282,0.377621,0.0933148,0.581476,0.29716,0.127171,0.202716,0.204591,0.726825
1754,1718158195,2024-06-12 02:09 UTC,105005,220118,8.69837,11.0287,0.278883,0.380983,0.0945387,0.585451,0.297509,0.127096,0.204344,0.207717,0.741461
1755,1718158495,2024-06-12 02:14 UTC,104949,220288,8.69609,11.0728,0.281485,0.384348,0.0954042,0.58954,0.297853,0.127035,0.205978,0.211567,0.754618
1756,1718158795,2024-06-12 02:19 UTC,104887,220459,8.69389,11.1168,0.284087,0.387717,0.0959616,0.603367,0.298162,0.126988,0.207618,0.215892,0.766227
1757,1718159095,2024-06-12 02:24 UTC,104831,220631,8.69177,11.1608,0.28669,0.391089,0.0966294,0.591237,0.298462,0.12694,0.209266,0.22008,0.77879
1758,1718159395,2024-06-12 02:29 UTC,104769,220804,8.68973,11.2048,0.289294,0.394465,0.0971476,0.587166,0.29879,0.1269,0.210919,0.224472,0.79077
1759,1718159695,2024-06-12 02:34 UTC,104703,220978,8.68776,11.2488,0.291899,0.397844,0.0976633,0.579417,0.299122,0.126866,0.21258,0.228941,0.802725
1760,1718159995,2024-06-12 02:39 UTC,104644,221153,8.68588,11.2928,0.294505,0.401227,0.0980402,0.575959,0.29949,0.12684,0.214247,0.233568,0.813742
1761,1718160295,2024-06-12 02:44 UTC,104576,221329,8.68408,11.3368,0.297111,0.404612,0.0982478,0.56557,0.300011,0.126821,0.21592,0.237409,0.827636
1762,1718160595,2024-06-12 02:49 UTC,104506,221505,8.68236,11.3809,0.299718,0.408001,0.0981395,0.55608,0.300575,0.12682,0.2176,0.241378,0.846815
1763,1718160895,2024-06-12 02:54 UTC,104447,221683,8.68073,11.4249,0.302326,0.411393,0.0980419,0.547293,0.301006,0.126822,0.219287,0.246606,0.858969
1764,1718161195,2024-06-12 02:59 UTC,104382,221861,8.67917,11.4689,0.304934,0.414787,0.0979853,0.548192,0.301392,0.126829,0.22098,0.252626,0.870665
1765,1718161495,2024-06-12 03:04 UTC,104318,222072,8.63553,11.4209,0.304284,0.41305,0.0977814,0.550015,0.301757,0.12561,0.219135,0.251829,0.864076
1766,1718161795,2024-06-12 03:09 UTC,104264,222288,8.59123,11.3715,0.303578,0.411227,0.0974002,0.551412,0.302134,0.124387,0.217243,0.251336,0.856267
1767,1718162095,2024-06-12 03:14 UTC,104219,222505,8.54698,11.3222,0.302873,0.409467,0.0967735,0.55672,0.302479,0.123186,0.215363,0.251235,0.84856
1768,1718162395,2024-06-12 03:19 UTC,104186,222722,8.50279,11.273,0.302168,0.407935,0.0960358,0.561926,0.302906,0.122002,0.213496,0.251426,0.842884
1769,1718162695,2024-06-12 03:24 UTC,104154,222940,8.45867,11.224,0.301463,0.406404,0.0952788,0.565036,0.303284,0.120829,0.211642,0.251502,0.837984
1770,1718162995,2024-06-12 03:29 UTC,104126,223158,8.41461,11.175,0.300758,0.404872,0.0944882,0.568779,0.303613,0.119671,0.2098,0.251738,0.83071
1771,1718163295,2024-06-12 03:34 UTC,104119,223377,8.37061,11.1262,0.300053,0.403341,0.0936693,0.571963,0.304011,0.118525,0.207971,0.251796,0.820152
1772,1718163595,2024-06-12 03:39 UTC,104114,223597,8.32668,11.0775,0.299349,0.40181,0.0926349,0.57367,0.304346,0.117398,0.206154,0.252243,0.811382
1773,1718163895,2024-06-12 03:44 UTC,104111,223817,8.28282,11.0289,0.298644,0.400279,0.0915358,0.575045,0.304654,0.116288,0.204351,0.252985,0.802313
1774,1718164195,2024-06-12 03:49 UTC,104121,224038,8.23903,10.9805,0.29794,0.398747,0.0904293,0.584349,0.304987,0.11519,0.202559,0.253654,0.794107
1775,1718164495,2024-06-12 03:54 UTC,104135,224259,8.19532,10.9415,0.297236,0.397216,0.089104,0.578606,0.305314,0.114111,0.201123,0.254821,0.78749
1776,1718164795,2024-06-12 03:59 UTC,104149,224481,8.15168,10.9407,0.296532,0.395685,0.0878557,0.58035,0.305835,0.11304,0.201095,0.255749,0.782373
1777,1718165095,2024-06-12 04:04 UTC,104174,224704,8.10813,10.94,0.292491,0.390224,0.0864073,0.582622,0.306169,0.111985,0.201069,0.249996,0.758232
1778,1718165395,2024-06-12 04:09 UTC,104207,224927,8.06466,10.9394,0.288394,0.384695,0.0846529,0.584977,0.306573,0.110953,0.201045,0.244974,0.735288
1779,1718165695,2024-06-12 04:14 UTC,104244,225150,8.02128,10.9388,0.284297,0.379167,0.0828415,0.586425,0.306932,0.109936,0.201023,0.240082,0.713053
1780,1718165995,2024-06-12 04:19 UTC,104284,225374,7.978,10.9382,0.2802,0.373639,0.0810337,0.587182,0.30725,0.108934,0.201003,0.235505,0.692552
1781,1718166295,2024-06-12 04:24 UTC,104333,225599,7.93481,10.9378,0.276104,0.368111,0.0792426,0.587461,0.307649,0.107943,0.200986,0.230872,0.67352
1782,1718166595,2024-06-12 04:29 UTC,104386,225824,7.89173,10.9373,0.272009,0.362583,0.0773673,0.58558,0.307974,0.106967,0.20097,0.22647,0.654723
1783,1718166895,2024-06-12 04:34 UTC,104448,226049,7.84876,10.937,0.267914,0.357056,0.0754224,0.584215,0.308398,0.106005,0.200957,0.222163,0.635803
1784,1718167195,2024-06-12 04:39 UTC,104504,226275,7.80591,10.9367,0.263819,0.351528,0.0734064,0.581349,0.308722,0.105057,0.200946,0.218087,0.616412
1785,1718167495,2024-06-12 04:44 UTC,104566,226502,7.76319,10.9364,0.259726,0.346,0.071666,0.57878,0.309108,0.104117,0.200937,0.213512,0.59801
1786,1718167795,2024-06-12 04:49 UTC,104634,226728,7.72061,10.9362,0.255632,0.340475,0.0698727,0.570872,0.309391,0.103188,0.20093,0.209038,0.578887
1787,1718168095,2024-06-12 04:54 UTC,104708,226956,7.67818,10.9365,0.25154,0.335325,0.06802,0.556647,0.309732,0.102273,0.200938,0.204596,0.561057
1788,1718168395,2024-06-12 04:59 UTC,104791,227184,7.63592,10.9367,0.247448,0.330209,0.0661222,0.53431,0.31007,0.101372,0.200948,0.200326,0.543615
1789,1718168695,2024-06-12 05:04 UTC,104870,227412,7.59384,10.9371,0.240559,0.321829,0.0639434,0.501507,0.310371,0.100492,0.20096,0.191185,0.516636
1790,1718168995,2024-06-12 05:09 UTC,104945,227641,7.55196,10.9375,0.233625,0.313395,0.0613408,0.468832,0.310641,0.0996351,0.200975,0.182824,0.490485
1791,1718169295,2024-06-12 05:14 UTC,105028,227870,7.51032,10.9379,0.226694,0.304964,0.0587048,0.470103,0.31094,0.0987917,0.200991,0.174563,0.465103
1792,1718169595,2024-06-12 05:19 UTC,105111,228100,7.46894,10.9384,0.219765,0.296534,0.0558531,0.482475,0.311271,0.0979647,0.20101,0.166488,0.44047
1793,1718169895,2024-06-12 05:24 UTC,105193,228330,7.42787,10.939,0.21284,0.288107,0.0529827,0.491868,0.311544,0.0971484,0.201031,0.158707,0.416448
1794,1718170195,2024-06-12 05:29 UTC,105292,228561,7.38717,10.9396,0.205918,0.279683,0.0501537,0.489292,0.311888,0.0963429,0.201053,0.151136,0.393132
1795,1718170495,2024-06-12 05:34 UTC,105395,228792,7.34686,10.9403,0.198999,0.271261,0.0473582,0.472025,0.312205,0.09555,0.201078,0.143801,0.370302
1796,1718170795,2024-06-12 05:39 UTC,105488,229023,7.30699,10.941,0.192084,0.262842,0.0445394,0.449463,0.312425,0.0947678,0.201105,0.136509,0.3485
1797,1718171095,2024-06-12 05:44 UTC,105597,229255,7.2676,10.9418,0.185174,0.254427,0.0418287,2.1804,0.31269,0.0939939,0.201135,0.12929,27.7777
1798,1718171395,2024-06-12 05:49 UTC,105697,229487,7.22875,10.9427,0.178269,0.246015,0.039336,0.634782,0.312844,0.0932243,0.201166,0.121629,3.05841
1799,1718171695,2024-06-12 05:54 UTC,105803,229720,7.19049,10.9436,0.171369,0.237607,0.0371253,0.417045,0.313078,0.0924593,0.201199,0.113768,1.07432
1800,1718171995,2024-06-12 05:59 UTC,105909,229953,7.15287,10.9445,0.164476,0.229204,0.0349397,0.409513,0.313192,0.0917052,0.201235,0.105998,0.527448
1801,1718172295,2024-06-12 06:04 UTC,105929,229934,7.12551,10.8963,0.155686,0.218373,0.0325967,0.39649,0.313329,0.0910722,0.199466,0.0960919,0.299205
1802,1718172595,2024-06-12 06:09 UTC,105934,229873,7.0984,10.8473,0.146869,0.207958,0.0300205,0.388223,0.313456,0.0904547,0.197674,0.0869668,0.246188
1803,1718172895,2024-06-12 06:14 UTC,105944,229806,7.07138,10.7982,0.13806,0.197985,0.0274515,0.378737,0.313555,0.0898389,0.195892,0.0783467,0.238804
1804,1718173195,2024-06-12 06:19 UTC,105956,229733,7.04445,10.7492,0.129259,0.188021,0.0248912,0.366761,0.313655,0.0892247,0.194117,0.0701008,0.245131
1805,1718173495,2024-06-12 06:24 UTC,105971,229654,7.01762,10.7002,0.120468,0.178057,0.0223773,0.359298,0.313786,0.0886126,0.192351,0.0623108,0.242978
1806,1718173795,2024-06-12 06:29 UTC,105979,229568,6.99089,10.6512,0.111692,0.168093,0.0198994,0.350333,0.313829,0.0879995,0.190593,0.0548416,0.216662
1807,1718174095,2024-06-12 06:34 UTC,105990,229476,6.96426,10.6022,0.102934,0.158129,0.0175493,0.347576,0.313849,0.0873857,0.188844,0.0477001,0.213214
1808,1718174395,2024-06-12 06:39 UTC,106006,229378,6.93773,10.5532,0.0942008,0.148165,0.0158794,0.338407,0.313915,0.086759,0.187103,0.0404187,0.350931
1809,1718174695,2024-06-12 06:44 UTC,106023,229275,6.9113,10.5043,0.0855025,0.138202,0.0143828,0.328189,0.31398,0.0861297,0.185371,0.033569,0.375351
1810,1718174995,2024-06-12 06:49 UTC,106043,229164,6.88498,10.4553,0.0768564,0.128238,0.0129675,0.315092,0.314071,0.0855021,0.183647,0.02736,0.194797
1811,1718175295,2024-06-12 06:54 UTC,106056,229048,6.85877,10.4064,0.0682939,0.119049,0.0115931,0.31218,0.314096,0.0848764,0.181931,0.021795,0.207793
1812,1718175595,2024-06-12 06:59 UTC,106070,228926,6.83267,10.3574,0.0598756,0.111001,0.0103682,0.298234,0.314152,0.0842523,0.180224,0.01688,0.186496
1813,1718175895,2024-06-12 07:04 UTC,106082,228798,6.80669,10.3085,0.051375,0.102814,0.00924099,0.290102,0.31416,0.0836283,0.178525,0.0124512,0.226949
1814,1718176195,2024-06-12 07:09 UTC,106102,228664,6.78081,10.2596,0.0432551,0.0946636,0.00822502,0.281321,0.314194,0.0830057,0.176835,0.00871324,0.222754
1815,1718176495,2024-06-12 07:14 UTC,106120,228524,6.75506,10.2107,0.0358042,0.0865629,0.00728521,0.272797,0.314218,0.0823848,0.175153,0.00565473,0.183291
1816,1718176795,2024-06-12 07:19 UTC,106136,228378,6.72942,10.1618,0.0296032,0.0785277,0.00644713,0.264342,0.314249,0.0817661,0.173479,0.00326566,0.18269
1817,1718177095,2024-06-12 07:24 UTC,106155,228226,6.7039,10.1129,0.025176,0.0705801,0.00568756,0.255864,0.314274,0.0811486,0.171814,0.00159596,0.182615
1818,1718177395,2024-06-12 07:29 UTC,106171,228068,6.6785,10.064,0.0230421,0.0627536,0.00505123,0.247278,0.314273,0.0805325,0.170158,0.00148484,0.1825
1819,1718177695,2024-06-12 07:34 UTC,106186,227904,6.65322,10.0417,0.023307,0.0550998,0.00448482,0.238651,0.31428,0.0799198,0.169403,0.00275827,0.191549
1820,1718177995,2024-06-12 07:39 UTC,106207,227734,6.62806,10.0313,0.0260839,0.0489803,0.00392151,0.230009,0.314337,0.0793114,0.169052,0.00446698,0.202228
1821,1718178295,2024-06-12 07:44 UTC,106222,227558,6.60304,10.0209,0.0311539,0.0559778,0.00340028,0.221352,0.314322,0.0787056,0.168703,0.00666022,0.213162
1822,1718178595,2024-06-12 07:49 UTC,106236,227377,6.57814,10.0105,0.0380695,0.0649822,0.00293974,0.212756,0.314295,0.0781032,0.168354,0.00948977,0.219258
1823,1718178895,2024-06-12 07:54 UTC,106257,227189,6.55337,10.0002,0.0461591,0.0740636,0.00246583,0.204163,0.314302,0.0775047,0.168007,0.0130736,0.222432
1824,1718179195,2024-06-12 07:59 UTC,106271,226996,6.52873,9.98992,0.0547495,0.0831966,0.00204098,0.19565,0.314296,0.07691,0.167662,0.0174863,0.224266
1825,1718179495,2024-06-12 08:04 UTC,106288,226797,6.50422,9.97966,0.0617839,0.0908656,0.00164777,0.187436,0.314293,0.0763173,0.167317,0.0216586,0.219289
1826,1718179795,2024-06-12 08:09 UTC,106305,226591,6.47982,9.96943,0.0688692,0.0994839,0.00131404,0.17985,0.314293,0.0757288,0.166974,0.0263512,0.213869
1827,1718180095,2024-06-12 08:14 UTC,106322,226380,6.45554,9.95922,0.0760072,0.108454,0.0010249,0.172674,0.314276,0.0751434,0.166633,0.0316002,0.20783
1828,1718180395,2024-06-12 08:19 UTC,106339,226164,6.43137,9.94938,0.0831813,0.117496,0.000783745,0.165911,0.314286,0.0745618,0.166304,0.0373961,0.200551
1829,1718180695,2024-06-12 08:24 UTC,106355,225941,6.40731,9.93966,0.0903809,0.126593,0.000649231,0.159261,0.31428,0.0739837,0.165979,0.0437383,0.19548
1830,1718180995,2024-06-12 08:29 UTC,106373,225712,6.38335,9.93049,0.0975991,0.13594,0.000636437,0.153099,0.314291,0.0734081,0.165673,0.0506597,0.187159
1831,1718181295,2024-06-12 08:34 UTC,106389,225478,6.3595,9.92151,0.104832,0.145389,0.00070132,0.147098,0.314272,0.0728355,0.165374,0.0581422,0.164635
1832,1718181595,2024-06-12 08:39 UTC,106405,225237,6.33575,9.91256,0.112075,0.154856,0.000845971,0.141059,0.314257,0.0722685,0.165075,0.0660825,0.165467
1833,1718181895,2024-06-12 08:44 UTC,106424,224991,6.31209,9.90364,0.119327,0.164335,0.00113155,0.13546,0.314267,0.0717083,0.164779,0.0743937,0.165733
1834,1718182195,2024-06-12 08:49 UTC,106442,224740,6.28854,9.89475,0.126586,0.173826,0.0016411,0.129962,0.314289,0.0711574,0.164482,0.0829092,0.165685
1835,1718182495,2024-06-12 08:54 UTC,106464,224482,6.26508,9.88591,0.133851,0.183325,0.00244986,0.124633,0.314336,0.0706176,0.164189,0.0914516,0.167991
1836,1718182795,2024-06-12 08:59 UTC,106486,224219,6.24172,9.87723,0.141121,0.192832,0.00369326,0.119263,0.314383,0.070093,0.1639,0.0997134,0.183075
1837,1718183095,2024-06-12 09:04 UTC,106433,223916,6.24784,9.86625,0.145128,0.198632,0.00512117,0.114512,0.314404,0.0702223,0.163537,0.103365,0.190893
1838,1718183395,2024-06-12 09:09 UTC,106370,223617,6.25462,9.85525,0.149085,0.204371,0.00658976,0.110496,0.314471,0.070365,0.163172,0.106992,0.198556
1839,1718183695,2024-06-12 09:14 UTC,106305,223314,6.26158,9.84424,0.153045,0.210112,0.00811371,0.108648,0.314525,0.0705118,0.162807,0.110597,0.20613
1840,1718183995,2024-06-12 09:19 UTC,106235,223005,6.26872,9.83324,0.157009,0.215856,0.00973268,0.107207,0.314617,0.0706634,0.162444,0.114121,0.213394
1841,1718184295,2024-06-12 09:24 UTC,106173,222688,6.27602,9.82225,0.160977,0.221602,0.0115301,0.105541,0.314731,0.070822,0.162081,0.11739,0.220087
1842,1718184595,2024-06-12 09:29 UTC,106115,222363,6.28351,9.81126,0.164947,0.227349,0.0134542,0.10369,0.314905,0.0709863,0.161719,0.120509,0.226487
1843,1718184895,2024-06-12 09:34 UTC,106058,222031,6.29119,9.80028,0.16892,0.233098,0.0155435,0.10169,0.315018,0.0711576,0.161357,0.123393,0.232029
1844,1718185195,2024-06-12 09:39 UTC,105984,221692,6.29906,9.78931,0.172896,0.238849,0.0177841,0.0995711,0.315114,0.0713358,0.160996,0.126052,0.237215
1845,1718185495,2024-06-12 09:44 UTC,105930,221345,6.30715,9.77833,0.176874,0.244601,0.0201723,0.097359,0.315321,0.0715202,0.160635,0.128506,0.241884
1846,1718185795,2024-06-12 09:49 UTC,105868,220991,6.31553,9.76737,0.180855,0.250355,0.0226196,0.0988966,0.315461,0.0717089,0.160276,0.130904,0.250097
1847,1718186095,2024-06-12 09:54 UTC,105788,220630,6.32415,9.75641,0.184837,0.25611,0.0251674,0.10349,0.315559,0.0719029,0.159915,0.13319,0.260297
1848,1718186395,2024-06-12 09:59 UTC,105729,220261,6.33293,9.74545,0.188822,0.261866,0.0278188,0.107919,0.315748,0.0721021,0.159556,0.135358,0.270712
1849,1718186695,2024-06-12 10:04 UTC,105669,219886,6.34182,9.7345,0.189278,0.262694,0.0301866,0.111321,0.315978,0.0722974,0.159198,0.132111,0.271803
1850,1718186995,2024-06-12 10:09 UTC,105617,219503,6.35078,9.72356,0.189674,0.263439,0.0320451,0.111757,0.316247,0.0724824,0.15884,0.129704,0.272672
1851,1718187295,2024-06-12 10:14 UTC,105560,219113,6.35981,9.71262,0.19007,0.264184,0.0335316,0.114326,0.316497,0.0726608,0.158481,0.127962,0.273653
1852,1718187595,2024-06-12 10:19 UTC,105493,218736,6.3689,9.70168,0.190466,0.264929,0.0347329,0.116519,0.316708,0.0728351,0.158126,0.126702,0.274468
1853,1718187895,2024-06-12 10:24 UTC,105425,218603,6.37805,9.69075,0.190863,0.265674,0.0356528,0.118395,0.31688,0.0730051,0.157769,0.125923,0.275314
1854,1718188195,2024-06-12 10:29 UTC,105374,218465,6.38727,9.67983,0.19126,0.266419,0.0363358,0.120012,0.31719,0.0731717,0.157414,0.125555,0.276258
1855,1718188495,2024-06-12 10:34 UTC,105309,218323,6.39654,9.66891,0.191657,0.267165,0.0368909,0.121404,0.317416,0.0733376,0.157059,0.125399,0.277124
1856,1718188795,2024-06-12 10:39 UTC,105250,218176,6.40587,9.658,0.192054,0.26791,0.0373174,0.12261,0.317643,0.0735037,0.156705,0.125445,0.278
1857,1718189095,2024-06-12 10:44 UTC,105189,218026,6.41526,9.64709,0.192452,0.268657,0.0376893,0.123833,0.317899,0.0736707,0.156352,0.125571,0.278906
1858,1718189395,2024-06-12 10:49 UTC,105124,217871,6.4247,9.63619,0.19285,0.269404,0.0380473,0.125014,0.318116,0.0738413,0.155999,0.125696,0.27982
1859,1718189695,2024-06-12 10:54 UTC,105057,217711,6.4342,9.6253,0.193248,0.270151,0.0383843,0.126059,0.318359,0.0740145,0.155646,0.125852,0.28071
1860,1718189995,2024-06-12 10:59 UTC,104994,217548,6.44376,9.61441,0.193646,0.270898,0.0387208,0.126983,0.318608,0.0741897,0.155294,0.125996,0.281619
1861,1718190295,2024-06-12 11:04 UTC,104927,217380,6.45337,9.60352,0.190627,0.26676,0.0388302,0.127624,0.318858,0.0743618,0.154942,0.121006,0.273549
1862,1718190595,2024-06-12 11:09 UTC,104861,217208,6.46304,9.59265,0.187555,0.262539,0.038335,0.127939,0.319055,0.0745219,0.154592,0.116968,0.265418
1863,1718190895,2024-06-12 11:14 UTC,104798,217031,6.47276,9.58177,0.184491,0.258318,0.0374354,0.127709,0.31929,0.0746736,0.154241,0.113658,0.257421
1864,1718191195,2024-06-12 11:19 UTC,104732,216850,6.48253,9.57091,0.181433,0.254097,0.0361864,0.12726,0.319487,0.0748189,0.153891,0.110946,0.24953
1865,1718191495,2024-06-12 11:24 UTC,104664,216665,6.49236,9.56004,0.178382,0.249876,0.0347837,0.126539,0.319656,0.0749624,0.153542,0.108528,0.241758
1866,1718191795,2024-06-12 11:29 UTC,104604,216476,6.50224,9.54919,0.175339,0.245656,0.0332454,0.12558,0.319903,0.075105,0.153194,0.106347,0.234133
1867,1718192095,2024-06-12 11:34 UTC,104529,216283,6.51217,9.53834,0.172304,0.241436,0.031576,0.12441,0.32006,0.0752478,0.152846,0.104359,0.226615
1868,1718192395,2024-06-12 11:39 UTC,104456,216085,6.52215,9.52749,0.169278,0.237219,0.0298169,0.123053,0.320197,0.07539,0.152499,0.102556,0.21924
1869,1718192695,2024-06-12 11:44 UTC,104393,215883,6.53219,9.51665,0.16626,0.233052,0.0280309,0.12153,0.320383,0.0755333,0.152152,0.100845,0.211975
1870,1718192995,2024-06-12 11:49 UTC,104318,215677,6.54227,9.50582,0.163252,0.229029,0.0260823,0.121742,0.320557,0.0756759,0.151806,0.0993969,0.204827
1871,1718193295,2024-06-12 11:54 UTC,104256,215467,6.55241,9.49499,0.160253,0.225008,0.0241032,0.118049,0.32073,0.07582,0.15146,0.0980388,0.197802
1872,1718193595,2024-06-12 11:59 UTC,104187,215252,6.5626,9.48417,0.157265,0.220986,0.0221624,0.116117,0.320867,0.0759673,0.151115,0.0966415,0.190912
1873,1718193895,2024-06-12 12:04 UTC,104141,215061,6.57591,9.50298,0.151144,0.213191,0.0199669,0.113988,0.320987,0.0761459,0.151715,0.0914094,0.178605
1874,1718194195,2024-06-12 12:09 UTC,104097,214869,6.58936,9.52231,0.144993,0.205332,0.0173508,0.119363,0.321127,0.0763156,0.152333,0.0868995,0.17081
1875,1718194495,2024-06-12 12:14 UTC,104059,214674,6.6029,9.54165,0.13887,0.197474,0.0145047,0.118332,0.321237,0.0764793,0.152952,0.0829138,0.164626
1876,1718194795,2024-06-12 12:19 UTC,104006,214476,6.61652,9.56101,0.132779,0.189623,0.011564,0.113428,0.321309,0.076642,0.153574,0.079217,0.159126
1877,1718195095,2024-06-12 12:24 UTC,103945,214275,6.63022,9.58039,0.126726,0.181776,0.00867651,0.11592,0.321325,0.0768069,0.154197,0.0756273,0.154087
1878,1718195395,2024-06-12 12:29 UTC,103892,214071,6.644,9.59978,0.120718,0.174128,0.00594002,0.121067,0.32141,0.0769758,0.154822,0.0720494,0.149431
1879,1718195695,2024-06-12 12:34 UTC,103834,213863,6.65785,9.61919,0.114764,0.166652,0.0041019,0.116145,0.321449,0.0771569,0.155448,0.0680459,0.143648
1880,1718195995,2024-06-12 12:39 UTC,103782,213653,6.67177,9.63861,0.108873,0.159176,0.00382867,0.114178,0.321485,0.0773932,0.156077,0.0615486,0.130501
1881,1718196295,2024-06-12 12:44 UTC,103719,213439,6.68576,9.65805,0.103057,0.151701,0.00373794,0.119967,0.321496,0.0776279,0.156707,0.0556512,0.118864
1882,1718196595,2024-06-12 12:49 UTC,103659,213222,6.69981,9.6775,0.0973322,0.144225,0.0036644,0.125867,0.321538,0.0778657,0.157339,0.0500612,0.107666
1883,1718196895,2024-06-12 12:54 UTC,103596,213002,6.71393,9.69705,0.091714,0.136749,0.00357537,0.131855,0.321532,0.0781082,0.157975,0.0447371,0.0997835
1884,1718197195,2024-06-12 12:59 UTC,103531,212779,6.7281,9.71665,0.0862218,0.129274,0.0036221,0.13791,0.321484,0.0783513,0.158614,0.0398404,0.0952859
1885,1718197495,2024-06-12 13:04 UTC,103470,212553,6.74232,9.73627,0.0788994,0.119784,0.00389744,0.144272,0.321522,0.0785914,0.159255,0.0339708,0.0952618
1886,1718197795,2024-06-12 13:09 UTC,103411,212324,6.7566,9.75591,0.0718262,0.110272,0.0045517,0.151103,0.321554,0.0788259,0.159898,0.0288674,0.0929321
1887,1718198095,2024-06-12 13:14 UTC,103348,212091,6.77093,9.77556,0.0651252,0.100771,0.00547691,0.15828,0.321549,0.0790586,0.160543,0.0243617,0.0911433
1888,1718198395,2024-06-12 13:19 UTC,103285,211856,6.78531,9.79522,0.0589043,0.0912714,0.0065893,0.165718,0.321544,0.0792929,0.16119,0.0203121,0.0939616
1889,1718198695,2024-06-12 13:24 UTC,103220,211617,6.79974,9.8149,0.0532798,0.0817722,0.00779089,0.173357,0.321543,0.0795295,0.161838,0.0166589,0.0957285
1890,1718198995,2024-06-12 13:29 UTC,103155,211375,6.81421,9.8346,0.0483644,0.0722731,0.00904106,0.181151,0.32153,0.0797682,0.162488,0.0133714,0.100277
1891,1718199295,2024-06-12 13:34 UTC,103090,211131,6.82872,9.8543,0.0442527,0.0701755,0.01026,0.189068,0.32151,0.0800108,0.16314,0.0104331,0.092386
1892,1718199595,2024-06-12 13:39 UTC,103027,210883,6.84327,9.87403,0.0410042,0.0763082,0.0114173,0.197077,0.321511,0.0802577,0.163794,0.00785683,0.0910578
1893,1718199895,2024-06-12 13:44 UTC,102955,210632,6.85786,9.89377,0.0386575,0.0831565,0.0125345,0.205157,0.32145,0.0805081,0.164449,0.00579299,0.0913386
1894,1718200195,2024-06-12 13:49 UTC,102892,210378,6.87249,9.91391,0.0372874,0.0905582,0.0135144,0.213295,0.321448,0.0807646,0.16512,0.00455365,0.0924916
1895,1718200495,2024-06-12 13:54 UTC,102825,210121,6.88715,9.93426,0.0369905,0.0983987,0.0144357,0.221485,0.321443,0.0810262,0.165798,0.00475337,0.0922353
1896,1718200795,2024-06-12 13:59 UTC,102757,209861,6.90185,9.95476,0.0379447,0.107046,0.0153192,0.229724,0.32147,0.0812911,0.166483,0.00613975,0.0928573
1897,1718201095,2024-06-12 14:04 UTC,102681,209598,6.91658,9.97527,0.040317,0.115532,0.0161171,0.2379,0.321454,0.0815607,0.16717,0.00804796,0.101093
1898,1718201395,2024-06-12 14:09 UTC,102609,209332,6.93135,9.9958,0.044712,0.12425,0.0167763,0.247268,0.321406,0.0818362,0.167859,0.0103537,0.0923299
1899,1718201695,2024-06-12 14:14 UTC,102537,209063,6.94614,10.0163,0.0507123,0.133163,0.0172908,0.256631,0.321404,0.0821171,0.168549,0.0130231,0.0987795
1900,1718201995,2024-06-12 14:19 UTC,102474,208791,6.96097,10.0369,0.0576854,0.142232,0.0176372,0.265945,0.321391,0.0824055,0.169242,0.0161843,0.103642
1901,1718202295,2024-06-12 14:24 UTC,102399,208516,6.97583,10.0575,0.0651521,0.15143,0.0178066,0.275233,0.321403,0.082701,0.169936,0.0199976,0.117177
1902,1718202595,2024-06-12 14:29 UTC,102322,208239,6.99071,10.078,0.072834,0.160734,0.017949,0.284509,0.321354,0.0829992,0.170632,0.0243969,0.131652
1903,1718202895,2024-06-12 14:34 UTC,102259,207958,7.00563,10.0986,0.0806427,0.170128,0.0181912,0.293785,0.321409,0.083298,0.17133,0.0294007,0.147331
1904,1718203195,2024-06-12 14:39 UTC,102184,207674,7.02057,10.1192,0.088534,0.179598,0.0186651,0.303068,0.321426,0.0835936,0.17203,0.0348448,0.164062
1905,1718203495,2024-06-12 14:44 UTC,102120,207388,7.03554,10.1398,0.0964829,0.189133,0.0192474,0.312364,0.321436,0.0838885,0.172732,0.0407237,0.181635
1906,1718203795,2024-06-12 14:49 UTC,102037,207099,7.05053,10.1605,0.104474,0.198721,0.0199329,0.321676,0.321391,0.0841824,0.173435,0.0470379,0.20038
1907,1718204095,2024-06-12 14:54 UTC,101971,206807,7.06555,10.1811,0.112497,0.208357,0.0207851,0.331007,0.321443,0.0844746,0.174141,0.0537018,0.220122
1908,1718204395,2024-06-12 14:59 UTC,101905,206512,7.0806,10.2018,0.120546,0.218033,0.0217889,0.339594,0.321459,0.0847655,0.174848,0.0607798,0.240861
1909,1718204695,2024-06-12 15:04 UTC,101836,206381,7.09901,10.2025,0.126734,0.224317,0.0228922,0.348793,0.321529,0.0851521,0.174872,0.0660443,0.254833
1910,1718204995,2024-06-12 15:09 UTC,101771,206272,7.11752,10.2028,0.132897,0.230546,0.0238668,0.357333,0.321568,0.0855472,0.174885,0.0717293,0.268992
1911,1718205295,2024-06-12 15:14 UTC,101700,206164,7.13607,10.2032,0.139066,0.236782,0.0247583,0.365315,0.321599,0.0859467,0.174897,0.0778022,0.283601
1912,1718205595,2024-06-12 15:19 UTC,101628,206056,7.15467,10.2036,0.14524,0.243021,0.0251113,0.372845,0.321695,0.0863625,0.17491,0.0849181,0.298322
1913,1718205895,2024-06-12 15:24 UTC,101555,205949,7.1733,10.204,0.151418,0.249261,0.0253944,0.380016,0.321686,0.0867802,0.174923,0.0922288,0.313723
1914,1718206195,2024-06-12 15:29 UTC,101492,205842,7.19197,10.2044,0.1576,0.255503,0.0259832,0.386906,0.321768,0.0871932,0.174937,0.0994565,0.329325
1915,1718206495,2024-06-12 15:34 UTC,101417,205736,7.21068,10.2048,0.163786,0.261747,0.0266409,0.393567,0.321812,0.0876063,0.17495,0.106968,0.345866
1916,1718206795,2024-06-12 15:39 UTC,101344,205631,7.22943,10.2052,0.169974,0.267992,0.0273743,0.36424,0.321804,0.0880189,0.174964,0.114686,0.362935
1917,1718207095,2024-06-12 15:44 UTC,101283,205526,7.24822,10.2056,0.176164,0.274238,0.0282713,0.372679,0.321976,0.0884289,0.174978,0.122477,0.380985
1918,1718207395,2024-06-12 15:49 UTC,101219,205422,7.26705,10.206,0.182357,0.280486,0.0293647,0.332293,0.322107,0.0888362,0.174992,0.130368,0.399883
1919,1718207695,2024-06-12 15:54 UTC,101143,205319,7.28591,10.2064,0.188552,0.286735,0.0307025,0.337595,0.322133,0.0892391,0.175006,0.138117,0.417903
1920,1718207995,2024-06-12 15:59 UTC,101075,205216,7.30482,10.2068,0.194748,0.292985,0.0321298,0.35252,0.322291,0.0896424,0.175021,0.146058,0.437727
1921,1718208295,2024-06-12 16:04 UTC,101001,205114,7.32375,10.2073,0.198307,0.296084,0.0335127,0.36716,0.322324,0.0900488,0.175035,0.149716,0.447237
1922,1718208595,2024-06-12 16:09 UTC,100932,205013,7.34273,10.2077,0.201822,0.299129,0.0346663,0.376539,0.322479,0.0904642,0.175051,0.153744,0.457112
1923,1718208895,2024-06-12 16:14 UTC,100868,204912,7.36174,10.2081,0.205337,0.302174,0.0356785,0.382298,0.322634,0.0908846,0.175066,0.158066,0.466835
1924,1718209195,2024-06-12 16:19 UTC,100791,204812,7.38078,10.2086,0.208853,0.30522,0.0366697,0.386395,0.322694,0.0913082,0.175081,0.162522,0.476849
1925,1718209495,2024-06-12 16:24 UTC,100717,204712,7.39986,10.209,0.212369,0.308267,0.0378028,0.39017,0.322825,0.0917301,0.175097,0.166713,0.486696
1926,1718209795,2024-06-12 16:29 UTC,100644,204613,7.41898,10.2095,0.215885,0.311388,0.0391131,0.39427,0.322987,0.0921485,0.175112,0.170606,0.496732
1927,1718210095,2024-06-12 16:34 UTC,100576,204515,7.43813,10.21,0.219402,0.31455,0.0403163,0.399004,0.323139,0.0925727,0.175128,0.174772,0.506961
1928,1718210395,2024-06-12 16:39 UTC,100508,204417,7.45731,10.2104,0.222919,0.317714,0.0415479,0.404424,0.323273,0.0929978,0.175145,0.178923,0.517239
1929,1718210695,2024-06-12 16:44 UTC,100437,204320,7.47653,10.2109,0.226436,0.320878,0.0429087,0.414468,0.323446,0.0934214,0.175161,0.182902,0.527547
1930,1718210995,2024-06-12 16:49 UTC,100363,204223,7.49578,10.2114,0.229954,0.324042,0.0443412,0.424637,0.323561,0.0938458,0.175177,0.186827,0.538156
1931,1718211295,2024-06-12 16:54 UTC,100296,204127,7.51506,10.2119,0.233472,0.327208,0.0459664,0.433367,0.323747,0.0942665,0.175194,0.190438,0.548589
1932,1718211595,2024-06-12 16:59 UTC,100222,204032,7.53438,10.2124,0.23699,0.330373,0.0476666,0.358568,0.323897,0.0946872,0.175211,0.193978,0.559507
1933,1718211895,2024-06-12 17:04 UTC,100150,203937,7.55373,10.2129,0.237851,0.330861,0.0489807,0.364385,0.324081,0.0951212,0.175228,0.193186,0.561031
1934,1718212195,2024-06-12 17:09 UTC,100077,203842,7.57311,10.2134,0.238668,0.331309,0.0499945,0.374362,0.324243,0.0955649,0.175245,0.19276,0.56266
1935,1718212495,2024-06-12 17:14 UTC,100008,203748,7.59252,10.2139,0.239486,0.331763,0.050777,0.382403,0.324529,0.0960187,0.175262,0.192846,0.564288
1936,1718212795,2024-06-12 17:19 UTC,99944.2,203655,7.61197,10.2144,0.240306,0.332224,0.0514783,0.392147,0.324776,0.0964759,0.175281,0.192935,0.565802
1937,1718213095,2024-06-12 17:24 UTC,99865.6,203563,7.63144,10.2149,0.241127,0.332733,0.0522044,0.40161,0.324968,0.0969359,0.175298,0.193189,0.567243
1938,1718213395,2024-06-12 17:29 UTC,99801.2,203470,7.65095,10.2154,0.24195,0.333373,0.0528585,0.41059,0.325198,0.0974007,0.175316,0.193538,0.568877
1939,1718213695,2024-06-12 17:34 UTC,99729.1,203379,7.67048,10.216,0.242775,0.334019,0.0535348,0.418953,0.325446,0.0978659,0.175334,0.193797,0.570462
1940,1718213995,2024-06-12 17:39 UTC,99666.9,203288,7.69005,10.2165,0.2436,0.334673,0.0542794,0.426617,0.325723,0.0983309,0.175353,0.193869,0.572375
1941,1718214295,2024-06-12 17:44 UTC,99589.3,203197,7.70964,10.217,0.244427,0.335335,0.0547656,0.433547,0.325909,0.0988064,0.175371,0.194501,0.573983
1942,1718214595,2024-06-12 17:49 UTC,99524.3,203107,7.72927,10.2176,0.245256,0.336009,0.0552655,0.43974,0.326132,0.099285,0.17539,0.195128,0.575652
1943,1718214895,2024-06-12 17:54 UTC,99459.6,203018,7.74892,10.2181,0.246086,0.336872,0.0559053,0.445222,0.326343,0.0997619,0.175409,0.195548,0.57833
1944,1718215195,2024-06-12 17:59 UTC,99382.6,202929,7.7686,10.2187,0.246917,0.337785,0.0565806,0.450037,0.326596,0.100239,0.175428,0.19579,0.580125
1945,1718215495,2024-06-12 18:04 UTC,99320,202892,7.77435,10.1946,0.245356,0.335705,0.0570203,0.453963,0.326819,0.100385,0.174601,0.191929,0.57253
1946,1718215795,2024-06-12 18:09 UTC,99245.6,202864,7.77987,10.1712,0.243756,0.333578,0.0571939,0.456831,0.327021,0.100535,0.173801,0.188477,0.565085
1947,1718216095,2024-06-12 18:14 UTC,99174,202836,7.78541,10.1479,0.242156,0.331453,0.0571566,0.472157,0.32726,0.100692,0.173006,0.185533,0.557189
1948,1718216395,2024-06-12 18:19 UTC,99112.7,202810,7.79096,10.1613,0.240557,0.329332,0.057028,0.460121,0.327459,0.100857,0.172213,0.182813,0.549333
1949,1718216695,2024-06-12 18:24 UTC,99039.6,202785,7.79653,10.1844,0.23896,0.327214,0.0569071,0.460785,0.327615,0.101021,0.171422,0.179965,0.542456
1950,1718216995,2024-06-12 18:29 UTC,98972.5,202761,7.80211,10.2076,0.237363,0.3251,0.0566231,0.460929,0.327741,0.101193,0.17064,0.177476,0.534738
1951,1718217295,2024-06-12 18:34 UTC,98904.4,202738,7.80771,10.2308,0.235767,0.322989,0.0560584,0.460611,0.327925,0.101374,0.169861,0.175468,0.52731
1952,1718217595,2024-06-12 18:39 UTC,98836.3,202716,7.81333,10.254,0.234172,0.320881,0.0555626,0.459903,0.328145,0.101554,0.169084,0.1733,0.520096
1953,1718217895,2024-06-12 18:44 UTC,98763,202696,7.81896,10.2772,0.232578,0.318777,0.055116,0.458844,0.328267,0.101736,0.168315,0.171087,0.513091
1954,1718218195,2024-06-12 18:49 UTC,98696.1,202677,7.8246,10.3003,0.230986,0.316677,0.0547986,0.457447,0.328427,0.101915,0.167554,0.168674,0.506033
1955,1718218495,2024-06-12 18:54 UTC,98632.5,202659,7.83026,10.3235,0.229394,0.314581,0.0546039,0.455767,0.328596,0.102092,0.167691,0.166063,0.499065
1956,1718218795,2024-06-12 18:59 UTC,98561,202642,7.83594,10.3467,0.227803,0.312488,0.0541096,0.474199,0.328752,0.102279,0.168362,0.163868,0.492106
1957,1718219095,2024-06-12 19:04 UTC,98492.1,202627,7.84163,10.3699,0.22452,0.307729,0.0534751,0.468386,0.328869,0.102473,0.169037,0.159067,0.47844
1958,1718219395,2024-06-12 19:09 UTC,98431.9,202612,7.84733,10.3931,0.22121,0.302929,0.0528802,0.448293,0.328957,0.102666,0.169714,0.154103,0.464704
1959,1718219695,2024-06-12 19:14 UTC,98368,202599,7.85306,10.4163,0.2179,0.298134,0.0519101,0.443922,0.329135,0.102873,0.170395,0.14992,0.451427
1960,1718219995,2024-06-12 19:19 UTC,98300.3,202587,7.85879,10.4394,0.214592,0.293495,0.0510421,0.433038,0.329268,0.103079,0.171078,0.145579,0.438211
1961,1718220295,2024-06-12 19:24 UTC,98235.6,202576,7.86455,10.4626,0.211285,0.288944,0.0501861,0.435422,0.329397,0.103287,0.171765,0.141243,0.425369
1962,1718220595,2024-06-12 19:29 UTC,98171.6,202566,7.87031,10.4858,0.207979,0.284405,0.0492967,0.464394,0.329517,0.103497,0.172454,0.137005,0.412596
1963,1718220895,2024-06-12 19:34 UTC,98110,202557,7.87609,10.509,0.204675,0.279873,0.0483251,0.425586,0.329609,0.103712,0.173146,0.132972,0.399967
1964,1718221195,2024-06-12 19:39 UTC,98048.4,202550,7.88189,10.5322,0.201372,0.275348,0.0475028,0.41883,0.329746,0.103925,0.173841,0.128849,0.387646
1965,1718221495,2024-06-12 19:44 UTC,97979,202543,7.8877,10.5554,0.19807,0.270829,0.0464992,0.412273,0.32978,0.104145,0.174539,0.124995,0.37549
1966,1718221795,2024-06-12 19:49 UTC,97930.6,202538,7.89353,10.5786,0.19477,0.266372,0.0455106,0.406324,0.329953,0.104367,0.17524,0.121243,0.363568
1967,1718222095,2024-06-12 19:54 UTC,97866,202533,7.89938,10.6018,0.191472,0.262041,0.0447569,0.431724,0.330046,0.104583,0.175945,0.11717,0.351547
1968,1718222395,2024-06-12 19:59 UTC,97803.7,202530,7.90523,10.625,0.188176,0.257715,0.0439345,0.407071,0.330108,0.104802,0.176652,0.11321,0.340198
1969,1718222695,2024-06-12 20:04 UTC,97752.6,202528,7.91111,10.6481,0.184681,0.253588,0.0430191,0.39174,0.330236,0.105027,0.177361,0.109237,0.32928
1970,1718222995,2024-06-12 20:09 UTC,97689.8,202527,7.91699,10.6713,0.181185,0.249474,0.0421197,0.387606,0.330325,0.105253,0.178145,0.105344,0.318838
1971,1718223295,2024-06-12 20:14 UTC,97636,202526,7.9229,10.6945,0.177693,0.245369,0.0413062,0.383644,0.330414,0.105478,0.178958,0.101418,0.308338
1972,1718223595,2024-06-12 20:19 UTC,97577.8,202527,7.92882,10.7177,0.174203,0.241274,0.0403967,0.37977,0.330515,0.105707,0.179772,0.0976239,0.298139
1973,1718223895,2024-06-12 20:24 UTC,97523.7,202529,7.93475,10.7409,0.170716,0.237189,0.0395028,0.376408,0.330621,0.105939,0.180588,0.0939885,0.287988
1974,1718224195,2024-06-12 20:29 UTC,97467.3,202532,7.9407,10.7641,0.167233,0.233115,0.0388771,0.335948,0.330707,0.106164,0.181407,0.0900166,0.278248
1975,1718224495,2024-06-12 20:34 UTC,97410.7,202536,7.94666,10.7873,0.163753,0.229052,0.0381393,0.321979,0.330778,0.106395,0.182227,0.0863369,0.268644
1976,1718224795,2024-06-12 20:39 UTC,97349.4,202541,7.95264,10.8105,0.160277,0.225002,0.0372879,0.319045,0.330808,0.10663,0.183049,0.082877,0.259123
1977,1718225095,2024-06-12 20:44 UTC,97297.9,202547,7.95863,10.8337,0.156804,0.220964,0.0366121,0.31611,0.330907,0.106864,0.183872,0.0793382,0.249966
1978,1718225395,2024-06-12 20:49 UTC,97245.6,202555,7.96464,10.8569,0.153336,0.21694,0.035882,0.312867,0.330936,0.1071,0.184698,0.0759128,0.240898
1979,1718225695,2024-06-12 20:54 UTC,97191,202563,7.97066,10.8801,0.149872,0.21293,0.0353118,0.300124,0.331012,0.107333,0.185526,0.0724034,0.231835
1980,1718225995,2024-06-12 20:59 UTC,97137.5,202572,7.9767,10.9033,0.146413,0.208935,0.0346676,0.313077,0.331081,0.10757,0.186355,0.0690189,0.223222
1981,1718226295,2024-06-12 21:04 UTC,97081.2,202608,7.96231,10.8834,0.144015,0.206667,0.0341234,0.323868,0.331096,0.107232,0.185772,0.066898,0.218434
1982,1718226595,2024-06-12 21:09 UTC,97025.5,202649,7.94759,10.8628,0.141637,0.204428,0.0335823,0.33261,0.331142,0.106887,0.185167,0.0648354,0.213644
1983,1718226895,2024-06-12 21:14 UTC,96975.9,202690,7.93287,10.8422,0.139259,0.202189,0.0331572,0.339489,0.331235,0.106539,0.184563,0.0626695,0.20903
1984,1718227195,2024-06-12 21:19 UTC,96920.8,202734,7.91817,10.8215,0.136883,0.200064,0.0326801,0.344733,0.331223,0.106194,0.183961,0.0606332,0.204358
1985,1718227495,2024-06-12 21:24 UTC,96866.3,202778,7.90347,10.801,0.134509,0.198006,0.0322286,0.348587,0.331267,0.105849,0.18336,0.0585995,0.199747
1986,1718227794,2024-06-12 21:29 UTC,96812.2,202824,7.88884,10.7804,0.132143,0.195955,0.0318852,0.351282,0.33132,0.105503,0.182762,0.0564491,0.195283
1987,1718228094,2024-06-12 21:34 UTC,96760.1,202871,7.87416,10.7599,0.129772,0.193898,0.0315104,0.353031,0.331355,0.105159,0.182164,0.0544361,0.190801
1988,1718228394,2024-06-12 21:39 UTC,96706.2,202919,7.8595,10.7393,0.127401,0.191842,0.0310623,0.354018,0.331383,0.104818,0.181567,0.0525389,0.186576
1989,1718228694,2024-06-12 21:44 UTC,96656.6,202968,7.84484,10.7187,0.125033,0.189786,0.0306011,0.354398,0.33143,0.104478,0.180972,0.0506703,0.18215
1990,1718228994,2024-06-12 21:49 UTC,96601.6,203019,7.8302,10.6982,0.122666,0.187731,0.0302954,0.354298,0.331409,0.104136,0.180378,0.0487495,0.177769
1991,1718229294,2024-06-12 21:54 UTC,96557.8,203070,7.81557,10.6776,0.120302,0.185676,0.0299544,0.35382,0.331511,0.103795,0.179785,0.0468699,0.173704
1992,1718229594,2024-06-12 21:59 UTC,96511.3,203123,7.80095,10.6571,0.117939,0.183622,0.0295794,0.353048,0.331579,0.103457,0.179194,0.0450344,0.169947
1993,1718229894,2024-06-12 22:04 UTC,96464.9,203177,7.78635,10.6366,0.117175,0.182992,0.0292231,0.35225,0.331577,0.10312,0.178605,0.0446679,0.168884
1994,1718230194,2024-06-12 22:09 UTC,96411,203232,7.77175,10.6161,0.116445,0.182399,0.0290642,0.351622,0.331573,0.102777,0.178017,0.044156,0.167917
1995,1718230494,2024-06-12 22:14 UTC,96361.2,203289,7.75717,10.5956,0.115718,0.181813,0.0289422,0.351117,0.331536,0.102435,0.17743,0.0436317,0.166832
1996,1718230794,2024-06-12 22:19 UTC,96318.1,203346,7.74259,10.5751,0.114992,0.181234,0.0288577,0.350694,0.331612,0.102093,0.176844,0.043038,0.165669
1997,1718231094,2024-06-12 22:24 UTC,96270.6,203405,7.72803,10.5546,0.114269,0.180663,0.0287762,0.350245,0.331652,0.101752,0.176541,0.0425062,0.164767
1998,1718231394,2024-06-12 22:29 UTC,96218,203465,7.71349,10.5342,0.113549,0.180098,0.0286882,0.349622,0.33163,0.101413,0.176304,0.0419608,0.165531
1999,1718231694,2024-06-12 22:34 UTC,96174.5,203526,7.69896,10.5137,0.11283,0.179542,0.0285431,0.348806,0.331616,0.101078,0.176072,0.0414945,0.166012
2000,1718231994,2024-06-12 22:39 UTC,96133.6,203588,7.68444,10.4933,0.112114,0.178993,0.0283848,0.347529,0.331694,0.100743,0.17584,0.0410379,0.165665
2001,1718232294,2024-06-12 22:44 UTC,96085,203651,7.66993,10.473,0.1114,0.178451,0.0281713,0.303755,0.331739,0.100411,0.175606,0.0406134,0.160978
2002,1718232594,2024-06-12 22:49 UTC,96042.8,203715,7.65544,10.4528,0.110689,0.177917,0.0279909,0.312247,0.331719,0.10008,0.17537,0.0401584,0.160205
2003,1718232894,2024-06-12 22:54 UTC,95999.2,203780,7.64096,10.4325,0.10998,0.177391,0.0278462,0.318641,0.331723,0.0997481,0.175136,0.0397007,0.159092
2004,1718233194,2024-06-12 22:59 UTC,95955.7,203847,7.6265,10.4123,0.109274,0.176872,0.0276904,0.323248,0.331769,0.0994181,0.174906,0.0392483,0.158267
2005,1718233494,2024-06-12 23:04 UTC,95909.6,203914,7.61205,10.3921,0.110199,0.1773,0.0276132,0.326607,0.331778,0.0990867,0.17467,0.0399836,0.159036
2006,1718233794,2024-06-12 23:09 UTC,95867.6,203983,7.59761,10.3719,0.111158,0.177749,0.0275847,0.329135,0.331802,0.0987557,0.174431,0.0407584,0.159748
2007,1718234094,2024-06-12 23:14 UTC,95829.7,204053,7.58319,10.3517,0.112118,0.178201,0.027641,0.330989,0.331888,0.0984243,0.174206,0.0414935,0.16062
2008,1718234394,2024-06-12 23:19 UTC,95783.4,204123,7.56879,10.3315,0.11308,0.178656,0.027631,0.332225,0.331879,0.0980947,0.17398,0.0422455,0.201607
2009,1718234694,2024-06-12 23:24 UTC,95745,204195,7.5544,10.3114,0.114044,0.179113,0.027577,0.333142,0.331955,0.0977678,0.173752,0.043059,0.187783
2010,1718234994,2024-06-12 23:29 UTC,95703.8,204268,7.54003,10.2914,0.115008,0.179573,0.0275505,0.333696,0.331945,0.0974409,0.173514,0.0438436,0.167853
2011,1718235294,2024-06-12 23:34 UTC,95660.3,204341,7.52567,10.2715,0.115974,0.180036,0.0275117,0.333958,0.331967,0.0971161,0.173278,0.0446853,0.179084
2012,1718235594,2024-06-12 23:39 UTC,95620.9,204416,7.51133,10.2516,0.116941,0.180501,0.0274777,0.258755,0.332016,0.0967923,0.173067,0.0455382,0.164637
2013,1718235894,2024-06-12 23:44 UTC,95577.6,204492,7.497,10.2316,0.11791,0.180968,0.0274971,0.262395,0.332031,0.0964694,0.172846,0.0463879,0.165495
2014,1718236194,2024-06-12 23:49 UTC,95535.3,204568,7.4827,10.2117,0.118879,0.181438,0.0274385,0.27092,0.331997,0.0961492,0.172617,0.0472838,0.166404
2015,1718236494,2024-06-12 23:54 UTC,95496.4,204646,7.46841,10.1922,0.11985,0.181911,0.0274322,0.279247,0.332071,0.0958272,0.172394,0.0481235,0.167334
2016,1718236794,2024-06-12 23:59 UTC,95458.2,204725,7.45414,10.1739,0.120822,0.182386,0.0273751,0.28867,0.332095,0.0955087,0.172157,0.0490386,0.168639
2017,1718237094,2024-06-13 00:04 UTC,95425.1,204864,7.40806,10.117,0.123239,0.18477,0.0272841,0.29515,0.33215,0.0943819,0.169892,0.0514509,0.172943
2018,1718237394,2024-06-13 00:09 UTC,95392.7,205012,7.36139,10.0612,0.125688,0.1872,0.0271833,0.301243,0.33218,0.0932505,0.167752,0.0539511,0.177502
2019,1718237694,2024-06-13 00:14 UTC,95361.8,205160,7.31478,10.0055,0.128141,0.189638,0.0270597,0.306886,0.332209,0.0921334,0.16564,0.0565745,0.18228
2020,1718237994,2024-06-13 00:19 UTC,95331.9,205310,7.26822,9.94981,0.130597,0.192084,0.0269414,0.311787,0.332278,0.0910297,0.163538,0.0592721,0.186835
2021,1718238294,2024-06-13 00:24 UTC,95311.9,205462,7.22173,9.89418,0.133056,0.194536,0.026842,0.316134,0.332328,0.0899377,0.161451,0.0620071,0.191741
2022,1718238594,2024-06-13 00:29 UTC,95290,205614,7.1753,9.83885,0.135518,0.196995,0.0267865,0.319961,0.33238,0.0888574,0.159377,0.0647589,0.196582
2023,1718238894,2024-06-13 00:34 UTC,95272.7,205768,7.12894,9.78361,0.137982,0.199461,0.0268071,0.323311,0.332449,0.0877884,0.157319,0.0675225,0.201576
2024,1718239194,2024-06-13 00:39 UTC,95256.3,205924,7.08266,9.72841,0.140449,0.201933,0.0268246,0.326236,0.332534,0.0867317,0.155398,0.0703499,0.206584
2025,1718239494,2024-06-13 00:44 UTC,95242,206080,7.03645,9.67325,0.142919,0.204412,0.026885,0.33202,0.332619,0.0856882,0.154684,0.0732246,0.211839
2026,1718239794,2024-06-13 00:49 UTC,95234.2,206238,6.99032,9.64491,0.145391,0.206896,0.0269535,0.326312,0.332688,0.0846572,0.153949,0.0761372,0.216993
2027,1718240094,2024-06-13 00:54 UTC,95222.5,206398,6.94429,9.62364,0.147865,0.209386,0.0269919,0.28652,0.332699,0.08364,0.153207,0.0791754,0.222252
2028,1718240394,2024-06-13 00:59 UTC,95220.3,206559,6.89835,9.60243,0.150342,0.211881,0.0270834,0.276908,0.332794,0.0826351,0.152522,0.0821969,0.227639
2029,1718240694,2024-06-13 01:04 UTC,95213.6,206720,6.85253,9.58124,0.153781,0.216424,0.0272295,0.282609,0.33286,0.0816417,0.151832,0.0865161,0.237037
2030,1718240994,2024-06-13 01:09 UTC,95212.5,206883,6.80683,9.56006,0.157242,0.221015,0.0273414,0.287922,0.332946,0.0806617,0.151128,0.0910187,0.247016
2031,1718241294,2024-06-13 01:14 UTC,95209.8,207047,6.76128,9.53889,0.160705,0.225611,0.0274837,0.293073,0.333021,0.0796937,0.150426,0.0956221,0.257207
2032,1718241594,2024-06-13 01:19 UTC,95207.4,207213,6.71591,9.51773,0.164168,0.230212,0.0277337,0.302011,0.33313,0.0787353,0.149738,0.100134,0.26764
2033,1718241894,2024-06-13 01:24 UTC,95207.1,207379,6.67076,9.49659,0.167634,0.234817,0.0279878,0.318701,0.333225,0.0777899,0.149011,0.104754,0.278323
2034,1718242194,2024-06-13 01:29 UTC,95219.5,207547,6.6259,9.47546,0.1711,0.239427,0.0283322,0.332127,0.333394,0.0768553,0.148302,0.109415,0.289185
2035,1718242494,2024-06-13 01:34 UTC,95220,207716,6.58138,9.45434,0.174568,0.244041,0.0286498,0.342844,0.333435,0.0759335,0.147614,0.114192,0.305511
2036,1718242794,2024-06-13 01:39 UTC,95225.2,207886,6.53731,9.43323,0.178037,0.248659,0.0289864,0.316143,0.33356,0.0750248,0.146939,0.119063,0.316876
2037,1718243094,2024-06-13 01:44 UTC,95230.4,208058,6.49374,9.41214,0.181506,0.253281,0.0292276,0.320377,0.333709,0.0741301,0.146276,0.124205,0.364603
2038,1718243394,2024-06-13 01:49 UTC,95242.4,208230,6.45074,9.39106,0.184977,0.257906,0.0295158,0.324533,0.333835,0.073245,0.145579,0.129292,0.405356
2039,1718243694,2024-06-13 01:54 UTC,95253.8,208403,6.40833,9.36999,0.188449,0.262535,0.0298948,0.328625,0.333969,0.0723698,0.144927,0.134464,0.424198
2040,1718243994,2024-06-13 01:59 UTC,95271.6,208578,6.36651,9.34894,0.191922,0.267166,0.0304628,0.332665,0.334147,0.0715005,0.144215,0.139378,0.417815
2041,1718244294,2024-06-13 02:04 UTC,95283.7,208754,6.32531,9.3279,0.194977,0.271343,0.0308488,0.33838,0.334313,0.0706467,0.143516,0.143943,0.392503
2042,1718244594,2024-06-13 02:09 UTC,95304.1,208931,6.28473,9.30687,0.198027,0.275525,0.0311583,0.344096,0.334537,0.0698054,0.142828,0.148715,0.382966
2043,1718244894,2024-06-13 02:14 UTC,95308.3,209108,6.24477,9.28586,0.20108,0.279719,0.0315215,0.349343,0.334608,0.0689724,0.142122,0.153516,0.395021
2044,1718245194,2024-06-13 02:19 UTC,95331.7,209287,6.20544,9.26486,0.204136,0.283926,0.0319366,0.354171,0.334819,0.0681481,0.141457,0.15834,0.407497
2045,1718245494,2024-06-13 02:24 UTC,95356.1,209467,6.16673,9.24388,0.207195,0.288145,0.0323516,0.358628,0.33503,0.0673344,0.140774,0.163286,0.420317
2046,1718245794,2024-06-13 02:29 UTC,95375,209649,6.12863,9.2229,0.210257,0.292375,0.0328104,0.362775,0.335238,0.0665274,0.140088,0.168121,0.433307
2047,1718246094,2024-06-13 02:34 UTC,95393.9,209831,6.09116,9.20195,0.213321,0.296616,0.0332998,0.366708,0.335452,0.0657284,0.139391,0.173036,0.446524
2048,1718246394,2024-06-13 02:39 UTC,95409.6,210014,6.05429,9.181,0.216388,0.300867,0.0338287,0.370375,0.335642,0.0649372,0.138673,0.177966,0.459969
2049,1718246694,2024-06-13 02:44 UTC,95439.2,210198,6.01803,9.16007,0.219457,0.30513,0.0343305,0.373812,0.335893,0.0641551,0.137989,0.183095,0.473639
2050,1718246994,2024-06-13 02:49 UTC,95473.3,210383,5.98236,9.13916,0.222529,0.309404,0.0349319,0.377047,0.336132,0.0633781,0.137289,0.188047,0.487541
2051,1718247294,2024-06-13 02:54 UTC,95486.6,210570,5.94728,9.11825,0.225602,0.313687,0.0355117,0.380106,0.336268,0.0626096,0.136573,0.193065,0.501527
2052,1718247594,2024-06-13 02:59 UTC,95511.3,210757,5.91279,9.09737,0.228678,0.318088,0.036217,0.383012,0.336443,0.0618457,0.135871,0.197929,0.515991
2053,1718247894,2024-06-13 03:04 UTC,95548.1,210932,5.83322,9.00501,0.229765,0.319202,0.0368096,0.380438,0.336676,0.0602322,0.133001,0.198988,0.519628
2054,1718248194,2024-06-13 03:09 UTC,95593.2,211107,5.75297,8.91121,0.230811,0.320248,0.0369813,0.382624,0.336912,0.0586391,0.130194,0.200941,0.523024
2055,1718248494,2024-06-13 03:14 UTC,95634.8,211284,5.673,8.8174,0.231858,0.321294,0.0367998,0.384178,0.337116,0.0570806,0.127404,0.203516,0.526416
2056,1718248794,2024-06-13 03:19 UTC,95685.4,211460,5.59332,8.72534,0.232904,0.322341,0.0363189,0.381414,0.337279,0.055557,0.12519,0.206649,0.528791
2057,1718249094,2024-06-13 03:24 UTC,95753.1,211638,5.51397,8.65428,0.233951,0.323389,0.0358392,0.379188,0.337498,0.0540598,0.122985,0.209823,0.532211
2058,1718249394,2024-06-13 03:29 UTC,95820,211817,5.43495,8.58322,0.234998,0.324437,0.0352968,0.373898,0.337685,0.0525911,0.120819,0.213072,0.535641
2059,1718249694,2024-06-13 03:34 UTC,95895.5,211996,5.35629,8.51216,0.236046,0.325486,0.0346301,0.373423,0.337874,0.0511513,0.118736,0.216595,0.539732
2060,1718249994,2024-06-13 03:39 UTC,95974.7,212177,5.278,8.4411,0.237093,0.326536,0.0339365,0.372142,0.338064,0.0497393,0.1166,0.220322,0.543645
2061,1718250294,2024-06-13 03:44 UTC,96067.8,212358,5.2001,8.37004,0.238141,0.327586,0.0331656,0.370455,0.338263,0.0483556,0.114395,0.224162,0.547129
2062,1718250594,2024-06-13 03:49 UTC,96158.7,212540,5.1226,8.29899,0.239188,0.328637,0.0324026,0.368557,0.338388,0.0469978,0.112287,0.227942,0.550626
2063,1718250894,2024-06-13 03:54 UTC,96257.2,212722,5.04552,8.22793,0.240236,0.329689,0.0316316,0.366538,0.338582,0.0456648,0.110187,0.231709,0.554136
2064,1718251194,2024-06-13 03:59 UTC,96365.8,212906,4.96889,8.15687,0.241284,0.330741,0.0309027,0.364477,0.338789,0.0443575,0.108134,0.235481,0.557658
2065,1718251494,2024-06-13 04:04 UTC,96469.2,213090,4.89272,8.08582,0.239658,0.327624,0.0298383,0.36231,0.33902,0.0430829,0.106251,0.234133,0.547449
2066,1718251794,2024-06-13 04:09 UTC,96583.4,213276,4.81704,8.01476,0.237977,0.324423,0.0283438,0.35996,0.33919,0.0418431,0.104483,0.233659,0.537063
2067,1718252094,2024-06-13 04:14 UTC,96702.4,213461,4.74188,7.94371,0.236298,0.321223,0.0266445,0.360169,0.339378,0.0406327,0.102766,0.233598,0.526779
2068,1718252394,2024-06-13 04:19 UTC,96824.9,213648,4.66728,7.87265,0.234619,0.318026,0.0248473,0.361529,0.339535,0.0394505,0.101075,0.233846,0.51654
2069,1718252694,2024-06-13 04:24 UTC,96955.6,213836,4.59328,7.8016,0.232941,0.31483,0.0229956,0.362345,0.33971,0.0382935,0.0994091,0.234179,0.506309
2070,1718252994,2024-06-13 04:29 UTC,97084,214024,4.51992,7.73054,0.231263,0.311636,0.021125,0.362682,0.339868,0.0371609,0.0977645,0.23446,0.496335
2071,1718253294,2024-06-13 04:34 UTC,97213.2,214213,4.44725,7.65949,0.229587,0.308444,0.0191224,0.3626,0.339955,0.0360552,0.0961165,0.235106,0.486611
2072,1718253594,2024-06-13 04:39 UTC,97353.7,214403,4.37535,7.58844,0.227911,0.305253,0.0172783,0.362152,0.340092,0.0349708,0.0944588,0.235417,0.47685
2073,1718253894,2024-06-13 04:44 UTC,97496.9,214593,4.30428,7.51739,0.226236,0.302065,0.0154588,0.361387,0.340229,0.0339104,0.0928606,0.235676,0.467149
2074,1718254194,2024-06-13 04:49 UTC,97644.8,214785,4.23414,7.44634,0.224562,0.299104,0.0138334,0.360348,0.340398,0.0328694,0.0912371,0.235524,0.457424
2075,1718254494,2024-06-13 04:54 UTC,97789.4,214977,4.16503,7.37529,0.222889,0.296183,0.0123169,0.359094,0.340457,0.0318499,0.089629,0.235155,0.448096
2076,1718254794,2024-06-13 04:59 UTC,97943.2,215169,4.0971,7.30424,0.221217,0.293264,0.0109479,0.357668,0.340579,0.0308514,0.0880585,0.234446,0.438876
2077,1718255094,2024-06-13 05:04 UTC,98094.6,215363,4.0305,7.2332,0.217046,0.287563,0.00941694,0.355984,0.340634,0.0298782,0.0865086,0.228695,0.422043
2078,1718255394,2024-06-13 05:09 UTC,98254,215557,3.96544,7.16226,0.212826,0.281806,0.00776228,0.353966,0.34069,0.0289287,0.0849831,0.223129,0.4054
2079,1718255694,2024-06-13 05:14 UTC,98411.2,215752,3.90212,7.09136,0.208607,0.276049,0.00617182,0.351655,0.340713,0.0279996,0.083485,0.21748,0.389209
2080,1718255994,2024-06-13 05:19 UTC,98574.5,215947,3.84068,7.02046,0.20439,0.270293,0.0048185,0.34909,0.34076,0.0270868,0.0819869,0.21138,0.375488
2081,1718256294,2024-06-13 05:24 UTC,98744.6,216144,3.78123,6.94956,0.200175,0.265114,0.00372952,0.34635,0.340807,0.0261886,0.0804885,0.204829,0.362258
2082,1718256594,2024-06-13 05:29 UTC,98917.1,216341,3.72382,6.87866,0.195961,0.260294,0.0029073,0.343475,0.340832,0.0253039,0.0789739,0.197809,0.349251
2083,1718256894,2024-06-13 05:34 UTC,99086.6,216538,3.66846,6.80776,0.19175,0.255477,0.00219541,0.338977,0.340823,0.024435,0.0774693,0.190714,0.336434
2084,1718257194,2024-06-13 05:39 UTC,99260.2,216737,3.61514,6.73686,0.18754,0.250664,0.0016039,0.333072,0.340847,0.0235801,0.0759574,0.183478,0.323898
2085,1718257494,2024-06-13 05:44 UTC,99437.6,216936,3.56387,6.66596,0.183333,0.245854,0.00115535,0.329818,0.34085,0.0227382,0.0744409,0.176117,0.31159
2086,1718257794,2024-06-13 05:49 UTC,99617.6,217135,3.51457,6.59507,0.179128,0.241049,0.000860548,0.326445,0.340856,0.0219083,0.0729225,0.168615,0.299537
2087,1718258094,2024-06-13 05:54 UTC,99798.9,217336,3.46721,6.52417,0.174925,0.236249,0.000614736,0.32297,0.340852,0.0210914,0.0714092,0.161206,0.287699
2088,1718258394,2024-06-13 05:59 UTC,99982.6,217537,3.42178,6.45328,0.170725,0.231453,0.000464355,0.319408,0.340848,0.0202857,0.0698981,0.153792,0.276173
2089,1718258694,2024-06-13 06:04 UTC,100015,217528,3.36257,6.37661,0.16451,0.223899,0.000361182,0.309637,0.340869,0.0196202,0.0682731,0.143059,0.258577
2090,1718258994,2024-06-13 06:09 UTC,100031,217492,3.30336,6.29987,0.15826,0.216299,0.000269193,0.30554,0.340867,0.0189706,0.0666585,0.132545,0.241317
2091,1718259294,2024-06-13 06:14 UTC,100044,217447,3.24448,6.22319,0.152017,0.208709,0.000222891,0.301015,0.340859,0.0183345,0.0650548,0.12238,0.224744
2092,1718259594,2024-06-13 06:19 UTC,100058,217393,3.18596,6.14656,0.145782,0.201131,0.00019322,0.296138,0.340861,0.0177125,0.0634684,0.112606,0.208736
2093,1718259894,2024-06-13 06:24 UTC,100070,217329,3.12784,6.06999,0.139556,0.193566,0.000177589,0.290976,0.340854,0.0171043,0.0618994,0.103221,0.193403
2094,1718260194,2024-06-13 06:29 UTC,100082,217257,3.07017,5.99348,0.133341,0.186017,0.000174096,0.285584,0.340861,0.0165101,0.0603499,0.0942537,0.178593
2095,1718260494,2024-06-13 06:34 UTC,100093,217176,3.013,5.91703,0.127138,0.178484,0.000170897,0.280447,0.340868,0.0159299,0.0588209,0.0856984,0.164482
2096,1718260794,2024-06-13 06:39 UTC,100102,217087,2.95636,5.84064,0.120949,0.17097,0.000165951,0.275202,0.340871,0.0153636,0.0573125,0.0775595,0.150929
2097,1718261094,2024-06-13 06:44 UTC,100111,216988,2.90029,5.76871,0.114776,0.163478,0.000170235,0.26983,0.340871,0.0148112,0.0559099,0.0698529,0.138068
2098,1718261394,2024-06-13 06:49 UTC,100116,216881,2.84484,5.69701,0.108623,0.156011,0.000171231,0.264303,0.340864,0.0142725,0.0545288,0.0625564,0.12575
2099,1718261694,2024-06-13 06:54 UTC,100123,216765,2.79006,5.62538,0.102493,0.148572,0.000172818,0.269643,0.340865,0.0137474,0.053167,0.0556774,0.145417
2100,1718261994,2024-06-13 06:59 UTC,100127,216640,2.73602,5.55382,0.0963898,0.141166,0.000170066,0.286315,0.340867,0.0132357,0.0518236,0.0492138,0.184746
2101,1718262294,2024-06-13 07:04 UTC,100128,216507,2.68275,5.48233,0.0890688,0.132359,0.000206021,0.267694,0.34086,0.0127378,0.0504997,0.0420433,0.157391
2102,1718262594,2024-06-13 07:09 UTC,100130,216365,2.63032,5.41093,0.0817711,0.123578,0.000210865,0.250052,0.340859,0.0122527,0.0491935,0.0354165,0.136139
2103,1718262894,2024-06-13 07:14 UTC,100131,216214,2.57881,5.3396,0.0745362,0.115293,0.000192682,0.237473,0.340862,0.0117803,0.0479048,0.0293725,0.125254
2104,1718263194,2024-06-13 07:19 UTC,100131,216055,2.52831,5.26835,0.0673831,0.107794,0.000194159,0.226515,0.340866,0.0113209,0.0466354,0.0239492,0.117157
2105,1718263494,2024-06-13 07:24 UTC,100129,215887,2.47894,5.1972,0.0603385,0.100341,0.000198102,0.219019,0.34087,0.010874,0.0453846,0.0191294,0.101002
2106,1718263794,2024-06-13 07:29 UTC,100127,215710,2.43079,5.12613,0.0534401,0.092891,0.000193482,0.21174,0.340878,0.0104394,0.0441523,0.014903,0.100733
2107,1718264094,2024-06-13 07:34 UTC,100124,215525,2.384,5.05516,0.0467437,0.0854455,0.000182535,0.204294,0.34088,0.0100167,0.0429381,0.0112743,0.0764913
2108,1718264394,2024-06-13 07:39 UTC,100119,215331,2.33873,4.98428,0.0403348,0.0780052,0.000170042,0.196714,0.340883,0.0096056,0.0417425,0.00824287,0.0765477
2109,1718264694,2024-06-13 07:44 UTC,100114,215128,2.29512,4.91351,0.034359,0.0705718,0.000168275,0.189024,0.340881,0.00920584,0.0405649,0.00582086,0.0764215
2110,1718264994,2024-06-13 07:49 UTC,100107,214917,2.25327,4.87981,0.0291339,0.0631479,0.00017807,0.176826,0.34088,0.00881706,0.0400051,0.0040275,0.0707451
2111,1718265294,2024-06-13 07:54 UTC,100099,214697,2.21327,4.8659,0.0254504,0.0559653,0.000130879,0.143548,0.340883,0.00843806,0.0397772,0.00290837,0.0431834
2112,1718265594,2024-06-13 07:59 UTC,100091,214469,2.17526,4.85198,0.0239145,0.0530769,0.000149086,0.112281,0.340883,0.00806958,0.0395501,0.00254913,0.023773
2113,1718265894,2024-06-13 08:04 UTC,100081,214232,2.13937,4.83807,0.0241811,0.0516913,0.000149085,0.0331288,0.340885,0.00771025,0.0393236,0.0029318,0.0137608
2114,1718266194,2024-06-13 08:09 UTC,100070,213986,2.10568,4.82416,0.0261978,0.0528379,0.000184534,0.0130433,0.340884,0.00736006,0.0390978,0.00379344,0.0143204
2115,1718266494,2024-06-13 08:14 UTC,100059,213731,2.07422,4.81025,0.0301075,0.0566354,0.000223767,0.00988016,0.340891,0.00701803,0.0388727,0.00509724,0.0164136
2116,1718266794,2024-06-13 08:19 UTC,100048,213468,2.04497,4.79634,0.0353925,0.0613807,0.000283635,0.0108786,0.340891,0.0066837,0.0386482,0.00690408,0.0192207
2117,1718267094,2024-06-13 08:24 UTC,100035,213197,2.01788,4.78243,0.0414726,0.0668725,0.000367693,0.0121171,0.340893,0.00635644,0.0384243,0.00925511,0.0227572
2118,1718267394,2024-06-13 08:29 UTC,100021,212917,1.99287,4.76852,0.0480034,0.0731425,0.000490737,0.0131903,0.340894,0.00603576,0.0382011,0.012152,0.0271319
2119,1718267694,2024-06-13 08:34 UTC,100007,212628,1.96988,4.75461,0.0547893,0.0801077,0.000662113,0.0137976,0.340897,0.00572114,0.0379786,0.0155821,0.0323963
2120,1718267994,2024-06-13 08:39 UTC,99992.6,212330,1.94888,4.7407,0.0617333,0.0874143,0.000907907,0.0151612,0.340906,0.00541222,0.0377567,0.0195165,0.0384317
2121,1718268294,2024-06-13 08:44 UTC,99977.2,212024,1.92981,4.72679,0.0687837,0.0949836,0.00124554,0.019231,0.34091,0.00510871,0.0375355,0.0239242,0.0451213
2122,1718268594,2024-06-13 08:49 UTC,99964.6,211710,1.91261,4.71289,0.0759097,0.102757,0.0016879,0.0237482,0.340934,0.00481026,0.037315,0.0287688,0.0524934
2123,1718268894,2024-06-13 08:54 UTC,99951,211386,1.89726,4.69898,0.0830916,0.110697,0.00230327,0.0281949,0.340983,0.00451702,0.0370951,0.0339671,0.0602537
2124,1718269194,2024-06-13 08:59 UTC,99938.7,211054,1.88371,4.68508,0.090316,0.118771,0.00318057,0.0333094,0.341011,0.00422948,0.0368758,0.0393882,0.0682997
2125,1718269494,2024-06-13 09:04 UTC,99855.6,210811,1.83697,4.60317,0.0956429,0.125241,0.00439778,0.0389117,0.341025,0.00392487,0.0355978,0.0430838,0.0743099
2126,1718269794,2024-06-13 09:09 UTC,99778,210572,1.7901,4.52026,0.100947,0.131887,0.0059695,0.0444946,0.341082,0.00363362,0.0343271,0.0465458,0.0799811
2127,1718270094,2024-06-13 09:14 UTC,99697.2,210328,1.74384,4.43778,0.106266,0.13858,0.00784344,0.0500616,0.34115,0.00335569,0.0330857,0.049828,0.0852637
2128,1718270394,2024-06-13 09:19 UTC,99617,210080,1.69826,4.37609,0.111596,0.145311,0.0100092,0.0556156,0.341221,0.00309081,0.0321723,0.0529108,0.0918281
2129,1718270694,2024-06-13 09:24 UTC,99535.6,209827,1.65346,4.35483,0.116937,0.152076,0.0124449,0.0611591,0.341315,0.0028387,0.0318605,0.0557929,0.100822
2130,1718270994,2024-06-13 09:29 UTC,99455.1,209570,1.60953,4.344,0.122288,0.15887,0.0150907,0.0666943,0.341416,0.00259889,0.0317021,0.0585361,0.110235
2131,1718271294,2024-06-13 09:34 UTC,99368.9,209309,1.56662,4.34871,0.127646,0.165689,0.0179266,0.0722232,0.341519,0.00237136,0.0317709,0.0611587,0.120042
2132,1718271594,2024-06-13 09:39 UTC,99294.1,209043,1.52486,4.35413,0.133012,0.172536,0.0209203,0.0783908,0.341736,0.00215578,0.0318502,0.0636904,0.130357
2133,1718271894,2024-06-13 09:44 UTC,99204.7,208772,1.48444,4.35971,0.138383,0.179479,0.0240828,0.0872875,0.34183,0.00195247,0.0319319,0.0660992,0.141126
2134,1718272194,2024-06-13 09:49 UTC,99134.5,208498,1.44545,4.36535,0.143761,0.186449,0.0274231,0.0937737,0.342035,0.00176143,0.0320145,0.068391,0.152289
2135,1718272494,2024-06-13 09:54 UTC,99056.4,208219,1.40794,4.37103,0.149143,0.193433,0.0309333,0.101484,0.342264,0.00158289,0.0320979,0.0705392,0.163858
2136,1718272794,2024-06-13 09:59 UTC,98976.4,207935,1.37197,4.37676,0.15453,0.200431,0.0344842,0.109944,0.34246,0.00141652,0.0321821,0.0727041,0.175841
2137,1718273094,2024-06-13 10:04 UTC,98896,207647,1.33767,4.38254,0.15697,0.204039,0.0379051,0.116838,0.342653,0.00126273,0.0322672,0.0715868,0.179751
2138,1718273394,2024-06-13 10:09 UTC,98822.4,207354,1.30519,4.38838,0.159352,0.20758,0.0410101,0.125664,0.34295,0.00112208,0.0323532,0.0708401,0.18354
2139,1718273694,2024-06-13 10:14 UTC,98744.2,207058,1.27469,4.39426,0.161737,0.211123,0.0439395,0.13142,0.343187,0.000997139,0.03244,0.0703151,0.202094
2140,1718273994,2024-06-13 10:19 UTC,98670.3,206757,1.24616,4.40019,0.164123,0.214669,0.0468136,0.137455,0.343504,0.000890892,0.0325276,0.0698801,0.206227
2141,1718274294,2024-06-13 10:24 UTC,98598,206451,1.21961,4.40617,0.166513,0.218216,0.0495242,0.143501,0.343785,0.00080574,0.0326162,0.0696931,0.212061
2142,1718274594,2024-06-13 10:29 UTC,98531.4,206142,1.19515,4.4122,0.168904,0.221766,0.0520766,0.149571,0.344183,0.000745011,0.0327055,0.0697193,0.200262
2143,1718274894,2024-06-13 10:34 UTC,98451.8,205828,1.17288,4.41828,0.171297,0.225317,0.0544283,0.152617,0.344463,0.00071102,0.0327956,0.0700109,0.2057
2144,1718275194,2024-06-13 10:39 UTC,98384.4,205510,1.15285,4.42441,0.173693,0.22887,0.0566418,0.161165,0.344831,0.000704079,0.0328867,0.0704928,0.20931
2145,1718275494,2024-06-13 10:44 UTC,98316.9,205187,1.1352,4.43059,0.17609,0.232425,0.0587545,0.167027,0.345243,0.00072234,0.0329786,0.0710945,0.219839
2146,1718275794,2024-06-13 10:49 UTC,98248,204860,1.12011,4.43681,0.17849,0.235981,0.0608683,0.171392,0.345617,0.000761468,0.0330713,0.071704,0.221303
2147,1718276094,2024-06-13 10:54 UTC,98181.4,204530,1.10788,4.44309,0.180891,0.239539,0.0629825,0.177849,0.346017,0.000816562,0.0331649,0.0723419,0.244219
2148,1718276394,2024-06-13 10:59 UTC,98109.9,204194,1.09883,4.44941,0.183293,0.243098,0.0649952,0.182764,0.346427,0.000883189,0.0332594,0.0730821,0.262755
2149,1718276694,2024-06-13 11:04 UTC,98051.3,203855,1.09331,4.45578,0.182771,0.2424,0.0667362,0.185168,0.34689,0.000958825,0.0333547,0.0707827,0.223815
2150,1718276994,2024-06-13 11:09 UTC,97982,203512,1.09179,4.4622,0.18219,0.241615,0.0682042,0.187598,0.347349,0.00104141,0.0334508,0.0687381,0.224395
2151,1718277294,2024-06-13 11:14 UTC,97922.5,203164,1.09458,4.46866,0.181609,0.24083,0.0694388,0.189605,0.347814,0.0011297,0.0335478,0.0670318,0.224847
2152,1718277594,2024-06-13 11:19 UTC,97863.7,202813,1.10157,4.47517,0.18103,0.240045,0.070405,0.191432,0.348292,0.00122359,0.0336456,0.0656452,0.219476
2153,1718277894,2024-06-13 11:24 UTC,97807.4,202457,1.11271,4.48173,0.180451,0.239261,0.0711906,0.19317,0.348742,0.00132303,0.0337443,0.0644434,0.215107
2154,1718278194,2024-06-13 11:29 UTC,97747.3,202097,1.12807,4.48833,0.179873,0.238476,0.0718289,0.19414,0.349211,0.00142843,0.0338438,0.0633806,0.215172
2155,1718278494,2024-06-13 11:34 UTC,97695.9,201734,1.14754,4.49499,0.179296,0.237692,0.0723765,0.195049,0.349675,0.00154043,0.0339442,0.0624214,0.206949
2156,1718278794,2024-06-13 11:39 UTC,97640.5,201366,1.17054,4.50168,0.178719,0.236908,0.0727821,0.195885,0.350133,0.00166004,0.0340455,0.0615753,0.202136
2157,1718279094,2024-06-13 11:44 UTC,97595.3,200995,1.1965,4.50843,0.178144,0.236124,0.073112,0.197764,0.3506,0.00178807,0.0341475,0.0607983,0.200975
2158,1718279394,2024-06-13 11:49 UTC,97543.4,200620,1.22497,4.51522,0.177569,0.235341,0.0733072,0.199336,0.35104,0.00192529,0.0342505,0.0601195,0.206072
2159,1718279694,2024-06-13 11:54 UTC,97499.2,200241,1.25554,4.52205,0.176996,0.234557,0.0734338,0.200985,0.351493,0.00207197,0.0343542,0.0595312,0.202437
2160,1718279994,2024-06-13 11:59 UTC,97455.1,199859,1.28794,4.52893,0.176423,0.233774,0.0735322,0.202695,0.351896,0.00222826,0.0344589,0.0589437,0.199646
2161,1718280294,2024-06-13 12:04 UTC,97455.4,199531,1.28306,4.47939,0.173044,0.228935,0.0734595,0.204301,0.352346,0.00224158,0.033709,0.055792,0.191047
2162,1718280594,2024-06-13 12:09 UTC,97456.3,199206,1.27819,4.4287,0.16962,0.224017,0.0731141,0.205606,0.352802,0.00225324,0.0329505,0.0529204,0.182926
2163,1718280894,2024-06-13 12:14 UTC,97462.7,198878,1.27414,4.37802,0.166209,0.219102,0.0725481,0.206024,0.353246,0.00226623,0.0322007,0.050333,0.175328
2164,1718281194,2024-06-13 12:19 UTC,97472.3,198549,1.27095,4.32736,0.162812,0.214191,0.0718583,0.207229,0.353703,0.00228018,0.0314598,0.0479197,0.180377
2165,1718281494,2024-06-13 12:24 UTC,97465.1,198217,1.26867,4.27671,0.15943,0.209284,0.0710334,0.208313,0.354052,0.0022951,0.0307276,0.0456474,0.17493
2166,1718281794,2024-06-13 12:29 UTC,97470.2,197883,1.26727,4.22608,0.156063,0.204382,0.070055,0.213096,0.354505,0.0023115,0.0300043,0.0435635,0.171155
2167,1718282094,2024-06-13 12:34 UTC,97467.9,197548,1.26669,4.17545,0.152712,0.199544,0.0689497,0.21018,0.354927,0.00232935,0.0292898,0.0416403,0.15761
2168,1718282394,2024-06-13 12:39 UTC,97472.1,197211,1.26689,4.12485,0.149378,0.194846,0.0678026,0.210927,0.355269,0.00234823,0.0285841,0.0397708,0.145562
2169,1718282694,2024-06-13 12:44 UTC,97464.3,196871,1.26787,4.07425,0.146061,0.190151,0.0665848,0.211622,0.355652,0.00236848,0.0278872,0.0380087,0.138822
2170,1718282994,2024-06-13 12:49 UTC,97465.7,196531,1.26961,4.02368,0.142764,0.185458,0.0652999,0.212202,0.356034,0.00239015,0.0271992,0.0363298,0.128779
2171,1718283294,2024-06-13 12:54 UTC,97454.7,196188,1.27212,3.97312,0.139487,0.180769,0.0639002,0.212041,0.356367,0.0024136,0.0265199,0.0347605,0.124857
2172,1718283594,2024-06-13 12:59 UTC,97448.5,195845,1.27539,3.92257,0.13623,0.176083,0.0624517,0.212044,0.356744,0.00243868,0.0258494,0.0332986,0.120438
2173,1718283894,2024-06-13 13:04 UTC,97448.7,195499,1.27942,3.87204,0.1304,0.168555,0.0608609,0.211429,0.357111,0.00246574,0.0251878,0.0301315,0.140944
2174,1718284194,2024-06-13 13:09 UTC,97443.9,195153,1.28422,3.82154,0.124561,0.160986,0.0590612,0.210553,0.357419,0.00249517,0.024535,0.0272283,0.127269
2175,1718284494,2024-06-13 13:14 UTC,97431.3,194805,1.28979,3.77105,0.118772,0.153714,0.0571219,0.209528,0.35776,0.00252683,0.0238909,0.0245534,0.126413
2176,1718284794,2024-06-13 13:19 UTC,97420.6,194456,1.29613,3.72058,0.113041,0.147652,0.0550028,0.208269,0.358072,0.00256109,0.0232557,0.0221299,0.10345
2177,1718285094,2024-06-13 13:24 UTC,97406.9,194106,1.30322,3.67013,0.107376,0.141766,0.0527148,0.207035,0.358362,0.00259793,0.0226293,0.0199427,0.114528
2178,1718285394,2024-06-13 13:29 UTC,97394.7,193980,1.31104,3.6197,0.101786,0.136078,0.050398,0.204749,0.358687,0.00263693,0.0220117,0.0179196,0.109911
2179,1718285694,2024-06-13 13:34 UTC,97379.1,193913,1.31959,3.59726,0.096284,0.130615,0.0479286,0.202124,0.358951,0.00267869,0.0217396,0.0161441,0.0921071
2180,1718285994,2024-06-13 13:39 UTC,97371.4,193843,1.32883,3.58917,0.0908823,0.125407,0.0453813,0.198798,0.359274,0.0027232,0.021642,0.0145884,0.0931853
2181,1718286294,2024-06-13 13:44 UTC,97339.2,193772,1.33877,3.58108,0.0855969,0.120485,0.0427462,0.194084,0.359436,0.00277042,0.0215445,0.0132493,0.0748344
2182,1718286594,2024-06-13 13:49 UTC,97317.1,193698,1.34937,3.57299,0.080446,0.115887,0.0400552,0.189651,0.359684,0.00282033,0.0214473,0.0121592,0.0690309
2183,1718286894,2024-06-13 13:54 UTC,97301.7,193623,1.36063,3.5649,0.0754504,0.111663,0.0373394,0.184753,0.35993,0.002873,0.0213503,0.011299,0.0707287
2184,1718287194,2024-06-13 13:59 UTC,97274.4,193545,1.37253,3.55681,0.0706348,0.10835,0.0345339,0.179881,0.360138,0.00292879,0.0212535,0.0106851,0.0669885
2185,1718287494,2024-06-13 14:04 UTC,97250.5,193465,1.38505,3.54872,0.0645855,0.102611,0.0316478,0.174713,0.360337,0.00298779,0.0211569,0.00974042,0.064213
2186,1718287794,2024-06-13 14:09 UTC,97216.4,193383,1.39818,3.54063,0.0588713,0.0975797,0.0286478,0.169673,0.360502,0.00305015,0.0210606,0.00921005,0.0668355
2187,1718288094,2024-06-13 14:14 UTC,97178.7,193300,1.41191,3.53254,0.0536181,0.0934412,0.0255198,0.164598,0.36063,0.00311586,0.0209644,0.0091063,0.0696482
2188,1718288394,2024-06-13 14:19 UTC,97148,193214,1.42621,3.52445,0.0489439,0.0903164,0.0223462,0.158608,0.360747,0.003185,0.0208685,0.009297,0.0713988
2189,1718288694,2024-06-13 14:24 UTC,97110.6,193128,1.44107,3.51636,0.0449879,0.0885063,0.0191618,0.154199,0.360928,0.00325749,0.0207728,0.00970812,0.075792
2190,1718288994,2024-06-13 14:29 UTC,97073.1,193040,1.45647,3.50827,0.0419078,0.0879427,0.0159583,0.147513,0.360975,0.00333337,0.0206773,0.0103083,0.0770235
2191,1718289294,2024-06-13 14:34 UTC,97037.5,192951,1.47241,3.50018,0.039884,0.0895575,0.0128537,0.140743,0.361091,0.00341206,0.0205821,0.0110952,0.0780718
2192,1718289594,2024-06-13 14:39 UTC,96991.6,192860,1.48887,3.49209,0.0391474,0.0923148,0.0106894,0.133607,0.361155,0.00349144,0.0204871,0.0121603,0.0798084
2193,1718289894,2024-06-13 14:44 UTC,96949.1,192769,1.5058,3.484,0.0400323,0.0969291,0.00974345,0.124267,0.361251,0.00356713,0.0203923,0.0137118,0.0804849
2194,1718290194,2024-06-13 14:49 UTC,96902.6,192676,1.52319,3.47591,0.0429305,0.102549,0.00896914,0.117349,0.361255,0.00364504,0.0202976,0.0156938,0.0824496
2195,1718290494,2024-06-13 14:54 UTC,96858.3,192582,1.54101,3.46782,0.0473586,0.108859,0.00831552,0.108381,0.361285,0.00372643,0.0202033,0.0180343,0.0856033
2196,1718290794,2024-06-13 14:59 UTC,96813.8,192488,1.55925,3.45973,0.0526422,0.115748,0.00780835,0.100591,0.361333,0.00381153,0.0201091,0.0207235,0.0857323
2197,1718291094,2024-06-13 15:04 UTC,96766.2,192430,1.55433,3.42964,0.0580908,0.122059,0.00748976,0.0920294,0.361358,0.00380804,0.0197609,0.0233836,0.0879007
2198,1718291394,2024-06-13 15:09 UTC,96714.5,192375,1.5493,3.3992,0.0638965,0.128644,0.00739529,0.0842378,0.361346,0.00380524,0.0194117,0.0262601,0.0964074
2199,1718291694,2024-06-13 15:14 UTC,96670.2,192321,1.54463,3.36885,0.0699719,0.135481,0.00756164,0.0776898,0.361329,0.00380507,0.0190665,0.0293213,0.108777
2200,1718291994,2024-06-13 15:19 UTC,96623.4,192266,1.54035,3.3386,0.0762517,0.142534,0.00801015,0.0766901,0.361341,0.00380741,0.0187257,0.0325577,0.117856
2201,1718292294,2024-06-13 15:24 UTC,96573.3,192211,1.53645,3.30844,0.082689,0.149772,0.00877844,0.0767206,0.361334,0.00381228,0.0183889,0.0359399,0.117313
2202,1718292594,2024-06-13 15:29 UTC,96519.1,192157,1.53294,3.2784,0.0892503,0.15717,0.00986659,0.0782789,0.361279,0.00381957,0.0180564,0.0394565,0.12469
2203,1718292894,2024-06-13 15:34 UTC,96464.9,192102,1.52982,3.24845,0.0959103,0.164745,0.0112744,0.0807632,0.361228,0.00382928,0.0177281,0.0430927,0.136889
2204,1718293194,2024-06-13 15:39 UTC,96407.7,192048,1.52711,3.21862,0.10265,0.172882,0.0130365,0.0870091,0.361187,0.00384133,0.017404,0.0468247,0.149873
2205,1718293494,2024-06-13 15:44 UTC,96357.6,191993,1.52479,3.1889,0.109456,0.181093,0.0152103,0.0930517,0.361148,0.00385577,0.017084,0.050631,0.163512
2206,1718293794,2024-06-13 15:49 UTC,96300.3,191939,1.52286,3.15929,0.116317,0.189369,0.0178122,0.0994713,0.361064,0.0038723,0.0167683,0.0545465,0.17801
2207,1718294094,2024-06-13 15:54 UTC,96244.4,191884,1.52135,3.1298,0.123223,0.197705,0.0207692,0.105405,0.360987,0.0038908,0.0164567,0.0585924,0.193471
2208,1718294394,2024-06-13 15:59 UTC,96187.3,191830,1.52023,3.10043,0.130168,0.206099,0.0238934,0.111612,0.36091,0.00391099,0.0161493,0.0628137,0.210755
2209,1718294694,2024-06-13 16:04 UTC,96136.6,191776,1.51952,3.07119,0.135337,0.211321,0.0270477,0.117072,0.360893,0.00393258,0.0158461,0.0651299,0.220026
2210,1718294994,2024-06-13 16:09 UTC,96070.3,191722,1.51923,3.04354,0.140481,0.21648,0.0301235,0.122473,0.360721,0.00395531,0.0155621,0.0675818,0.231265
2211,1718295294,2024-06-13 16:14 UTC,96003.8,191668,1.51935,3.02964,0.145635,0.221642,0.0330993,0.127919,0.360558,0.00397881,0.0154202,0.0702822,0.242499
2212,1718295594,2024-06-13 16:19 UTC,95934.2,191614,1.51988,3.01574,0.150798,0.226807,0.036007,0.132927,0.360402,0.0040036,0.0156028,0.0731661,0.254813
2213,1718295894,2024-06-13 16:24 UTC,95878.5,191560,1.52083,3.03594,0.155968,0.231974,0.0388478,0.137496,0.360335,0.00402942,0.015959,0.076248,0.266718
2214,1718296194,2024-06-13 16:29 UTC,95815.8,191506,1.52221,3.06765,0.161146,0.237144,0.0416471,0.142454,0.360229,0.00405649,0.0163309,0.0794646,0.280216
2215,1718296494,2024-06-13 16:34 UTC,95744.5,191452,1.52401,3.09946,0.16633,0.242315,0.0444704,0.147812,0.36001,0.00408527,0.0167046,0.0827169,0.288208
2216,1718296794,2024-06-13 16:39 UTC,95670.7,191398,1.52623,3.13137,0.17152,0.247488,0.0472265,0.154591,0.359853,0.0041152,0.0170923,0.0862044,0.30072
2217,1718297094,2024-06-13 16:44 UTC,95602.2,191345,1.52886,3.16338,0.176716,0.252663,0.0499343,0.155906,0.359707,0.00414651,0.01746,0.0897989,0.315426
2218,1718297394,2024-06-13 16:49 UTC,95534.6,191291,1.53188,3.19548,0.181916,0.25784,0.0525391,0.16141,0.359548,0.00417882,0.0178557,0.0936496,0.328097
2219,1718297694,2024-06-13 16:54 UTC,95467.3,191237,1.53528,3.22768,0.18712,0.263018,0.0551157,0.166875,0.359404,0.00421264,0.0182599,0.0975907,0.342742
2220,1718297994,2024-06-13 16:59 UTC,95387.8,191183,1.53905,3.25996,0.192329,0.268198,0.05762,0.172309,0.359216,0.0042476,0.018642,0.101738,0.356198
2221,1718298294,2024-06-13 17:04 UTC,95309.9,191130,1.54319,3.29233,0.195179,0.270825,0.0598988,0.177542,0.358976,0.00428304,0.0190535,0.103016,0.363168
2222,1718298594,2024-06-13 17:09 UTC,95239.4,191076,1.54768,3.32478,0.197981,0.273403,0.0619402,0.182428,0.358853,0.00431864,0.0194352,0.104528,0.369973
2223,1718298894,2024-06-13 17:14 UTC,95163.1,191023,1.55253,3.35732,0.200785,0.275984,0.0636049,0.187019,0.358657,0.00435375,0.0198551,0.106535,0.377017
2224,1718299194,2024-06-13 17:19 UTC,95080.1,190970,1.55773,3.39028,0.203591,0.278569,0.0650447,0.191358,0.358473,0.00438941,0.0202694,0.108871,0.384035
2225,1718299494,2024-06-13 17:24 UTC,95003.7,190916,1.56327,3.42336,0.206398,0.281156,0.0661292,0.195481,0.358259,0.00442466,0.0207024,0.111682,0.393415
2226,1718299794,2024-06-13 17:29 UTC,94930.6,190859,1.56915,3.45653,0.209206,0.283746,0.0669142,0.199417,0.358139,0.00445995,0.0211407,0.114952,0.398294
2227,1718300094,2024-06-13 17:34 UTC,94844.4,190810,1.57538,3.49881,0.212015,0.286338,0.0673851,0.203192,0.357909,0.00449512,0.0217337,0.118592,0.407111
2228,1718300394,2024-06-13 17:39 UTC,94766.8,190757,1.58193,3.5459,0.214826,0.288943,0.0674536,0.206827,0.357781,0.00452958,0.02233,0.122825,0.412713
2229,1718300694,2024-06-13 17:44 UTC,94687.6,190704,1.58882,3.59309,0.217637,0.291653,0.0673925,0.210339,0.357598,0.00456473,0.0229342,0.127291,0.420105
2230,1718300994,2024-06-13 17:49 UTC,94606.6,190651,1.59604,3.64036,0.22045,0.294389,0.0670745,0.213744,0.357436,0.00460035,0.0235501,0.132159,0.427751
2231,1718301294,2024-06-13 17:54 UTC,94528.5,190598,1.60358,3.68771,0.223264,0.297127,0.0665516,0.217055,0.35731,0.0046365,0.0241782,0.137407,0.435174
2232,1718301594,2024-06-13 17:59 UTC,94450,190545,1.61145,3.73514,0.226079,0.299866,0.0660065,0.220282,0.357154,0.00467429,0.024818,0.142851,0.443016
2233,1718301894,2024-06-13 18:04 UTC,94369.1,190492,1.58409,3.71709,0.226498,0.300391,0.0651172,0.223332,0.357029,0.00453537,0.0246117,0.145085,0.442902
2234,1718302194,2024-06-13 18:09 UTC,94289.6,190439,1.55649,3.6977,0.226871,0.300884,0.0640526,0.226121,0.356936,0.00439676,0.0243898,0.147626,0.442849
2235,1718302494,2024-06-13 18:14 UTC,94208.1,190386,1.52941,3.67832,0.227246,0.301392,0.062664,0.228685,0.356857,0.00426132,0.024165,0.150571,0.442936
2236,1718302794,2024-06-13 18:19 UTC,94133.3,190334,1.50292,3.65894,0.227624,0.301913,0.06094,0.231053,0.356768,0.00412922,0.0239373,0.154239,0.443057
2237,1718303094,2024-06-13 18:24 UTC,94048.1,190281,1.47708,3.63956,0.228005,0.302448,0.058992,0.233251,0.356713,0.00400116,0.023707,0.158254,0.443001
2238,1718303394,2024-06-13 18:29 UTC,93978.2,190105,1.45202,3.62018,0.228388,0.302998,0.057002,0.235299,0.356714,0.00387791,0.0234813,0.162486,0.443189
2239,1718303694,2024-06-13 18:34 UTC,93899.7,190176,1.42789,3.6008,0.228774,0.303561,0.0551862,0.237215,0.356636,0.00376002,0.0232595,0.166403,0.44342
2240,1718303994,2024-06-13 18:39 UTC,93832.8,190123,1.40482,3.58142,0.229162,0.304137,0.0534467,0.239007,0.356619,0.0036469,0.0230292,0.170183,0.443448
2241,1718304294,2024-06-13 18:44 UTC,93755.5,190071,1.38289,3.56205,0.229554,0.304727,0.0517465,0.240686,0.35653,0.00353855,0.0228004,0.173995,0.444481
2242,1718304594,2024-06-13 18:49 UTC,93677.7,190018,1.36222,3.54268,0.229947,0.305331,0.0502601,0.240912,0.356496,0.00343519,0.0225646,0.17739,0.445999
2243,1718304894,2024-06-13 18:54 UTC,93613.9,189744,1.34294,3.52331,0.230344,0.305948,0.0488885,0.239951,0.356494,0.00333623,0.0223482,0.180668,0.447536
2244,1718305194,2024-06-13 18:59 UTC,93541.8,189914,1.32533,3.50394,0.230743,0.306579,0.04751,0.242829,0.356472,0.00324162,0.0221129,0.183963,0.44909
2245,1718305494,2024-06-13 19:04 UTC,93477.5,189862,1.30974,3.48457,0.228949,0.304028,0.0461596,0.244785,0.356499,0.00315108,0.0218823,0.18311,0.442454
2246,1718305794,2024-06-13 19:09 UTC,93400.1,189810,1.2964,3.4652,0.227111,0.301415,0.0446301,0.24639,0.356409,0.00306383,0.0216492,0.182574,0.435702
2247,1718306094,2024-06-13 19:14 UTC,93340.4,189150,1.28566,3.44584,0.225274,0.298804,0.0430249,0.246233,0.356428,0.00297967,0.021409,0.18212,0.429004
2248,1718306394,2024-06-13 19:19 UTC,93264.6,189605,1.27738,3.42647,0.223438,0.296196,0.0412752,0.24547,0.356365,0.00289833,0.0211815,0.181889,0.422359
2249,1718306694,2024-06-13 19:24 UTC,93204.2,189654,1.27099,3.40711,0.221603,0.29359,0.0395446,0.243018,0.356367,0.00281998,0.0209312,0.181625,0.415766
2250,1718306994,2024-06-13 19:29 UTC,93128.2,189602,1.26642,3.38775,0.219768,0.290986,0.0378818,0.240301,0.356308,0.00274496,0.0206832,0.181036,0.409226
2251,1718307294,2024-06-13 19:34 UTC,93066.2,189550,1.26372,3.3684,0.217934,0.288385,0.0362124,0.237068,0.356352,0.00267276,0.02043,0.180512,0.402739
2252,1718307594,2024-06-13 19:39 UTC,93001.7,189176,1.26265,3.35199,0.216101,0.285787,0.0346175,0.232531,0.356301,0.00260369,0.020159,0.179789,0.396304
2253,1718307894,2024-06-13 19:44 UTC,92933.9,188498,1.26289,3.33669,0.214269,0.283192,0.0330381,0.226858,0.356279,0.00253723,0.0199309,0.179003,0.389923
2254,1718308194,2024-06-13 19:49 UTC,92872.9,189394,1.26428,3.32139,0.212438,0.2806,0.0315396,0.230564,0.356301,0.00247417,0.0197347,0.177991,0.383594
2255,1718308494,2024-06-13 19:54 UTC,92816.9,189343,1.2667,3.3061,0.210608,0.27801,0.0301318,0.234732,0.356336,0.00241431,0.0195179,0.17674,0.377318
2256,1718308794,2024-06-13 19:59 UTC,92756.6,189291,1.27005,3.2908,0.208778,0.275423,0.0288076,0.244542,0.356317,0.0023581,0.0193154,0.175258,0.371095
2257,1718309094,2024-06-13 20:04 UTC,92696.1,189239,1.27429,3.2755,0.205508,0.270296,0.0274096,0.254208,0.356338,0.0023054,0.0190989,0.171417,0.358063
2258,1718309394,2024-06-13 20:09 UTC,92636.6,189188,1.27936,3.26021,0.20221,0.265126,0.0258275,0.267137,0.356291,0.00225643,0.0188957,0.167952,0.345045
2259,1718309694,2024-06-13 20:14 UTC,92581.5,188990,1.28522,3.24491,0.198914,0.259965,0.0242379,0.277123,0.356311,0.00221187,0.0186919,0.164547,0.33232
2260,1718309994,2024-06-13 20:19 UTC,92524,188461,1.29183,3.22962,0.195621,0.254814,0.0226987,0.265236,0.356318,0.00217273,0.0184592,0.16112,0.319841
2261,1718310294,2024-06-13 20:24 UTC,92476.9,187170,1.29916,3.21432,0.192331,0.249673,0.0212525,0.257679,0.356377,0.00213982,0.0182393,0.157542,0.3077
2262,1718310594,2024-06-13 20:29 UTC,92423.1,187708,1.30718,3.19902,0.189043,0.244667,0.0198012,0.247978,0.356387,0.00211339,0.0180124,0.154039,0.29624
2263,1718310894,2024-06-13 20:34 UTC,92375.9,188683,1.31584,3.18373,0.185758,0.239738,0.0185043,0.192685,0.356359,0.00209417,0.0177871,0.150256,0.284484
2264,1718311194,2024-06-13 20:39 UTC,92327.3,188879,1.32512,3.16843,0.182477,0.234823,0.0172975,0.187623,0.356336,0.00208268,0.017572,0.146352,0.272974
2265,1718311494,2024-06-13 20:44 UTC,92277.5,188828,1.335,3.15314,0.179198,0.229921,0.0161318,0.185815,0.356346,0.00207931,0.0173363,0.1425,0.261875
2266,1718311794,2024-06-13 20:49 UTC,92224.1,188776,1.34547,3.13784,0.175923,0.225034,0.0151138,0.183974,0.356294,0.00208484,0.0171457,0.138394,0.252256
2267,1718312094,2024-06-13 20:54 UTC,92177.4,188725,1.35653,3.12255,0.172651,0.220321,0.0142098,0.182159,0.356265,0.00209949,0.0169517,0.134208,0.242834
2268,1718312394,2024-06-13 20:59 UTC,92129.2,188674,1.36819,3.10732,0.169383,0.216564,0.0133191,0.180358,0.356261,0.00212366,0.0167743,0.130106,0.2336
2269,1718312694,2024-06-13 21:04 UTC,92076.4,188627,1.33546,3.11713,0.166009,0.212605,0.0124946,0.178555,0.356236,0.00194041,0.0168402,0.125717,0.224916
2270,1718312994,2024-06-13 21:09 UTC,92022.8,188580,1.30455,3.1281,0.162637,0.208938,0.0117011,0.176745,0.356217,0.00178109,0.0169315,0.121353,0.216435
2271,1718313294,2024-06-13 21:14 UTC,91978.2,188534,1.27636,3.13971,0.159269,0.205281,0.0108589,0.175184,0.3562,0.00165293,0.0170113,0.117181,0.208146
2272,1718313594,2024-06-13 21:19 UTC,91933.6,188488,1.25097,3.15196,0.155907,0.201643,0.00998036,0.173646,0.356203,0.00155791,0.0171388,0.113195,0.200057
2273,1718313894,2024-06-13 21:24 UTC,91882.9,188438,1.22852,3.16913,0.152549,0.198058,0.0090766,0.172081,0.35613,0.00149795,0.0172925,0.109404,0.192168
2274,1718314194,2024-06-13 21:29 UTC,91836.2,188383,1.20919,3.18784,0.149197,0.194477,0.00819399,0.170484,0.356097,0.00147301,0.0174536,0.105662,0.184473
2275,1718314494,2024-06-13 21:34 UTC,91795.1,188328,1.1932,3.2077,0.145851,0.190918,0.00738697,0.168852,0.356104,0.00148166,0.0176181,0.1019,0.176973
2276,1718314794,2024-06-13 21:39 UTC,91748.1,188269,1.18087,3.22869,0.142511,0.187417,0.00669201,0.16718,0.356065,0.00152125,0.0178161,0.0980673,0.16968
2277,1718315094,2024-06-13 21:44 UTC,91708,188196,1.17255,3.25079,0.139178,0.183966,0.00608867,0.165467,0.356071,0.00158774,0.0180324,0.0942035,0.162947
2278,1718315394,2024-06-13 21:49 UTC,91668.9,188119,1.16855,3.27397,0.135852,0.180528,0.00553833,0.163707,0.35607,0.0016768,0.0182509,0.0903557,0.156483
2279,1718315694,2024-06-13 21:54 UTC,91628.4,188040,1.16913,3.2982,0.132534,0.177095,0.00503595,0.161902,0.356067,0.00178508,0.0184845,0.0865443,0.150013
2280,1718315994,2024-06-13 21:59 UTC,91592.4,187963,1.17429,3.32348,0.129224,0.173668,0.00469083,0.160035,0.356071,0.00191041,0.0187377,0.0826111,0.143661
2281,1718316294,2024-06-13 22:04 UTC,91552.4,187888,1.18398,3.34977,0.126773,0.170778,0.00438815,0.158152,0.356051,0.00205059,0.0190092,0.0798221,0.13956
2282,1718316594,2024-06-13 22:09 UTC,91513.8,187812,1.19815,3.37706,0.124341,0.167902,0.00409552,0.156257,0.356048,0.00220424,0.0192924,0.0770933,0.135661
2283,1718316894,2024-06-13 22:14 UTC,91477.1,187738,1.21684,3.40545,0.121911,0.165031,0.00374124,0.154357,0.356053,0.00237054,0.0195883,0.0744938,0.131755
2284,1718317194,2024-06-13 22:19 UTC,91437.7,187664,1.24024,3.43479,0.119484,0.162165,0.00336738,0.152442,0.356044,0.00254941,0.0198967,0.0719626,0.127926
2285,1718317494,2024-06-13 22:24 UTC,91401.5,187591,1.26859,3.46506,0.11706,0.159304,0.00300643,0.15053,0.356051,0.00274134,0.0202226,0.0694673,0.124126
2286,1718317794,2024-06-13 22:29 UTC,91365.5,187523,1.30183,3.49624,0.114638,0.156448,0.00266134,0.148603,0.35606,0.00294697,0.0205666,0.0670062,0.120389
2287,1718318094,2024-06-13 22:34 UTC,91327.5,187458,1.33971,3.5283,0.112219,0.153598,0.00233575,0.146665,0.356053,0.00316723,0.0209303,0.0645694,0.116755
2288,1718318394,2024-06-13 22:39 UTC,91294.3,187394,1.38194,3.56121,0.109803,0.150754,0.00201964,0.144705,0.356063,0.00340274,0.0213146,0.0621781,0.113062
2289,1718318694,2024-06-13 22:44 UTC,91258.3,187332,1.42811,3.59495,0.107391,0.147917,0.00174462,0.142756,0.35606,0.00365448,0.0217164,0.0597911,0.109535
2290,1718318994,2024-06-13 22:49 UTC,91223.4,187271,1.47757,3.6295,0.104982,0.145086,0.00148047,0.140783,0.356059,0.00392292,0.0221339,0.0574454,0.105954
2291,1718319294,2024-06-13 22:54 UTC,91189.5,187212,1.52977,3.66484,0.102577,0.142262,0.00119517,0.135597,0.356059,0.00420853,0.0225657,0.0551773,0.102566
2292,1718319594,2024-06-13 22:59 UTC,91155.7,187156,1.58442,3.70094,0.100176,0.139586,0.000887439,0.131496,0.356064,0.00451178,0.0230115,0.0529815,0.099197
2293,1718319894,2024-06-13 23:04 UTC,91122.8,187103,1.64118,3.73778,0.0990166,0.138138,0.000670441,0.129365,0.356082,0.00483357,0.0234718,0.0519899,0.097117
2294,1718320194,2024-06-13 23:09 UTC,91088.9,187051,1.69979,3.77534,0.0978844,0.136774,0.000524658,0.127267,0.356083,0.0051743,0.0239456,0.0509496,0.0952838
2295,1718320494,2024-06-13 23:14 UTC,91056.4,187001,1.76005,3.81361,0.0967539,0.135456,0.000382971,0.125169,0.356081,0.0055339,0.0244334,0.0499234,0.0934923
2296,1718320794,2024-06-13 23:19 UTC,91023.8,186952,1.82185,3.85254,0.0956251,0.13414,0.000240844,0.123076,0.356077,0.00591278,0.0249348,0.0489044,0.0920698
2297,1718321094,2024-06-13 23:24 UTC,90991,186904,1.88512,3.89214,0.094498,0.132827,0.000120224,0.120989,0.356077,0.00631131,0.0254498,0.0478714,0.090599
2298,1718321394,2024-06-13 23:29 UTC,90960.1,186858,1.94972,3.93237,0.0933728,0.131516,4.92925e-05,0.118916,0.356079,0.0067299,0.0259789,0.0467992,0.0889974
2299,1718321694,2024-06-13 23:34 UTC,90928.8,186813,2.01541,3.97323,0.0922494,0.130208,2.2883e-05,0.116858,0.356074,0.0071688,0.0265213,0.0456952,0.087309
2300,1718321994,2024-06-13 23:39 UTC,90897.3,186768,2.082,4.01468,0.091128,0.128902,2.03546e-05,0.114824,0.356079,0.00762805,0.0270776,0.0445827,0.0855767
2301,1718322294,2024-06-13 23:44 UTC,90867.6,186723,2.14937,4.05671,0.0900086,0.127599,2.22095e-05,0.11282,0.356087,0.00810768,0.0276473,0.0434837,0.0838637
2302,1718322594,2024-06-13 23:49 UTC,90836.3,186678,2.21743,4.0993,0.0888913,0.126299,2.20523e-05,0.110852,0.356084,0.00860782,0.0282311,0.0423995,0.0821542
2303,1718322894,2024-06-13 23:54 UTC,90806.8,186634,2.28608,4.15377,0.0877762,0.125001,2.59181e-05,0.108925,0.356097,0.00912849,0.0288395,0.0413313,0.080482
2304,1718323194,2024-06-13 23:59 UTC,90777.3,186589,2.35523,4.21663,0.0866633,0.123706,2.23766e-05,0.107046,0.356098,0.00966984,0.0297362,0.0402747,0.0788233
2305,1718323494,2024-06-14 00:04 UTC,90753.8,186692,2.31762,4.17454,0.086914,0.124248,1.52222e-05,0.105219,0.356098,0.00938863,0.029277,0.0404782,0.0795033
2306,1718323794,2024-06-14 00:09 UTC,90735.7,186807,2.27814,4.14033,0.0871955,0.124828,1.37976e-05,0.103433,0.356098,0.00909813,0.0287991,0.0407184,0.0802452
2307,1718324094,2024-06-14 00:14 UTC,90720.2,186927,2.23899,4.10653,0.0874801,0.125408,1.38419e-05,0.102605,0.356097,0.00881551,0.0283308,0.040963,0.0809926
2308,1718324394,2024-06-14 00:19 UTC,90709.2,187052,2.20019,4.07314,0.0877677,0.125989,1.3384e-05,0.10231,0.356098,0.00854072,0.0278722,0.0412118,0.0817431
2309,1718324694,2024-06-14 00:24 UTC,90701.4,187180,2.16176,4.04019,0.0880585,0.126569,1.29587e-05,0.102041,0.356098,0.00827376,0.0274229,0.0414655,0.0824987
2310,1718324994,2024-06-14 00:29 UTC,90696.5,187312,2.12372,4.00768,0.0883524,0.12715,1.30196e-05,0.101796,0.356098,0.00801461,0.0269834,0.0417228,0.0832562
2311,1718325294,2024-06-14 00:34 UTC,90696,187449,2.0861,3.97562,0.0886494,0.12773,1.36256e-05,0.101571,0.356099,0.00776326,0.0265534,0.0419847,0.0840171
2312,1718325594,2024-06-14 00:39 UTC,90698,187588,2.04893,3.94402,0.0889495,0.128311,1.27407e-05,0.101366,0.356099,0.00751968,0.026133,0.0422505,0.0847868
2313,1718325894,2024-06-14 00:44 UTC,90704.2,187730,2.01223,3.91289,0.0892527,0.128892,1.45295e-05,0.101178,0.356099,0.00728386,0.0257221,0.0425195,0.0855493
2314,1718326194,2024-06-14 00:49 UTC,90712.2,187876,1.97604,3.88225,0.0895591,0.129474,1.43317e-05,0.101008,0.356101,0.00705576,0.025321,0.0427931,0.0863293
2315,1718326494,2024-06-14 00:54 UTC,90722,188024,1.94039,3.85211,0.0898686,0.130114,1.35787e-05,0.100855,0.356098,0.00683537,0.0249292,0.0430709,0.0871845
2316,1718326794,2024-06-14 00:59 UTC,90735.6,188174,1.90531,3.82248,0.0901812,0.130793,1.33255e-05,0.100721,0.356099,0.00662265,0.0245472,0.043353,0.0880985
2317,1718327094,2024-06-14 01:04 UTC,90751.7,188327,1.87084,3.79337,0.0918822,0.13297,1.94737e-05,0.100616,0.356098,0.00641762,0.0241748,0.04499,0.0910361
2318,1718327394,2024-06-14 01:09 UTC,90769.5,188483,1.83703,3.76479,0.0936151,0.13519,2.37998e-05,0.10056,0.356096,0.0062202,0.0238118,0.0466893,0.0940953
2319,1718327694,2024-06-14 01:14 UTC,90790.4,188640,1.80393,3.73675,0.0953515,0.137461,2.86706e-05,0.100563,0.356101,0.00603037,0.0234586,0.0484232,0.0972808
2320,1718327994,2024-06-14 01:19 UTC,90812.7,188799,1.77158,3.70928,0.0970912,0.139736,3.75645e-05,0.100634,0.356101,0.00584811,0.0231149,0.0501864,0.100509
2321,1718328294,2024-06-14 01:24 UTC,90836.5,188959,1.74005,3.68237,0.098834,0.142018,4.74004e-05,0.10078,0.3561,0.0056734,0.0227806,0.0519829,0.103802
2322,1718328594,2024-06-14 01:29 UTC,90863.1,189121,1.7094,3.65604,0.10058,0.144304,5.84235e-05,0.101008,0.356098,0.00550617,0.0224563,0.0538123,0.107151
2323,1718328894,2024-06-14 01:34 UTC,90890.9,189284,1.6797,3.63031,0.102328,0.146593,7.10686e-05,0.101325,0.356094,0.00534641,0.0221414,0.0556746,0.11054
2324,1718329194,2024-06-14 01:39 UTC,90920.3,189448,1.65102,3.60519,0.10408,0.148884,8.5314e-05,0.101734,0.356094,0.00519409,0.0218359,0.0575693,0.114003
2325,1718329494,2024-06-14 01:44 UTC,90953.2,189614,1.62343,3.58069,0.105833,0.151178,0.000104259,0.102239,0.356093,0.00504919,0.0215404,0.0594916,0.117498
2326,1718329794,2024-06-14 01:49 UTC,90986.7,189779,1.59702,3.55682,0.10759,0.153475,0.000121014,0.102841,0.356088,0.00491165,0.0212542,0.0614501,0.121107
2327,1718330094,2024-06-14 01:54 UTC,91021.2,189946,1.57189,3.5336,0.109348,0.155779,0.000139999,0.103542,0.356085,0.00478145,0.0209779,0.0634398,0.124718
2328,1718330394,2024-06-14 01:59 UTC,91057.6,190112,1.54812,3.51103,0.111109,0.158186,0.000160232,0.104341,0.35608,0.00465855,0.020711,0.0654616,0.128582
2329,1718330694,2024-06-14 02:04 UTC,91096.2,190279,1.52583,3.48914,0.113625,0.161194,0.000204399,0.0724622,0.356076,0.00454304,0.020454,0.0684129,0.133436
2330,1718330994,2024-06-14 02:09 UTC,91136.4,190445,1.50513,3.46793,0.116164,0.164217,0.000249825,0.0706516,0.35608,0.00443472,0.0202063,0.0714626,0.138416
2331,1718331294,2024-06-14 02:14 UTC,91178.1,190609,1.48615,3.44742,0.118711,0.167244,0.000287785,0.0710631,0.356075,0.00433356,0.0199685,0.0745999,0.14353
2332,1718331594,2024-06-14 02:19 UTC,91221.8,190772,1.46906,3.42762,0.121265,0.170274,0.000328182,0.0712966,0.356073,0.00423956,0.0197402,0.0778116,0.148728
2333,1718331894,2024-06-14 02:24 UTC,91266.8,190934,1.45394,3.40854,0.123826,0.173311,0.000378746,0.0309181,0.356076,0.00415275,0.0195222,0.0810863,0.153996
2334,1718332194,2024-06-14 02:29 UTC,91312.4,191093,1.44078,3.3902,0.126393,0.176353,0.000436798,0.0373844,0.356061,0.00407308,0.0193133,0.0844301,0.159393
2335,1718332494,2024-06-14 02:34 UTC,91360.9,191250,1.42956,3.3726,0.128966,0.179397,0.000501746,0.045175,0.356064,0.00400053,0.019114,0.0878443,0.164838
2336,1718332794,2024-06-14 02:39 UTC,91408.7,191403,1.42021,3.35588,0.131545,0.182444,0.000570504,0.0523691,0.356058,0.00393513,0.0189282,0.0913264,0.170414
2337,1718333094,2024-06-14 02:44 UTC,91458.9,191552,1.41266,3.35997,0.13413,0.185495,0.000634756,0.0590583,0.356049,0.00387684,0.0189753,0.0948904,0.176102
2338,1718333394,2024-06-14 02:49 UTC,91509.5,191697,1.40682,3.36507,0.136719,0.188553,0.000711266,0.0651847,0.35604,0.00382582,0.019034,0.0985099,0.181839
2339,1718333694,2024-06-14 02:54 UTC,91563.2,191837,1.40264,3.37117,0.139313,0.191618,0.000794535,0.0708376,0.356039,0.00378208,0.0191041,0.102195,0.187721
2340,1718333994,2024-06-14 02:59 UTC,91615.8,191972,1.40004,3.37827,0.141911,0.194691,0.000894173,0.0761124,0.356023,0.00374577,0.0191859,0.105936,0.193706
2341,1718334294,2024-06-14 03:04 UTC,91655.9,192052,1.40123,3.38023,0.14409,0.197256,0.000973474,0.0810365,0.356014,0.00376709,0.0192093,0.109131,0.198798
2342,1718334594,2024-06-14 03:09 UTC,91705.8,192126,1.40326,3.38219,0.146267,0.199824,0.00104023,0.0856172,0.356015,0.00379096,0.0192321,0.112386,0.204003
2343,1718334894,2024-06-14 03:14 UTC,91761.3,192195,1.40609,3.38427,0.14845,0.202396,0.00111328,0.0848466,0.356006,0.00381651,0.0192566,0.115695,0.209291
2344,1718335194,2024-06-14 03:19 UTC,91826.6,192391,1.40969,3.38647,0.15064,0.204971,0.00122103,0.0921674,0.356013,0.00384401,0.019283,0.119003,0.214611
2345,1718335494,2024-06-14 03:24 UTC,91896.9,192601,1.41404,3.38879,0.152837,0.207562,0.00134302,0.0988377,0.356009,0.0038734,0.0193106,0.122348,0.219978
2346,1718335794,2024-06-14 03:29 UTC,91969.4,192810,1.41913,3.39122,0.155039,0.210161,0.00147913,0.104478,0.355981,0.00390481,0.0193401,0.125725,0.225481
2347,1718336094,2024-06-14 03:34 UTC,92050.9,193019,1.42495,3.39377,0.157247,0.212762,0.00162593,0.110603,0.355977,0.00393826,0.019371,0.129145,0.231029
2348,1718336394,2024-06-14 03:39 UTC,92137.6,193226,1.43143,3.39643,0.15946,0.215364,0.00179567,0.116395,0.355983,0.0039739,0.0194035,0.132586,0.236569
2349,1718336694,2024-06-14 03:44 UTC,92230,193431,1.43854,3.39921,0.161678,0.217967,0.0019876,0.121895,0.355985,0.0040117,0.0194374,0.13605,0.242153
2350,1718336994,2024-06-14 03:49 UTC,92325.1,193631,1.44624,3.40211,0.163901,0.220572,0.00220806,0.12714,0.355985,0.00405175,0.0194727,0.139537,0.247884
2351,1718337294,2024-06-14 03:54 UTC,92422.1,193818,1.4545,3.40512,0.166129,0.223177,0.00243697,0.132165,0.35597,0.00409413,0.0195094,0.14305,0.253687
2352,1718337594,2024-06-14 03:59 UTC,92527.6,193986,1.46328,3.40825,0.168361,0.226345,0.00266143,0.136945,0.355982,0.00413882,0.019548,0.146604,0.260226
2353,1718337894,2024-06-14 04:04 UTC,92633.4,194132,1.47254,3.41149,0.168946,0.2268,0.00278414,0.141455,0.355976,0.00418524,0.0195866,0.147419,0.261883
2354,1718338194,2024-06-14 04:09 UTC,92740.2,194250,1.48227,3.41484,0.169498,0.227784,0.00272121,0.145519,0.355954,0.0042329,0.0196216,0.148503,0.264512
2355,1718338494,2024-06-14 04:14 UTC,92853,194338,1.49243,3.41831,0.170049,0.228768,0.00260756,0.149194,0.355934,0.00428275,0.0196586,0.149661,0.267194
2356,1718338794,2024-06-14 04:19 UTC,92971.4,194411,1.50301,3.4219,0.170601,0.229752,0.00251905,0.138986,0.355946,0.00433511,0.0196971,0.150765,0.269721
2357,1718339094,2024-06-14 04:24 UTC,93094.2,194472,1.51398,3.42559,0.171153,0.230736,0.00246575,0.143576,0.355943,0.00439012,0.0197382,0.151802,0.272234
2358,1718339394,2024-06-14 04:29 UTC,93217.1,194517,1.52531,3.4294,0.171706,0.23172,0.00244212,0.147719,0.35592,0.00444759,0.0197818,0.152803,0.274618
2359,1718339694,2024-06-14 04:34 UTC,93346.4,194547,1.537,3.43332,0.172259,0.232704,0.00239897,0.151468,0.355941,0.0045073,0.019826,0.153853,0.277028
2360,1718339994,2024-06-14 04:39 UTC,93474.7,194569,1.54902,3.43736,0.172811,0.233688,0.0023455,0.15487,0.355954,0.00456945,0.0198714,0.154908,0.279545
2361,1718340294,2024-06-14 04:44 UTC,93604.8,194579,1.56136,3.44151,0.173364,0.234672,0.00229376,0.157967,0.355956,0.00463405,0.0199184,0.155977,0.281973
2362,1718340594,2024-06-14 04:49 UTC,93740.3,194573,1.574,3.44576,0.173918,0.235657,0.00227149,0.160798,0.355963,0.00470135,0.0199668,0.156979,0.284458
2363,1718340894,2024-06-14 04:54 UTC,93879.1,194548,1.58693,3.45031,0.174471,0.236641,0.00227192,0.163395,0.355989,0.00477113,0.0200192,0.157973,0.286885
2364,1718341194,2024-06-14 04:59 UTC,94017.5,194502,1.60014,3.45501,0.175025,0.237626,0.00226454,0.165786,0.355965,0.00484352,0.0200736,0.158955,0.289192
2365,1718341494,2024-06-14 05:04 UTC,94160,194431,1.61361,3.45983,0.1735,0.236079,0.00207561,0.167874,0.355947,0.00491721,0.0201261,0.156497,0.285991
2366,1718341794,2024-06-14 05:09 UTC,94304.4,194360,1.62733,3.46476,0.171934,0.234481,0.00174744,0.169577,0.355938,0.00499263,0.0201772,0.154232,0.282837
2367,1718342094,2024-06-14 05:14 UTC,94450.7,194304,1.64129,3.46979,0.170369,0.232883,0.00148258,0.170952,0.355915,0.00507101,0.0202321,0.151867,0.27922
2368,1718342394,2024-06-14 05:19 UTC,94603.6,194276,1.65548,3.47494,0.168805,0.231286,0.00127738,0.172045,0.355931,0.00515245,0.0202899,0.149375,0.275415
2369,1718342694,2024-06-14 05:24 UTC,94753.9,194262,1.66989,3.4802,0.167243,0.229689,0.00110465,0.172896,0.355918,0.0052366,0.0203503,0.146852,0.271738
2370,1718342994,2024-06-14 05:29 UTC,94909.6,194268,1.68452,3.49006,0.165683,0.228093,0.000978611,0.173538,0.355927,0.0053235,0.020464,0.144291,0.267926
2371,1718343294,2024-06-14 05:34 UTC,95065.2,194293,1.69934,3.50864,0.164124,0.226498,0.000865913,0.174,0.355934,0.00541307,0.0206823,0.141724,0.264194
2372,1718343594,2024-06-14 05:39 UTC,95223.1,194518,1.71436,3.52732,0.162566,0.224908,0.000758176,0.17431,0.355918,0.00550528,0.0209028,0.139163,0.260572
2373,1718343894,2024-06-14 05:44 UTC,95383.8,194788,1.72956,3.54611,0.16101,0.22332,0.000661501,0.174488,0.355927,0.00560011,0.0211255,0.136614,0.256909
2374,1718344194,2024-06-14 05:49 UTC,95542.3,195033,1.74495,3.56499,0.159456,0.221744,0.000579531,0.174555,0.35591,0.00569762,0.0213513,0.134066,0.253331
2375,1718344494,2024-06-14 05:54 UTC,95705.5,195259,1.76052,3.58397,0.157903,0.22018,0.000494254,0.174528,0.355907,0.00579775,0.0215793,0.131543,0.249714
2376,1718344794,2024-06-14 05:59 UTC,95868.7,195472,1.77626,3.60304,0.156353,0.218617,0.000417182,0.174422,0.355891,0.00590053,0.0218093,0.129038,0.246203
2377,1718345094,2024-06-14 06:04 UTC,95809.3,195386,1.79872,3.60317,0.152917,0.214313,0.000355361,0.174229,0.355893,0.00603451,0.0218102,0.123568,0.236759
2378,1718345394,2024-06-14 06:09 UTC,95736.3,195265,1.8217,3.60821,0.149446,0.209956,0.000277102,0.173949,0.355888,0.00617465,0.0218723,0.118113,0.227184
2379,1718345694,2024-06-14 06:14 UTC,95663,195128,1.84503,3.67397,0.145977,0.205603,0.000225197,0.173607,0.355895,0.00632025,0.0226767,0.11277,0.21794
2380,1718345994,2024-06-14 06:19 UTC,95585.1,194980,1.8687,3.73983,0.142511,0.201253,0.000173584,0.173224,0.3559,0.00647132,0.023497,0.107548,0.208813
2381,1718346294,2024-06-14 06:24 UTC,95506.8,194839,1.89268,3.8058,0.139048,0.196906,0.000138979,0.172819,0.35591,0.00662793,0.0243332,0.102433,0.199901
2382,1718346594,2024-06-14 06:29 UTC,95426.1,194723,1.91695,3.87186,0.135588,0.192564,0.000120842,0.1724,0.355915,0.00679008,0.0251854,0.0974282,0.191234
2383,1718346894,2024-06-14 06:34 UTC,95340.3,194616,1.94151,3.97631,0.132131,0.188225,0.000108055,0.171964,0.355916,0.0069577,0.0265626,0.0925496,0.182746
2384,1718347194,2024-06-14 06:39 UTC,95251.2,194504,1.96632,4.08584,0.128678,0.183891,0.000100387,0.171498,0.355915,0.00713088,0.0280462,0.0877821,0.17445
2385,1718347494,2024-06-14 06:44 UTC,95161.7,194384,1.99139,4.19572,0.125229,0.179562,0.000107516,0.170986,0.355919,0.00730942,0.0295749,0.083158,0.166369
2386,1718347793,2024-06-14 06:49 UTC,95068.5,194254,2.0166,4.30543,0.121796,0.175253,0.000111134,0.170409,0.355915,0.00749282,0.0311418,0.0786719,0.158534
2387,1718348093,2024-06-14 06:54 UTC,94973.1,194117,2.04213,4.41553,0.118357,0.170934,0.000116287,0.169751,0.35591,0.0076823,0.0327548,0.0742939,0.15084
2388,1718348393,2024-06-14 06:59 UTC,94875.8,193972,2.06786,4.52566,0.114922,0.166622,0.000128627,0.168993,0.355915,0.00787718,0.0344092,0.0700532,0.143373
2389,1718348693,2024-06-14 07:04 UTC,94776.4,193818,2.0938,4.63582,0.109975,0.160227,0.000191875,0.16809,0.355916,0.00807705,0.0361044,0.0642382,0.132707
2390,1718348993,2024-06-14 07:09 UTC,94673.9,193657,2.11993,4.746,0.105004,0.153795,0.000227107,0.16699,0.35592,0.00828257,0.0378412,0.0586092,0.1224
2391,1718349293,2024-06-14 07:14 UTC,94570.6,193488,2.14626,4.85621,0.100047,0.14738,0.00026159,0.165673,0.355918,0.00849349,0.0396188,0.0532498,0.112527
2392,1718349593,2024-06-14 07:19 UTC,94465.2,193312,2.17277,4.96644,0.0951065,0.140982,0.000336226,0.164123,0.355923,0.00870947,0.0414379,0.0482008,0.103171
2393,1718349893,2024-06-14 07:24 UTC,94357.6,193126,2.19945,5.07668,0.0901847,0.134604,0.000468406,0.162328,0.355926,0.00893029,0.043298,0.0434744,0.094479
2394,1718350193,2024-06-14 07:29 UTC,94248.5,192929,2.22631,5.18695,0.0852852,0.128249,0.000750842,0.160284,0.355929,0.0091551,0.0451993,0.0391507,0.0864814
2395,1718350493,2024-06-14 07:34 UTC,94136.9,192720,2.25333,5.29724,0.0804121,0.121925,0.00109536,0.157986,0.35593,0.00938467,0.047142,0.0351249,0.0790264
2396,1718350793,2024-06-14 07:39 UTC,94025.7,192501,2.28052,5.40754,0.0755706,0.115633,0.00150686,0.155437,0.355941,0.00961888,0.049126,0.0313943,0.0720322
2397,1718351093,2024-06-14 07:44 UTC,93911.2,192272,2.30786,5.51786,0.070767,0.109377,0.00200042,0.15264,0.355943,0.00985761,0.0511509,0.0279591,0.0655556
2398,1718351393,2024-06-14 07:49 UTC,93796.1,192027,2.33535,5.6282,0.0660091,0.103174,0.00258362,0.149602,0.355955,0.0101008,0.0532164,0.0248101,0.0595559
2399,1718351693,2024-06-14 07:54 UTC,93681.6,191763,2.36299,5.73855,0.0613071,0.0971043,0.00322585,0.146333,0.355968,0.0103487,0.0553239,0.0219129,0.053959
2400,1718351993,2024-06-14 07:59 UTC,93567.2,191461,2.39077,5.84891,0.0566734,0.0911433,0.00393361,0.142842,0.355975,0.0106011,0.0574728,0.0192664,0.0488658
2401,1718352293,2024-06-14 08:04 UTC,93451.6,191109,2.41869,5.95928,0.0513568,0.0844399,0.00473192,0.139085,0.355988,0.010858,0.0596611,0.0164518,0.043289
2402,1718352593,2024-06-14 08:09 UTC,93335.6,190675,2.44674,6.06967,0.0461761,0.077884,0.00560849,0.135015,0.356017,0.0111193,0.0618928,0.0139578,0.0382497
2403,1718352893,2024-06-14 08:14 UTC,93222.8,190116,2.47492,6.18009,0.0411971,0.0715332,0.00654272,0.13065,0.356059,0.0113852,0.0641651,0.0117673,0.0336039
2404,1718353193,2024-06-14 08:19 UTC,93112.3,189773,2.50322,6.29768,0.0364864,0.0654409,0.00753026,0.126014,0.356091,0.0116559,0.0664829,0.00986966,0.035706
2405,1718353493,2024-06-14 08:24 UTC,92997.6,189896,2.53165,6.41733,0.0321428,0.0598999,0.00854794,0.121128,0.356118,0.0119313,0.0689985,0.00824763,0.0377062
2406,1718353793,2024-06-14 08:29 UTC,92886.7,190036,2.56019,6.53698,0.0283217,0.0554419,0.00962387,0.116016,0.356146,0.0122113,0.0715708,0.00690449,0.0396226
2407,1718354093,2024-06-14 08:34 UTC,92775.8,190169,2.58885,6.65664,0.0252734,0.0522175,0.010761,0.110702,0.356178,0.0124957,0.0742299,0.00584215,0.0412947
2408,1718354393,2024-06-14 08:39 UTC,92668.1,190145,2.61762,6.7763,0.0234246,0.0500536,0.0118894,0.105211,0.356224,0.0127853,0.0770074,0.00500621,0.0428028
2409,1718354693,2024-06-14 08:44 UTC,92562.5,189845,2.64649,6.89595,0.0233017,0.0488713,0.0129025,0.0995654,0.35627,0.0130813,0.0798362,0.00436068,0.0442713
2410,1718354993,2024-06-14 08:49 UTC,92460.6,189187,2.67547,7.021,0.0249189,0.0494805,0.013795,0.0937903,0.356359,0.0133836,0.0828149,0.00392213,0.0454933
2411,1718355293,2024-06-14 08:54 UTC,92362.7,188242,2.70455,7.15167,0.0279023,0.0517585,0.0147033,0.0879101,0.356446,0.013691,0.0859259,0.00373813,0.0465846
2412,1718355593,2024-06-14 08:59 UTC,92267.4,188882,2.73374,7.28234,0.0318096,0.054845,0.0156448,0.0819502,0.356541,0.014003,0.0890946,0.0038149,0.0475557
2413,1718355893,2024-06-14 09:04 UTC,92227.6,189082,2.75106,7.36539,0.0362258,0.0582299,0.0165746,0.0759536,0.356631,0.0142286,0.0911384,0.00419248,0.0481099
2414,1718356193,2024-06-14 09:09 UTC,92185.2,189214,2.76849,7.44734,0.040943,0.062106,0.0174878,0.0699666,0.356722,0.014459,0.0931777,0.00480386,0.0485864
2415,1718356493,2024-06-14 09:14 UTC,92148.9,189333,2.7863,7.52935,0.0458685,0.0663979,0.0183568,0.0640243,0.356837,0.0146972,0.0952411,0.00565861,0.0491339
2416,1718356793,2024-06-14 09:19 UTC,92112.8,189418,2.80448,7.61139,0.0509436,0.0710261,0.0190864,0.0630929,0.356964,0.0149441,0.0973277,0.00678066,0.0494843
2417,1718357093,2024-06-14 09:24 UTC,92079.6,189378,2.82302,7.69347,0.0561294,0.0759292,0.0197577,0.0669305,0.357089,0.0151989,0.0994386,0.00816139,0.0497804
2418,1718357393,2024-06-14 09:29 UTC,92045.6,189041,2.84193,7.7756,0.0613989,0.0810572,0.0204433,0.0701065,0.357192,0.0154608,0.101572,0.00979383,0.0500182
2419,1718357693,2024-06-14 09:34 UTC,92008.7,188112,2.86119,7.85776,0.0667333,0.0865533,0.0212116,0.0734526,0.357297,0.015729,0.103731,0.0116619,0.0502198
2420,1718357993,2024-06-14 09:39 UTC,91972.1,184963,2.88081,7.94009,0.0721188,0.0923769,0.0220882,0.0777608,0.357426,0.0160031,0.105915,0.0137221,0.0503819
2421,1718358293,2024-06-14 09:44 UTC,91937.4,186242,2.90078,8.0225,0.0775453,0.0983273,0.0230512,0.0813765,0.357556,0.0162831,0.108125,0.0159884,0.0505086
2422,1718358593,2024-06-14 09:49 UTC,91904,188247,2.92111,8.10494,0.083005,0.104383,0.0241187,0.0853722,0.357719,0.0165692,0.110359,0.0184394,0.051565
2423,1718358893,2024-06-14 09:54 UTC,91874,188367,2.94179,8.18742,0.0884922,0.111381,0.0252559,0.0893465,0.357868,0.0168616,0.112616,0.0210676,0.0594959
2424,1718359193,2024-06-14 09:59 UTC,91842.8,188426,2.96283,8.26993,0.0940022,0.118984,0.0265024,0.093115,0.358,0.0171602,0.114898,0.0238384,0.0679483
2425,1718359493,2024-06-14 10:04 UTC,91810.1,188128,2.98421,8.35261,0.0976358,0.122652,0.0278955,0.097352,0.358147,0.0174643,0.117207,0.0253741,0.0729959
2426,1718359793,2024-06-14 10:09 UTC,91786.6,186516,3.00592,8.43535,0.101235,0.126231,0.0294328,0.10172,0.358364,0.0177736,0.119541,0.0268679,0.0781153
2427,1718360093,2024-06-14 10:14 UTC,91754.3,183670,3.02796,8.51812,0.104843,0.130523,0.0311028,0.105828,0.358516,0.0180881,0.121898,0.0283252,0.0834098
2428,1718360393,2024-06-14 10:19 UTC,91729.4,187554,3.05032,8.60092,0.10846,0.135164,0.0329198,0.110738,0.358759,0.0184077,0.12428,0.0297394,0.0888761
2429,1718360693,2024-06-14 10:24 UTC,91696.9,187732,3.07302,8.68375,0.112084,0.13983,0.0348074,0.114741,0.358932,0.0187333,0.126685,0.0311511,0.0945242
2430,1718360993,2024-06-14 10:29 UTC,91672,187517,3.09608,8.76661,0.115715,0.144517,0.0367441,0.119619,0.359114,0.0190652,0.129114,0.0325682,0.100344
2431,1718361293,2024-06-14 10:34 UTC,91650.6,184949,3.11951,8.8495,0.119353,0.149332,0.0387912,0.124088,0.359361,0.0194025,0.131567,0.0339616,0.106339
2432,1718361593,2024-06-14 10:39 UTC,91621.6,184546,3.14331,8.93241,0.122996,0.154199,0.0409298,0.131367,0.35951,0.0197453,0.134044,0.0353229,0.112509
2433,1718361893,2024-06-14 10:44 UTC,91603.5,187118,3.16747,9.01535,0.126645,0.15908,0.0432054,0.138802,0.35976,0.0200932,0.136545,0.0366338,0.118854
2434,1718362193,2024-06-14 10:49 UTC,91585.4,186929,3.19198,9.09832,0.130299,0.163974,0.0455754,0.14658,0.360032,0.0204464,0.139069,0.0379151,0.125383
2435,1718362493,2024-06-14 10:54 UTC,91561,183194,3.21683,9.1813,0.133957,0.168879,0.0479953,0.162539,0.360244,0.0208055,0.141618,0.0391772,0.133647
2436,1718362793,2024-06-14 10:59 UTC,91546.4,184930,3.242,9.26432,0.13762,0.173795,0.0504353,0.177375,0.360511,0.0211713,0.14419,0.0404646,0.142956
2437,1718363093,2024-06-14 11:04 UTC,91524.9,186449,3.26748,9.34735,0.138735,0.175779,0.0528074,0.187039,0.360794,0.0215436,0.146787,0.0396924,0.139238
2438,1718363393,2024-06-14 11:09 UTC,91513.9,184474,3.29326,9.43041,0.139791,0.177698,0.0550447,0.187421,0.36108,0.0219234,0.149407,0.0390235,0.142542
2439,1718363693,2024-06-14 11:14 UTC,91500.7,186196,3.31931,9.51349,0.140849,0.179623,0.0571258,0.186273,0.361352,0.022311,0.152051,0.0384869,0.15896
2440,1718363993,2024-06-14 11:19 UTC,91481.1,185670,3.34563,9.59666,0.14191,0.181548,0.059075,0.200449,0.361641,0.0227055,0.154721,0.0381009,0.141812
2441,1718364293,2024-06-14 11:24 UTC,91481.1,185408,3.3722,9.67992,0.142973,0.183475,0.0609517,0.200531,0.361986,0.0231071,0.157418,0.0377894,0.141916
2442,1718364593,2024-06-14 11:29 UTC,91452,185756,3.39902,9.76321,0.144038,0.185404,0.0627259,0.207748,0.362195,0.0235154,0.160138,0.0375539,0.14229
2443,1718364893,2024-06-14 11:34 UTC,91452.5,184314,3.42605,9.84652,0.145105,0.187333,0.0644714,0.214721,0.362658,0.0239311,0.162883,0.037368,0.147255
2444,1718365193,2024-06-14 11:39 UTC,91439.7,185475,3.45331,9.92985,0.146174,0.189264,0.0660917,0.221431,0.3629,0.0243537,0.165651,0.0372887,0.156767
2445,1718365493,2024-06-14 11:44 UTC,91435.5,184923,3.48076,10.0132,0.147245,0.191196,0.0676589,0.227864,0.36327,0.0247828,0.168444,0.0372735,0.145694
2446,1718365793,2024-06-14 11:49 UTC,91431.4,184954,3.50842,10.0966,0.148318,0.193129,0.0692013,0.228916,0.363644,0.0252181,0.17126,0.0372929,0.155406
2447,1718366093,2024-06-14 11:54 UTC,91421.3,185005,3.53625,10.1799,0.149394,0.195062,0.070725,0.234471,0.363972,0.0256585,0.1741,0.0373465,0.162156
2448,1718366393,2024-06-14 11:59 UTC,91418.5,181433,3.56427,10.2641,0.150471,0.196997,0.0722327,0.23991,0.364348,0.026105,0.176992,0.0374296,0.156824
2449,1718366693,2024-06-14 12:04 UTC,91425.1,184792,3.61012,10.311,0.149132,0.195218,0.073654,0.244745,0.364725,0.0266995,0.178611,0.0357986,0.164105
2450,1718366993,2024-06-14 12:09 UTC,91424.3,184705,3.65754,10.3573,0.147736,0.19335,0.0748234,0.248637,0.36509,0.0273096,0.180219,0.0343491,0.169192
2451,1718367293,2024-06-14 12:14 UTC,91429.6,184251,3.70619,10.4036,0.146341,0.191482,0.0757584,0.25173,0.365473,0.0279337,0.181835,0.0330661,0.17475
2452,1718367593,2024-06-14 12:19 UTC,91437.9,184599,3.75616,10.45,0.144948,0.189615,0.0764883,0.254171,0.365903,0.0285716,0.18346,0.0319545,0.149905
2453,1718367893,2024-06-14 12:24 UTC,91437.9,182752,3.80754,10.4964,0.143557,0.187748,0.0770647,0.255925,0.366255,0.0292239,0.185092,0.0309187,0.144025
2454,1718368193,2024-06-14 12:29 UTC,91444.1,184459,3.86039,10.5428,0.142166,0.185882,0.0775323,0.257191,0.366681,0.0298899,0.186733,0.0300137,0.142422
2455,1718368493,2024-06-14 12:34 UTC,91450.7,184030,3.91463,10.5893,0.140777,0.184015,0.0778896,0.257938,0.367083,0.030572,0.188382,0.0291863,0.143874
2456,1718368793,2024-06-14 12:39 UTC,91455.2,182840,3.97003,10.6357,0.13939,0.18215,0.0781142,0.258354,0.367455,0.0312689,0.19004,0.0284492,0.143147
2457,1718369093,2024-06-14 12:44 UTC,91455.3,183925,4.02637,10.6822,0.138004,0.180284,0.078253,0.258471,0.367783,0.0319816,0.191705,0.0277359,0.134794
2458,1718369393,2024-06-14 12:49 UTC,91460.6,184316,4.08353,10.7289,0.13662,0.178419,0.0783765,0.258316,0.368214,0.032709,0.193384,0.0270346,0.137781
2459,1718369693,2024-06-14 12:54 UTC,91461.2,183662,4.14144,10.776,0.135237,0.176554,0.0784627,0.257948,0.368528,0.0334507,0.195085,0.0263169,0.130273
2460,1718369993,2024-06-14 12:59 UTC,91465.6,183962,4.20001,10.8254,0.133856,0.17469,0.0785143,0.257405,0.36897,0.0342083,0.196878,0.0255804,0.128249
2461,1718370293,2024-06-14 13:04 UTC,91468.9,184079,4.25917,10.8748,0.130151,0.169469,0.0784727,0.256374,0.369358,0.034982,0.19868,0.0235941,0.121051
2462,1718370593,2024-06-14 13:09 UTC,91475.6,183684,4.3188,10.9244,0.126407,0.164176,0.0782551,0.254591,0.369734,0.0357741,0.200494,0.0216526,0.120898
2463,1718370893,2024-06-14 13:14 UTC,91475.4,184055,4.37879,10.9739,0.122681,0.159299,0.0778402,0.252221,0.370113,0.0365851,0.202318,0.0198507,0.122937
2464,1718371193,2024-06-14 13:19 UTC,91480.4,183159,4.43907,11.0235,0.118977,0.154423,0.0772505,0.284653,0.370461,0.0374152,0.20415,0.0181771,0.155328
2465,1718371493,2024-06-14 13:24 UTC,91486.4,183926,4.49963,11.0731,0.115294,0.149548,0.0765485,0.248632,0.370878,0.0382633,0.205991,0.0166177,0.128251
2466,1718371793,2024-06-14 13:29 UTC,91485.6,183834,4.56042,11.1227,0.111636,0.144676,0.0758031,0.253351,0.371189,0.0391291,0.207842,0.0151459,0.11605
2467,1718372093,2024-06-14 13:34 UTC,91487.2,183790,4.62143,11.1724,0.108003,0.139806,0.0750238,0.256055,0.371575,0.0400121,0.209701,0.0138003,0.159849
2468,1718372393,2024-06-14 13:39 UTC,91495.1,183794,4.68265,11.222,0.104398,0.134939,0.0741903,0.257114,0.371953,0.0409116,0.211569,0.0126011,0.132896
2469,1718372693,2024-06-14 13:44 UTC,91498.4,183674,4.74405,11.2717,0.100824,0.131318,0.0733131,0.256862,0.372332,0.0418286,0.213446,0.0115417,0.161497
2470,1718372993,2024-06-14 13:49 UTC,91502.9,183677,4.80563,11.3214,0.0972824,0.128259,0.072366,0.22853,0.372681,0.0427641,0.215332,0.0106515,0.17871
2471,1718373293,2024-06-14 13:54 UTC,91505.7,183038,4.86738,11.3711,0.0937767,0.125291,0.0714424,0.227533,0.37303,0.0437143,0.217227,0.0100189,0.199226
2472,1718373593,2024-06-14 13:59 UTC,91504.6,183586,4.92928,11.4208,0.0903099,0.122422,0.0704529,0.226291,0.373306,0.0446818,0.21913,0.009596,0.147952
2473,1718373893,2024-06-14 14:04 UTC,91507.8,183534,4.99133,11.4705,0.0847643,0.116231,0.0694017,0.224361,0.373628,0.0456677,0.221043,0.00907176,0.125514
2474,1718374193,2024-06-14 14:09 UTC,91504.8,183482,5.05351,11.5203,0.0792569,0.110146,0.0682054,0.221987,0.373958,0.0466713,0.222964,0.00920043,0.131671
2475,1718374493,2024-06-14 14:14 UTC,91508.4,183430,5.11583,11.57,0.0738571,0.104284,0.0670154,0.218529,0.374282,0.047692,0.224895,0.00993324,0.165512
2476,1718374793,2024-06-14 14:19 UTC,91504.7,183378,5.17827,11.6198,0.0685877,0.0986829,0.0657251,0.214466,0.374556,0.0487308,0.226834,0.011047,0.149115
2477,1718375093,2024-06-14 14:24 UTC,91495.8,183327,5.24082,11.6696,0.0634775,0.0936472,0.0642933,0.210058,0.374827,0.0497889,0.228783,0.0124082,0.112639
2478,1718375393,2024-06-14 14:29 UTC,91502.1,183275,5.30348,11.7194,0.0585626,0.0891726,0.0627471,0.205388,0.375166,0.0508655,0.23074,0.0138936,0.1304
2479,1718375693,2024-06-14 14:34 UTC,91487.8,183224,5.36624,11.7693,0.0538885,0.0851716,0.0610839,0.199973,0.375343,0.0519616,0.232706,0.0154278,0.148713
2480,1718375993,2024-06-14 14:39 UTC,91492.5,183182,5.4291,11.8191,0.0495129,0.0817138,0.0594268,0.194177,0.375673,0.0530743,0.234681,0.0170801,0.160382
2481,1718376293,2024-06-14 14:44 UTC,91493,183131,5.49205,11.8689,0.0455084,0.0788725,0.0576646,0.189889,0.375913,0.0542068,0.236665,0.0187126,0.166825
2482,1718376593,2024-06-14 14:49 UTC,91479.4,183079,5.55508,11.9188,0.0419657,0.0767139,0.0557986,0.185872,0.376189,0.0553566,0.238658,0.0204297,0.170564
2483,1718376893,2024-06-14 14:54 UTC,91467.1,183028,5.6182,11.9687,0.0389969,0.0754139,0.0537905,0.180837,0.376381,0.0565265,0.240659,0.0221316,0.173304
2484,1718377193,2024-06-14 14:59 UTC,91460.7,182977,5.68139,12.0186,0.0367379,0.0750113,0.0517277,0.175222,0.3766,0.0577139,0.24267,0.023894,0.174704
2485,1718377493,2024-06-14 15:04 UTC,91445.2,182925,5.68389,12.0059,0.0348674,0.0746068,0.0495061,0.1688,0.376804,0.0576878,0.242159,0.0259539,0.175356
2486,1718377793,2024-06-14 15:09 UTC,91441.5,182874,5.68513,11.9918,0.0344433,0.0763611,0.0470487,0.16165,0.377047,0.0576407,0.241588,0.0280033,0.175188
2487,1718378093,2024-06-14 15:14 UTC,91426.6,182823,5.68656,11.9776,0.0356935,0.0792096,0.044383,0.155795,0.3773,0.0576008,0.241018,0.0300526,0.173942
2488,1718378393,2024-06-14 15:19 UTC,91403.1,182771,5.68819,11.9635,0.0384848,0.0830446,0.0414677,0.149938,0.377418,0.0575703,0.240449,0.032085,0.172399
2489,1718378693,2024-06-14 15:24 UTC,91389.8,182720,5.69002,11.9493,0.0424204,0.0877537,0.0383788,0.143401,0.377608,0.0575475,0.23988,0.034127,0.179481
2490,1718378993,2024-06-14 15:29 UTC,91369.9,182669,5.69203,11.9351,0.0471508,0.0935771,0.0350807,0.136199,0.377734,0.057532,0.239312,0.0362423,0.16935
2491,1718379293,2024-06-14 15:34 UTC,91347.8,182618,5.69423,11.921,0.0524392,0.0999567,0.0316771,0.128497,0.377858,0.0575224,0.238744,0.0384381,0.167496
2492,1718379593,2024-06-14 15:39 UTC,91321.2,182567,5.69662,11.9068,0.0581278,0.107131,0.0281172,0.121077,0.377946,0.0575199,0.238178,0.0406688,0.165839
2493,1718379893,2024-06-14 15:44 UTC,91298.9,182516,5.69918,11.8927,0.0641096,0.114814,0.024561,0.11417,0.378059,0.0575203,0.237612,0.0431107,0.164238
2494,1718380193,2024-06-14 15:49 UTC,91268.8,182466,5.70191,11.8807,0.0703105,0.122784,0.0210843,0.106831,0.378143,0.0575244,0.237136,0.0457478,0.162759
2495,1718380493,2024-06-14 15:54 UTC,91244,182415,5.70481,11.8741,0.0766783,0.131231,0.0177442,0.0988937,0.378217,0.0575292,0.236868,0.0487092,0.161263
2496,1718380793,2024-06-14 15:59 UTC,91216.4,182364,5.70787,11.8674,0.0831756,0.139942,0.0143807,0.0917987,0.378273,0.0575396,0.236602,0.0517838,0.159676
2497,1718381093,2024-06-14 16:04 UTC,91187.4,182314,5.71109,11.8607,0.0890609,0.146708,0.0112277,0.0831208,0.378324,0.0575511,0.236335,0.0543918,0.156502
2498,1718381393,2024-06-14 16:09 UTC,91157,182263,5.71447,11.854,0.0949889,0.153485,0.0082656,0.0734483,0.378364,0.0575636,0.236068,0.0572905,0.154033
2499,1718381693,2024-06-14 16:14 UTC,91121,182213,5.71799,11.8473,0.100966,0.160313,0.00576503,0.0657039,0.378344,0.0575722,0.235802,0.0607344,0.152074
2500,1718381993,2024-06-14 16:19 UTC,91092.9,182162,5.72165,11.8406,0.106984,0.167186,0.00474419,0.0603501,0.37841,0.0575604,0.235536,0.0656348,0.15057
2501,1718382293,2024-06-14 16:24 UTC,91059.1,182112,5.72545,11.8339,0.113036,0.174099,0.0041883,0.0532145,0.378406,0.0575404,0.235271,0.0715039,0.155585
2502,1718382593,2024-06-14 16:29 UTC,91022.6,182062,5.72938,11.8273,0.119117,0.181048,0.0040072,0.0484217,0.378398,0.0575274,0.235005,0.0774841,0.166979
2503,1718382893,2024-06-14 16:34 UTC,90991.3,182012,5.73343,11.8206,0.125224,0.188027,0.00408227,0.0486986,0.378408,0.0575201,0.23474,0.0836415,0.17825
2504,1718383193,2024-06-14 16:39 UTC,90955,181961,5.73761,11.8149,0.131352,0.195035,0.00470759,0.0537262,0.378433,0.0575257,0.234514,0.0894739,0.188579
2505,1718383493,2024-06-14 16:44 UTC,90917.3,181911,5.74191,11.8095,0.137499,0.202067,0.00595261,0.0592758,0.378419,0.057544,0.2343,0.0949059,0.200251
2506,1718383793,2024-06-14 16:49 UTC,90879.8,181861,5.74632,11.8041,0.143663,0.209123,0.00776083,0.0653082,0.378398,0.0575736,0.234087,0.0999876,0.207488
2507,1718384093,2024-06-14 16:54 UTC,90845.8,181811,5.75085,11.7987,0.149841,0.216198,0.0100034,0.0715427,0.37841,0.0576127,0.233873,0.104821,0.221414
2508,1718384393,2024-06-14 16:59 UTC,90811.1,181762,5.75549,11.7934,0.156032,0.223292,0.0125712,0.0779133,0.378405,0.0576596,0.23366,0.109521,0.237523
2509,1718384693,2024-06-14 17:04 UTC,90774.4,181712,5.76024,11.788,0.160393,0.227323,0.0152552,0.0841293,0.378404,0.0577099,0.233447,0.111506,0.247238
2510,1718384993,2024-06-14 17:09 UTC,90735.1,181662,5.7651,11.7826,0.164714,0.23128,0.017823,0.08993,0.378367,0.0577601,0.233235,0.113792,0.256819
2511,1718385293,2024-06-14 17:14 UTC,90688.8,181612,5.77007,11.7776,0.169037,0.235237,0.0202521,0.0953829,0.378273,0.0578103,0.233035,0.116439,0.266601
2512,1718385593,2024-06-14 17:19 UTC,90649.8,181563,5.77515,11.7728,0.173363,0.239194,0.0226125,0.100539,0.378244,0.0578624,0.232846,0.11928,0.276587
2513,1718385893,2024-06-14 17:24 UTC,90614,181513,5.78033,11.768,0.17769,0.243151,0.0248307,0.105453,0.378266,0.057915,0.232657,0.12245,0.285902
2514,1718386193,2024-06-14 17:29 UTC,90568,181464,5.78561,11.7633,0.18202,0.247108,0.0269497,0.110158,0.378226,0.0579691,0.23247,0.125861,0.296211
2515,1718386493,2024-06-14 17:34 UTC,90521.2,181415,5.79099,11.7585,0.186351,0.251066,0.0289823,0.114693,0.378157,0.0580249,0.232282,0.129494,0.307356
2516,1718386793,2024-06-14 17:39 UTC,90487.1,181365,5.79648,11.7538,0.190684,0.255023,0.0310029,0.119084,0.378164,0.0580837,0.232094,0.133235,0.318585
2517,1718387093,2024-06-14 17:44 UTC,90436.9,181316,5.80207,11.749,0.195019,0.25898,0.0328783,0.123351,0.378095,0.0581428,0.231907,0.137293,0.329693
2518,1718387393,2024-06-14 17:49 UTC,90386.7,181267,5.80776,11.7443,0.199355,0.262937,0.0345315,0.127519,0.378068,0.0582007,0.23172,0.141864,0.341215
2519,1718387693,2024-06-14 17:54 UTC,90342.9,181218,5.81354,11.7396,0.203692,0.266894,0.0360911,0.1316,0.378076,0.0582599,0.231533,0.146676,0.352282
2520,1718387993,2024-06-14 17:59 UTC,90296.1,181169,5.81943,11.7348,0.208031,0.270851,0.0375563,0.135606,0.378012,0.0583206,0.231347,0.151753,0.363775
2521,1718388293,2024-06-14 18:04 UTC,90250.7,181120,5.8142,11.7214,0.210173,0.272835,0.0386417,0.139356,0.37801,0.0582263,0.230816,0.153767,0.368142
2522,1718388593,2024-06-14 18:09 UTC,90201.9,181072,5.80871,11.7077,0.212263,0.274773,0.0392365,0.142691,0.378028,0.0581181,0.230277,0.156615,0.37278
2523,1718388893,2024-06-14 18:14 UTC,90154.6,181023,5.80323,11.694,0.214353,0.276713,0.0396048,0.145683,0.378028,0.0580055,0.229739,0.159842,0.377463
2524,1718389193,2024-06-14 18:19 UTC,90104.7,180974,5.79776,11.6803,0.216445,0.278655,0.0397431,0.148391,0.378018,0.057888,0.229202,0.163541,0.382259
2525,1718389493,2024-06-14 18:24 UTC,90054.6,180926,5.7923,11.6666,0.218536,0.280598,0.0396461,0.150865,0.378041,0.057767,0.228665,0.167744,0.387159
2526,1718389793,2024-06-14 18:29 UTC,90005.9,180878,5.78684,11.6529,0.220629,0.282544,0.0394681,0.153146,0.378036,0.0576445,0.228129,0.172146,0.392617
2527,1718390093,2024-06-14 18:34 UTC,89957.7,180829,5.7814,11.6393,0.222722,0.28507,0.0391897,0.155269,0.378016,0.0575202,0.227593,0.176792,0.397441
2528,1718390393,2024-06-14 18:39 UTC,89904,180781,5.77597,11.6256,0.224815,0.28792,0.0387808,0.157261,0.378023,0.0573944,0.22706,0.181714,0.402591
2529,1718390693,2024-06-14 18:44 UTC,89862.7,180733,5.77054,11.6119,0.22691,0.29077,0.0384421,0.156945,0.378088,0.0572705,0.226525,0.186579,0.410978
2530,1718390993,2024-06-14 18:49 UTC,89808.8,180685,5.76513,11.5982,0.229004,0.293621,0.0379995,0.159684,0.378052,0.0571451,0.225992,0.19174,0.412901
2531,1718391293,2024-06-14 18:54 UTC,89762.1,180637,5.75972,11.5846,0.231099,0.296472,0.0374875,0.162353,0.378095,0.0570192,0.22546,0.197117,0.4194
2532,1718391593,2024-06-14 18:59 UTC,89712.8,180589,5.75432,11.5709,0.233195,0.299323,0.0371225,0.164965,0.378101,0.0568964,0.224927,0.202355,0.423409
2533,1718391893,2024-06-14 19:04 UTC,89668.2,180541,5.74894,11.5572,0.23306,0.299026,0.036585,0.167409,0.378148,0.0567702,0.224396,0.203524,0.423065
2534,1718392193,2024-06-14 19:09 UTC,89621.3,180493,5.74356,11.5435,0.232873,0.298653,0.0356896,0.169595,0.378157,0.056637,0.223866,0.205358,0.422946
2535,1718392493,2024-06-14 19:14 UTC,89569.8,180445,5.7382,11.5299,0.232688,0.298281,0.0345339,0.17157,0.378179,0.0564993,0.223335,0.207711,0.42305
2536,1718392793,2024-06-14 19:19 UTC,89533.9,180397,5.73284,11.5162,0.232505,0.297909,0.0333569,0.173369,0.378282,0.0563624,0.222806,0.210088,0.422637
2537,1718393093,2024-06-14 19:24 UTC,89476.8,180350,5.7275,11.5025,0.232325,0.297536,0.0320849,0.17502,0.378226,0.0562248,0.222278,0.212543,0.422201
2538,1718393393,2024-06-14 19:29 UTC,89428.4,180302,5.72217,11.4889,0.232146,0.297164,0.0308549,0.176547,0.378228,0.0560886,0.22175,0.214948,0.422154
2539,1718393693,2024-06-14 19:34 UTC,89391.2,180254,5.71685,11.4752,0.23197,0.296795,0.0297085,0.177968,0.378347,0.0559542,0.221223,0.217255,0.422116
2540,1718393993,2024-06-14 19:39 UTC,89343.5,180207,5.71154,11.4615,0.231795,0.296462,0.0286328,0.179301,0.378339,0.0558224,0.220697,0.219309,0.421639
2541,1718394293,2024-06-14 19:44 UTC,89300.6,180159,5.70625,11.4479,0.231623,0.296128,0.0275028,0.180559,0.378391,0.0556899,0.22017,0.221535,0.421456
2542,1718394593,2024-06-14 19:49 UTC,89261.1,180112,5.70098,11.4342,0.231453,0.295795,0.0264549,0.181754,0.37844,0.0555603,0.219645,0.223539,0.420904
2543,1718394893,2024-06-14 19:54 UTC,89218.5,180064,5.69571,11.4205,0.231285,0.295462,0.0255539,0.18289,0.378513,0.0554339,0.219121,0.225243,0.420369
2544,1718395193,2024-06-14 19:59 UTC,89177.3,180017,5.69047,11.4069,0.231119,0.295129,0.0247168,0.183929,0.378536,0.05531,0.218597,0.226766,0.419927
2545,1718395493,2024-06-14 20:04 UTC,89135.5,179969,5.68524,11.3932,0.228841,0.292343,0.0236962,0.184709,0.378605,0.0551824,0.218074,0.224233,0.411495
2546,1718395793,2024-06-14 20:09 UTC,89097.2,179922,5.68002,11.3796,0.226513,0.289499,0.0223721,0.185126,0.378662,0.0550497,0.217551,0.222281,0.402954
2547,1718396093,2024-06-14 20:14 UTC,89053,179874,5.67482,11.3659,0.224186,0.286655,0.0208212,0.185231,0.378658,0.0549135,0.217028,0.220809,0.399322
2548,1718396393,2024-06-14 20:19 UTC,89013.2,179827,5.66964,11.3523,0.221859,0.283812,0.0192349,0.185062,0.378661,0.0547771,0.216508,0.219413,0.39541
2549,1718396693,2024-06-14 20:24 UTC,88975.4,179779,5.66447,11.3386,0.219532,0.28097,0.0176854,0.184656,0.378708,0.0546428,0.215987,0.217835,0.390519
2550,1718396993,2024-06-14 20:29 UTC,88934.9,179731,5.65932,11.3249,0.217206,0.278128,0.0161854,0.184038,0.378681,0.0545101,0.215467,0.216105,0.385679
2551,1718397293,2024-06-14 20:34 UTC,88899.1,179684,5.65419,11.3113,0.214881,0.275286,0.0147545,0.183235,0.378715,0.0543799,0.214948,0.214188,0.3804
2552,1718397593,2024-06-14 20:39 UTC,88860.6,179595,5.64907,11.2976,0.212556,0.272445,0.0134722,0.182266,0.378714,0.0542531,0.214429,0.211939,0.374878
2553,1718397893,2024-06-14 20:44 UTC,88821.4,179589,5.64397,11.284,0.210231,0.269605,0.0123075,0.181149,0.378743,0.0541293,0.213912,0.209418,0.368736
2554,1718398193,2024-06-14 20:49 UTC,88784.3,179541,5.63888,11.2703,0.207907,0.266765,0.0112317,0.179898,0.378692,0.0540078,0.213394,0.206715,0.362773
2555,1718398493,2024-06-14 20:54 UTC,88743,179494,5.63381,11.2567,0.205584,0.263926,0.0102581,0.178528,0.378695,0.0538894,0.212878,0.203777,0.356112
2556,1718398793,2024-06-14 20:59 UTC,88713.8,179447,5.62876,11.243,0.203261,0.261088,0.00939533,0.177048,0.378704,0.0537733,0.212362,0.200643,0.349343
2557,1718399093,2024-06-14 21:04 UTC,88672.9,179402,5.63799,11.2463,0.199579,0.256787,0.0084983,0.17538,0.378634,0.0539216,0.212483,0.194884,0.338794
2558,1718399393,2024-06-14 21:09 UTC,88637.1,179357,5.64757,11.2499,0.195868,0.252453,0.00760495,0.173451,0.378597,0.0540771,0.21262,0.1891,0.328069
2559,1718399693,2024-06-14 21:14 UTC,88602,179313,5.65717,11.2535,0.192161,0.24812,0.00686585,0.171288,0.378585,0.0542359,0.212757,0.183113,0.317127
2560,1718399993,2024-06-14 21:19 UTC,88564.9,179268,5.6668,11.2571,0.188458,0.243788,0.00621493,0.168919,0.37855,0.0543974,0.212894,0.177023,0.30632
2561,1718400293,2024-06-14 21:24 UTC,88534.2,179223,5.67644,11.2607,0.184759,0.239458,0.00563593,0.166362,0.37853,0.054561,0.21303,0.170886,0.295549
2562,1718400593,2024-06-14 21:29 UTC,88501.2,179178,5.6861,11.2643,0.181065,0.235129,0.00509669,0.163637,0.3785,0.054726,0.213167,0.164812,0.284997
2563,1718400893,2024-06-14 21:34 UTC,88470.2,179133,5.69578,11.268,0.177375,0.231224,0.00460113,0.160757,0.378493,0.0548927,0.213305,0.158783,0.275574
2564,1718401193,2024-06-14 21:39 UTC,88436.5,179088,5.70548,11.2716,0.173691,0.227422,0.00413451,0.157737,0.378477,0.055061,0.213442,0.1528,0.26658
2565,1718401493,2024-06-14 21:44 UTC,88401.1,179043,5.7152,11.2752,0.170012,0.223622,0.00369412,0.154585,0.378423,0.0552304,0.21358,0.146941,0.257776
2566,1718401793,2024-06-14 21:49 UTC,88372.1,178999,5.72494,11.279,0.166339,0.219826,0.00330315,0.151313,0.378445,0.0554012,0.213722,0.141163,0.249116
2567,1718402093,2024-06-14 21:54 UTC,88342.1,178955,5.7347,11.2827,0.162673,0.216034,0.00292981,0.147928,0.378407,0.0555736,0.213864,0.135474,0.240593
2568,1718402393,2024-06-14 21:59 UTC,88313.2,178911,5.74448,11.2865,0.159013,0.212251,0.0026038,0.144437,0.378397,0.0557472,0.214006,0.129883,0.232261
2569,1718402693,2024-06-14 22:04 UTC,88282.3,178867,5.75428,11.2902,0.155254,0.207966,0.00230375,0.140851,0.378405,0.0559222,0.214148,0.124222,0.223046
2570,1718402993,2024-06-14 22:09 UTC,88256.4,178824,5.76411,11.294,0.151497,0.203722,0.0020328,0.137182,0.378433,0.0560986,0.214291,0.118651,0.214055
2571,1718403293,2024-06-14 22:14 UTC,88226.5,178780,5.77396,11.2977,0.147747,0.199484,0.00179509,0.130921,0.378403,0.0562763,0.214433,0.113182,0.205242
2572,1718403593,2024-06-14 22:19 UTC,88197.9,178736,5.78383,11.3015,0.144002,0.195251,0.0016023,0.0882639,0.378397,0.0564553,0.214575,0.107822,0.196645
2573,1718403893,2024-06-14 22:24 UTC,88170.6,178692,5.79372,11.3052,0.140264,0.191023,0.00143102,0.0856834,0.378393,0.0566358,0.214718,0.102555,0.188249
2574,1718404193,2024-06-14 22:29 UTC,88143.6,178649,5.80364,11.309,0.136533,0.186836,0.00130711,0.0849267,0.37839,0.0568171,0.21486,0.0974271,0.180119
2575,1718404493,2024-06-14 22:34 UTC,88118.5,178605,5.81357,11.3127,0.132809,0.182697,0.00119376,0.0837021,0.37841,0.0569995,0.215003,0.092427,0.172255
2576,1718404793,2024-06-14 22:39 UTC,88090.2,178562,5.82353,11.3165,0.129094,0.178599,0.00111294,0.0794573,0.378409,0.0571827,0.215146,0.0875694,0.164621
2577,1718405093,2024-06-14 22:44 UTC,88064.3,178518,5.83351,11.3202,0.125388,0.174509,0.00108738,0.067923,0.378398,0.0573665,0.215289,0.0828669,0.157215
2578,1718405393,2024-06-14 22:49 UTC,88040.2,178475,5.84351,11.324,0.121691,0.170427,0.00109429,0.066584,0.378391,0.0575513,0.215432,0.0782858,0.149966
2579,1718405693,2024-06-14 22:54 UTC,88015.2,178432,5.85353,11.3278,0.118005,0.166354,0.00116112,0.065008,0.378404,0.0577364,0.215574,0.073874,0.142901
2580,1718405993,2024-06-14 22:59 UTC,87987.3,178389,5.86357,11.3315,0.114331,0.16229,0.00129079,0.0631808,0.378391,0.0579217,0.215718,0.0696362,0.13605
2581,1718406293,2024-06-14 23:04 UTC,87964.3,178345,5.87363,11.3353,0.111414,0.15872,0.00144369,0.0644365,0.378408,0.058108,0.215861,0.0663919,0.13011
2582,1718406593,2024-06-14 23:09 UTC,87937.9,178302,5.88372,11.339,0.108518,0.155168,0.00162042,0.0673718,0.378395,0.0582949,0.216004,0.0632605,0.124347
2583,1718406893,2024-06-14 23:14 UTC,87917.9,178259,5.89382,11.3428,0.105626,0.151624,0.00185054,0.0704536,0.378425,0.0584816,0.216148,0.0602625,0.118733
2584,1718407193,2024-06-14 23:19 UTC,87895.3,178217,5.90395,11.3466,0.102738,0.148089,0.0021208,0.0729018,0.378444,0.0586684,0.216291,0.0573759,0.116347
2585,1718407493,2024-06-14 23:24 UTC,87877.4,178174,5.91409,11.3503,0.0998541,0.144562,0.00243241,0.0752181,0.378463,0.0588552,0.216435,0.0546031,0.119691
2586,1718407793,2024-06-14 23:29 UTC,87853,178131,5.92426,11.3541,0.0969751,0.141045,0.00277654,0.079065,0.378449,0.0590419,0.216578,0.0519469,0.122161
2587,1718408093,2024-06-14 23:34 UTC,87833.7,178088,5.93444,11.3579,0.0941013,0.137538,0.00316362,0.0819715,0.378484,0.0592285,0.216722,0.0494104,0.12439
2588,1718408393,2024-06-14 23:39 UTC,87808.1,178045,5.94465,11.3616,0.0912331,0.134042,0.00359551,0.0856136,0.378468,0.0594148,0.216866,0.0469979,0.126111
2589,1718408693,2024-06-14 23:44 UTC,87794.6,178000,5.95488,11.3654,0.0883712,0.130558,0.00407869,0.0897059,0.378565,0.0596007,0.21701,0.0447092,0.126855
2590,1718408993,2024-06-14 23:49 UTC,87776.8,177923,5.96512,11.3692,0.0855161,0.127087,0.00461472,0.0933338,0.378599,0.0597863,0.217154,0.042545,0.126884
2591,1718409293,2024-06-14 23:54 UTC,87753,177772,5.97539,11.3729,0.0826686,0.12363,0.0052059,0.0953277,0.378617,0.0599713,0.217298,0.04051,0.125924
2592,1718409593,2024-06-14 23:59 UTC,87735.1,177472,5.98567,11.3767,0.0798296,0.120188,0.00586882,0.0978225,0.378685,0.0601558,0.217442,0.0386007,0.123698
2593,1718409893,2024-06-15 00:04 UTC,87724.3,177430,5.9759,11.3559,0.0780799,0.118036,0.0065368,0.0997219,0.378769,0.0599677,0.216645,0.0377022,0.123449
2594,1718410193,2024-06-15 00:09 UTC,87702.3,177497,5.96574,11.3344,0.0763592,0.11592,0.00715784,0.0996323,0.378782,0.0597735,0.215829,0.036808,0.123361
2595,1718410493,2024-06-15 00:14 UTC,87685.7,177548,5.95565,11.3131,0.0746418,0.113811,0.00777714,0.101449,0.378849,0.0595812,0.215017,0.0359274,0.12414
2596,1718410793,2024-06-15 00:19 UTC,87675.2,177581,5.94566,11.2918,0.0729279,0.111708,0.00841917,0.103566,0.378965,0.0593905,0.214208,0.0350806,0.125686
2597,1718411093,2024-06-15 00:24 UTC,87663.5,177592,5.93574,11.2705,0.0712178,0.109612,0.00908089,0.102776,0.379018,0.0592013,0.213403,0.0342659,0.122507
2598,1718411393,2024-06-15 00:29 UTC,87648.1,177581,5.92591,11.2494,0.0695118,0.107524,0.00975558,0.101931,0.37907,0.0590135,0.212601,0.0334842,0.119549
2599,1718411693,2024-06-15 00:34 UTC,87638.9,177552,5.91616,11.2282,0.0678102,0.105443,0.0104335,0.101928,0.379152,0.0588275,0.211803,0.0327183,0.11862
2600,1718411993,2024-06-15 00:39 UTC,87633.5,177511,5.9065,11.2071,0.0661132,0.10337,0.0111366,0.101592,0.379242,0.0586429,0.211008,0.0319865,0.116985
2601,1718412293,2024-06-15 00:44 UTC,87613.1,177434,5.89691,11.1861,0.0644213,0.101307,0.0118432,0.100709,0.379276,0.0584599,0.210217,0.0312814,0.11386
2602,1718412593,2024-06-15 00:49 UTC,87607.3,177400,5.88741,11.1651,0.0627348,0.0992525,0.0125523,0.10021,0.379358,0.0582787,0.209429,0.0305903,0.110857
2603,1718412893,2024-06-15 00:54 UTC,87604.6,177375,5.87799,11.1442,0.0610541,0.0972081,0.0132784,0.100567,0.379472,0.058099,0.208645,0.0299254,0.109418
2604,1718413193,2024-06-15 00:59 UTC,87594,176722,5.86865,11.1233,0.0593798,0.0951743,0.0139995,0.0985227,0.379569,0.0579211,0.207865,0.0292764,0.110829
2605,1718413493,2024-06-15 01:04 UTC,87592.1,175334,5.85939,11.1025,0.0589866,0.0947628,0.0146522,0.0990624,0.379681,0.0577467,0.207087,0.0295639,0.112051
2606,1718413793,2024-06-15 01:09 UTC,87582.8,174673,5.85021,11.0818,0.0586315,0.0943901,0.0152297,0.0998575,0.379766,0.0575758,0.206315,0.0298045,0.111423
2607,1718414093,2024-06-15 01:14 UTC,87576.8,176199,5.84111,11.0611,0.0582842,0.0940177,0.015743,0.100455,0.379852,0.057408,0.205544,0.0299916,0.111174
2608,1718414393,2024-06-15 01:19 UTC,87573.4,176878,5.83209,11.0405,0.057945,0.0936454,0.0161963,0.100871,0.379928,0.0572434,0.204778,0.0301185,0.112835
2609,1718414693,2024-06-15 01:24 UTC,87569.4,177081,5.82314,11.0199,0.0576141,0.0932734,0.0165929,0.101194,0.380074,0.0570818,0.204015,0.0301901,0.111973
2610,1718414993,2024-06-15 01:29 UTC,87566.7,177058,5.81428,10.9994,0.0572918,0.0929015,0.0169241,0.101393,0.380138,0.0569233,0.203256,0.0302087,0.111783
2611,1718415293,2024-06-15 01:34 UTC,87560.4,176858,5.80549,10.9789,0.0569781,0.0925299,0.0172031,0.101519,0.380202,0.0567677,0.2025,0.0301836,0.113145
2612,1718415593,2024-06-15 01:39 UTC,87560,176690,5.79678,10.9585,0.0566734,0.0921585,0.0174525,0.101602,0.380315,0.0566143,0.201748,0.0301362,0.112288
2613,1718415893,2024-06-15 01:44 UTC,87556.2,176838,5.78815,10.9381,0.0563778,0.0917873,0.0176519,0.101629,0.380427,0.0564636,0.201,0.0300568,0.111951
2614,1718416193,2024-06-15 01:49 UTC,87555.3,176231,5.7796,10.9178,0.0560915,0.0914163,0.017809,0.101617,0.380515,0.0563155,0.200255,0.029946,0.11026
2615,1718416493,2024-06-15 01:54 UTC,87552.3,176398,5.77112,10.8976,0.0558147,0.0910455,0.0179298,0.101573,0.380593,0.05617,0.199513,0.029806,0.112354
2616,1718416793,2024-06-15 01:59 UTC,87554,176788,5.76272,10.8774,0.0555475,0.090675,0.0180372,0.101543,0.380693,0.0560265,0.198775,0.0296536,0.109861
2617,1718417093,2024-06-15 02:04 UTC,87551,176743,5.75439,10.8573,0.056574,0.0916719,0.0180774,0.101323,0.380816,0.055886,0.198041,0.0305158,0.110942
2618,1718417393,2024-06-15 02:09 UTC,87545,176109,5.74614,10.8373,0.0576347,0.0927057,0.0180097,0.101374,0.380871,0.0557494,0.19731,0.0313086,0.112521
2619,1718417693,2024-06-15 02:14 UTC,87547,175462,5.73797,10.8173,0.0586985,0.093819,0.0178147,0.100753,0.380951,0.055617,0.196583,0.0319984,0.113741
2620,1718417993,2024-06-15 02:19 UTC,87552.9,176276,5.72987,10.7973,0.0597654,0.0949556,0.017516,0.10018,0.381075,0.0554885,0.195859,0.0325955,0.115196
2621,1718418293,2024-06-15 02:24 UTC,87549.2,176483,5.72185,10.7775,0.0608353,0.0960959,0.0171369,0.0992438,0.381144,0.0553631,0.195139,0.0331318,0.115382
2622,1718418593,2024-06-15 02:29 UTC,87545.1,176217,5.71391,10.7577,0.0619079,0.0972398,0.0166639,0.0981945,0.381189,0.0552409,0.194422,0.0336003,0.115368
2623,1718418893,2024-06-15 02:34 UTC,87542.7,176474,5.70604,10.7379,0.0629832,0.0983882,0.0161137,0.0968114,0.381234,0.0551216,0.193709,0.0340138,0.114923
2624,1718419193,2024-06-15 02:39 UTC,87550,176430,5.69824,10.7183,0.064061,0.0995701,0.0155247,0.0983623,0.381386,0.055005,0.193002,0.034382,0.114526
2625,1718419493,2024-06-15 02:44 UTC,87549.8,175723,5.69052,10.6988,0.0651412,0.100771,0.0148905,0.0949823,0.381467,0.0548907,0.1923,0.0347181,0.114076
2626,1718419793,2024-06-15 02:49 UTC,87550.8,174510,5.68289,10.6793,0.0662237,0.101977,0.014232,0.0939195,0.381523,0.0547782,0.191601,0.0350459,0.113516
2627,1718420093,2024-06-15 02:54 UTC,87548.4,175214,5.67532,10.66,0.0673085,0.103187,0.0135663,0.094695,0.381606,0.0546675,0.190906,0.0353668,0.114809
2628,1718420393,2024-06-15 02:59 UTC,87546.2,175927,5.66784,10.6406,0.0683954,0.104399,0.0129273,0.093301,0.381636,0.0545578,0.190215,0.0357075,0.116672
2629,1718420693,2024-06-15 03:04 UTC,87540.7,176236,5.6501,10.6052,0.0701752,0.106337,0.0122626,0.0912751,0.381668,0.0542389,0.188949,0.0367143,0.111971
2630,1718420993,2024-06-15 03:09 UTC,87541.4,176347,5.63215,10.5694,0.0719936,0.108364,0.0115882,0.0892951,0.381677,0.0539169,0.187678,0.0377344,0.112165
2631,1718421293,2024-06-15 03:14 UTC,87542.8,176409,5.61423,10.5338,0.0738328,0.11048,0.0109657,0.0914289,0.381734,0.0535954,0.186416,0.0388144,0.118287
2632,1718421593,2024-06-15 03:19 UTC,87546.4,176464,5.59634,10.4984,0.075691,0.112602,0.0102921,0.0870797,0.381762,0.0532766,0.185164,0.0398686,0.113831
2633,1718421893,2024-06-15 03:24 UTC,87554,176153,5.57847,10.4632,0.0775671,0.11473,0.00957299,0.0842646,0.381813,0.05296,0.183923,0.0409116,0.113156
2634,1718422193,2024-06-15 03:29 UTC,87565.6,176349,5.56064,10.4281,0.0794595,0.116863,0.00883341,0.0860017,0.381839,0.0526456,0.182691,0.041945,0.116574
2635,1718422493,2024-06-15 03:34 UTC,87575.7,176015,5.54284,10.3931,0.0813672,0.119001,0.00808074,0.0808608,0.381839,0.0523328,0.181468,0.0429947,0.113495
2636,1718422793,2024-06-15 03:39 UTC,87583.2,175179,5.52507,10.3582,0.083289,0.121148,0.00734707,0.0784816,0.381829,0.0520212,0.180253,0.0440902,0.114023
2637,1718423093,2024-06-15 03:44 UTC,87596.1,175951,5.50733,10.3235,0.0852239,0.1233,0.00672017,0.0765549,0.381842,0.0517093,0.179046,0.0453052,0.114924
2638,1718423393,2024-06-15 03:49 UTC,87612.8,176609,5.48963,10.2889,0.087171,0.125455,0.00636979,0.0747897,0.381846,0.0513937,0.177848,0.0468165,0.114083
2639,1718423693,2024-06-15 03:54 UTC,87634.8,176949,5.47195,10.2544,0.0891294,0.127619,0.00606084,0.0728747,0.381907,0.0510801,0.176658,0.0483393,0.115737
2640,1718423993,2024-06-15 03:59 UTC,87654.1,177090,5.45431,10.2201,0.0910984,0.12979,0.00573309,0.0709212,0.381911,0.0507681,0.175476,0.0499049,0.11697
2641,1718424293,2024-06-15 04:04 UTC,87677,177177,5.4367,10.1859,0.0928456,0.131876,0.00543367,0.0690276,0.381942,0.0504581,0.174303,0.051233,0.116941
2642,1718424593,2024-06-15 04:09 UTC,87701.2,177266,5.41912,10.1518,0.0945973,0.13398,0.00518524,0.0671681,0.381943,0.0501505,0.173139,0.0525353,0.11582
2643,1718424893,2024-06-15 04:14 UTC,87718.7,177356,5.40157,10.1178,0.0963583,0.136101,0.00499124,0.0653094,0.381916,0.0498455,0.171982,0.0538013,0.112659
2644,1718425193,2024-06-15 04:19 UTC,87747.3,177449,5.38406,10.084,0.0981283,0.138238,0.00486721,0.0634942,0.381938,0.0495431,0.170835,0.0550327,0.115243
2645,1718425493,2024-06-15 04:24 UTC,87771.1,177543,5.36658,10.0503,0.0999068,0.14038,0.00478473,0.0616781,0.381944,0.0492428,0.169696,0.0562543,0.115486
2646,1718425793,2024-06-15 04:29 UTC,87800.2,177638,5.34913,10.0168,0.101693,0.142523,0.00471262,0.0599552,0.38195,0.0489442,0.168565,0.0574891,0.113212
2647,1718426093,2024-06-15 04:34 UTC,87837.1,177729,5.33172,9.98338,0.103488,0.144669,0.00463791,0.058193,0.381976,0.048647,0.167442,0.0587619,0.111407
2648,1718426393,2024-06-15 04:39 UTC,87864.8,177822,5.31434,9.95012,0.105289,0.146818,0.00453588,0.0565001,0.381941,0.0483505,0.166328,0.0601117,0.11088
2649,1718426693,2024-06-15 04:44 UTC,87899.6,177922,5.29699,9.91699,0.107097,0.148969,0.00449708,0.0548625,0.381935,0.0480548,0.165223,0.0615372,0.110726
2650,1718426993,2024-06-15 04:49 UTC,87934,178029,5.27968,9.88401,0.108912,0.151124,0.0045328,0.0532931,0.38196,0.0477599,0.164125,0.0630463,0.112047
2651,1718427293,2024-06-15 04:54 UTC,87965.8,178137,5.2624,9.85118,0.110733,0.15328,0.00455901,0.0518028,0.381926,0.0474661,0.163037,0.0646193,0.115085
2652,1718427593,2024-06-15 04:59 UTC,88000.9,178241,5.24516,9.81848,0.11256,0.155439,0.00462141,0.0503567,0.381933,0.047174,0.161956,0.0662051,0.118118
2653,1718427893,2024-06-15 05:04 UTC,88041.1,178345,5.22795,9.78594,0.11313,0.15645,0.00459134,0.0490518,0.381949,0.0468813,0.160885,0.0664538,0.119618
2654,1718428193,2024-06-15 05:09 UTC,88082.2,178450,5.21078,9.75355,0.11367,0.157434,0.00443558,0.0501355,0.381954,0.0465872,0.159821,0.0668866,0.121546
2655,1718428493,2024-06-15 05:14 UTC,88120.9,178557,5.19365,9.7213,0.11421,0.158419,0.00425236,0.052099,0.381956,0.0462937,0.158766,0.0673915,0.123516
2656,1718428793,2024-06-15 05:19 UTC,88161.9,178664,5.17655,9.74299,0.114751,0.159404,0.00407817,0.0538643,0.381947,0.0460014,0.159475,0.0679242,0.125508
2657,1718429093,2024-06-15 05:24 UTC,88208,178771,5.15949,9.77414,0.115292,0.160389,0.0039344,0.0554565,0.381967,0.0457108,0.160497,0.0684587,0.127409
2658,1718429393,2024-06-15 05:29 UTC,88252.5,178852,5.14246,9.8053,0.115834,0.161375,0.00382396,0.0568967,0.381943,0.0454217,0.161522,0.0690023,0.129334
2659,1718429693,2024-06-15 05:34 UTC,88300.8,178749,5.12548,9.83646,0.116377,0.162361,0.00375896,0.0582033,0.381989,0.0451345,0.16255,0.0695291,0.131152
2660,1718429993,2024-06-15 05:39 UTC,88348.3,178319,5.10853,9.86763,0.11692,0.163347,0.00369551,0.0593923,0.381983,0.0448493,0.163582,0.0700423,0.132972
2661,1718430293,2024-06-15 05:44 UTC,88401.1,177621,5.09161,9.8988,0.117463,0.164334,0.0036589,0.0604777,0.382005,0.0445658,0.164617,0.0705444,0.134756
2662,1718430593,2024-06-15 05:49 UTC,88451.6,178572,5.07474,9.92997,0.118007,0.165321,0.0036589,0.0614715,0.382014,0.0442844,0.165655,0.0710173,0.136379
2663,1718430893,2024-06-15 05:54 UTC,88502.6,179113,5.0579,9.96115,0.118551,0.166309,0.00366434,0.0623839,0.382023,0.0440045,0.166697,0.0714995,0.138102
2664,1718431193,2024-06-15 05:59 UTC,88558.3,179220,5.04111,9.99233,0.119096,0.167296,0.00368506,0.0632243,0.382027,0.0437262,0.167742,0.0719878,0.13975
2665,1718431493,2024-06-15 06:04 UTC,88557.6,179480,5.00577,9.95153,0.118113,0.166246,0.00360667,0.0639381,0.382022,0.0431169,0.166375,0.070766,0.138362
2666,1718431793,2024-06-15 06:09 UTC,88541.3,179407,4.97013,9.90906,0.117096,0.165146,0.00342183,0.0644763,0.382024,0.042506,0.164958,0.0696898,0.137155
2667,1718432093,2024-06-15 06:14 UTC,88524.3,179320,4.93463,9.86664,0.116082,0.164047,0.00318694,0.0648623,0.382009,0.0419026,0.163549,0.0687162,0.135955
2668,1718432393,2024-06-15 06:19 UTC,88507.9,179213,4.89929,9.8245,0.115069,0.162948,0.00300878,0.0651161,0.381987,0.0413087,0.162155,0.0676944,0.134564
2669,1718432693,2024-06-15 06:24 UTC,88486,178994,4.8641,9.78242,0.114058,0.16185,0.00286346,0.0652547,0.381949,0.0407238,0.160769,0.0666531,0.133098
2670,1718432993,2024-06-15 06:29 UTC,88469.7,178593,4.82908,9.7404,0.11305,0.160751,0.00275465,0.0652927,0.381956,0.0401481,0.159391,0.0655879,0.131536
2671,1718433293,2024-06-15 06:34 UTC,88449.5,177998,4.79423,9.69843,0.112044,0.159653,0.00264884,0.0652429,0.381961,0.039581,0.15802,0.0645371,0.12992
2672,1718433593,2024-06-15 06:39 UTC,88428.6,177382,4.75955,9.65651,0.111041,0.158555,0.0025418,0.0651164,0.381942,0.0390225,0.156657,0.0635066,0.12837
2673,1718433893,2024-06-15 06:44 UTC,88407.2,176925,4.72506,9.61465,0.11004,0.157458,0.00244906,0.0649232,0.381947,0.0384729,0.155302,0.0624755,0.126727
2674,1718434193,2024-06-15 06:49 UTC,88387.3,176932,4.69076,9.57284,0.109042,0.15636,0.00235427,0.0646716,0.381934,0.0379319,0.153954,0.0614617,0.12513
2675,1718434493,2024-06-15 06:54 UTC,88373.6,177245,4.65666,9.53109,0.108046,0.155263,0.00227718,0.0643695,0.381974,0.0373998,0.152614,0.0604457,0.123468
2676,1718434793,2024-06-15 06:59 UTC,88353.6,177440,4.62278,9.48939,0.107054,0.154166,0.00220383,0.0640237,0.381964,0.0368763,0.151281,0.059438,0.121831
2677,1718435093,2024-06-15 07:04 UTC,88330.8,177557,4.58911,9.44775,0.104625,0.150838,0.00208243,0.0635875,0.381936,0.0363604,0.149957,0.056923,0.116818
2678,1718435393,2024-06-15 07:09 UTC,88309.4,177613,4.55567,9.40616,0.102165,0.147459,0.00196087,0.0630173,0.381918,0.0358529,0.14864,0.0544416,0.111819
2679,1718435693,2024-06-15 07:14 UTC,88288.1,177637,4.52247,9.36464,0.0997087,0.144084,0.00182709,0.0623308,0.381935,0.0353542,0.14733,0.0520048,0.106852
2680,1718435993,2024-06-15 07:19 UTC,88268.6,177637,4.48953,9.32317,0.0972558,0.140711,0.001722,0.0615429,0.381944,0.0348638,0.146028,0.0496369,0.101954
2681,1718436293,2024-06-15 07:24 UTC,88250.2,177612,4.45684,9.28177,0.0948068,0.137343,0.00164114,0.0606668,0.381944,0.0343815,0.144734,0.0473413,0.0971391
2682,1718436593,2024-06-15 07:29 UTC,88228.2,177564,4.42443,9.24125,0.0923621,0.133979,0.00157127,0.0597139,0.381936,0.0339075,0.143473,0.0451221,0.0924497
2683,1718436893,2024-06-15 07:34 UTC,88202.6,177501,4.39231,9.20159,0.089922,0.130618,0.00152327,0.0586943,0.381927,0.0334418,0.142244,0.0429718,0.0878716
2684,1718437193,2024-06-15 07:39 UTC,88182.5,177427,4.3605,9.16196,0.0874869,0.127263,0.00153466,0.0576169,0.381937,0.0329844,0.141022,0.0408829,0.0834246
2685,1718437493,2024-06-15 07:44 UTC,88159.6,177347,4.329,9.12237,0.0850573,0.123912,0.0015882,0.0564896,0.381939,0.0325354,0.139806,0.0388574,0.0790941
2686,1718437793,2024-06-15 07:49 UTC,88139.2,177260,4.29783,9.08281,0.0826336,0.120566,0.00164303,0.0553196,0.381974,0.0320947,0.138596,0.0368922,0.0748833
2687,1718438093,2024-06-15 07:54 UTC,88113.5,177167,4.26701,9.04329,0.0802164,0.117226,0.00171002,0.0541134,0.38195,0.0316623,0.137392,0.0349959,0.0759602
2688,1718438393,2024-06-15 07:59 UTC,88089.3,177069,4.23656,9.0038,0.0778064,0.113892,0.00178895,0.0562085,0.381952,0.0312381,0.136195,0.0331622,0.0788732
2689,1718438693,2024-06-15 08:04 UTC,88067.2,176958,4.2065,8.96434,0.0741922,0.108935,0.00193522,0.0589968,0.381965,0.0308217,0.135004,0.0304353,0.0776023
2690,1718438993,2024-06-15 08:09 UTC,88046.4,176833,4.17683,8.92493,0.0705677,0.103961,0.00220178,0.0601785,0.382003,0.0304134,0.133819,0.0278262,0.0742726
2691,1718439293,2024-06-15 08:14 UTC,88022.9,176680,4.14759,8.88554,0.0669651,0.0990786,0.00251486,0.0613802,0.382013,0.0300128,0.132641,0.0253708,0.0711103
2692,1718439593,2024-06-15 08:19 UTC,87996.3,176488,4.11879,8.8462,0.0633881,0.0942197,0.00286832,0.0641826,0.381995,0.0296196,0.131469,0.0230798,0.0698601
2693,1718439893,2024-06-15 08:24 UTC,87970,176240,4.09045,8.8069,0.0598409,0.0893886,0.00325875,0.0675789,0.381988,0.029234,0.130303,0.0209461,0.0695449
2694,1718440193,2024-06-15 08:29 UTC,87943.5,175913,4.06259,8.76763,0.0563291,0.0845901,0.00370361,0.0719377,0.381962,0.0288555,0.129144,0.0189761,0.0703693
2695,1718440493,2024-06-15 08:34 UTC,87924.1,175465,4.03523,8.7284,0.052859,0.0798299,0.00419625,0.0763071,0.381984,0.0284844,0.127991,0.0171589,0.0712181
2696,1718440793,2024-06-15 08:39 UTC,87895.4,174850,4.0084,8.68921,0.0494387,0.0751154,0.0047112,0.0785656,0.381992,0.0281209,0.126844,0.0154793,0.0694749
2697,1718441093,2024-06-15 08:44 UTC,87869.5,175178,3.9821,8.65006,0.0460779,0.070473,0.00525622,0.0813344,0.381992,0.0277648,0.125704,0.0139361,0.0685146
2698,1718441393,2024-06-15 08:49 UTC,87842.7,175485,3.95636,8.61095,0.0427887,0.0659131,0.00582263,0.0848796,0.382024,0.0274162,0.12457,0.0125209,0.0680656
2699,1718441693,2024-06-15 08:54 UTC,87817.5,175732,3.93121,8.57188,0.0395861,0.0614468,0.00640324,0.0878187,0.38202,0.0270751,0.123442,0.0112264,0.0670323
2700,1718441993,2024-06-15 08:59 UTC,87790.2,175908,3.90665,8.53286,0.036489,0.0570927,0.00699659,0.0917959,0.382029,0.0267414,0.12232,0.010051,0.0672152
2701,1718442293,2024-06-15 09:04 UTC,87768,176020,3.87786,8.44827,0.0330358,0.0524073,0.00762123,0.0979434,0.382048,0.0263472,0.119907,0.00878108,0.0690992
2702,1718442593,2024-06-15 09:09 UTC,87748.2,176061,3.84917,8.36649,0.029846,0.0484206,0.00827937,0.100355,0.382101,0.0259579,0.117597,0.00767365,0.0666868
2703,1718442893,2024-06-15 09:14 UTC,87721.6,176005,3.82069,8.29567,0.027025,0.0452515,0.00893903,0.101247,0.382106,0.0255755,0.115614,0.00672176,0.0627214
2704,1718443193,2024-06-15 09:19 UTC,87697.2,175696,3.79245,8.22528,0.0247019,0.0427931,0.00960949,0.107714,0.382123,0.0252,0.113661,0.00591771,0.0648891
2705,1718443493,2024-06-15 09:24 UTC,87670.5,175889,3.76444,8.15629,0.0230485,0.041077,0.0102811,0.112197,0.382126,0.0248314,0.111762,0.00524836,0.0649414
2706,1718443793,2024-06-15 09:29 UTC,87647.4,175802,3.73668,8.08734,0.0222713,0.0401071,0.0109653,0.112543,0.38217,0.0244696,0.109881,0.00470471,0.060529
2707,1718444093,2024-06-15 09:34 UTC,87625,175675,3.70917,8.01846,0.0225172,0.0409868,0.0116571,0.118606,0.382219,0.0241148,0.108017,0.00427088,0.0621203
2708,1718444393,2024-06-15 09:39 UTC,87594.3,174558,3.68192,7.94963,0.0237628,0.0424172,0.0123415,0.122441,0.38221,0.0237668,0.10617,0.00393974,0.0615833
2709,1718444693,2024-06-15 09:44 UTC,87573.2,173610,3.65495,7.88086,0.0258537,0.0442346,0.0130363,0.127627,0.382263,0.0234256,0.104341,0.00371957,0.062277
2710,1718444993,2024-06-15 09:49 UTC,87548.6,174899,3.62825,7.81214,0.0285882,0.0463935,0.0137404,0.13163,0.382333,0.0230911,0.10253,0.00364182,0.0651021
2711,1718445293,2024-06-15 09:54 UTC,87524.6,175281,3.60185,7.74349,0.0317859,0.0488488,0.0144676,0.13374,0.382352,0.0227632,0.100736,0.003759,0.070537
2712,1718445593,2024-06-15 09:59 UTC,87497.2,175262,3.57576,7.6749,0.0353114,0.0515581,0.0152148,0.139165,0.382413,0.0224421,0.098959,0.00412253,0.0623056
2713,1718445893,2024-06-15 10:04 UTC,87462.6,175188,3.54998,7.60638,0.0388622,0.0543089,0.0159964,0.141494,0.382378,0.0221273,0.0971998,0.00471963,0.0614154
2714,1718446193,2024-06-15 10:09 UTC,87445.9,174987,3.52454,7.53792,0.04254,0.0576021,0.016824,0.149253,0.382485,0.021819,0.095458,0.00551404,0.0626342
2715,1718446493,2024-06-15 10:14 UTC,87415.1,173423,3.49944,7.46953,0.0463172,0.061098,0.017702,0.151993,0.3825,0.0215167,0.0937337,0.00647273,0.0612235
2716,1718446793,2024-06-15 10:19 UTC,87389.3,174620,3.4747,7.40121,0.0501712,0.0651551,0.0186617,0.15807,0.382522,0.0212203,0.0920272,0.00757513,0.063639
2717,1718447093,2024-06-15 10:24 UTC,87371.4,174830,3.45033,7.33296,0.0540855,0.0708697,0.019698,0.161145,0.382601,0.0209299,0.0903374,0.00880397,0.0627284
2718,1718447393,2024-06-15 10:29 UTC,87343.1,174741,3.42636,7.26479,0.058048,0.0765958,0.0208014,0.165193,0.382684,0.0206454,0.0886655,0.010137,0.0629959
2719,1718447693,2024-06-15 10:34 UTC,87309.9,174653,3.4028,7.19669,0.0620495,0.082331,0.021968,0.169663,0.382691,0.020367,0.087011,0.0115643,0.0636943
2720,1718447993,2024-06-15 10:39 UTC,87290.8,174328,3.37967,7.12867,0.0660832,0.0880736,0.0231917,0.174285,0.382762,0.0200948,0.085374,0.0130825,0.0647396
2721,1718448293,2024-06-15 10:44 UTC,87265.7,173419,3.35699,7.06072,0.0701435,0.0938221,0.0244898,0.179658,0.382843,0.0198287,0.0837544,0.0146658,0.0667923
2722,1718448593,2024-06-15 10:49 UTC,87248.2,174303,3.33479,6.99287,0.0742262,0.0995755,0.0258753,0.184804,0.382948,0.0195685,0.0821524,0.0163122,0.0687322
2723,1718448893,2024-06-15 10:54 UTC,87219.1,174291,3.31308,6.92509,0.0783279,0.105333,0.0273147,0.185466,0.382959,0.0193143,0.0805676,0.0180155,0.0655701
2724,1718449193,2024-06-15 10:59 UTC,87189.6,172847,3.2919,6.85741,0.0824459,0.111094,0.0288435,0.189236,0.383029,0.0190656,0.0790004,0.0197397,0.0747162
2725,1718449493,2024-06-15 11:04 UTC,87171.8,173216,3.27126,6.78981,0.0848701,0.113023,0.0304165,0.191584,0.383174,0.0188234,0.0774506,0.020358,0.0771753
2726,1718449793,2024-06-15 11:09 UTC,87152.4,174016,3.2512,6.72231,0.0872614,0.114871,0.0319739,0.19394,0.383309,0.0185879,0.0759183,0.0209835,0.0813996
2727,1718450093,2024-06-15 11:14 UTC,87129.3,173789,3.23174,6.65491,0.0896596,0.116727,0.0335092,0.19812,0.383382,0.0183593,0.0744035,0.0216331,0.0796674
2728,1718450393,2024-06-15 11:19 UTC,87102,173431,3.21291,6.5876,0.0920645,0.118592,0.035022,0.202121,0.383488,0.0181372,0.072906,0.0223124,0.0807273
2729,1718450693,2024-06-15 11:24 UTC,87088.9,173736,3.19472,6.52039,0.0944754,0.120466,0.0365262,0.206184,0.38361,0.0179218,0.0714261,0.0230178,0.0804903
2730,1718450993,2024-06-15 11:29 UTC,87060.2,172066,3.17722,6.51239,0.0968919,0.122347,0.0379456,0.210445,0.383677,0.0177138,0.0699636,0.0237991,0.105328
2731,1718451293,2024-06-15 11:34 UTC,87038.7,173056,3.16041,6.51229,0.0993136,0.124236,0.0393115,0.214523,0.383783,0.0175129,0.0690055,0.0246364,0.107654
2732,1718451593,2024-06-15 11:39 UTC,87025.3,173405,3.14431,6.51219,0.10174,0.126144,0.0406433,0.217996,0.383942,0.0173191,0.0688751,0.025547,0.16207
2733,1718451893,2024-06-15 11:44 UTC,87004.1,172191,3.12894,6.51208,0.104171,0.128744,0.0419321,0.221527,0.38412,0.0171322,0.0687453,0.0264864,0.236806
2734,1718452193,2024-06-15 11:49 UTC,86990.1,173258,3.11431,6.51199,0.106607,0.13218,0.0431748,0.225221,0.384229,0.0169513,0.0686156,0.0274467,0.274823
2735,1718452493,2024-06-15 11:54 UTC,86973.5,171737,3.10044,6.51189,0.109046,0.13562,0.044315,0.228572,0.384421,0.0167771,0.0684861,0.0285,0.156232
2736,1718452793,2024-06-15 11:59 UTC,86952.6,173064,3.08735,6.5118,0.111489,0.139061,0.0453716,0.23204,0.384535,0.016609,0.0683583,0.0296229,0.150788
2737,1718453093,2024-06-15 12:04 UTC,86945.7,171559,3.05593,6.48372,0.111784,0.139922,0.0463212,0.248877,0.384695,0.0163174,0.0677715,0.02916,0.180119
2738,1718453393,2024-06-15 12:09 UTC,86937.6,172785,3.0242,6.45504,0.112029,0.140721,0.0471447,0.237614,0.384905,0.0160303,0.0671778,0.0287833,0.141082
2739,1718453693,2024-06-15 12:14 UTC,86925.7,171746,2.99261,6.42642,0.112275,0.14152,0.047813,0.240084,0.385091,0.0157509,0.0665885,0.0285139,0.161797
2740,1718453993,2024-06-15 12:19 UTC,86913.6,172409,2.96117,6.39787,0.112522,0.142318,0.0482897,0.242223,0.385239,0.0154794,0.066003,0.0284136,0.152774
2741,1718454293,2024-06-15 12:24 UTC,86903,172389,2.92989,6.36938,0.112771,0.143117,0.048673,0.244178,0.385428,0.0152155,0.0654222,0.0284033,0.125032
2742,1718454593,2024-06-15 12:29 UTC,86890.1,172288,2.89878,6.34097,0.113022,0.143916,0.0489584,0.246016,0.385642,0.014959,0.0648465,0.0284596,0.126299
2743,1718454893,2024-06-15 12:34 UTC,86884.5,172742,2.86783,6.31262,0.113274,0.144715,0.0491858,0.247368,0.385836,0.0147096,0.064275,0.0285571,0.126994
2744,1718455193,2024-06-15 12:39 UTC,86867.5,172314,2.83707,6.28434,0.113528,0.145514,0.0493094,0.248673,0.385984,0.0144672,0.0637103,0.0287439,0.12815
2745,1718455493,2024-06-15 12:44 UTC,86865.8,172653,2.80649,6.25613,0.113783,0.146312,0.0493636,0.249416,0.386191,0.0142316,0.0631758,0.0290004,0.129443
2746,1718455793,2024-06-15 12:49 UTC,86860.8,172404,2.77611,6.228,0.114039,0.147111,0.0493242,0.249438,0.386462,0.0140029,0.0626458,0.0293219,0.177013
2747,1718456093,2024-06-15 12:54 UTC,86852.1,172564,2.74593,6.19993,0.114298,0.14791,0.0492302,0.249285,0.386656,0.0137811,0.0621202,0.0296875,0.131674
2748,1718456393,2024-06-15 12:59 UTC,86843.3,172457,2.71597,6.17194,0.114557,0.148709,0.0490769,0.249447,0.386832,0.0135656,0.061599,0.0300776,0.127568
2749,1718456693,2024-06-15 13:04 UTC,86831.8,172463,2.68625,6.14403,0.112823,0.146376,0.0488401,0.249659,0.386947,0.0133569,0.0610823,0.0288606,0.124432
2750,1718456993,2024-06-15 13:09 UTC,86826,172190,2.65677,6.11619,0.111044,0.143971,0.0484761,0.249418,0.387176,0.0131556,0.0605699,0.0277349,0.119521
2751,1718457293,2024-06-15 13:14 UTC,86824.6,172296,2.62756,6.08842,0.10927,0.141569,0.0479788,0.248657,0.3874,0.0129615,0.060062,0.0267097,0.132021
2752,1718457593,2024-06-15 13:19 UTC,86813.5,171288,2.59864,6.0608,0.107499,0.139171,0.0473151,0.260035,0.387561,0.0127747,0.0595585,0.0258219,0.166843
2753,1718457893,2024-06-15 13:24 UTC,86804.7,172153,2.57003,6.03331,0.105733,0.136776,0.0465798,0.25418,0.387719,0.0125947,0.0590595,0.0249725,0.157565
2754,1718458193,2024-06-15 13:29 UTC,86791.4,170896,2.54177,6.00591,0.103972,0.134386,0.0457438,0.248237,0.387843,0.0124215,0.0585648,0.0241846,0.148759
2755,1718458493,2024-06-15 13:34 UTC,86779.1,172148,2.51391,5.9786,0.102215,0.131999,0.0448099,0.256727,0.388023,0.0122552,0.0580962,0.0234562,0.165075
2756,1718458793,2024-06-15 13:39 UTC,86773.3,170334,2.48652,5.95136,0.100463,0.129617,0.0438955,0.241866,0.388195,0.0120951,0.0575888,0.0227555,0.178601
2757,1718459093,2024-06-15 13:44 UTC,86753.7,172120,2.4597,5.92422,0.098716,0.127238,0.0429439,0.280152,0.38832,0.0119416,0.0571609,0.0221165,0.25162
2758,1718459393,2024-06-15 13:49 UTC,86749,171097,2.43358,5.90213,0.0969748,0.124865,0.0419892,0.269475,0.38854,0.0117942,0.0568263,0.02151,0.212269
2759,1718459693,2024-06-15 13:54 UTC,86733.6,172030,2.40833,5.88052,0.0952392,0.122496,0.0409533,0.287936,0.3887,0.0116532,0.0561579,0.0209746,0.254505
2760,1718459993,2024-06-15 13:59 UTC,86720.9,171851,2.38405,5.85926,0.0935097,0.120132,0.0400075,0.310478,0.388903,0.0115155,0.0556898,0.0203946,0.294586
2761,1718460293,2024-06-15 14:04 UTC,86709.4,171664,2.36107,5.83816,0.0897735,0.115282,0.0390578,0.265486,0.389022,0.0113813,0.0552261,0.0184084,0.193244
2762,1718460593,2024-06-15 14:09 UTC,86701.6,171871,2.3399,5.8172,0.0860255,0.110721,0.0379808,0.259918,0.389232,0.0112529,0.0547668,0.0165975,0.187255
2763,1718460893,2024-06-15 14:14 UTC,86688.1,170207,2.32096,5.79639,0.0823183,0.106716,0.0367675,0.24021,0.38934,0.0111296,0.054312,0.0149864,0.158404
2764,1718461193,2024-06-15 14:19 UTC,86678.7,171804,2.30487,5.77573,0.078657,0.10308,0.0354458,0.230821,0.389534,0.0110105,0.0538616,0.0135399,0.147496
2765,1718461493,2024-06-15 14:24 UTC,86660.1,171602,2.29188,5.75523,0.0750473,0.0995483,0.0340181,0.21585,0.389633,0.0108946,0.0534155,0.0122504,0.128375
2766,1718461793,2024-06-15 14:29 UTC,86649.7,170579,2.28202,5.73488,0.0714956,0.0961329,0.0325331,0.218591,0.389801,0.0107811,0.052974,0.0111273,0.139791
2767,1718462093,2024-06-15 14:34 UTC,86634.3,171681,2.27493,5.71837,0.0680095,0.0928463,0.0309869,0.215361,0.389845,0.0106689,0.0525368,0.0101597,0.14082
2768,1718462393,2024-06-15 14:39 UTC,86623.1,171485,2.27023,5.70452,0.0645975,0.0897027,0.0293807,0.215259,0.390023,0.0105573,0.0521041,0.00936516,0.147681
2769,1718462693,2024-06-15 14:44 UTC,86597.5,170619,2.26744,5.69084,0.0612697,0.0868731,0.0276927,0.198995,0.390066,0.0104458,0.0516757,0.00874425,0.12856
2770,1718462993,2024-06-15 14:49 UTC,86593,171550,2.26632,5.67733,0.0580378,0.0844319,0.0260044,0.197674,0.3902,0.0103345,0.0513021,0.00828,0.132876
2771,1718463293,2024-06-15 14:54 UTC,86563.9,171078,2.26677,5.66399,0.0549155,0.0821915,0.0242195,0.205816,0.390243,0.010223,0.0512169,0.00797096,0.153856
2772,1718463593,2024-06-15 14:59 UTC,86551.6,169639,2.26861,5.65082,0.0519189,0.0801686,0.0224325,0.193101,0.390359,0.010111,0.0510489,0.0078085,0.139236
2773,1718463893,2024-06-15 15:04 UTC,86535.3,171386,2.24372,5.59367,0.047406,0.0753054,0.0206939,0.1915,0.390502,0.00987594,0.0500775,0.00737618,0.146723
2774,1718464193,2024-06-15 15:09 UTC,86508.8,171376,2.21845,5.53566,0.0432095,0.0708823,0.019224,0.189098,0.3905,0.00964239,0.049112,0.00733162,0.150615
2775,1718464493,2024-06-15 15:14 UTC,86493.5,170976,2.19346,5.47787,0.0394738,0.0670773,0.0181485,0.177877,0.390661,0.00941141,0.048169,0.007636,0.14201
2776,1718464793,2024-06-15 15:19 UTC,86466.1,170384,2.16876,5.4203,0.0363303,0.0643894,0.0170962,0.15996,0.390638,0.00918528,0.0472383,0.00817812,0.125122
2777,1718465093,2024-06-15 15:24 UTC,86452.8,171188,2.14435,5.36296,0.0339435,0.0638274,0.0159842,0.161567,0.390788,0.00896454,0.0463272,0.00882586,0.133194
2778,1718465393,2024-06-15 15:29 UTC,86434,171203,2.12025,5.30584,0.0325065,0.0645528,0.0148447,0.150841,0.390841,0.00874878,0.0454301,0.00952217,0.127439
2779,1718465693,2024-06-15 15:34 UTC,86408.9,171061,2.09647,5.24897,0.0322081,0.0664501,0.0137497,0.146604,0.390881,0.00853717,0.044551,0.0102857,0.129451
2780,1718465993,2024-06-15 15:39 UTC,86384.7,169032,2.07301,5.19235,0.0331482,0.0693122,0.0127329,0.134322,0.390915,0.00832944,0.0436864,0.0111544,0.122468
2781,1718466293,2024-06-15 15:44 UTC,86361.9,170208,2.0499,5.13599,0.035254,0.0730258,0.0117334,0.126129,0.390947,0.00812631,0.0428232,0.0121882,0.118013
2782,1718466593,2024-06-15 15:49 UTC,86334.4,170696,2.02713,5.07989,0.0383075,0.0774683,0.0107312,0.118818,0.39092,0.00792789,0.041972,0.0134181,0.114346
2783,1718466893,2024-06-15 15:54 UTC,86315.3,170889,2.00473,5.02407,0.0420666,0.0825221,0.00976429,0.110427,0.390997,0.00773413,0.0410337,0.0148747,0.110851
2784,1718467193,2024-06-15 15:59 UTC,86284.8,170936,1.98272,4.96854,0.0463405,0.0880822,0.00886886,0.103162,0.391004,0.00754536,0.0401946,0.0165622,0.106348
2785,1718467493,2024-06-15 16:04 UTC,86267.2,170903,1.96109,4.91329,0.0512716,0.0936793,0.00809138,0.0963642,0.391039,0.00736196,0.0394125,0.0186191,0.104808
2786,1718467793,2024-06-15 16:09 UTC,86237.6,170861,1.93989,4.85835,0.0565807,0.0998323,0.00746552,0.0861924,0.391035,0.00718406,0.0386979,0.0209108,0.0998673
2787,1718468092,2024-06-15 16:14 UTC,86214.2,170818,1.91918,4.80391,0.0621501,0.106432,0.00705267,0.07954,0.391055,0.00701227,0.0379421,0.0233926,0.0982537
2788,1718468392,2024-06-15 16:19 UTC,86187.6,170776,1.89885,4.74961,0.0679505,0.113441,0.00698323,0.071613,0.391038,0.00684543,0.0372056,0.0260543,0.0933909
2789,1718468692,2024-06-15 16:24 UTC,86163.1,170733,1.87899,4.69565,0.0739157,0.12077,0.00732274,0.0670249,0.391091,0.00668401,0.0364919,0.0288895,0.0877718
2790,1718468992,2024-06-15 16:29 UTC,86136.3,170691,1.85962,4.64719,0.0800103,0.128364,0.00803829,0.0624853,0.391066,0.00652747,0.0358678,0.0319144,0.088884
2791,1718469292,2024-06-15 16:34 UTC,86112.1,170639,1.84077,4.60248,0.0862081,0.136179,0.00903354,0.0578196,0.391087,0.00637642,0.035276,0.0350475,0.0908952
2792,1718469592,2024-06-15 16:39 UTC,86088.7,170530,1.82246,4.55807,0.0924892,0.144179,0.0103855,0.0566349,0.391095,0.00623088,0.034698,0.0382508,0.0934233
2793,1718469892,2024-06-15 16:44 UTC,86060.3,170404,1.80471,4.51397,0.0988382,0.152334,0.0121093,0.0584908,0.391076,0.00609063,0.0341319,0.0415403,0.104461
2794,1718470192,2024-06-15 16:49 UTC,86032.4,170291,1.78756,4.47017,0.105243,0.160622,0.0142116,0.0630743,0.391126,0.00595558,0.0335798,0.0449068,0.11621
2795,1718470492,2024-06-15 16:54 UTC,85996.8,170248,1.77103,4.42669,0.111695,0.169023,0.0166544,0.0683584,0.391079,0.0058257,0.033035,0.0483339,0.129196
2796,1718470792,2024-06-15 16:59 UTC,85973.7,170264,1.75515,4.38355,0.118187,0.17752,0.0193823,0.0797488,0.391078,0.00570067,0.0325019,0.0518373,0.144454
2797,1718471092,2024-06-15 17:04 UTC,85940.3,170320,1.73995,4.34074,0.1238,0.18366,0.0222844,0.0824231,0.391037,0.00558002,0.0319755,0.0544813,0.156472
2798,1718471392,2024-06-15 17:09 UTC,85911.4,170343,1.72545,4.29828,0.129404,0.189753,0.025282,0.0900324,0.391091,0.00546353,0.0314568,0.0572265,0.168457
2799,1718471692,2024-06-15 17:14 UTC,85883.5,170311,1.71167,4.25618,0.135021,0.195864,0.0282428,0.0935922,0.391021,0.00535076,0.0309495,0.0601778,0.18075
2800,1718471992,2024-06-15 17:19 UTC,85856,170269,1.69861,4.22582,0.140649,0.20199,0.0311037,0.106957,0.39105,0.00524123,0.0307586,0.0633764,0.193779
2801,1718472292,2024-06-15 17:24 UTC,85817.5,170227,1.6863,4.20603,0.146288,0.20813,0.0339312,0.105986,0.390983,0.00513539,0.0305703,0.0667546,0.207183
2802,1718472592,2024-06-15 17:29 UTC,85785.3,170158,1.67475,4.18658,0.151936,0.214284,0.0367022,0.123634,0.390925,0.00503308,0.0303863,0.0703458,0.221178
2803,1718472892,2024-06-15 17:34 UTC,85746.4,170097,1.66396,4.16749,0.157592,0.220449,0.0393872,0.123453,0.390853,0.0049344,0.030206,0.0741909,0.235414
2804,1718473192,2024-06-15 17:39 UTC,85718,169438,1.65395,4.14874,0.163255,0.226626,0.0419573,0.13813,0.39082,0.0048389,0.0300298,0.0783307,0.251377
2805,1718473492,2024-06-15 17:44 UTC,85680.3,169382,1.64472,4.13036,0.168925,0.232813,0.044375,0.132291,0.390817,0.00474615,0.0298584,0.0828038,0.266975
2806,1718473792,2024-06-15 17:49 UTC,85643.2,169095,1.63628,4.11233,0.174602,0.239009,0.0466629,0.149186,0.390714,0.00465665,0.0296903,0.087615,0.282591
2807,1718474092,2024-06-15 17:54 UTC,85598,169976,1.62864,4.09467,0.180283,0.245214,0.0488016,0.14564,0.390708,0.00456995,0.0295292,0.0928237,0.298917
2808,1718474392,2024-06-15 17:59 UTC,85562.3,169933,1.6218,4.07739,0.18597,0.251427,0.0508093,0.152356,0.390693,0.00448629,0.0293717,0.0983983,0.316751
2809,1718474692,2024-06-15 18:04 UTC,85513.5,168944,1.59707,3.99686,0.189789,0.254821,0.0526055,0.159202,0.390635,0.00433619,0.0282837,0.101872,0.325434
2810,1718474992,2024-06-15 18:09 UTC,85461.1,169195,1.57204,3.91494,0.193558,0.258138,0.0541633,0.164968,0.390526,0.00418601,0.0272494,0.105602,0.334376
2811,1718475292,2024-06-15 18:14 UTC,85414,169811,1.54723,3.83338,0.197328,0.261456,0.0556056,0.170767,0.390557,0.00403846,0.0262284,0.109534,0.343709
2812,1718475592,2024-06-15 18:19 UTC,85375.8,169728,1.52263,3.7522,0.201099,0.264779,0.0569054,0.176324,0.39055,0.00389334,0.0252426,0.113769,0.35312
2813,1718475892,2024-06-15 18:24 UTC,85318.2,169099,1.49827,3.67143,0.204872,0.268101,0.0582464,0.18169,0.390421,0.00375155,0.0242499,0.117908,0.363305
2814,1718476192,2024-06-15 18:29 UTC,85277.8,169673,1.47415,3.59196,0.208645,0.271424,0.0595985,0.186904,0.390543,0.00361287,0.0233177,0.122049,0.372628
2815,1718476492,2024-06-15 18:34 UTC,85227.7,169620,1.45029,3.52719,0.212418,0.274747,0.0608587,0.191996,0.390512,0.00347712,0.0225216,0.126444,0.381821
2816,1718476792,2024-06-15 18:39 UTC,85175,167245,1.42669,3.4638,0.216193,0.27807,0.062073,0.196989,0.390481,0.00334425,0.0217895,0.130955,0.391704
2817,1718477092,2024-06-15 18:44 UTC,85125.3,169564,1.40336,3.40093,0.219968,0.281394,0.0632977,0.201901,0.39044,0.00321487,0.0210825,0.135521,0.401717
2818,1718477392,2024-06-15 18:49 UTC,85077.7,169367,1.38033,3.33862,0.223744,0.285885,0.0645832,0.206747,0.390345,0.00308847,0.0203901,0.140067,0.413737
2819,1718477692,2024-06-15 18:54 UTC,85023.5,169448,1.3576,3.27691,0.227521,0.291261,0.0658548,0.211538,0.390337,0.00296537,0.0197194,0.1447,0.42249
2820,1718477992,2024-06-15 18:59 UTC,84976.1,169127,1.33519,3.21581,0.231298,0.296637,0.0671792,0.216281,0.39031,0.00284562,0.0190623,0.149301,0.432545
2821,1718478292,2024-06-15 19:04 UTC,84929.4,168491,1.31312,3.15538,0.232926,0.29889,0.0683111,0.220773,0.390257,0.00272831,0.0184217,0.150698,0.436531
2822,1718478592,2024-06-15 19:09 UTC,84878.7,169348,1.29141,3.09565,0.234495,0.301057,0.0692977,0.224846,0.390185,0.00261314,0.0177958,0.152194,0.440364
2823,1718478892,2024-06-15 19:14 UTC,84827.5,169010,1.27008,3.03667,0.236066,0.303224,0.0701111,0.228583,0.3901,0.00250063,0.0171877,0.153973,0.444223
2824,1718479192,2024-06-15 19:19 UTC,84774.4,169202,1.24916,2.97847,0.237636,0.305391,0.0708535,0.232044,0.390008,0.00239102,0.016592,0.155788,0.450678
2825,1718479492,2024-06-15 19:24 UTC,84718.3,168044,1.2287,2.9211,0.239208,0.307557,0.0715279,0.235276,0.389892,0.00228416,0.0160135,0.157803,0.452017
2826,1718479792,2024-06-15 19:29 UTC,84681.3,169135,1.20872,2.86461,0.24078,0.309724,0.0722395,0.238318,0.389906,0.00218076,0.015448,0.159697,0.455953
2827,1718480092,2024-06-15 19:34 UTC,84622,168927,1.18926,2.80906,0.242352,0.311891,0.0729469,0.241199,0.389712,0.00208062,0.0149027,0.161584,0.459915
2828,1718480392,2024-06-15 19:39 UTC,84572.1,169038,1.17034,2.7545,0.243925,0.314058,0.0736392,0.243945,0.389577,0.00198361,0.0143751,0.16354,0.463902
2829,1718480692,2024-06-15 19:44 UTC,84525.3,169078,1.15197,2.701,0.245499,0.316225,0.0743433,0.246575,0.389466,0.00188965,0.0138583,0.165381,0.467915
2830,1718480992,2024-06-15 19:49 UTC,84472.8,167632,1.13417,2.64861,0.247073,0.318392,0.0751,0.249105,0.389332,0.00179922,0.0133649,0.167132,0.471953
2831,1718481292,2024-06-15 19:54 UTC,84419.6,168998,1.11698,2.60468,0.248648,0.320559,0.0758164,0.253491,0.389236,0.00171141,0.0128899,0.168922,0.476018
2832,1718481592,2024-06-15 19:59 UTC,84361.4,167243,1.10045,2.61189,0.250223,0.322726,0.0765209,0.259486,0.389011,0.00162658,0.0124258,0.170796,0.482767
2833,1718481892,2024-06-15 20:04 UTC,84308.5,168897,1.08464,2.6191,0.249503,0.321683,0.076984,0.265276,0.388923,0.00154383,0.0119826,0.169004,0.511928
2834,1718482192,2024-06-15 20:09 UTC,84257.3,168736,1.06964,2.62632,0.248721,0.320552,0.0772193,0.267505,0.388768,0.00146304,0.0115879,0.167525,0.517999
2835,1718482492,2024-06-15 20:14 UTC,84206.3,168744,1.05549,2.63353,0.247942,0.319422,0.077239,0.26945,0.388695,0.00138417,0.0116516,0.166344,0.523876
2836,1718482792,2024-06-15 20:19 UTC,84156.1,168670,1.04222,2.64075,0.247164,0.318291,0.0772253,0.273507,0.388546,0.00130787,0.0117156,0.165205,0.532427
2837,1718483092,2024-06-15 20:24 UTC,84102.4,168753,1.02986,2.64796,0.246389,0.317161,0.0770115,0.278013,0.388368,0.00123354,0.0117796,0.164468,0.536237
2838,1718483392,2024-06-15 20:29 UTC,84049.6,168608,1.01844,2.65518,0.245615,0.316031,0.0767593,0.281706,0.388245,0.00116163,0.011844,0.163807,0.500907
2839,1718483692,2024-06-15 20:34 UTC,83995.8,168678,1.00798,2.66239,0.244843,0.314901,0.0764618,0.284945,0.388118,0.00109195,0.0119084,0.16323,0.483354
2840,1718483992,2024-06-15 20:39 UTC,83942.3,167692,0.998532,2.66961,0.244073,0.313771,0.0760654,0.288278,0.387902,0.00102435,0.011973,0.162699,0.502331
2841,1718484292,2024-06-15 20:44 UTC,83876.9,168346,0.99011,2.67682,0.243304,0.312642,0.0755972,0.289995,0.387702,0.000958881,0.0120378,0.162278,0.517336
2842,1718484592,2024-06-15 20:49 UTC,83828.6,166334,0.982745,2.68404,0.242538,0.311513,0.0751521,0.292223,0.387559,0.000895418,0.0121028,0.161805,0.456912
2843,1718484892,2024-06-15 20:54 UTC,83780.9,166299,0.976474,2.69125,0.241774,0.310383,0.0746381,0.293924,0.387443,0.000833535,0.0121679,0.161469,0.453128
2844,1718485192,2024-06-15 20:59 UTC,83731.5,167453,0.971335,2.69847,0.241011,0.309255,0.074126,0.296164,0.387348,0.000773454,0.0122335,0.161135,0.450735
2845,1718485492,2024-06-15 21:04 UTC,83688.1,166235,0.948991,2.6405,0.238018,0.305614,0.0733939,0.299164,0.387259,0.000757761,0.0117134,0.157479,0.438976
2846,1718485792,2024-06-15 21:09 UTC,83630.8,166206,0.92671,2.58077,0.234964,0.301906,0.0724778,0.299592,0.387148,0.000743456,0.0111895,0.154021,0.43212
2847,1718486092,2024-06-15 21:14 UTC,83573,166177,0.905031,2.52109,0.231911,0.298199,0.0713891,0.300556,0.386956,0.000729598,0.0106778,0.150845,0.422773
2848,1718486392,2024-06-15 21:19 UTC,83525.6,166149,0.88401,2.46144,0.228858,0.294492,0.070161,0.301159,0.386844,0.000716109,0.0101787,0.147897,0.404585
2849,1718486692,2024-06-15 21:24 UTC,83478.1,166122,0.863708,2.40184,0.225806,0.290786,0.0688435,0.300102,0.386794,0.000703316,0.00969162,0.145124,0.393859
2850,1718486992,2024-06-15 21:29 UTC,83429.6,166100,0.844197,2.34228,0.222753,0.287081,0.0674384,0.299383,0.386694,0.000691159,0.00921695,0.142491,0.381331
2851,1718487292,2024-06-15 21:34 UTC,83383.7,166078,0.825551,2.28277,0.219702,0.283376,0.0659514,0.297549,0.386628,0.000679841,0.00875452,0.140009,0.370292
2852,1718487592,2024-06-15 21:39 UTC,83336.7,166056,0.807847,2.22331,0.216651,0.279673,0.0645009,0.295389,0.386524,0.00066971,0.00830445,0.137378,0.359416
2853,1718487892,2024-06-15 21:44 UTC,83296.5,166033,0.791151,2.16392,0.2136,0.276067,0.0630385,0.291626,0.386429,0.000660562,0.00786669,0.134727,0.348703
2854,1718488192,2024-06-15 21:49 UTC,83250,166466,0.77552,2.10458,0.21055,0.272874,0.0615085,0.281188,0.386338,0.000652314,0.00744114,0.132164,0.338367
2855,1718488492,2024-06-15 21:54 UTC,83198.6,166433,0.761029,2.04532,0.207501,0.269682,0.0599603,0.263493,0.386238,0.000645101,0.00702799,0.129458,0.327767
2856,1718488792,2024-06-15 21:59 UTC,83158.5,165961,0.747758,1.98613,0.204452,0.266493,0.0583233,0.262778,0.38619,0.000638697,0.0066271,0.126787,0.317544
2857,1718489092,2024-06-15 22:04 UTC,83119.2,165936,0.735776,1.92702,0.199954,0.261667,0.0565058,0.261859,0.386159,0.000633126,0.00623852,0.122546,0.301522
2858,1718489392,2024-06-15 22:09 UTC,83078.4,165910,0.72518,1.86969,0.19542,0.256799,0.0546041,0.251898,0.386085,0.00062866,0.00606909,0.118562,0.323702
2859,1718489692,2024-06-15 22:14 UTC,83035.3,165885,0.716088,1.85623,0.190891,0.251934,0.0527741,0.250484,0.385942,0.000625765,0.00615165,0.11449,0.306251
2860,1718489992,2024-06-15 22:19 UTC,83004.6,165858,0.708547,1.87193,0.186367,0.247073,0.0508915,0.248914,0.385968,0.000624121,0.00623336,0.110429,0.295262
2861,1718490292,2024-06-15 22:24 UTC,82961,165832,0.702585,1.9038,0.181848,0.242215,0.0489092,0.247187,0.385841,0.000623704,0.00631877,0.106435,0.301225
2862,1718490592,2024-06-15 22:29 UTC,82930.8,165805,0.698302,1.93855,0.177335,0.237362,0.0469042,0.24529,0.385816,0.000624386,0.00651245,0.102472,0.284787
2863,1718490892,2024-06-15 22:34 UTC,82892.5,165778,0.695853,1.97339,0.172828,0.232512,0.0447887,0.250295,0.385739,0.000626292,0.00673305,0.0987968,0.280834
2864,1718491192,2024-06-15 22:39 UTC,82855.4,165751,0.69529,2.00832,0.168328,0.227667,0.0427369,0.267626,0.385626,0.000629774,0.00695793,0.0951444,0.285386
2865,1718491492,2024-06-15 22:44 UTC,82829.6,165723,0.696533,2.04334,0.163836,0.222827,0.040616,0.308244,0.385615,0.00063445,0.00718807,0.0917843,0.267252
2866,1718491792,2024-06-15 22:49 UTC,82792.8,166078,0.699512,2.07844,0.159351,0.217991,0.0385192,0.317202,0.385528,0.000640549,0.00742275,0.088399,0.194402
2867,1718492092,2024-06-15 22:54 UTC,82761.5,165667,0.704153,2.11363,0.154876,0.213161,0.0365023,0.248756,0.385483,0.000648142,0.00766218,0.0849129,0.171363
2868,1718492392,2024-06-15 22:59 UTC,82732.2,165638,0.710386,2.14888,0.15041,0.208336,0.0345444,0.23024,0.38544,0.000656982,0.00790509,0.081359,0.173385
2869,1718492692,2024-06-15 23:04 UTC,82708.9,165609,0.718128,2.18421,0.145809,0.202906,0.0325753,0.227124,0.385402,0.000666952,0.00815359,0.0776344,0.185267
2870,1718492992,2024-06-15 23:09 UTC,82672.9,165579,0.727268,2.21961,0.141209,0.197465,0.0305354,0.223826,0.385329,0.000677963,0.0084071,0.073967,0.17254
2871,1718493292,2024-06-15 23:14 UTC,82645.3,165549,0.73772,2.25507,0.136617,0.192032,0.0285265,0.220364,0.385259,0.000690178,0.00866625,0.0702833,0.156419
2872,1718493592,2024-06-15 23:19 UTC,82619.6,165519,0.749396,2.2906,0.132033,0.186611,0.0264943,0.21674,0.38528,0.00070326,0.00892808,0.066762,0.146052
2873,1718493892,2024-06-15 23:24 UTC,82589.3,165489,0.762221,2.32618,0.127458,0.181214,0.0244695,0.212965,0.385246,0.000717337,0.00919502,0.0634086,0.141282
2874,1718494192,2024-06-15 23:29 UTC,82564.4,165458,0.776133,2.36182,0.122893,0.175857,0.0224983,0.209045,0.385196,0.000732553,0.00946705,0.0601126,0.151713
2875,1718494492,2024-06-15 23:34 UTC,82543.5,165792,0.79107,2.39751,0.118338,0.17052,0.0205201,0.20499,0.385199,0.000748557,0.00974361,0.0569656,0.133162
2876,1718494792,2024-06-15 23:39 UTC,82519.2,165395,0.806984,2.43326,0.113796,0.165195,0.0186573,0.200812,0.385225,0.000765561,0.0100235,0.0537879,0.118642
2877,1718495092,2024-06-15 23:44 UTC,82501.3,165363,0.823849,2.46905,0.109268,0.159883,0.0168918,0.196515,0.385213,0.000783324,0.0103084,0.0506635,0.140032
2878,1718495392,2024-06-15 23:49 UTC,82481.2,165697,0.841659,2.5049,0.104754,0.154585,0.0152319,0.194925,0.385182,0.00080179,0.010597,0.0475484,0.123079
2879,1718495692,2024-06-15 23:54 UTC,82463.4,165299,0.860397,2.54105,0.100259,0.149303,0.0136149,0.190204,0.385208,0.000820803,0.0108922,0.0444652,0.103485
2880,1718495992,2024-06-15 23:59 UTC,82440.3,165267,0.88003,2.57736,0.0957827,0.144076,0.0120775,0.202482,0.385172,0.000840355,0.011194,0.0414674,0.0985986
2881,1718496292,2024-06-16 00:04 UTC,82425.4,165267,0.858058,2.55302,0.0920359,0.139414,0.0105999,0.201287,0.385223,0.000792669,0.0109735,0.039196,0.0945592
2882,1718496592,2024-06-16 00:09 UTC,82406,165273,0.835367,2.5273,0.0883176,0.134783,0.00922111,0.173102,0.385191,0.000745158,0.0107435,0.0369401,0.0963244
2883,1718496892,2024-06-16 00:14 UTC,82390.8,165280,0.813146,2.50184,0.0846093,0.13017,0.00803046,0.169099,0.385182,0.00069977,0.0105199,0.0346128,0.0925825
2884,1718497192,2024-06-16 00:19 UTC,82369.3,165287,0.79143,2.47644,0.0809126,0.125577,0.00720829,0.165078,0.385137,0.000656918,0.0103025,0.0320706,0.0870366
2885,1718497492,2024-06-16 00:24 UTC,82357.2,165295,0.770263,2.4511,0.0772289,0.121006,0.00671233,0.170017,0.385172,0.000616794,0.0100931,0.0292474,0.0797518
2886,1718497792,2024-06-16 00:29 UTC,82342,165304,0.749696,2.42581,0.0735603,0.116459,0.00629729,0.17323,0.385169,0.000578131,0.00988595,0.0266086,0.0774012
2887,1718498092,2024-06-16 00:34 UTC,82333.9,165313,0.729789,2.40058,0.0699091,0.111941,0.00593251,0.17939,0.385149,0.000541001,0.00968111,0.0240879,0.0746502
2888,1718498392,2024-06-16 00:39 UTC,82325,165322,0.710621,2.37541,0.0662782,0.107454,0.00557116,0.170434,0.385186,0.000505403,0.0094792,0.0216801,0.0742175
2889,1718498692,2024-06-16 00:44 UTC,82315.5,165332,0.692286,2.35031,0.0626711,0.103002,0.00524806,0.163162,0.385195,0.000471172,0.00927981,0.019421,0.075161
2890,1718498992,2024-06-16 00:49 UTC,82305.8,165343,0.674889,2.32526,0.059092,0.0985901,0.00494095,0.155753,0.3852,0.000438297,0.00908305,0.0172914,0.0720542
2891,1718499292,2024-06-16 00:54 UTC,82295.6,165354,0.658596,2.30029,0.0555462,0.0942242,0.00467612,0.146171,0.385176,0.000406683,0.00888895,0.0153,0.0635915
2892,1718499592,2024-06-16 00:59 UTC,82287.1,165366,0.643694,2.27538,0.0520405,0.0899108,0.00446862,0.137746,0.385192,0.000376246,0.00869728,0.01344,0.0564358
2893,1718499892,2024-06-16 01:04 UTC,82279.5,165378,0.630388,2.25054,0.0497244,0.086997,0.00424639,0.150125,0.385188,0.000346899,0.00850869,0.0122883,0.0505751
2894,1718500192,2024-06-16 01:09 UTC,82272.9,165391,0.61884,2.22578,0.0474652,0.0841469,0.00403962,0.148974,0.385203,0.000318456,0.0083225,0.0112185,0.0518296
2895,1718500492,2024-06-16 01:14 UTC,82270.2,165404,0.609294,2.20109,0.0452346,0.0813264,0.00387427,0.148063,0.385217,0.000290757,0.00813878,0.010221,0.0535136
2896,1718500792,2024-06-16 01:19 UTC,82263.5,165418,0.601858,2.17649,0.0430369,0.0785384,0.00370015,0.125616,0.385222,0.000263723,0.00795784,0.00927694,0.0420588
2897,1718501092,2024-06-16 01:24 UTC,82253.4,165432,0.59654,2.15196,0.0408771,0.0757866,0.0035336,0.12143,0.385195,0.000237181,0.0077795,0.00839607,0.0404104
2898,1718501392,2024-06-16 01:29 UTC,82252.1,165447,0.593358,2.12751,0.0387611,0.0730751,0.00339378,0.119461,0.385228,0.000210996,0.00760377,0.00758132,0.0423492
2899,1718501692,2024-06-16 01:34 UTC,82248.5,165462,0.592294,2.10316,0.0366961,0.0704085,0.00324925,0.114641,0.385208,0.000185097,0.0074306,0.00682981,0.0387703
2900,1718501992,2024-06-16 01:39 UTC,82246.7,165478,0.593226,2.07891,0.0346905,0.0677922,0.00310838,0.110509,0.385248,0.000159479,0.00726032,0.00614413,0.0366916
2901,1718502292,2024-06-16 01:44 UTC,82236.1,165494,0.596023,2.05499,0.0327548,0.0652321,0.00296256,0.10588,0.38521,0.000134305,0.00709429,0.00552629,0.0346383
2902,1718502592,2024-06-16 01:49 UTC,82230.3,165510,0.600574,2.03116,0.0309013,0.0627353,0.00283022,0.101159,0.385183,0.000110068,0.00693056,0.00497627,0.0338927
2903,1718502892,2024-06-16 01:54 UTC,82228,165528,0.606768,2.00743,0.0291451,0.0603094,0.00270117,0.0965805,0.385187,8.79919e-05,0.00676955,0.00449272,0.0330992
2904,1718503192,2024-06-16 01:59 UTC,82231.2,165545,0.614499,1.98379,0.0275045,0.0579635,0.0025689,0.0918092,0.385232,7.09151e-05,0.00661118,0.00407202,0.0328429
2905,1718503492,2024-06-16 02:04 UTC,82227.5,165563,0.623659,1.96027,0.0271417,0.0570673,0.0024235,0.086978,0.385228,6.40857e-05,0.00645549,0.00400207,0.0271747
2906,1718503792,2024-06-16 02:09 UTC,82228.3,165582,0.634139,1.93685,0.0268632,0.0562189,0.00229128,0.0836379,0.385232,7.17018e-05,0.00630222,0.0039535,0.0248636
2907,1718504092,2024-06-16 02:14 UTC,82228.7,165601,0.645842,1.91354,0.0266357,0.0553802,0.00219141,0.080923,0.385245,9.12938e-05,0.00615136,0.00391965,0.0249898
2908,1718504392,2024-06-16 02:19 UTC,82226.3,165620,0.658674,1.92087,0.0264574,0.0545518,0.00208926,0.0783455,0.385217,0.000117933,0.00619878,0.00389667,0.0212941
2909,1718504692,2024-06-16 02:24 UTC,82227.2,165640,0.672531,1.98624,0.0263265,0.053734,0.00197459,0.0758922,0.385206,0.000148695,0.00662782,0.00388321,0.0201077
2910,1718504992,2024-06-16 02:29 UTC,82225.4,165660,0.687311,2.05297,0.0262406,0.0529276,0.00186938,0.073551,0.385214,0.000182309,0.0070807,0.00388514,0.0187841
2911,1718505292,2024-06-16 02:34 UTC,82227.3,165681,0.702945,2.12095,0.0261978,0.0521328,0.00177288,0.0713118,0.385214,0.000218167,0.00755735,0.00390051,0.0182125
2912,1718505592,2024-06-16 02:39 UTC,82232.7,165702,0.719385,2.19005,0.0261959,0.0513504,0.00167544,0.0691655,0.385248,0.000255973,0.00805783,0.00392877,0.018359
2913,1718505892,2024-06-16 02:44 UTC,82235.1,165724,0.736575,2.26017,0.0262333,0.0505808,0.00158262,0.067104,0.385259,0.000295601,0.00858206,0.00397198,0.0192988
2914,1718506192,2024-06-16 02:49 UTC,82236.2,165746,0.754466,2.33122,0.0263085,0.0498246,0.00149134,0.0651203,0.38523,0.000336994,0.00913007,0.00402878,0.0194061
2915,1718506492,2024-06-16 02:54 UTC,82238.2,165768,0.773014,2.40312,0.02642,0.0490825,0.00140544,0.062,0.385235,0.000380142,0.00970191,0.0040984,0.0188541
2916,1718506792,2024-06-16 02:59 UTC,82240.6,165791,0.792159,2.47579,0.0265668,0.0483552,0.00132352,0.0604308,0.385227,0.000425037,0.0102976,0.00418234,0.0182955
2917,1718507092,2024-06-16 03:04 UTC,82238.7,165803,0.774649,2.41792,0.0269216,0.048626,0.00123238,0.0595409,0.3852,0.000362456,0.00982185,0.00427503,0.0166696
2918,1718507392,2024-06-16 03:09 UTC,82238.6,165813,0.757526,2.35658,0.0273117,0.0489348,0.00114751,0.0570812,0.385187,0.000299749,0.0093298,0.00438018,0.0149406
2919,1718507692,2024-06-16 03:14 UTC,82246.9,165824,0.74201,2.29535,0.0277306,0.0493284,0.00107508,0.0559034,0.385198,0.000239698,0.00885133,0.00449754,0.0135519
2920,1718507992,2024-06-16 03:19 UTC,82258.7,165834,0.728292,2.23426,0.0281769,0.0502637,0.00100825,0.0548356,0.385214,0.00018207,0.00838645,0.0046265,0.0130096
2921,1718508292,2024-06-16 03:24 UTC,82269,165845,0.716596,2.17332,0.0286491,0.0512259,0.000945337,0.0538665,0.385198,0.000126736,0.00793514,0.0047672,0.0135121
2922,1718508592,2024-06-16 03:29 UTC,82278.7,165857,0.706979,2.11252,0.0291459,0.0522134,0.000886195,0.0529865,0.385183,7.4182e-05,0.00749742,0.00491944,0.0140376
2923,1718508892,2024-06-16 03:34 UTC,82297.1,165868,0.699523,2.0519,0.0296657,0.0532249,0.000831279,0.0521874,0.38521,3.12986e-05,0.0070733,0.00508331,0.0145883
2924,1718509192,2024-06-16 03:39 UTC,82314,165880,0.694196,1.99146,0.0302074,0.054259,0.000778522,0.0514618,0.385186,4.68928e-05,0.00666275,0.00525825,0.0151588
2925,1718509492,2024-06-16 03:44 UTC,82334.7,165891,0.69089,1.94284,0.0307696,0.0553145,0.000724624,0.0508745,0.385188,9.52253e-05,0.00634136,0.00544467,0.0157545
2926,1718509792,2024-06-16 03:49 UTC,82354.9,165904,0.689554,1.96896,0.0313512,0.0563901,0.000671182,0.0506563,0.385179,0.000147245,0.00651307,0.00564201,0.0163747
2927,1718510092,2024-06-16 03:54 UTC,82380.3,165916,0.690143,1.9951,0.031951,0.0574847,0.000617707,0.0504242,0.385178,0.000200785,0.00668711,0.00585123,0.0170176
2928,1718510392,2024-06-16 03:59 UTC,82406.3,165928,0.692557,2.02125,0.0325679,0.0585973,0.000568721,0.0501402,0.385169,0.000255768,0.00686356,0.00607172,0.0176806
2929,1718510692,2024-06-16 04:04 UTC,82432.8,165941,0.696642,2.04741,0.0334622,0.0586523,0.000520192,0.0496458,0.385173,0.000312385,0.00704237,0.00631428,0.0177155
2930,1718510992,2024-06-16 04:09 UTC,82463.4,165954,0.702266,2.07358,0.0344776,0.0589214,0.000477782,0.0489111,0.385174,0.000370843,0.00722356,0.00661822,0.0178783
2931,1718511292,2024-06-16 04:14 UTC,82495.3,165967,0.709355,2.09976,0.0355996,0.0594338,0.000440148,0.0487986,0.38517,0.000431345,0.0074071,0.00698331,0.0181903
2932,1718511592,2024-06-16 04:19 UTC,82527.8,165980,0.717863,2.12595,0.03682,0.0601833,0.000407608,0.0487223,0.385156,0.00049409,0.00759302,0.0074086,0.0186528
2933,1718511892,2024-06-16 04:24 UTC,82563.2,165994,0.727777,2.15215,0.0381306,0.0611611,0.000382129,0.0489294,0.385157,0.000559257,0.00778131,0.00789438,0.0192634
2934,1718512192,2024-06-16 04:29 UTC,82599.9,166007,0.73913,2.17852,0.039524,0.0623566,0.000365713,0.0487824,0.385161,0.000627033,0.00797317,0.00843917,0.0200221
2935,1718512492,2024-06-16 04:34 UTC,82640.7,166021,0.751968,2.20495,0.0409928,0.0637574,0.000352891,0.0493158,0.38517,0.000697598,0.00816781,0.009043,0.0209322
2936,1718512792,2024-06-16 04:39 UTC,82679.3,166036,0.766248,2.23138,0.0425301,0.0655011,0.000344295,0.0497817,0.385173,0.000771131,0.00836485,0.00970579,0.0220941
2937,1718513092,2024-06-16 04:44 UTC,82720.7,166050,0.781907,2.25783,0.0441298,0.067356,0.000344349,0.0498294,0.385183,0.000847796,0.00856429,0.0104258,0.023363
2938,1718513392,2024-06-16 04:49 UTC,82762.7,166065,0.798924,2.28428,0.0457858,0.0692332,0.000349114,0.0498972,0.385176,0.000927737,0.00876615,0.0112036,0.0246834
2939,1718513692,2024-06-16 04:54 UTC,82805.8,166080,0.817336,2.31074,0.0474928,0.071311,0.000358892,0.049977,0.385167,0.00101111,0.0089704,0.0120389,0.0261911
2940,1718513992,2024-06-16 04:59 UTC,82849.8,166096,0.837231,2.33721,0.0492459,0.0735749,0.000370699,0.0501015,0.385162,0.00109806,0.00917707,0.0129321,0.0278755
2941,1718514292,2024-06-16 05:04 UTC,82897.2,166111,0.858664,2.36368,0.0510607,0.0755412,0.000387921,0.0502293,0.385167,0.00118879,0.00938618,0.0138758,0.0293787
2942,1718514592,2024-06-16 05:09 UTC,82946.3,166127,0.881554,2.39016,0.05291,0.0775951,0.000411133,0.0503004,0.385171,0.00128348,0.00959764,0.014873,0.0310012
2943,1718514892,2024-06-16 05:14 UTC,82997.6,166143,0.905714,2.41665,0.0547902,0.0799383,0.000436668,0.0503128,0.385182,0.00138229,0.00981157,0.0159241,0.0329036
2944,1718515192,2024-06-16 05:19 UTC,83049.6,166159,0.930944,2.44314,0.0566986,0.0823418,0.000465576,0.0501394,0.385185,0.00148535,0.0100279,0.017029,0.0349116
2945,1718515492,2024-06-16 05:24 UTC,83101.5,166175,0.957106,2.46964,0.0586328,0.0847583,0.000495848,0.0502884,0.38518,0.00159277,0.0102466,0.0181883,0.0369882
2946,1718515792,2024-06-16 05:29 UTC,83155.7,166192,0.984095,2.49615,0.0605905,0.0871867,0.000534854,0.0507126,0.38517,0.00170464,0.0104677,0.0193984,0.0391349
2947,1718516092,2024-06-16 05:34 UTC,83209.7,166208,1.0118,2.52266,0.0625699,0.089626,0.000577276,0.0512065,0.38516,0.00182102,0.0106913,0.0206614,0.0413562
2948,1718516392,2024-06-16 05:39 UTC,83263.5,166225,1.04015,2.54917,0.0645691,0.0920753,0.00062212,0.0518284,0.385154,0.00194199,0.0109172,0.0219762,0.0436468
2949,1718516692,2024-06-16 05:44 UTC,83323.8,166242,1.06908,2.57569,0.0665865,0.094534,0.00067187,0.0524788,0.38518,0.00206758,0.0111455,0.0233426,0.0460106
2950,1718516992,2024-06-16 05:49 UTC,83383.7,166260,1.09853,2.60222,0.0686206,0.0970032,0.000720949,0.0532685,0.385181,0.00219783,0.0113763,0.024764,0.0484455
2951,1718517292,2024-06-16 05:54 UTC,83442.1,166277,1.12845,2.65968,0.0706701,0.0994801,0.000775025,0.0541031,0.385174,0.0023328,0.0118841,0.0262357,0.0509401
2952,1718517592,2024-06-16 05:59 UTC,83502.3,166295,1.1588,2.73135,0.0727338,0.102131,0.000832872,0.0555298,0.385163,0.00247252,0.0125332,0.0277594,0.0536938
2953,1718517892,2024-06-16 06:04 UTC,83490.6,166238,1.14139,2.69249,0.0739123,0.103653,0.000880315,0.0567705,0.385135,0.00240008,0.0121792,0.0286258,0.0553122
2954,1718518192,2024-06-16 06:09 UTC,83468.1,166167,1.123,2.65061,0.075069,0.105322,0.000936338,0.0582239,0.38513,0.00232341,0.0118032,0.029484,0.0571023
2955,1718518492,2024-06-16 06:14 UTC,83446.5,166096,1.10496,2.60874,0.0762283,0.106994,0.000991907,0.0593715,0.385136,0.00224838,0.0114333,0.0303577,0.0589344
2956,1718518792,2024-06-16 06:19 UTC,83419.5,166024,1.08729,2.56688,0.07739,0.108669,0.00104181,0.0606621,0.385128,0.00217498,0.0110693,0.0312479,0.0607912
2957,1718519092,2024-06-16 06:24 UTC,83393.8,165953,1.07001,2.52859,0.0785541,0.110346,0.00109287,0.0619404,0.385145,0.00210322,0.0107417,0.0321545,0.0626845
2958,1718519392,2024-06-16 06:29 UTC,83367.5,165880,1.05313,2.50351,0.0797204,0.112026,0.00114697,0.0632241,0.385161,0.00203311,0.0105296,0.0330727,0.0646007
2959,1718519692,2024-06-16 06:34 UTC,83339.5,165808,1.03667,2.47863,0.0808888,0.113709,0.0011947,0.0645048,0.385143,0.00196461,0.0103213,0.0340128,0.0665589
2960,1718519992,2024-06-16 06:39 UTC,83311.6,165987,1.02065,2.45394,0.0820592,0.115394,0.0012464,0.0658403,0.385148,0.00189775,0.0101168,0.0349653,0.0685479
2961,1718520292,2024-06-16 06:44 UTC,83281.7,165922,1.0051,2.42946,0.0832316,0.117081,0.00130164,0.0673092,0.385134,0.00183253,0.00991598,0.035929,0.0705588
2962,1718520592,2024-06-16 06:49 UTC,83254.9,165589,0.990034,2.40519,0.0844059,0.11877,0.0013633,0.0686382,0.385133,0.00176894,0.00971883,0.0369036,0.072611
2963,1718520892,2024-06-16 06:54 UTC,83226.6,165515,0.975477,2.38114,0.085582,0.120461,0.00142365,0.0702076,0.385152,0.00170696,0.00952541,0.0378958,0.0746887
2964,1718521192,2024-06-16 06:59 UTC,83196.8,165442,0.961459,2.35731,0.0867598,0.122154,0.00148998,0.0717199,0.385137,0.00164661,0.00933572,0.0388999,0.0768
2965,1718521492,2024-06-16 07:04 UTC,83165.5,165368,0.948019,2.33371,0.0866999,0.122066,0.00152546,0.0731553,0.385118,0.00158778,0.00914964,0.0388126,0.0767266
2966,1718521792,2024-06-16 07:09 UTC,83135.9,165294,0.935191,2.31036,0.0866074,0.121928,0.00156151,0.0746551,0.385135,0.00153061,0.00896747,0.0386906,0.0765585
2967,1718522092,2024-06-16 07:14 UTC,83101.3,165219,0.923007,2.28725,0.0865161,0.121792,0.00158579,0.0759474,0.385117,0.00147503,0.00878896,0.038578,0.0763815
2968,1718522392,2024-06-16 07:19 UTC,83068.3,165225,0.911503,2.26439,0.0864262,0.121656,0.00160674,0.0772264,0.385125,0.00142103,0.00861412,0.0384708,0.0762155
2969,1718522692,2024-06-16 07:24 UTC,83039.1,165074,0.900722,2.24179,0.0863375,0.12152,0.00163317,0.0781205,0.385132,0.00136863,0.00844306,0.038361,0.0760474
2970,1718522992,2024-06-16 07:29 UTC,83002.5,164995,0.890685,2.21946,0.0862502,0.121384,0.00164836,0.0787828,0.385113,0.0013178,0.00827573,0.0382594,0.0758812
2971,1718523292,2024-06-16 07:34 UTC,82968.4,164919,0.881406,2.19741,0.0861642,0.121248,0.00166244,0.0791548,0.385111,0.00126854,0.00811209,0.0381626,0.0757147
2972,1718523592,2024-06-16 07:39 UTC,82936.8,164844,0.872901,2.17565,0.0860796,0.121113,0.00168225,0.0792948,0.385115,0.00122085,0.00795219,0.0380625,0.0755399
2973,1718523892,2024-06-16 07:44 UTC,82902.3,164768,0.865181,2.15418,0.0859964,0.120977,0.00169864,0.0797533,0.385101,0.0011747,0.00779604,0.0379616,0.0753711
2974,1718524192,2024-06-16 07:49 UTC,82873.1,164692,0.858264,2.13301,0.0859145,0.120841,0.00171268,0.0804329,0.385142,0.00113007,0.00764355,0.0378669,0.0752026
2975,1718524492,2024-06-16 07:54 UTC,82833.3,164616,0.852147,2.11216,0.085834,0.120705,0.0017152,0.080797,0.38511,0.00108691,0.00749483,0.037779,0.0750331
2976,1718524792,2024-06-16 07:59 UTC,82798.6,164540,0.846821,2.09162,0.0857549,0.120569,0.00172332,0.0809878,0.385116,0.00104521,0.00734982,0.0376906,0.0748642
2977,1718525092,2024-06-16 08:04 UTC,82762.5,164464,0.842281,2.07142,0.0843419,0.118384,0.00172605,0.0814488,0.385125,0.0010049,0.00720852,0.0364375,0.0721812
2978,1718525392,2024-06-16 08:09 UTC,82725.8,164387,0.838517,2.05156,0.0828948,0.116144,0.00172075,0.081864,0.385099,0.000965983,0.00707096,0.0351784,0.0694742
2979,1718525692,2024-06-16 08:14 UTC,82694.2,164311,0.8355,2.06919,0.0814504,0.113904,0.00171631,0.082184,0.385125,0.000928434,0.00719301,0.0339457,0.0668213
2980,1718525992,2024-06-16 08:19 UTC,82653.6,164234,0.833202,2.13114,0.0800087,0.111667,0.00170163,0.0822833,0.385101,0.000892243,0.00763018,0.0327399,0.0642219
2981,1718526292,2024-06-16 08:24 UTC,82615.7,164157,0.831604,2.19326,0.0785701,0.109464,0.00168259,0.082447,0.385096,0.000857403,0.00808144,0.0315593,0.0617123
2982,1718526592,2024-06-16 08:29 UTC,82580.2,164080,0.830691,2.25615,0.0771346,0.107277,0.00166614,0.0826619,0.385093,0.000823919,0.00855156,0.0304,0.0592752
2983,1718526892,2024-06-16 08:34 UTC,82548.9,164002,0.830447,2.31919,0.0757024,0.105092,0.00165037,0.082915,0.385118,0.000791793,0.00903609,0.0292639,0.0568839
2984,1718527192,2024-06-16 08:39 UTC,82512.7,163925,0.830861,2.38235,0.0742738,0.10291,0.00162782,0.0831646,0.385107,0.000761037,0.00953499,0.0281537,0.0545499
2985,1718527492,2024-06-16 08:44 UTC,82477.1,163847,0.831922,2.44563,0.0728489,0.10073,0.00159493,0.0833271,0.385108,0.000731671,0.0100482,0.0270689,0.0522599
2986,1718527792,2024-06-16 08:49 UTC,82443.1,163769,0.83362,2.50902,0.0714279,0.0985517,0.00156389,0.0833164,0.385108,0.000703728,0.0105759,0.026008,0.0500255
2987,1718528092,2024-06-16 08:54 UTC,82406.9,163691,0.835946,2.57251,0.0700112,0.0963764,0.00153398,0.0830714,0.385094,0.000677245,0.0111179,0.0249746,0.0478448
2988,1718528392,2024-06-16 08:59 UTC,82370.5,163613,0.838889,2.63609,0.0685989,0.094204,0.00150109,0.0828682,0.385147,0.000652289,0.0116743,0.0239623,0.0457054
2989,1718528692,2024-06-16 09:04 UTC,82347.8,163561,0.82988,2.64425,0.065973,0.0905019,0.00146998,0.082375,0.385153,0.000635365,0.0117467,0.0221489,0.0421965
2990,1718528992,2024-06-16 09:09 UTC,82326.4,163512,0.820646,2.65089,0.0633272,0.0867683,0.00142842,0.0816595,0.38516,0.000618976,0.0118058,0.0203877,0.0387821
2991,1718529292,2024-06-16 09:14 UTC,82302.9,163464,0.811529,2.65754,0.0606966,0.0830469,0.00138201,0.0809663,0.385179,0.000602909,0.011865,0.018709,0.0355392
2992,1718529592,2024-06-16 09:19 UTC,82279,163415,0.802534,2.66418,0.0580832,0.0793393,0.00133629,0.0803609,0.385199,0.000587165,0.0119244,0.0171121,0.0324362
2993,1718529892,2024-06-16 09:24 UTC,82257.2,163366,0.793665,2.67083,0.0554895,0.0756475,0.0012887,0.0800715,0.38519,0.000571764,0.011984,0.0155935,0.0294818
2994,1718530192,2024-06-16 09:29 UTC,82231.6,163318,0.784927,2.67748,0.0529183,0.0719741,0.00124502,0.0792516,0.385171,0.000556685,0.0120437,0.0141578,0.0266942
2995,1718530492,2024-06-16 09:34 UTC,82205.5,163269,0.776324,2.68413,0.0503729,0.0683219,0.00120079,0.0783041,0.38515,0.000541949,0.0121036,0.0127986,0.024047
2996,1718530792,2024-06-16 09:39 UTC,82182.6,163220,0.76786,2.69078,0.047857,0.0646946,0.00115403,0.0772708,0.385152,0.000527546,0.0121637,0.01152,0.021568
2997,1718531092,2024-06-16 09:44 UTC,82157.3,163171,0.75954,2.69743,0.0453754,0.0610965,0.00110364,0.0760954,0.385153,0.00051347,0.0122239,0.0103232,0.0192354
2998,1718531392,2024-06-16 09:49 UTC,82135.3,163121,0.751366,2.70408,0.0429333,0.0575332,0.00105525,0.0745177,0.385177,0.000499729,0.0122842,0.00920685,0.0170564
2999,1718531692,2024-06-16 09:54 UTC,82112.9,163072,0.743345,2.71073,0.0405373,0.0540115,0.00101213,0.072739,0.385185,0.000486326,0.0123448,0.0081704,0.0150365
3000,1718531992,2024-06-16 09:59 UTC,82087.9,163023,0.735482,2.71739,0.0381951,0.0505645,0.000965756,0.0707254,0.385185,0.000473266,0.0124054,0.00721306,0.0131795
3001,1718532292,2024-06-16 10:04 UTC,82064.5,162973,0.727781,2.72404,0.0353757,0.0470467,0.000925012,0.0685053,0.385197,0.000460517,0.0124663,0.00616866,0.0114124
3002,1718532592,2024-06-16 10:09 UTC,82038.4,162924,0.720249,2.7307,0.0327089,0.0442197,0.000871107,0.0660417,0.385173,0.000448126,0.0125273,0.0052594,0.0100767
3003,1718532892,2024-06-16 10:14 UTC,82010.4,162874,0.712892,2.73736,0.030253,0.0415956,0.000817814,0.0644722,0.385153,0.000436069,0.0125884,0.00449461,0.00891779
3004,1718533192,2024-06-16 10:19 UTC,81985.6,162824,0.705716,2.74401,0.0280621,0.0392116,0.000764291,0.0617339,0.385168,0.000424353,0.0126498,0.00387427,0.00907225
3005,1718533492,2024-06-16 10:24 UTC,81961.4,162775,0.69873,2.75067,0.0262027,0.0371194,0.000707717,0.0603422,0.38517,0.000412987,0.0127113,0.00339963,0.00937511
3006,1718533792,2024-06-16 10:29 UTC,81938.6,162725,0.69194,2.75733,0.0247535,0.0357435,0.000653779,0.0579602,0.385183,0.000401972,0.0127729,0.00307072,0.00961801
3007,1718534092,2024-06-16 10:34 UTC,81912.9,162675,0.685357,2.764,0.0238087,0.0348901,0.000602395,0.0553888,0.385181,0.000391306,0.0128347,0.00288757,0.00984112
3008,1718534392,2024-06-16 10:39 UTC,81887.3,162625,0.67899,2.77066,0.0234418,0.0344526,0.000553557,0.0526664,0.385171,0.000381,0.0128966,0.00284754,0.0107226
3009,1718534692,2024-06-16 10:44 UTC,81862.4,162575,0.672852,2.77732,0.0236778,0.0348325,0.000510656,0.049942,0.385175,0.000371041,0.0129587,0.00294898,0.0117313
3010,1718534992,2024-06-16 10:49 UTC,81836.3,162524,0.666962,2.78399,0.0244972,0.0358039,0.000471907,0.0477845,0.385172,0.000361434,0.013021,0.00318889,0.0127297
3011,1718535292,2024-06-16 10:54 UTC,81811.6,162474,0.661335,2.79065,0.025844,0.0370529,0.000440135,0.0467285,0.385175,0.000352174,0.0130834,0.00356613,0.0137117
3012,1718535592,2024-06-16 10:59 UTC,81785.6,162424,0.65598,2.79732,0.0276408,0.0389498,0.000417331,0.0455846,0.385183,0.00034326,0.013146,0.00407967,0.0146706
3013,1718535892,2024-06-16 11:04 UTC,81759.7,162373,0.650909,2.80399,0.0296754,0.0421565,0.000406325,0.0436054,0.385177,0.000334695,0.0132087,0.00468447,0.0152023
3014,1718536192,2024-06-16 11:09 UTC,81733.7,162323,0.64614,2.81065,0.0319598,0.0455558,0.000407412,0.0402078,0.385174,0.000326482,0.0132716,0.00540324,0.0156927
3015,1718536492,2024-06-16 11:14 UTC,81709.8,162272,0.641695,2.81732,0.0344455,0.0491068,0.000435142,0.0382467,0.385194,0.000318598,0.0133347,0.00623304,0.0161509
3016,1718536792,2024-06-16 11:19 UTC,81685.8,162222,0.637578,2.82399,0.0370909,0.0527788,0.000496302,0.0362408,0.3852,0.000311034,0.0133979,0.0071725,0.0166559
3017,1718537092,2024-06-16 11:24 UTC,81660.3,162171,0.633795,2.83121,0.0398632,0.0568766,0.000590147,0.0344032,0.385204,0.000303784,0.0134665,0.00821751,0.0171247
3018,1718537392,2024-06-16 11:29 UTC,81634.6,162121,0.630355,2.83845,0.0427369,0.0611712,0.000735498,0.0344202,0.385205,0.000296816,0.0135355,0.00935868,0.01888
3019,1718537692,2024-06-16 11:34 UTC,81607.7,162070,0.627272,2.84569,0.0456923,0.0655203,0.00095095,0.0345725,0.385194,0.000290105,0.0136047,0.0105853,0.0214855
3020,1718537992,2024-06-16 11:39 UTC,81582.3,162019,0.624558,2.85294,0.0487139,0.0699137,0.00125002,0.0348927,0.385191,0.000283619,0.013674,0.0118823,0.0241856
3021,1718538292,2024-06-16 11:44 UTC,81558.9,161968,0.622229,2.86019,0.0517901,0.0743436,0.0016555,0.035411,0.385198,0.00027731,0.0137435,0.0132282,0.026972
3022,1718538592,2024-06-16 11:49 UTC,81535.3,161917,0.620298,2.86774,0.0549113,0.0788039,0.00217073,0.0361535,0.385217,0.000271171,0.0138162,0.0146102,0.0297912
3023,1718538892,2024-06-16 11:54 UTC,81510.2,161866,0.618781,2.87597,0.0580702,0.0832897,0.00280123,0.0371398,0.385212,0.000265192,0.0138956,0.016015,0.0326373
3024,1718539192,2024-06-16 11:59 UTC,81486.3,161815,0.617695,2.8842,0.0612609,0.087797,0.00354655,0.0383821,0.385231,0.000259371,0.0139752,0.0174309,0.0361293
3025,1718539492,2024-06-16 12:04 UTC,81470.2,161780,0.600899,2.88446,0.0629641,0.088685,0.0043469,0.0397997,0.385268,0.000217201,0.0139779,0.0179383,0.0368233
3026,1718539792,2024-06-16 12:09 UTC,81451.4,161747,0.584751,2.88453,0.0646391,0.0894942,0.0051548,0.0412824,0.385302,0.000177063,0.0139784,0.0184359,0.0376168
3027,1718540092,2024-06-16 12:14 UTC,81434.3,161715,0.56981,2.88461,0.0663263,0.0903239,0.00598116,0.0428101,0.385338,0.000140256,0.0139792,0.0189438,0.0383742
3028,1718540392,2024-06-16 12:19 UTC,81417.3,161683,0.556169,2.8847,0.0680248,0.0911733,0.00683405,0.0443677,0.385389,0.000107486,0.0139802,0.019456,0.0397432
3029,1718540692,2024-06-16 12:24 UTC,81403.3,161650,0.544006,2.88482,0.0697338,0.0920421,0.00771454,0.0459439,0.385448,8.05805e-05,0.0139812,0.0199643,0.0410738
3030,1718540992,2024-06-16 12:29 UTC,81386.7,161618,0.533571,2.88502,0.0714526,0.0929296,0.00862074,0.0475299,0.385464,6.379e-05,0.0139833,0.0204705,0.0426144
3031,1718541292,2024-06-16 12:34 UTC,81369,161585,0.525177,2.88538,0.0731806,0.0938665,0.00955458,0.049119,0.38548,6.27893e-05,0.0139867,0.0209725,0.0442148
3032,1718541592,2024-06-16 12:39 UTC,81355.5,161553,0.519117,2.88576,0.0749172,0.0954002,0.0105156,0.0507063,0.385541,7.66465e-05,0.0139903,0.0214717,0.0458338
3033,1718541892,2024-06-16 12:44 UTC,81348.4,161521,0.515234,2.88615,0.0766619,0.0970581,0.0115061,0.0522875,0.385629,9.86243e-05,0.0139944,0.0219687,0.0474138
3034,1718542192,2024-06-16 12:49 UTC,81334.5,161488,0.513302,2.88656,0.0784142,0.0987305,0.0125188,0.053859,0.385764,0.000124257,0.0139981,0.0224651,0.048963
3035,1718542492,2024-06-16 12:54 UTC,81316.2,161456,0.513267,2.88699,0.0801735,0.100417,0.0135648,0.0554174,0.385794,0.000151747,0.0140024,0.0229484,0.0508381
3036,1718542792,2024-06-16 12:59 UTC,81302.4,161424,0.515158,2.88744,0.0819396,0.102778,0.0146354,0.0569604,0.385831,0.000180446,0.0140067,0.0234315,0.0525641
3037,1718543092,2024-06-16 13:04 UTC,81291.2,161392,0.518974,2.88791,0.0818743,0.10309,0.0156424,0.0584117,0.38588,0.000210096,0.0140112,0.022714,0.0526848
3038,1718543392,2024-06-16 13:09 UTC,81281.1,161359,0.524734,2.8884,0.0817598,0.103337,0.0165507,0.0596973,0.385963,0.000240748,0.0140158,0.0220504,0.052702
3039,1718543692,2024-06-16 13:14 UTC,81274.2,161327,0.532522,2.8889,0.0816464,0.103585,0.0173662,0.060832,0.386074,0.000272547,0.0140207,0.0214668,0.0527408
3040,1718543992,2024-06-16 13:19 UTC,81266.2,161295,0.542423,2.88942,0.0815341,0.103833,0.0181079,0.0618291,0.386174,0.000305692,0.0140261,0.0209427,0.0529412
3041,1718544292,2024-06-16 13:24 UTC,81255.7,161263,0.554409,2.88996,0.081423,0.104081,0.0187924,0.0627003,0.386269,0.000340406,0.0140311,0.0204617,0.0530805
3042,1718544592,2024-06-16 13:29 UTC,81243.8,161231,0.568414,2.89052,0.081313,0.104329,0.0194118,0.0634561,0.386356,0.000376926,0.0140366,0.0200317,0.0534493
3043,1718544892,2024-06-16 13:34 UTC,81235.5,161199,0.584338,2.89109,0.0812041,0.104577,0.0199801,0.0641057,0.386467,0.00041552,0.0140422,0.0196388,0.0535827
3044,1718545192,2024-06-16 13:39 UTC,81232.2,161167,0.602074,2.89169,0.0810965,0.104826,0.0204938,0.0646573,0.386578,0.000456403,0.0140478,0.019287,0.0538779
3045,1718545492,2024-06-16 13:44 UTC,81222.1,161134,0.62147,2.8923,0.0809901,0.105074,0.0209454,0.0651179,0.386688,0.000499745,0.014054,0.0189799,0.0540388
3046,1718545792,2024-06-16 13:49 UTC,81213.5,161102,0.642247,2.89293,0.080885,0.105323,0.0213508,0.0654939,0.386758,0.000545733,0.01406,0.0187071,0.0542486
3047,1718546092,2024-06-16 13:54 UTC,81203.9,161070,0.664166,2.89358,0.0807811,0.105571,0.0217189,0.0657907,0.386861,0.000594478,0.0140663,0.0184578,0.0544624
3048,1718546392,2024-06-16 13:59 UTC,81200.5,161038,0.687039,2.89424,0.0806784,0.10582,0.0220308,0.0660132,0.387038,0.000646059,0.0140728,0.0182483,0.0547621
3049,1718546692,2024-06-16 14:04 UTC,81199.4,161006,0.710719,2.89493,0.0788053,0.103249,0.0222515,0.0661446,0.387161,0.000700427,0.0140793,0.0170671,0.0523347
3050,1718546992,2024-06-16 14:09 UTC,81185.9,160974,0.735081,2.89563,0.0768944,0.100608,0.02232,0.0661693,0.387198,0.000757534,0.0140863,0.0159891,0.0497817
3051,1718547292,2024-06-16 14:14 UTC,81176.2,160942,0.76003,2.89635,0.0749953,0.0979751,0.0222722,0.0660965,0.387284,0.000817422,0.0140933,0.0150188,0.0474423
3052,1718547592,2024-06-16 14:19 UTC,81169.5,160910,0.785485,2.89709,0.0731086,0.09535,0.0221261,0.0659343,0.387421,0.000880146,0.0141006,0.0141434,0.0452245
3053,1718547892,2024-06-16 14:24 UTC,81164.1,160878,0.811381,2.89785,0.0712353,0.092981,0.0218839,0.06569,0.38758,0.000945774,0.0141078,0.0133564,0.0433074
3054,1718548192,2024-06-16 14:29 UTC,81156.3,160846,0.837663,2.89904,0.0693762,0.0910362,0.0215662,0.0662705,0.387653,0.00101434,0.0141195,0.0126373,0.0409738
3055,1718548492,2024-06-16 14:34 UTC,81142.7,161176,0.864289,2.90029,0.0675324,0.0891185,0.0211723,0.066847,0.387653,0.00108585,0.0141317,0.0119869,0.0386842
3056,1718548792,2024-06-16 14:39 UTC,81138.7,162016,0.891222,2.90156,0.065705,0.087231,0.0207169,0.0671191,0.387794,0.00116031,0.014144,0.0113978,0.0364899
3057,1718549092,2024-06-16 14:44 UTC,81129.2,161955,0.918427,2.94354,0.0638952,0.0853841,0.0202137,0.0675963,0.387942,0.00123775,0.0145563,0.0108512,0.0343568
3058,1718549392,2024-06-16 14:49 UTC,81125.5,161108,0.945879,3.00726,0.0621043,0.0835703,0.0196729,0.0682388,0.388082,0.00131821,0.0151933,0.0103396,0.0323469
3059,1718549692,2024-06-16 14:54 UTC,81115.8,160687,0.973554,3.07099,0.0603338,0.0819542,0.0191081,0.0685421,0.388119,0.00140181,0.015844,0.00986248,0.0303897
3060,1718549992,2024-06-16 14:59 UTC,81095.6,160655,1.00143,3.13471,0.0585852,0.0805605,0.0185319,0.0695428,0.388111,0.00148856,0.0165084,0.00941698,0.029134
3061,1718550292,2024-06-16 15:04 UTC,81088.2,161310,1.01523,3.13682,0.0551037,0.0769511,0.0178977,0.0705426,0.388258,0.00154878,0.0165305,0.00837913,0.0268061
3062,1718550592,2024-06-16 15:09 UTC,81070,161763,1.02899,3.13726,0.0516801,0.0737218,0.0171706,0.0710944,0.388328,0.00160992,0.0165352,0.00747152,0.0249999
3063,1718550892,2024-06-16 15:14 UTC,81059.1,161744,1.0431,3.13771,0.0483835,0.0708231,0.0163529,0.0712834,0.388382,0.00167276,0.01654,0.00671083,0.0241749
3064,1718551192,2024-06-16 15:19 UTC,81044.7,161713,1.05755,3.13817,0.0452383,0.0681749,0.0154532,0.0714021,0.38842,0.00173734,0.0165448,0.00609178,0.0231965
3065,1718551492,2024-06-16 15:24 UTC,81032.6,161675,1.07232,3.13865,0.0422742,0.0658077,0.0144845,0.0711783,0.388484,0.00180364,0.0165499,0.00560357,0.0219364
3066,1718551792,2024-06-16 15:29 UTC,81013.8,161637,1.0874,3.13915,0.0395284,0.0637526,0.0134607,0.070802,0.388522,0.00187175,0.0165551,0.00525029,0.020927
3067,1718552092,2024-06-16 15:34 UTC,80995.2,161600,1.10279,3.13966,0.0370464,0.0620408,0.0123866,0.0700186,0.388595,0.00194165,0.0165606,0.00503027,0.0205146
3068,1718552392,2024-06-16 15:39 UTC,80980.4,161561,1.11848,3.14018,0.0348845,0.0607011,0.0112741,0.0688836,0.388648,0.00201335,0.0165661,0.00493289,0.0199407
3069,1718552692,2024-06-16 15:44 UTC,80960.6,161512,1.13445,3.14072,0.0331108,0.0597588,0.0101203,0.0675904,0.388663,0.00208688,0.0165718,0.00495388,0.0192295
3070,1718552992,2024-06-16 15:49 UTC,80946.2,161487,1.1507,3.14128,0.0318044,0.0598634,0.00893368,0.065848,0.388728,0.0021622,0.0165776,0.00508119,0.0185046
3071,1718553292,2024-06-16 15:54 UTC,80930.9,161449,1.16722,3.14185,0.0310484,0.0607939,0.00772903,0.0636906,0.388758,0.00223941,0.0165836,0.005311,0.019345
3072,1718553592,2024-06-16 15:59 UTC,80909.8,161412,1.184,3.14243,0.0309145,0.0620998,0.00653727,0.0612138,0.388715,0.00231865,0.0165898,0.00563845,0.0207602
3073,1718553892,2024-06-16 16:04 UTC,80889.8,161375,1.20103,3.14303,0.0312322,0.0623249,0.00555762,0.0586133,0.388739,0.00240034,0.0165961,0.0060271,0.022522
3074,1718554192,2024-06-16 16:09 UTC,80864.7,161337,1.2183,3.14364,0.0327389,0.0637726,0.00539398,0.0554118,0.388757,0.00248592,0.0166026,0.00667958,0.0244822
3075,1718554492,2024-06-16 16:14 UTC,80848.4,161300,1.23581,3.14427,0.0352622,0.0662367,0.0051273,0.0515624,0.388805,0.00257381,0.0166092,0.00763745,0.0266281
3076,1718554792,2024-06-16 16:19 UTC,80824.8,161263,1.25354,3.14491,0.0385607,0.0696091,0.004835,0.0493337,0.388801,0.00266358,0.016616,0.00889899,0.0287294
3077,1718555092,2024-06-16 16:24 UTC,80807.3,161226,1.27149,3.14557,0.0424364,0.0737654,0.00459425,0.0479413,0.388777,0.00275492,0.016623,0.0104234,0.0308842
3078,1718555392,2024-06-16 16:29 UTC,80787.4,161188,1.28965,3.14624,0.0467443,0.0785814,0.0044365,0.046468,0.388809,0.00284769,0.0166301,0.012185,0.0331105
3079,1718555692,2024-06-16 16:34 UTC,80761.2,161151,1.30802,3.14693,0.0513783,0.0839436,0.00437311,0.0449797,0.388801,0.00294193,0.0166373,0.0141689,0.0353732
3080,1718555992,2024-06-16 16:39 UTC,80741.7,161114,1.32659,3.14763,0.056261,0.089754,0.00443718,0.0435598,0.388834,0.00303764,0.0166447,0.0163611,0.0386036
3081,1718556292,2024-06-16 16:44 UTC,80719.5,161077,1.34534,3.14835,0.0613356,0.0959314,0.00469011,0.0423084,0.388835,0.00313482,0.0166523,0.0187403,0.0433778
3082,1718556592,2024-06-16 16:49 UTC,80692.7,161040,1.36428,3.14908,0.0665602,0.102409,0.00521782,0.041339,0.388787,0.00323334,0.01666,0.0212806,0.0481239
3083,1718556892,2024-06-16 16:54 UTC,80670.7,161003,1.3834,3.14982,0.0719034,0.109134,0.00609406,0.0407721,0.388778,0.0033331,0.0166679,0.0239418,0.0534129
3084,1718557192,2024-06-16 16:59 UTC,80650.3,160966,1.40269,3.15058,0.0773415,0.116063,0.00724871,0.0407226,0.388775,0.00343431,0.0166759,0.0267433,0.0603442
3085,1718557492,2024-06-16 17:04 UTC,80625,160929,1.42215,3.15135,0.0830671,0.122772,0.00861219,0.0412544,0.388735,0.00353727,0.0166842,0.0298732,0.0675584
3086,1718557792,2024-06-16 17:09 UTC,80598.6,160892,1.44177,3.15214,0.0888842,0.129684,0.0100923,0.0462584,0.388729,0.00364237,0.0166924,0.0332558,0.0752174
3087,1718558092,2024-06-16 17:14 UTC,80571.6,160855,1.46155,3.15295,0.0947727,0.13678,0.0116554,0.0516013,0.388663,0.0037496,0.0167011,0.036899,0.0848921
3088,1718558392,2024-06-16 17:19 UTC,80543.4,160818,1.48148,3.15376,0.100721,0.144033,0.0133766,0.0556801,0.388639,0.00385826,0.0167097,0.0406976,0.095255
3089,1718558692,2024-06-16 17:24 UTC,80517.8,160781,1.50156,3.1546,0.106719,0.151419,0.0151978,0.0616094,0.388675,0.00396864,0.0167185,0.0446722,0.106306
3090,1718558992,2024-06-16 17:29 UTC,80493.1,160744,1.52178,3.16497,0.112759,0.15892,0.0171194,0.0685094,0.38869,0.00408063,0.0168285,0.0488105,0.118045
3091,1718559292,2024-06-16 17:34 UTC,80469.7,160708,1.54214,3.18995,0.118835,0.166521,0.0191706,0.0737049,0.38864,0.00419397,0.0170949,0.0530421,0.130472
3092,1718559592,2024-06-16 17:39 UTC,80442.8,160671,1.56264,3.21495,0.124943,0.174208,0.0212997,0.0792516,0.388558,0.0043089,0.0173644,0.057406,0.143587
3093,1718559892,2024-06-16 17:44 UTC,80410.4,160634,1.58326,3.23994,0.131077,0.181971,0.0234617,0.0851629,0.388514,0.00442576,0.0176354,0.0619869,0.165706
3094,1718560192,2024-06-16 17:49 UTC,80371.4,160579,1.60401,3.26494,0.137235,0.1898,0.0255766,0.0913055,0.388375,0.00454488,0.0179079,0.0668504,0.171882
3095,1718560492,2024-06-16 17:54 UTC,80335,160561,1.62488,3.28995,0.143413,0.197688,0.0276513,0.0976777,0.388255,0.00466615,0.0181838,0.0719805,0.187062
3096,1718560792,2024-06-16 17:59 UTC,80299.9,160525,1.64587,3.31496,0.149609,0.205628,0.0296248,0.104284,0.388216,0.0047899,0.0184616,0.0774588,0.20293
3097,1718561092,2024-06-16 18:04 UTC,80261.9,160488,1.65254,3.28893,0.154677,0.21084,0.0314116,0.110932,0.3881,0.00481786,0.0181728,0.0819289,0.2147
3098,1718561392,2024-06-16 18:09 UTC,80230.6,160437,1.65909,3.26417,0.159719,0.215981,0.0329427,0.121964,0.388105,0.00484607,0.0178998,0.0868268,0.226683
3099,1718561692,2024-06-16 18:14 UTC,80187.3,160398,1.6659,3.24235,0.164765,0.221126,0.0342276,0.123882,0.387977,0.00487718,0.0176612,0.0921765,0.239006
3100,1718561992,2024-06-16 18:19 UTC,80145.2,159926,1.67296,3.25162,0.169815,0.226275,0.0352632,0.130214,0.38783,0.00491136,0.0177627,0.0980838,0.251669
3101,1718562292,2024-06-16 18:24 UTC,80104,160266,1.68029,3.27466,0.174868,0.231428,0.0361728,0.136475,0.387717,0.00494712,0.0180153,0.104296,0.264671
3102,1718562592,2024-06-16 18:29 UTC,80065.5,160129,1.68786,3.3118,0.179925,0.236583,0.0370788,0.142658,0.387673,0.0049846,0.0184263,0.11074,0.278013
3103,1718562892,2024-06-16 18:34 UTC,80018.6,159302,1.69568,3.35153,0.184985,0.241741,0.0379605,0.149497,0.387523,0.00502348,0.0188708,0.117358,0.291695
3104,1718563192,2024-06-16 18:39 UTC,79978.5,159271,1.70376,3.39351,0.190048,0.246903,0.0387882,0.157688,0.387412,0.00506408,0.0193466,0.124237,0.305716
3105,1718563492,2024-06-16 18:44 UTC,79929.6,159240,1.71207,3.43766,0.195113,0.252075,0.0396571,0.150788,0.387242,0.00510618,0.0198536,0.13129,0.320077
3106,1718563792,2024-06-16 18:49 UTC,79895.5,159208,1.72063,3.4839,0.200181,0.257256,0.0406386,0.147564,0.387233,0.00514884,0.0203911,0.138283,0.334778
3107,1718564092,2024-06-16 18:54 UTC,79846.5,159177,1.72943,3.53215,0.205251,0.262756,0.0417529,0.15274,0.387042,0.00519206,0.0209598,0.145138,0.349819
3108,1718564392,2024-06-16 18:59 UTC,79802.2,159146,1.73847,3.58232,0.210323,0.268433,0.0430403,0.161224,0.386963,0.00523616,0.0215594,0.151928,0.365199
3109,1718564692,2024-06-16 19:04 UTC,79761.5,159116,1.74774,3.63433,0.213429,0.272309,0.0440581,0.161607,0.386866,0.00528324,0.0221901,0.155875,0.372596
3110,1718564992,2024-06-16 19:09 UTC,79717.1,159085,1.75724,3.68812,0.216483,0.276752,0.0448489,0.165286,0.386736,0.00533289,0.0228516,0.160069,0.379984
3111,1718565292,2024-06-16 19:14 UTC,79676.1,159054,1.76697,3.74359,0.219536,0.281195,0.0456385,0.173918,0.386682,0.0053836,0.0235442,0.164175,0.387508
3112,1718565592,2024-06-16 19:19 UTC,79631.4,159023,1.77693,3.80068,0.222591,0.285639,0.0465354,0.188114,0.386577,0.00543549,0.0242678,0.168079,0.395097
3113,1718565892,2024-06-16 19:24 UTC,79584.9,158992,1.78712,3.85931,0.225646,0.290082,0.0474718,0.198153,0.386423,0.00548906,0.0250223,0.171936,0.402923
3114,1718566192,2024-06-16 19:29 UTC,79540.1,158961,1.79753,3.91942,0.228701,0.294526,0.0484574,0.192399,0.386341,0.00554418,0.0258079,0.175792,0.410872
3115,1718566492,2024-06-16 19:34 UTC,79496.7,158930,1.80816,3.98094,0.231757,0.29897,0.0496103,0.199785,0.386265,0.00560008,0.0266244,0.179413,0.418789
3116,1718566792,2024-06-16 19:39 UTC,79446.2,158899,1.81902,4.04381,0.234813,0.303414,0.0508472,0.189514,0.386112,0.00565694,0.0274718,0.182849,0.42814
3117,1718567092,2024-06-16 19:44 UTC,79403.7,158868,1.83008,4.10795,0.23787,0.307858,0.0520793,0.19687,0.385999,0.00571579,0.0283503,0.186327,0.438064
3118,1718567392,2024-06-16 19:49 UTC,79359.1,158838,1.84137,4.17332,0.240928,0.312303,0.0533057,0.20361,0.385928,0.0057763,0.0292597,0.189808,0.442004
3119,1718567692,2024-06-16 19:54 UTC,79308.7,158807,1.85286,4.23986,0.243985,0.316747,0.0545873,0.209839,0.385822,0.00583824,0.0302002,0.193252,0.449884
3120,1718567992,2024-06-16 19:59 UTC,79262.6,158776,1.86455,4.30751,0.247044,0.321192,0.0558491,0.215638,0.385696,0.00590184,0.0311716,0.196782,0.456341
3121,1718568292,2024-06-16 20:04 UTC,79210,158745,1.87645,4.37622,0.247872,0.322296,0.0570009,0.220967,0.385565,0.00596788,0.0321742,0.196164,0.45806
3122,1718568592,2024-06-16 20:09 UTC,79156.2,158714,1.88854,4.44594,0.248639,0.323308,0.0578369,0.225793,0.385369,0.00603747,0.0332074,0.196038,0.459617
3123,1718568892,2024-06-16 20:14 UTC,79117.5,158684,1.90083,4.51663,0.249407,0.32432,0.0583778,0.23503,0.385387,0.00611048,0.0342718,0.196456,0.461184
3124,1718569192,2024-06-16 20:19 UTC,79065.8,158653,1.91331,4.58824,0.250176,0.325333,0.0587981,0.234239,0.385269,0.00618565,0.0353671,0.197042,0.462761
3125,1718569492,2024-06-16 20:24 UTC,79018.8,158622,1.92597,4.66072,0.250946,0.326345,0.0591371,0.237972,0.385182,0.00626341,0.0364934,0.197841,0.465151
3126,1718569792,2024-06-16 20:29 UTC,78969,158592,1.93882,4.73405,0.251716,0.327358,0.0594157,0.243815,0.385093,0.00634327,0.0376509,0.198813,0.467406
3127,1718570092,2024-06-16 20:34 UTC,78923.5,158561,1.95185,4.80817,0.252487,0.32837,0.059702,0.244739,0.384925,0.00642464,0.0388391,0.199691,0.470034
3128,1718570392,2024-06-16 20:39 UTC,78872,158530,1.96505,4.88306,0.253258,0.329382,0.0599849,0.247698,0.384886,0.0065079,0.0400585,0.200549,0.472041
3129,1718570692,2024-06-16 20:44 UTC,78826.4,158500,1.97843,4.95868,0.25403,0.330395,0.0602369,0.250551,0.384718,0.00659289,0.0413086,0.201498,0.473399
3130,1718570992,2024-06-16 20:49 UTC,78778,158469,1.99198,5.03499,0.254803,0.331407,0.0605568,0.253243,0.384599,0.00667939,0.0425898,0.20233,0.475564
3131,1718571292,2024-06-16 20:54 UTC,78729.7,158438,2.00569,5.11196,0.255576,0.33242,0.0608959,0.255792,0.384522,0.00676735,0.043902,0.203124,0.477789
3132,1718571592,2024-06-16 20:59 UTC,78691.1,158408,2.01957,5.18957,0.25635,0.333432,0.0612572,0.258354,0.384487,0.0068571,0.0452454,0.204,0.479656
3133,1718571892,2024-06-16 21:04 UTC,78645.7,158381,2.0258,5.21936,0.254666,0.331088,0.0614357,0.267077,0.384367,0.00689696,0.0457662,0.200295,0.473227
3134,1718572192,2024-06-16 21:09 UTC,78600.9,158354,2.03188,5.24785,0.252917,0.328652,0.06132,0.32356,0.384313,0.00693866,0.0462669,0.197072,0.467223
3135,1718572492,2024-06-16 21:14 UTC,78547.4,158327,2.03803,5.27635,0.25117,0.326217,0.0609621,0.308148,0.384208,0.00698265,0.0467706,0.194207,0.460155
3136,1718572792,2024-06-16 21:19 UTC,78510.2,158301,2.04424,5.30486,0.249424,0.323782,0.0606264,0.354341,0.384162,0.00702725,0.047278,0.191378,0.453705
3137,1718573092,2024-06-16 21:24 UTC,78452.3,158274,2.05051,5.33339,0.24768,0.321347,0.0601436,0.236536,0.38398,0.00707359,0.0477878,0.188728,0.448917
3138,1718573392,2024-06-16 21:29 UTC,78413.8,158247,2.05684,5.36194,0.245938,0.318912,0.0595682,0.238762,0.383956,0.00712191,0.0483002,0.186429,0.441986
3139,1718573692,2024-06-16 21:34 UTC,78366.4,158221,2.06324,5.3905,0.244197,0.316478,0.0588626,0.24213,0.383879,0.00717208,0.0488166,0.184326,0.436692
3140,1718573992,2024-06-16 21:39 UTC,78323.6,158194,2.06969,5.41907,0.242458,0.314044,0.0582961,0.245227,0.383801,0.00722202,0.0493352,0.182033,0.430396
3141,1718574292,2024-06-16 21:44 UTC,78281.9,158168,2.0762,5.44766,0.240722,0.31161,0.0577033,0.24801,0.383678,0.00727313,0.0498573,0.179739,0.424534
3142,1718574592,2024-06-16 21:49 UTC,78235.9,158141,2.08277,5.47627,0.238987,0.309176,0.0570567,0.250496,0.383556,0.00732562,0.0503823,0.177625,0.418997
3143,1718574892,2024-06-16 21:54 UTC,78199.2,158115,2.0894,5.50488,0.237254,0.306743,0.0564489,0.252968,0.383532,0.00737858,0.0509102,0.175369,0.41343
3144,1718575192,2024-06-16 21:59 UTC,78150.4,158088,2.09608,5.53351,0.235523,0.304311,0.05568,0.255234,0.383356,0.00743375,0.0514415,0.173456,0.4074
3145,1718575492,2024-06-16 22:04 UTC,78110,158062,2.10282,5.56216,0.231379,0.299199,0.0547438,0.257378,0.38325,0.00749096,0.051975,0.16746,0.391811
3146,1718575792,2024-06-16 22:09 UTC,78070.5,158036,2.10961,5.59081,0.22717,0.294484,0.0534668,0.260176,0.383184,0.00755169,0.0525123,0.161971,0.376457
3147,1718576092,2024-06-16 22:14 UTC,78028.2,158009,2.11645,5.61948,0.222962,0.289778,0.0520473,0.262992,0.383093,0.00761436,0.0530518,0.156815,0.361412
3148,1718576392,2024-06-16 22:19 UTC,77990.6,157983,2.12336,5.64817,0.218754,0.285074,0.0504616,0.265648,0.382999,0.00767912,0.0535951,0.151993,0.346695
3149,1718576692,2024-06-16 22:24 UTC,77954.3,157957,2.13031,5.67686,0.214547,0.280372,0.0487955,0.268104,0.382898,0.0077457,0.054141,0.147349,0.332249
3150,1718576992,2024-06-16 22:29 UTC,77913.5,157930,2.13732,5.70557,0.210341,0.275672,0.047142,0.270308,0.382778,0.00781302,0.0546898,0.142755,0.318163
3151,1718577292,2024-06-16 22:34 UTC,77882.6,157904,2.14438,5.73429,0.206136,0.270976,0.0454591,0.272207,0.382734,0.00788196,0.0552419,0.138342,0.304391
3152,1718577592,2024-06-16 22:39 UTC,77845.1,157878,2.15149,5.76302,0.201932,0.266281,0.0436961,0.273756,0.382645,0.00795231,0.0557967,0.134049,0.29103
3153,1718577892,2024-06-16 22:44 UTC,77810,157852,2.15866,5.79176,0.197728,0.26159,0.0419938,0.249196,0.382546,0.00802355,0.056355,0.129837,0.277627
3154,1718578192,2024-06-16 22:49 UTC,77778.9,157826,2.16588,5.82052,0.193526,0.256901,0.040259,0.248155,0.382531,0.00809606,0.0569158,0.125659,0.264944
3155,1718578492,2024-06-16 22:54 UTC,77743.6,157800,2.17316,5.84929,0.189325,0.252216,0.038509,0.247358,0.382434,0.00816941,0.05748,0.121555,0.252286
3156,1718578792,2024-06-16 22:59 UTC,77716.3,157774,2.18049,5.87806,0.185125,0.247534,0.0368063,0.245998,0.382383,0.00824377,0.0580468,0.117491,0.247696
3157,1718579092,2024-06-16 23:04 UTC,77680.8,157748,2.18788,5.90685,0.179468,0.241139,0.0349822,0.24737,0.38228,0.00832001,0.0586168,0.111541,0.227975
3158,1718579392,2024-06-16 23:09 UTC,77650.5,157722,2.19532,5.93565,0.173778,0.234703,0.0330545,0.250144,0.382221,0.00839835,0.0591899,0.105843,0.214671
3159,1718579692,2024-06-16 23:14 UTC,77623.5,157696,2.20282,5.96447,0.168093,0.228273,0.031039,0.25193,0.382179,0.00847809,0.0597659,0.100372,0.19753
3160,1718579992,2024-06-16 23:19 UTC,77590.9,157670,2.21038,5.99329,0.162416,0.221855,0.0290429,0.252679,0.382085,0.00855871,0.0603445,0.0950354,0.184454
3161,1718580292,2024-06-16 23:24 UTC,77562.3,157644,2.218,6.02212,0.156747,0.215448,0.0269959,0.249717,0.382027,0.00864105,0.0609267,0.0899165,0.172694
3162,1718580592,2024-06-16 23:29 UTC,77535.9,157618,2.22567,6.05096,0.151087,0.209049,0.0249562,0.235847,0.381965,0.00872463,0.0615109,0.0849535,0.158735
3163,1718580892,2024-06-16 23:34 UTC,77514.8,157592,2.2334,6.07981,0.145436,0.202659,0.0229248,0.235171,0.381956,0.0088093,0.0621,0.0801223,0.146989
3164,1718581192,2024-06-16 23:39 UTC,77488.5,157567,2.24119,6.10868,0.139797,0.196276,0.0209716,0.234957,0.38192,0.0088945,0.0626908,0.0753699,0.135963
3165,1718581492,2024-06-16 23:44 UTC,77464.8,157541,2.24903,6.13755,0.134171,0.189902,0.0191271,0.234116,0.381894,0.00898001,0.0632848,0.0706492,0.136013
3166,1718581792,2024-06-16 23:49 UTC,77443.2,157515,2.25693,6.16643,0.12856,0.183539,0.0173513,0.232665,0.381857,0.00906603,0.0638819,0.0660018,0.124647
3167,1718582092,2024-06-16 23:54 UTC,77421.8,157490,2.26488,6.19532,0.122966,0.177186,0.0156135,0.230636,0.381861,0.00915278,0.0644818,0.0614886,0.128461
3168,1718582392,2024-06-16 23:59 UTC,77396.8,157464,2.27289,6.22423,0.117391,0.170846,0.0140338,0.228068,0.381825,0.009239,0.0650851,0.0569836,0.111916
3169,1718582692,2024-06-17 00:04 UTC,77373.1,157455,2.27874,6.23983,0.111784,0.163981,0.0124901,0.208108,0.381786,0.00930975,0.0654118,0.0525586,0.105279
3170,1718582992,2024-06-17 00:09 UTC,77356.3,157449,2.28459,6.25508,0.10619,0.157118,0.0109028,0.202865,0.381769,0.00938114,0.065732,0.048372,0.0991097
3171,1718583292,2024-06-17 00:14 UTC,77337.8,157443,2.2905,6.27032,0.100612,0.150276,0.00941834,0.197424,0.381734,0.0094523,0.0660524,0.044272,0.0929231
3172,1718583592,2024-06-17 00:19 UTC,77319,157437,2.29646,6.28557,0.0950546,0.143458,0.0080147,0.191815,0.38171,0.00952342,0.0663741,0.0402984,0.086898
3173,1718583892,2024-06-17 00:24 UTC,77297.3,157432,2.30247,6.30081,0.0895206,0.136672,0.00663206,0.186062,0.381694,0.00959498,0.0666963,0.0365244,0.0811532
3174,1718584192,2024-06-17 00:29 UTC,77283.2,157427,2.30854,6.31606,0.0840146,0.129963,0.00538446,0.180187,0.381702,0.00966602,0.0670196,0.0328581,0.0753888
3175,1718584492,2024-06-17 00:34 UTC,77268.3,157422,2.31465,6.3313,0.0785426,0.12329,0.00422375,0.17421,0.38169,0.00973703,0.0673434,0.0293557,0.0757066
3176,1718584792,2024-06-17 00:39 UTC,77251.6,157417,2.32081,6.34654,0.0731121,0.116659,0.0031327,0.168149,0.381667,0.00980798,0.0676682,0.0260239,0.064206
3177,1718585092,2024-06-17 00:44 UTC,77235.2,157413,2.32702,6.36179,0.0677328,0.110197,0.00211689,0.162021,0.381653,0.00987907,0.0679942,0.0228906,0.0589261
3178,1718585392,2024-06-17 00:49 UTC,77219.7,157409,2.33328,6.37703,0.0624177,0.103821,0.00120699,0.155839,0.381632,0.00994979,0.0683199,0.0199272,0.0537661
3179,1718585692,2024-06-17 00:54 UTC,77205.1,157405,2.33958,6.39228,0.0571844,0.0975185,0.000477487,0.149616,0.381623,0.0100196,0.0686469,0.0171161,0.048598
3180,1718585992,2024-06-17 00:59 UTC,77194.8,157401,2.34593,6.40753,0.0520566,0.0913042,0.000243718,0.145938,0.38164,0.0100857,0.0689747,0.0143175,0.0430179
3181,1718586292,2024-06-17 01:04 UTC,77181.9,157398,2.35232,6.42277,0.0478258,0.0859096,0.000138473,0.14321,0.381635,0.0101506,0.0693034,0.0121218,0.0444243
3182,1718586592,2024-06-17 01:09 UTC,77168.6,157395,2.35876,6.43802,0.0437043,0.0806272,6.56312e-05,0.140146,0.381623,0.010216,0.0696328,0.0101571,0.0468125
3183,1718586892,2024-06-17 01:14 UTC,77157.7,157393,2.36524,6.45326,0.0396962,0.0754564,6.69034e-05,0.136782,0.381631,0.0102818,0.0699631,0.00841485,0.048964
3184,1718587192,2024-06-17 01:19 UTC,77145.9,157390,2.37176,6.46851,0.0358375,0.0704218,3.94277e-05,0.13315,0.381633,0.0103476,0.0702939,0.00688456,0.050785
3185,1718587492,2024-06-17 01:24 UTC,77134.9,157388,2.37833,6.48376,0.0321796,0.0655547,4.93538e-05,0.129282,0.381625,0.0104144,0.0706257,0.00559723,0.0524998
3186,1718587792,2024-06-17 01:29 UTC,77123.6,157386,2.38494,6.499,0.0287967,0.0608954,3.855e-05,0.125206,0.381634,0.0104815,0.0709583,0.00453402,0.0539875
3187,1718588092,2024-06-17 01:34 UTC,77113.7,157385,2.39159,6.51425,0.0257985,0.0564953,4.04018e-05,0.121666,0.381642,0.0105493,0.0712907,0.00370451,0.0553333
3188,1718588391,2024-06-17 01:39 UTC,77102.2,157383,2.39826,6.52945,0.0233608,0.0524327,3.52472e-05,0.117644,0.381632,0.0106174,0.0716242,0.00310601,0.0564998
3189,1718588691,2024-06-17 01:44 UTC,77093.1,157382,2.40499,6.54469,0.02169,0.0487615,3.47095e-05,0.112519,0.381634,0.0106864,0.0719595,0.00273059,0.057516
3190,1718588991,2024-06-17 01:49 UTC,77083.6,157382,2.41177,6.55994,0.0210035,0.0455941,2.9066e-05,0.107755,0.381637,0.0107558,0.0722952,0.00257611,0.0584348
3191,1718589291,2024-06-17 01:54 UTC,77074.9,157381,2.41859,6.57519,0.0213882,0.0430461,3.38714e-05,0.102748,0.381642,0.010826,0.0726315,0.00264131,0.0592415
3192,1718589591,2024-06-17 01:59 UTC,77065.6,157381,2.42545,6.59043,0.0227805,0.0412337,2.99738e-05,0.0977608,0.38164,0.0108966,0.0729688,0.00292941,0.0598345
3193,1718589891,2024-06-17 02:04 UTC,77057.2,157381,2.43235,6.60568,0.0243321,0.040401,2.44661e-05,0.0935385,0.381644,0.0109678,0.0733068,0.00328874,0.0582193
3194,1718590191,2024-06-17 02:09 UTC,77048.8,157381,2.43929,6.62093,0.0261278,0.0408586,3.25697e-05,0.0906295,0.381648,0.0110397,0.0736458,0.00374262,0.0567803
3195,1718590491,2024-06-17 02:14 UTC,77040.5,157381,2.44627,6.63618,0.0281304,0.0417173,2.71294e-05,0.086303,0.38165,0.011112,0.0739853,0.00429795,0.0555815
3196,1718590791,2024-06-17 02:19 UTC,77032.9,157382,2.4533,6.65142,0.0302987,0.0427846,3.31723e-05,0.0806001,0.381652,0.011185,0.0743256,0.00495003,0.0545563
3197,1718591091,2024-06-17 02:24 UTC,77024.2,157383,2.46036,6.66667,0.0326004,0.0440453,3.63587e-05,0.0760809,0.38165,0.0112586,0.0746668,0.00570104,0.0537011
3198,1718591391,2024-06-17 02:29 UTC,77016.5,157384,2.46746,6.68192,0.03501,0.0467961,3.5585e-05,0.0722471,0.381653,0.0113327,0.0750088,0.00655176,0.0529694
3199,1718591691,2024-06-17 02:34 UTC,77008.9,157386,2.4746,6.69717,0.0375073,0.04967,4.79582e-05,0.0685368,0.381649,0.0114074,0.0753515,0.00749609,0.0523594
3200,1718591991,2024-06-17 02:39 UTC,77002,157388,2.48179,6.71242,0.0400768,0.0529755,5.44759e-05,0.0649383,0.381648,0.0114827,0.075695,0.00854064,0.0518397
3201,1718592291,2024-06-17 02:44 UTC,76995.1,157390,2.48901,6.72767,0.0427059,0.0566621,6.58082e-05,0.0614426,0.381649,0.0115586,0.0760393,0.00968063,0.0514072
3202,1718592591,2024-06-17 02:49 UTC,76988.7,157392,2.49627,6.74335,0.0453847,0.0603557,8.80643e-05,0.0580427,0.381651,0.0116351,0.0763942,0.0109125,0.051043
3203,1718592891,2024-06-17 02:54 UTC,76981.9,157395,2.50356,6.7646,0.0481052,0.0640551,0.000113334,0.0547345,0.381659,0.0117122,0.0768764,0.0122396,0.0507436
3204,1718593191,2024-06-17 02:59 UTC,76975.8,157397,2.5109,6.78585,0.0508609,0.0677593,0.000146396,0.0504643,0.381654,0.0117899,0.0773603,0.0136589,0.0442867
3205,1718593491,2024-06-17 03:04 UTC,76966.4,157375,2.51792,6.76518,0.0519472,0.0698304,0.000156682,0.0497088,0.381654,0.0118382,0.0768895,0.0142582,0.0448494
3206,1718593791,2024-06-17 03:09 UTC,76958.4,157349,2.52496,6.74321,0.052988,0.0718868,0.000159151,0.0490974,0.381675,0.011886,0.0763912,0.0148514,0.0456926
3207,1718594091,2024-06-17 03:14 UTC,76949.1,157324,2.53202,6.72124,0.0540351,0.0739764,0.000196596,0.0485731,0.38167,0.0119348,0.0758942,0.0154365,0.0468022
3208,1718594391,2024-06-17 03:19 UTC,76942.1,157298,2.5391,6.70018,0.0550881,0.0760965,0.000230229,0.048139,0.381683,0.0119839,0.0754193,0.0160393,0.0481752
3209,1718594691,2024-06-17 03:24 UTC,76935.6,157273,2.54621,6.68162,0.0561465,0.0782448,0.000280987,0.0477579,0.381691,0.0120337,0.0750021,0.0166454,0.0496694
3210,1718594991,2024-06-17 03:29 UTC,76928.2,157247,2.55333,6.66306,0.0572099,0.0804189,0.000342412,0.0473937,0.381687,0.0120842,0.0745857,0.0172596,0.051157
3211,1718595291,2024-06-17 03:34 UTC,76921.3,157221,2.56048,6.64449,0.0582781,0.0826167,0.000410654,0.0470032,0.38168,0.0121351,0.074171,0.0178839,0.0525289
3212,1718595591,2024-06-17 03:39 UTC,76915,157196,2.56765,6.62593,0.0593506,0.0848365,0.000493025,0.0465951,0.381688,0.0121867,0.0737569,0.0185135,0.0537802
3213,1718595891,2024-06-17 03:44 UTC,76908.8,157170,2.57484,6.60737,0.0604273,0.0870766,0.000586684,0.0461796,0.381692,0.012239,0.0733443,0.019149,0.0549055
3214,1718596191,2024-06-17 03:49 UTC,76901.9,157144,2.58204,6.58881,0.0615079,0.0893353,0.000691686,0.0457673,0.381696,0.0122918,0.0729329,0.019791,0.0559373
3215,1718596491,2024-06-17 03:54 UTC,76896.1,157119,2.58927,6.57025,0.0625921,0.0916115,0.000811947,0.0453695,0.381703,0.0123452,0.0725226,0.0204371,0.0568715
3216,1718596791,2024-06-17 03:59 UTC,76891,157093,2.59651,6.55169,0.0636797,0.0939037,0.000946755,0.044997,0.381707,0.0123993,0.0721132,0.0210855,0.0577165
3217,1718597091,2024-06-17 04:04 UTC,76887.3,157068,2.60377,6.53313,0.0625901,0.092128,0.00102712,0.04477,0.381726,0.0124534,0.0717056,0.0203127,0.0549473
3218,1718597391,2024-06-17 04:09 UTC,76884.1,157042,2.61105,6.51456,0.0614433,0.0902569,0.0010461,0.0447797,0.381744,0.0125076,0.0712983,0.019559,0.0525297
3219,1718597691,2024-06-17 04:14 UTC,76881.6,157017,2.61835,6.496,0.0603075,0.0884188,0.0010202,0.0449836,0.381766,0.012562,0.0708929,0.0188595,0.0504845
3220,1718597991,2024-06-17 04:19 UTC,76879.3,156991,2.62567,6.47744,0.0591831,0.0866698,0.000966484,0.0453503,0.381778,0.0126167,0.0704881,0.0181967,0.0487458
3221,1718598291,2024-06-17 04:24 UTC,76874.9,156965,2.633,6.45888,0.0580708,0.085455,0.000895562,0.0458566,0.381771,0.0126718,0.0700847,0.0175618,0.0472509
3222,1718598591,2024-06-17 04:29 UTC,76870.8,156940,2.64035,6.44032,0.0569713,0.0842787,0.000805453,0.0464851,0.381778,0.0127273,0.0696827,0.0169572,0.0459794
3223,1718598891,2024-06-17 04:34 UTC,76870.8,156914,2.64771,6.42176,0.0558852,0.0831427,0.00070301,0.0472221,0.381798,0.0127831,0.0692814,0.0163786,0.0448862
3224,1718599191,2024-06-17 04:39 UTC,76869,156888,2.65509,6.4032,0.0548133,0.0820484,0.000596074,0.0480569,0.3818,0.0128395,0.0688816,0.0158211,0.0439435
3225,1718599491,2024-06-17 04:44 UTC,76867.1,156863,2.66249,6.38464,0.0537562,0.0809978,0.00049393,0.0489806,0.38181,0.0128963,0.0684828,0.0152792,0.0431191
3226,1718599791,2024-06-17 04:49 UTC,76863.6,156837,2.66991,6.36607,0.0527147,0.0799924,0.0004027,0.0499857,0.38181,0.0129539,0.0680852,0.0147464,0.0424123
3227,1718600091,2024-06-17 04:54 UTC,76861.2,156811,2.67734,6.34751,0.0516897,0.0790341,0.000325508,0.0510655,0.381814,0.0130121,0.0676887,0.0142258,0.0417974
3228,1718600391,2024-06-17 04:59 UTC,76858.2,156785,2.68479,6.32895,0.050682,0.0781244,0.000258391,0.0522141,0.381811,0.013071,0.0672935,0.013714,0.0411658
3229,1718600691,2024-06-17 05:04 UTC,76857.5,156759,2.69225,6.31039,0.0480746,0.0743404,0.00020321,0.0534809,0.381822,0.0131304,0.0668993,0.0123696,0.0383296
3230,1718600991,2024-06-17 05:09 UTC,76856.3,156733,2.69973,6.29183,0.0454691,0.0705608,0.000148484,0.0549193,0.381823,0.0131903,0.0665063,0.0110955,0.035833
3231,1718601291,2024-06-17 05:14 UTC,76854.6,156706,2.70722,6.27327,0.042926,0.0668929,0.000113626,0.0565235,0.381816,0.0132509,0.0661145,0.00991667,0.0336746
3232,1718601591,2024-06-17 05:19 UTC,76855.3,156680,2.71473,6.25471,0.0404576,0.0634469,8.6563e-05,0.0582894,0.38182,0.0133121,0.065724,0.00883231,0.0318045
3233,1718601891,2024-06-17 05:24 UTC,76854.8,156654,2.72226,6.24093,0.0380793,0.0602396,6.74574e-05,0.0602132,0.381823,0.0133738,0.0653345,0.00784994,0.0301691
3234,1718602191,2024-06-17 05:29 UTC,76853.5,156628,2.7298,6.26044,0.0358102,0.057248,5.60162e-05,0.0622906,0.381824,0.013436,0.0650988,0.00696582,0.0287283
3235,1718602491,2024-06-17 05:34 UTC,76853.3,156602,2.73736,6.27995,0.0336741,0.0545074,5.67849e-05,0.0645156,0.381826,0.0134988,0.065468,0.00618083,0.0274544
3236,1718602791,2024-06-17 05:39 UTC,76853.1,156576,2.74493,6.29947,0.0317004,0.0520577,6.30291e-05,0.066881,0.381828,0.0135621,0.0658383,0.00549433,0.026318
3237,1718603091,2024-06-17 05:44 UTC,76853.5,156549,2.75252,6.31898,0.0299245,0.0499416,6.77892e-05,0.0693786,0.381827,0.0136259,0.0662097,0.00490706,0.0252987
3238,1718603391,2024-06-17 05:49 UTC,76854.1,156523,2.76012,6.3385,0.0283876,0.0482031,6.88189e-05,0.071999,0.381828,0.0136903,0.0665823,0.00441935,0.0243758
3239,1718603691,2024-06-17 05:54 UTC,76855.3,156497,2.76774,6.35803,0.0271346,0.0468841,7.11121e-05,0.0747318,0.381828,0.0137551,0.066956,0.00403063,0.0235347
3240,1718603991,2024-06-17 05:59 UTC,76855.8,156471,2.77537,6.37756,0.0262099,0.0460209,7.23132e-05,0.0775627,0.381824,0.0138205,0.0673308,0.0037419,0.0227558
3241,1718604291,2024-06-17 06:04 UTC,76843.1,156434,2.77882,6.39767,0.0256651,0.0457097,7.25657e-05,0.0804736,0.381828,0.0138638,0.067748,0.00357975,0.0224404
3242,1718604591,2024-06-17 06:09 UTC,76827.8,156395,2.78218,6.41784,0.0255647,0.0457934,7.04198e-05,0.0834488,0.381826,0.013907,0.0681682,0.00353026,0.0220642
3243,1718604891,2024-06-17 06:14 UTC,76812.7,156357,2.78558,6.43803,0.025902,0.046266,7.19704e-05,0.0746099,0.381828,0.0139506,0.0685903,0.00359453,0.014768
3244,1718605191,2024-06-17 06:19 UTC,76797.1,156319,2.78902,6.45825,0.0266443,0.047188,7.16183e-05,0.0584946,0.381826,0.0139947,0.0690141,0.00377264,0.0114623
3245,1718605491,2024-06-17 06:24 UTC,76781.9,156280,2.7925,6.4785,0.0277451,0.0485231,7.25229e-05,0.0607303,0.381823,0.0140393,0.0694398,0.00406567,0.0121219
3246,1718605791,2024-06-17 06:29 UTC,76766.4,156242,2.79602,6.49877,0.0291556,0.0501464,7.78864e-05,0.0630449,0.381829,0.0140844,0.0698673,0.00447395,0.0129387
3247,1718606091,2024-06-17 06:34 UTC,76750.9,156203,2.79958,6.51907,0.03083,0.0520311,8.26651e-05,0.0654321,0.381832,0.01413,0.0702965,0.00499673,0.0139277
3248,1718606391,2024-06-17 06:39 UTC,76734.4,156165,2.80318,6.53939,0.032728,0.0541499,8.97174e-05,0.0678869,0.381829,0.0141761,0.0707275,0.0056327,0.0150863
3249,1718606691,2024-06-17 06:44 UTC,76717.7,156126,2.80681,6.55975,0.0348151,0.0564764,9.94242e-05,0.0704043,0.38183,0.0142227,0.0711604,0.00638139,0.0164075
3250,1718606991,2024-06-17 06:49 UTC,76701.8,156087,2.81049,6.58012,0.0370616,0.0589873,0.000109296,0.0729797,0.381828,0.0142697,0.071595,0.00724278,0.0178941
3251,1718607291,2024-06-17 06:54 UTC,76685.6,156048,2.8142,6.60052,0.0394429,0.0616595,0.000119706,0.0756089,0.38183,0.0143173,0.0720315,0.00821545,0.0195494
3252,1718607591,2024-06-17 06:59 UTC,76668.1,156009,2.81796,6.62095,0.0419381,0.0644719,0.000132538,0.0750519,0.381822,0.0143654,0.0724697,0.00930008,0.0213692
3253,1718607891,2024-06-17 07:04 UTC,76650.9,155970,2.82175,6.6414,0.0439979,0.0666003,0.000129925,0.0780355,0.381818,0.0144141,0.0729097,0.0102472,0.0228087
3254,1718608191,2024-06-17 07:09 UTC,76634,155931,2.82558,6.66188,0.0460838,0.0687121,0.000136337,0.080737,0.381815,0.0144632,0.0733516,0.0112453,0.0242811
3255,1718608491,2024-06-17 07:14 UTC,76618.3,155892,2.82945,6.68238,0.0482062,0.0708298,0.000144403,0.0833376,0.381819,0.0145128,0.0737952,0.0123034,0.0257895
3256,1718608791,2024-06-17 07:19 UTC,76601.4,155852,2.83336,6.70291,0.0503606,0.0729532,0.000151628,0.0850925,0.381817,0.0145629,0.0742406,0.0134229,0.0273606
3257,1718609091,2024-06-17 07:24 UTC,76584.4,155813,2.8373,6.72346,0.0525429,0.0750815,0.000158841,0.086376,0.381817,0.0146136,0.0746878,0.0146057,0.028977
3258,1718609391,2024-06-17 07:29 UTC,76567.5,155773,2.84129,6.74403,0.0547496,0.0772145,0.000163451,0.0877192,0.38182,0.0146648,0.0751368,0.0158497,0.0306473
3259,1718609691,2024-06-17 07:34 UTC,76549.8,155734,2.84531,6.76463,0.0569777,0.0793518,0.000174765,0.089059,0.381808,0.0147164,0.0755876,0.017153,0.0323517
3260,1718609991,2024-06-17 07:39 UTC,76532.5,155694,2.84937,6.78525,0.0592247,0.0814929,0.00018607,0.0905358,0.381807,0.0147685,0.0760402,0.0185179,0.0341236
3261,1718610291,2024-06-17 07:44 UTC,76514,155655,2.85347,6.8059,0.0614883,0.0836377,0.000198735,0.092811,0.381805,0.0148212,0.0764947,0.0199429,0.0359194
3262,1718610591,2024-06-17 07:49 UTC,76496.2,155615,2.85761,6.82656,0.0637665,0.0857859,0.000214145,0.0951065,0.381803,0.0148743,0.0769509,0.0214297,0.0378004
3263,1718610891,2024-06-17 07:54 UTC,76478.5,155575,2.86179,6.84725,0.0660577,0.0879372,0.000232002,0.0974214,0.381803,0.0149279,0.0774089,0.022977,0.0397102
3264,1718611191,2024-06-17 07:59 UTC,76460,155535,2.866,6.86797,0.0683605,0.0900913,0.000252511,0.099755,0.381795,0.014982,0.0778686,0.0245839,0.0416752
3265,1718611491,2024-06-17 08:04 UTC,76441.4,155495,2.87026,6.8887,0.0695097,0.0909923,0.000251315,0.102079,0.381785,0.0150369,0.0783302,0.0254106,0.042551
3266,1718611791,2024-06-17 08:09 UTC,76423.6,155455,2.87455,6.90946,0.0706252,0.092355,0.000242164,0.104363,0.381791,0.0150924,0.0787936,0.0262295,0.0438735
3267,1718612091,2024-06-17 08:14 UTC,76404.9,155415,2.87889,6.93024,0.071743,0.0937531,0.000235937,0.10085,0.38178,0.0151483,0.0792588,0.0270587,0.0452152
3268,1718612391,2024-06-17 08:19 UTC,76386.1,155375,2.88326,6.95104,0.0728629,0.095154,0.000240019,0.102835,0.381771,0.0152046,0.0797258,0.0278953,0.0465546
3269,1718612691,2024-06-17 08:24 UTC,76367.9,155335,2.88768,6.97186,0.0739847,0.0965575,0.000240178,0.106858,0.381771,0.0152615,0.0801946,0.0287514,0.0479511
3270,1718612991,2024-06-17 08:29 UTC,76351.6,155294,2.89213,6.9927,0.0751085,0.0979636,0.000247361,0.108601,0.38178,0.0153188,0.0806651,0.0296154,0.0493462
3271,1718613291,2024-06-17 08:34 UTC,76333.1,155254,2.89663,7.01357,0.076234,0.0993721,0.000260596,0.108557,0.38176,0.0153766,0.0811375,0.030493,0.0507635
3272,1718613591,2024-06-17 08:39 UTC,76315.8,155213,2.90116,7.03446,0.0773612,0.100783,0.00026999,0.107912,0.381758,0.0154349,0.0816117,0.0313869,0.0522002
3273,1718613891,2024-06-17 08:44 UTC,76298.1,155173,2.90574,7.05536,0.0784901,0.102196,0.000284889,0.10739,0.381756,0.0154937,0.0820877,0.0322908,0.0536636
3274,1718614191,2024-06-17 08:49 UTC,76281.5,155132,2.91036,7.07629,0.0796205,0.103611,0.000299416,0.101495,0.381754,0.015553,0.0825654,0.0332089,0.0551393
3275,1718614491,2024-06-17 08:54 UTC,76264.3,155092,2.91502,7.09724,0.0807525,0.105029,0.000318912,0.10567,0.381751,0.0156128,0.083045,0.034136,0.0566454
3276,1718614791,2024-06-17 08:59 UTC,76246.3,155051,2.91972,7.11821,0.0818858,0.106448,0.000335169,0.111181,0.381738,0.0156731,0.0835263,0.0350815,0.0581592
3277,1718615091,2024-06-17 09:04 UTC,76232.8,155017,2.92917,7.14822,0.0815102,0.105644,0.00031342,0.116567,0.381736,0.0157574,0.084296,0.0347804,0.0573528
3278,1718615391,2024-06-17 09:09 UTC,76220,154984,2.93881,7.17852,0.0810915,0.104771,0.000278407,0.121779,0.381738,0.0158432,0.0850782,0.0344504,0.0564617
3279,1718615691,2024-06-17 09:14 UTC,76205.8,154951,2.94847,7.20882,0.0806765,0.103899,0.000249643,0.126768,0.381734,0.0159295,0.085864,0.0341149,0.0555527
3280,1718615991,2024-06-17 09:19 UTC,76192.2,154918,2.95817,7.23913,0.0802653,0.103027,0.000233788,0.131488,0.381736,0.0160163,0.0866535,0.0337751,0.0546306
3281,1718616291,2024-06-17 09:24 UTC,76177.5,154885,2.9679,7.26943,0.0798578,0.102154,0.000217164,0.135909,0.381723,0.0161038,0.0874467,0.0334401,0.0537159
3282,1718616591,2024-06-17 09:29 UTC,76165.6,154851,2.97767,7.29974,0.0794541,0.101283,0.000206821,0.140005,0.381716,0.0161919,0.0882435,0.0331037,0.0528044
3283,1718616891,2024-06-17 09:34 UTC,76153.9,154818,2.98746,7.33005,0.0790543,0.1007,0.000199897,0.143765,0.381723,0.0162807,0.089044,0.0327702,0.0540657
3284,1718617191,2024-06-17 09:39 UTC,76141.3,154785,2.99729,7.36036,0.0786584,0.100722,0.00019471,0.14718,0.381722,0.01637,0.0898481,0.0324416,0.0521057
3285,1718617491,2024-06-17 09:44 UTC,76129,154751,3.00715,7.39067,0.0782664,0.100765,0.000188215,0.150253,0.38173,0.01646,0.0906559,0.0321172,0.0521808
3286,1718617791,2024-06-17 09:49 UTC,76115.9,154718,3.01704,7.42099,0.0778785,0.100829,0.000182591,0.15299,0.381735,0.0165507,0.0914674,0.031795,0.0522313
3287,1718618091,2024-06-17 09:54 UTC,76101.9,154685,3.02696,7.4513,0.0774946,0.100914,0.000172323,0.155402,0.381729,0.0166421,0.0922825,0.0314816,0.0523272
3288,1718618391,2024-06-17 09:59 UTC,76087.5,154651,3.03691,7.48162,0.0771147,0.10102,0.000164624,0.157504,0.381722,0.0167341,0.0931012,0.0311702,0.0524189
3289,1718618691,2024-06-17 10:04 UTC,76074.1,154618,3.04689,7.51194,0.0752143,0.0986479,0.000141864,0.159225,0.381723,0.0168269,0.0939237,0.0296584,0.0500388
3290,1718618991,2024-06-17 10:09 UTC,76062.3,154584,3.0569,7.54226,0.0732717,0.0961993,0.0001249,0.160491,0.381734,0.0169203,0.0947498,0.0281425,0.0476136
3291,1718619291,2024-06-17 10:14 UTC,76050.2,154551,3.06694,7.57259,0.0713345,0.0937507,0.000112822,0.161329,0.381738,0.0170143,0.0955795,0.0266691,0.0452386
3292,1718619591,2024-06-17 10:19 UTC,76036.4,154517,3.07701,7.60309,0.0694033,0.0913023,9.969e-05,0.161769,0.381732,0.017109,0.0964129,0.0252382,0.0429079
3293,1718619891,2024-06-17 10:24 UTC,76022.4,154484,3.08711,7.63415,0.0674784,0.088854,8.88492e-05,0.161841,0.381723,0.0172043,0.09725,0.0238494,0.040648
3294,1718620191,2024-06-17 10:29 UTC,76009.4,154450,3.09724,7.66521,0.0655606,0.0864057,7.99939e-05,0.161579,0.381716,0.0173003,0.0980907,0.0225027,0.0412778
3295,1718620491,2024-06-17 10:34 UTC,75997.4,154416,3.10739,7.69627,0.0636503,0.0839576,7.27992e-05,0.161014,0.381721,0.0173968,0.0989351,0.0211991,0.0428431
3296,1718620791,2024-06-17 10:39 UTC,75985.9,154383,3.11758,7.72733,0.0617483,0.0815097,6.73881e-05,0.160176,0.381728,0.0174941,0.0997832,0.0199384,0.0442049
3297,1718621091,2024-06-17 10:44 UTC,75972.9,154349,3.12779,7.7584,0.0598554,0.0790618,6.09878e-05,0.159094,0.38172,0.017592,0.100635,0.018721,0.0453215
3298,1718621391,2024-06-17 10:49 UTC,75959.5,154315,3.13803,7.78947,0.0579724,0.0766141,5.58649e-05,0.157795,0.38172,0.0176905,0.10149,0.0175468,0.0462829
3299,1718621691,2024-06-17 10:54 UTC,75946.5,154282,3.1483,7.82054,0.0561003,0.074453,5.06022e-05,0.156303,0.381725,0.0177897,0.102349,0.0164164,0.0470012
3300,1718621991,2024-06-17 10:59 UTC,75932.8,154248,3.1586,7.85161,0.0542401,0.0724639,4.58909e-05,0.154641,0.381727,0.0178896,0.103212,0.0153287,0.0475746
3301,1718622291,2024-06-17 11:04 UTC,75919.8,154214,3.16892,7.88268,0.0514735,0.0686287,4.3302e-05,0.152731,0.381724,0.0179901,0.104078,0.0137954,0.0496321
3302,1718622591,2024-06-17 11:09 UTC,75907.1,154180,3.17927,7.91375,0.0487324,0.0648269,4.05417e-05,0.150497,0.381728,0.0180913,0.104948,0.0123561,0.051395
3303,1718622891,2024-06-17 11:14 UTC,75893.6,154147,3.18965,7.94483,0.0460553,0.0611341,3.77353e-05,0.147978,0.381727,0.0181931,0.105822,0.011027,0.0529589
3304,1718623191,2024-06-17 11:19 UTC,75880.7,154113,3.20005,7.97591,0.043454,0.0576539,3.60859e-05,0.145209,0.381722,0.0182955,0.106699,0.00980894,0.0542115
3305,1718623491,2024-06-17 11:24 UTC,75867.6,154079,3.21047,8.00698,0.0409426,0.0549829,3.5525e-05,0.142225,0.381727,0.0183986,0.10758,0.00870255,0.055223
3306,1718623791,2024-06-17 11:29 UTC,75854.1,154045,3.22092,8.03806,0.0385386,0.0523855,3.33363e-05,0.139055,0.381724,0.0185024,0.108465,0.00770643,0.056126
3307,1718624091,2024-06-17 11:34 UTC,75840.6,154011,3.2314,8.06915,0.0362627,0.0498732,3.15613e-05,0.135729,0.381716,0.0186068,0.109353,0.00682208,0.0567823
3308,1718624391,2024-06-17 11:39 UTC,75828.4,153977,3.2419,8.10075,0.03414,0.0474595,3.06856e-05,0.132272,0.381724,0.0187118,0.110245,0.00604935,0.0572843
3309,1718624691,2024-06-17 11:44 UTC,75814.8,153943,3.25242,8.13359,0.0322003,0.0451603,3.04442e-05,0.128705,0.38172,0.0188175,0.111141,0.00538916,0.0577099
3310,1718624991,2024-06-17 11:49 UTC,75801.7,153909,3.26296,8.16643,0.0304792,0.0429939,2.82785e-05,0.125051,0.381715,0.0189239,0.11204,0.00484077,0.0579645
3311,1718625291,2024-06-17 11:54 UTC,75788,153875,3.27353,8.19927,0.0290262,0.0409814,2.84883e-05,0.121327,0.38171,0.0190309,0.112943,0.00440589,0.0581215
3312,1718625591,2024-06-17 11:59 UTC,75775.3,153841,3.28412,8.23211,0.0278918,0.0391804,2.7302e-05,0.117549,0.381708,0.0191386,0.11385,0.00408309,0.058256
3313,1718625891,2024-06-17 12:04 UTC,75762.6,153812,3.30339,8.25344,0.0270843,0.0391543,2.52695e-05,0.113767,0.381717,0.0193558,0.11444,0.00386065,0.058036
3314,1718626191,2024-06-17 12:09 UTC,75747.8,153784,3.32299,8.27441,0.0266199,0.0396585,2.51739e-05,0.110026,0.381715,0.0195784,0.115023,0.00374101,0.0578205
3315,1718626491,2024-06-17 12:14 UTC,75733.2,153756,3.34264,8.29539,0.0265107,0.0406187,2.49258e-05,0.106332,0.381714,0.0198029,0.115607,0.00372326,0.057608
3316,1718626791,2024-06-17 12:19 UTC,75718.7,153728,3.36233,8.31637,0.0267577,0.0419721,2.3641e-05,0.102689,0.38171,0.0200295,0.116192,0.00380659,0.0574253
3317,1718627091,2024-06-17 12:24 UTC,75704.3,153700,3.38207,8.33735,0.027351,0.0436821,2.31764e-05,0.099103,0.381705,0.0202581,0.116779,0.00399082,0.0572949
3318,1718627391,2024-06-17 12:29 UTC,75691,153672,3.40185,8.36497,0.0282713,0.0457089,2.41017e-05,0.0955795,0.381707,0.0204888,0.117554,0.00427553,0.0571485
3319,1718627691,2024-06-17 12:34 UTC,75677,153644,3.42167,8.39373,0.0294917,0.0480122,2.40853e-05,0.092124,0.381706,0.0207214,0.118364,0.00466073,0.0570182
3320,1718627991,2024-06-17 12:39 UTC,75663.3,153616,3.44154,8.4225,0.0309802,0.0505545,2.28875e-05,0.0887423,0.381713,0.0209561,0.119177,0.0051466,0.0569176
3321,1718628291,2024-06-17 12:44 UTC,75648,153588,3.46145,8.45127,0.0327023,0.0533021,2.44224e-05,0.0854409,0.381712,0.0211928,0.119992,0.00573253,0.056841
3322,1718628591,2024-06-17 12:49 UTC,75634.5,153560,3.48139,8.48005,0.0346245,0.0562242,2.47532e-05,0.0822265,0.381715,0.0214315,0.120811,0.00641967,0.0567869
3323,1718628891,2024-06-17 12:54 UTC,75620.8,153532,3.50138,8.50883,0.0367157,0.0592952,2.52383e-05,0.0791067,0.381721,0.0216723,0.121632,0.00720798,0.0567607
3324,1718629191,2024-06-17 12:59 UTC,75606.7,153504,3.5214,8.53762,0.0389485,0.0624931,2.782e-05,0.0760895,0.381716,0.0219151,0.122457,0.00809693,0.0567636
3325,1718629491,2024-06-17 13:04 UTC,75591.8,153476,3.54146,8.56825,0.0400732,0.0625396,1.85515e-05,0.0732707,0.381712,0.0221598,0.123337,0.0085239,0.0548354
3326,1718629791,2024-06-17 13:09 UTC,75577.7,153448,3.56155,8.59945,0.0412043,0.0625273,2.16925e-05,0.0707228,0.381703,0.0224067,0.124237,0.00896358,0.0531836
3327,1718630091,2024-06-17 13:14 UTC,75563.4,153420,3.58167,8.63066,0.0423748,0.0625563,1.95189e-05,0.0684083,0.38171,0.0226555,0.12514,0.00944072,0.0518164
3328,1718630391,2024-06-17 13:19 UTC,75549.3,153392,3.60183,8.66187,0.0435813,0.0626264,2.08347e-05,0.0662958,0.381713,0.0229064,0.126047,0.00995047,0.0506891
3329,1718630691,2024-06-17 13:24 UTC,75535.5,153364,3.62202,8.70193,0.0448206,0.062953,1.85171e-05,0.064359,0.381719,0.0231594,0.126957,0.0104967,0.049768
3330,1718630991,2024-06-17 13:29 UTC,75521.7,153337,3.64224,8.74208,0.0460902,0.0639545,2.10581e-05,0.062575,0.381718,0.0234144,0.127871,0.0110757,0.0490253
3331,1718631291,2024-06-17 13:34 UTC,75507.8,153309,3.66249,8.78223,0.0473874,0.0660341,2.0309e-05,0.0609238,0.381718,0.0236714,0.128788,0.011691,0.0484364
3332,1718631591,2024-06-17 13:39 UTC,75494,153281,3.68277,8.82345,0.0487102,0.0681177,2.09578e-05,0.0593888,0.381715,0.0239305,0.129709,0.0123402,0.0479853
3333,1718631891,2024-06-17 13:44 UTC,75480.1,153253,3.70307,8.86515,0.0500564,0.0702047,2.15851e-05,0.0579556,0.381713,0.0241916,0.130633,0.0130238,0.0476545
3334,1718632191,2024-06-17 13:49 UTC,75466.1,153225,3.72341,8.90686,0.0514245,0.0722949,2.25505e-05,0.0566116,0.38171,0.0244548,0.131561,0.0137414,0.0474273
3335,1718632491,2024-06-17 13:54 UTC,75452.7,153197,3.74377,8.94859,0.0528127,0.0743881,2.38918e-05,0.0553463,0.381712,0.02472,0.132492,0.0144931,0.0472972
3336,1718632791,2024-06-17 13:59 UTC,75438.5,153170,3.76415,8.99033,0.0542196,0.076484,2.50751e-05,0.0541505,0.381711,0.0249873,0.133426,0.0152794,0.047182
3337,1718633091,2024-06-17 14:04 UTC,75424.7,153142,3.78457,9.03208,0.0540518,0.0761457,1.39956e-05,0.0530936,0.381717,0.0252564,0.134364,0.0151955,0.0454899
3338,1718633391,2024-06-17 14:09 UTC,75411.5,153114,3.805,9.07385,0.0538358,0.0757451,1.33222e-05,0.0522335,0.381719,0.0255277,0.135305,0.0150797,0.044053
3339,1718633691,2024-06-17 14:14 UTC,75397.2,153086,3.82546,9.11562,0.0536206,0.0753466,1.23127e-05,0.0515353,0.38172,0.0258011,0.136261,0.0149635,0.0428761
3340,1718633991,2024-06-17 14:19 UTC,75383.3,153058,3.84595,9.15741,0.0534062,0.0749502,1.24803e-05,0.0509707,0.38172,0.0260765,0.137233,0.0148495,0.0419178
3341,1718634291,2024-06-17 14:24 UTC,75369.5,153031,3.86645,9.19921,0.0531927,0.0745635,1.2334e-05,0.0505173,0.381718,0.026354,0.138223,0.0147367,0.0411531
3342,1718634591,2024-06-17 14:29 UTC,75355.2,153003,3.88698,9.24103,0.0529801,0.0741793,1.28688e-05,0.0501567,0.381719,0.0266335,0.13923,0.0146255,0.0405529
3343,1718634891,2024-06-17 14:34 UTC,75341.1,152975,3.90753,9.28285,0.0527683,0.0737973,1.32942e-05,0.0498742,0.381719,0.026915,0.140254,0.0145153,0.0400933
3344,1718635191,2024-06-17 14:39 UTC,75326.8,152948,3.9281,9.32469,0.0525575,0.0735025,1.44227e-05,0.0496578,0.381715,0.0271986,0.141297,0.0144069,0.0397612
3345,1718635491,2024-06-17 14:44 UTC,75313.2,152920,3.94869,9.36653,0.0523475,0.0733344,1.62649e-05,0.0494978,0.381714,0.0274842,0.142356,0.0143003,0.0395387
3346,1718635791,2024-06-17 14:49 UTC,75300.1,152892,3.96931,9.40839,0.0521386,0.0731691,1.79814e-05,0.0493865,0.381715,0.0277719,0.143419,0.0141949,0.039413
3347,1718636091,2024-06-17 14:54 UTC,75286,152865,3.98994,9.45026,0.0519306,0.0730104,1.93233e-05,0.0493173,0.381711,0.0280616,0.144487,0.0140909,0.0393713
3348,1718636391,2024-06-17 14:59 UTC,75272.1,152837,4.01059,9.49214,0.0517236,0.0728526,2.1435e-05,0.0492851,0.381708,0.0283534,0.145558,0.0139884,0.0392332
3349,1718636691,2024-06-17 15:04 UTC,75256.1,152811,4.01989,9.51151,0.0499567,0.0700755,4.31877e-05,0.0493802,0.381709,0.0284942,0.146107,0.0130432,0.0375269
3350,1718636991,2024-06-17 15:09 UTC,75240,152786,4.02891,9.53019,0.0481819,0.0672189,6.92128e-05,0.0496902,0.381712,0.0286314,0.14664,0.0121295,0.0360544
3351,1718637291,2024-06-17 15:14 UTC,75224.8,152760,4.03798,9.54887,0.046452,0.0643641,9.38986e-05,0.0501927,0.381712,0.0287699,0.147174,0.0112719,0.0348248
3352,1718637591,2024-06-17 15:19 UTC,75209,152734,4.04712,9.56754,0.0447714,0.0617454,0.00013935,0.0508696,0.381717,0.0289095,0.147709,0.0104794,0.0338031
3353,1718637891,2024-06-17 15:24 UTC,75192.8,152709,4.05632,9.58622,0.0431452,0.0598401,0.000193697,0.0517059,0.381713,0.0290501,0.148245,0.00974877,0.0329588
3354,1718638191,2024-06-17 15:29 UTC,75176.6,152683,4.06558,9.6049,0.0415788,0.0580166,0.00024782,0.0526888,0.381712,0.0291921,0.148782,0.00907384,0.0322706
3355,1718638491,2024-06-17 15:34 UTC,75160.8,152658,4.0749,9.62358,0.0400786,0.0568266,0.000312993,0.0538067,0.38171,0.0293351,0.14932,0.00845819,0.0317102
3356,1718638791,2024-06-17 15:39 UTC,75145.8,152632,4.08427,9.64226,0.0386513,0.0558583,0.000385348,0.0550491,0.381712,0.0294794,0.14986,0.00790134,0.0312632
3357,1718639091,2024-06-17 15:44 UTC,75130.6,152607,4.0937,9.66094,0.0373047,0.0549849,0.000450392,0.0564061,0.381712,0.029625,0.1504,0.00739892,0.0309196
3358,1718639391,2024-06-17 15:49 UTC,75116.4,152582,4.10319,9.67962,0.0360474,0.0542109,0.000517824,0.0578684,0.381718,0.0297719,0.150941,0.00695322,0.0306569
3359,1718639691,2024-06-17 15:54 UTC,75100.7,152556,4.11273,9.6983,0.0348888,0.0535408,0.000588355,0.0594271,0.381718,0.0299201,0.151483,0.0065646,0.0304684
3360,1718639991,2024-06-17 15:59 UTC,75084.5,152531,4.12233,9.71698,0.0338394,0.0529784,0.00066588,0.0610735,0.38171,0.0300695,0.152026,0.00623381,0.0303508
3361,1718640291,2024-06-17 16:04 UTC,75069.5,152506,4.13197,9.73566,0.0318874,0.0509417,0.000769889,0.0629096,0.381716,0.0302197,0.15257,0.00560001,0.0280673
3362,1718640591,2024-06-17 16:09 UTC,75053.4,152480,4.14167,9.75434,0.0304313,0.0500595,0.000904974,0.0650366,0.381709,0.0303708,0.153116,0.0051673,0.0260643
3363,1718640891,2024-06-17 16:14 UTC,75036.9,152455,4.15142,9.77302,0.0295979,0.0503102,0.00104181,0.0674274,0.381705,0.0305232,0.153662,0.00494093,0.0243419
3364,1718641191,2024-06-17 16:19 UTC,75021.3,152430,4.16122,9.7917,0.0294572,0.0515742,0.00118028,0.0700582,0.381703,0.0306768,0.154209,0.00491319,0.0228588
3365,1718641491,2024-06-17 16:24 UTC,75005.6,152405,4.17106,9.81039,0.0300379,0.0533962,0.00132536,0.0729069,0.381698,0.0308317,0.154757,0.00507999,0.0215837
3366,1718641791,2024-06-17 16:29 UTC,74991.2,152380,4.18096,9.82907,0.0313136,0.0557215,0.00148014,0.0759533,0.381708,0.0309876,0.155307,0.00543755,0.0204706
3367,1718642091,2024-06-17 16:34 UTC,74975.3,152354,4.1909,9.84775,0.0332082,0.0584903,0.00165726,0.0791783,0.381702,0.0311446,0.155857,0.00598581,0.0195088
3368,1718642391,2024-06-17 16:39 UTC,74958.8,152329,4.20089,9.86644,0.0356147,0.0616432,0.00184242,0.0825641,0.381695,0.0313027,0.156408,0.00672194,0.0193916
3369,1718642691,2024-06-17 16:44 UTC,74943,152304,4.21093,9.88512,0.038424,0.0651242,0.00204538,0.086094,0.381685,0.0314618,0.15696,0.00765037,0.0216185
3370,1718642991,2024-06-17 16:49 UTC,74926.5,152279,4.22101,9.90381,0.0415464,0.0688835,0.00228821,0.0897524,0.381671,0.0316217,0.157514,0.0087621,0.0241663
3371,1718643291,2024-06-17 16:54 UTC,74910.4,152254,4.23114,9.92249,0.0449128,0.072878,0.00257904,0.0935245,0.381673,0.0317821,0.158068,0.0100504,0.0270076
3372,1718643591,2024-06-17 16:59 UTC,74894.1,152230,4.24131,9.94118,0.0484706,0.0770712,0.00290065,0.0973969,0.381669,0.0319435,0.158623,0.0115169,0.0302117
3373,1718643891,2024-06-17 17:04 UTC,74879.8,152205,4.25152,9.95986,0.0530589,0.0815741,0.00330493,0.101427,0.381668,0.0321048,0.159179,0.0135597,0.0337379
3374,1718644191,2024-06-17 17:09 UTC,74866.1,152180,4.26178,9.97855,0.0579542,0.0866979,0.00379568,0.105673,0.381675,0.0322662,0.159737,0.0159304,0.0381196
3375,1718644491,2024-06-17 17:14 UTC,74851.9,152155,4.27208,9.99724,0.0630715,0.0923424,0.00434952,0.110109,0.381677,0.0324279,0.160295,0.018612,0.0432794
3376,1718644791,2024-06-17 17:19 UTC,74835.5,152130,4.28242,10.0159,0.0683645,0.0984181,0.00500864,0.114714,0.381676,0.0325893,0.160854,0.0215666,0.0490185
3377,1718645091,2024-06-17 17:24 UTC,74818.6,152106,4.2928,10.0346,0.0737975,0.10485,0.00574179,0.119465,0.381674,0.0327508,0.161415,0.0248006,0.0555963
3378,1718645391,2024-06-17 17:29 UTC,74802,152081,4.30323,10.0533,0.0793432,0.111576,0.00656653,0.124344,0.381655,0.0329123,0.161976,0.0282926,0.0629103
3379,1718645691,2024-06-17 17:34 UTC,74784.6,152057,4.31369,10.072,0.0849802,0.118548,0.00749602,0.129332,0.381635,0.0330735,0.162538,0.0320097,0.070894
3380,1718645991,2024-06-17 17:39 UTC,74771.1,152032,4.3242,10.0907,0.0906921,0.125722,0.00849581,0.134415,0.381656,0.0332349,0.163102,0.0359599,0.0795865
3381,1718646291,2024-06-17 17:44 UTC,74752.6,152008,4.33474,10.1094,0.0964658,0.133068,0.00966435,0.139589,0.38162,0.0333949,0.163666,0.0400535,0.0890358
3382,1718646591,2024-06-17 17:49 UTC,74732.4,151984,4.34532,10.1281,0.102291,0.140558,0.0109571,0.144857,0.381563,0.0335542,0.164231,0.0443106,0.0992565
3383,1718646891,2024-06-17 17:54 UTC,74715,151960,4.35595,10.1467,0.108159,0.14817,0.0123267,0.150226,0.381528,0.0337137,0.164798,0.0487652,0.109782
3384,1718647191,2024-06-17 17:59 UTC,74696.3,151936,4.36661,10.1654,0.114065,0.155886,0.0138366,0.155685,0.381548,0.0338722,0.165365,0.0533404,0.120845
3385,1718647491,2024-06-17 18:04 UTC,74672.9,151910,4.39545,10.2036,0.120067,0.163016,0.0154046,0.161223,0.381506,0.0343061,0.166613,0.0581412,0.131049
3386,1718647791,2024-06-17 18:09 UTC,74649.5,151884,4.4249,10.2423,0.126106,0.170222,0.0170855,0.166828,0.381456,0.0347503,0.167888,0.0630682,0.141611
3387,1718648091,2024-06-17 18:14 UTC,74626.6,151858,4.45439,10.2811,0.132173,0.177514,0.0188839,0.172489,0.381436,0.0351956,0.169168,0.068091,0.152331
3388,1718648391,2024-06-17 18:19 UTC,74605.2,151832,4.48394,10.3199,0.138266,0.18488,0.020846,0.178197,0.381415,0.0356413,0.170452,0.0731354,0.163968
3389,1718648691,2024-06-17 18:24 UTC,74575.4,151806,4.51353,10.3587,0.144381,0.192314,0.0229562,0.18394,0.381338,0.0360881,0.171743,0.0782246,0.17825
3390,1718648991,2024-06-17 18:29 UTC,74554.4,151781,4.54316,10.3975,0.150515,0.199806,0.0252194,0.189711,0.381301,0.0365355,0.173038,0.083333,0.193539
3391,1718649291,2024-06-17 18:34 UTC,74528.1,151755,4.57284,10.4363,0.156666,0.207351,0.0275535,0.195499,0.38126,0.0369845,0.174339,0.0885283,0.209067
3392,1718649591,2024-06-17 18:39 UTC,74501.1,151729,4.60257,10.4751,0.162833,0.214943,0.0300226,0.201296,0.381206,0.0374342,0.175644,0.093703,0.225486
3393,1718649891,2024-06-17 18:44 UTC,74474,151704,4.63233,10.514,0.169014,0.222578,0.032674,0.207093,0.381165,0.037884,0.176955,0.0988297,0.242568
3394,1718650191,2024-06-17 18:49 UTC,74446.4,151679,4.66214,10.5528,0.175207,0.230251,0.0354212,0.212882,0.381109,0.038335,0.178271,0.103977,0.260312
3395,1718650491,2024-06-17 18:54 UTC,74413.9,151653,4.69198,10.5917,0.181411,0.237958,0.0381792,0.218655,0.381038,0.0387883,0.179593,0.109266,0.278718
3396,1718650791,2024-06-17 18:59 UTC,74386.8,151628,4.72186,10.6305,0.187624,0.245696,0.0410537,0.224406,0.380959,0.0392426,0.18092,0.114542,0.297786
3397,1718651091,2024-06-17 19:04 UTC,74352.6,151603,4.75179,10.6694,0.192434,0.250406,0.0439145,0.230128,0.380863,0.0397006,0.182251,0.117833,0.310808
3398,1718651391,2024-06-17 19:09 UTC,74316.3,151578,4.78175,10.7083,0.197201,0.255023,0.0467065,0.23581,0.380789,0.0401622,0.183589,0.121174,0.323907
3399,1718651691,2024-06-17 19:14 UTC,74285.2,151553,4.81174,10.7472,0.201971,0.25964,0.0494737,0.241449,0.380732,0.0406276,0.184931,0.124631,0.339479
3400,1718651991,2024-06-17 19:19 UTC,74244.3,151528,4.84177,10.7861,0.206742,0.264257,0.0522449,0.247042,0.380615,0.0410954,0.186278,0.128114,0.351425
3401,1718652291,2024-06-17 19:24 UTC,74204.7,151503,4.87184,10.8251,0.211514,0.268928,0.0550148,0.252586,0.380476,0.0415663,0.187631,0.131728,0.364886
3402,1718652591,2024-06-17 19:29 UTC,74167.2,151478,4.90194,10.864,0.216288,0.275609,0.0577711,0.258076,0.380393,0.0420397,0.188989,0.135377,0.379105
3403,1718652891,2024-06-17 19:34 UTC,74135.5,151453,4.93207,10.9029,0.221063,0.282292,0.0609673,0.26351,0.381716,0.0425059,0.190352,0.138051,0.393604
3404,1718653191,2024-06-17 19:39 UTC,74109.8,151429,4.96223,10.9419,0.22584,0.288975,0.0641986,0.268883,0.381868,0.0429734,0.191721,0.140675,0.408383
3405,1718653491,2024-06-17 19:44 UTC,74079.8,151404,4.99243,10.9808,0.230617,0.295658,0.0675551,0.274193,0.382015,0.0434412,0.193094,0.143173,0.423442
3406,1718653791,2024-06-17 19:49 UTC,74042.1,151379,5.02266,11.0198,0.235396,0.302343,0.0708442,0.279436,0.382154,0.0439135,0.194473,0.145835,0.438781
3407,1718654091,2024-06-17 19:54 UTC,74008.4,151355,5.05291,11.0588,0.240176,0.309028,0.0740623,0.284608,0.382342,0.0443894,0.195857,0.148622,0.4544
3408,1718654391,2024-06-17 19:59 UTC,73979.1,151439,5.0832,11.0978,0.244957,0.315714,0.0773654,0.289708,0.382532,0.0448672,0.197247,0.151383,0.470299
3409,1718654691,2024-06-17 20:04 UTC,73948.3,151305,5.11351,11.1368,0.247495,0.319458,0.0805355,0.294722,0.382691,0.0453504,0.198641,0.150746,0.476754
3410,1718654991,2024-06-17 20:09 UTC,73921.3,151280,5.14385,11.1758,0.249965,0.323112,0.0834455,0.250299,0.382857,0.0458416,0.200041,0.15051,0.482955
3411,1718655291,2024-06-17 20:14 UTC,73893,151256,5.17422,11.2148,0.252435,0.326766,0.0862269,0.264121,0.383017,0.0463383,0.201446,0.150402,0.489201
3412,1718655591,2024-06-17 20:19 UTC,73857.7,151231,5.20462,11.2538,0.254905,0.33042,0.088844,0.28679,0.383113,0.0468414,0.202856,0.150654,0.49549
3413,1718655891,2024-06-17 20:24 UTC,73828.8,151206,5.23504,11.2929,0.257376,0.334074,0.0913419,0.279677,0.383282,0.04735,0.204271,0.151062,0.501823
3414,1718656191,2024-06-17 20:29 UTC,73783.1,151181,5.26549,11.3319,0.259847,0.337728,0.0936645,0.287676,0.383297,0.047864,0.205692,0.151704,0.5082
3415,1718656491,2024-06-17 20:34 UTC,73746.2,151156,5.29596,11.371,0.262319,0.341382,0.0959499,0.303615,0.383389,0.0483817,0.207118,0.152417,0.515926
3416,1718656791,2024-06-17 20:39 UTC,73712.9,151131,5.32646,11.41,0.264791,0.345036,0.0981906,0.319617,0.383464,0.0489041,0.208549,0.153281,0.525492
3417,1718657091,2024-06-17 20:44 UTC,73669.6,151146,5.35698,11.4491,0.267263,0.34869,0.100308,0.334817,0.383459,0.0494319,0.209985,0.154343,0.531078
3418,1718657391,2024-06-17 20:49 UTC,73630.1,151081,5.38753,11.4882,0.269736,0.352345,0.102453,0.349703,0.383492,0.0499626,0.211426,0.155465,0.540678
3419,1718657691,2024-06-17 20:54 UTC,73593.8,151055,5.4181,11.5273,0.272209,0.355999,0.104508,0.364083,0.383528,0.0504981,0.212873,0.156623,0.547609
3420,1718657991,2024-06-17 20:59 UTC,73547.9,151030,5.44869,11.5664,0.274683,0.359653,0.106573,0.368038,0.383459,0.051036,0.214325,0.15775,0.555091
3421,1718658291,2024-06-17 21:04 UTC,73509.5,151048,5.47027,11.5976,0.274575,0.359431,0.108458,0.383315,0.383375,0.0513764,0.21544,0.154966,0.5529
3422,1718658591,2024-06-17 21:09 UTC,73470.5,151071,5.49165,11.6285,0.274389,0.35909,0.110008,0.396698,0.3833,0.05172,0.216548,0.152608,0.552138
3423,1718658891,2024-06-17 21:14 UTC,73434.6,151094,5.5131,11.6595,0.274203,0.358748,0.111365,0.408062,0.383221,0.0520707,0.21766,0.150654,0.550592
3424,1718659191,2024-06-17 21:19 UTC,73398.9,151118,5.53464,11.6905,0.274018,0.358407,0.112482,0.417448,0.38314,0.0524292,0.218774,0.149057,0.549102
3425,1718659491,2024-06-17 21:24 UTC,73358.4,151142,5.55625,11.7215,0.273833,0.358065,0.11352,0.425048,0.382954,0.0527918,0.219892,0.147539,0.54805
3426,1718659791,2024-06-17 21:29 UTC,73325.1,151166,5.57794,11.7526,0.273649,0.357724,0.114526,0.413544,0.382916,0.0531588,0.221014,0.146115,0.546031
3427,1718660091,2024-06-17 21:34 UTC,73283.2,151192,5.59969,11.7836,0.273466,0.357383,0.115336,0.422192,0.382735,0.053531,0.222138,0.144929,0.544545
3428,1718660391,2024-06-17 21:39 UTC,73259,151217,5.62152,11.8147,0.273284,0.357042,0.11613,0.444196,0.382667,0.0539073,0.223266,0.143824,0.543404
3429,1718660691,2024-06-17 21:44 UTC,73217.7,151243,5.64342,11.8457,0.273103,0.356701,0.116958,0.427136,0.382487,0.0542858,0.224398,0.142719,0.542158
3430,1718660991,2024-06-17 21:49 UTC,73189.6,151269,5.66539,11.8768,0.272922,0.35636,0.117752,0.414268,0.38243,0.0546675,0.225532,0.141665,0.540535
3431,1718661291,2024-06-17 21:54 UTC,73154.5,151294,5.68742,11.9079,0.272742,0.356019,0.118583,0.395773,0.382268,0.0550516,0.22667,0.140467,0.540258
3432,1718661591,2024-06-17 21:59 UTC,73125.4,151319,5.70952,11.939,0.272563,0.35568,0.119327,0.407333,0.382169,0.05544,0.227811,0.139375,0.540073
3433,1718661891,2024-06-17 22:04 UTC,73090.4,151344,5.73169,11.9701,0.269557,0.351973,0.119649,0.418951,0.381988,0.0558411,0.228956,0.134661,0.52688
3434,1718662191,2024-06-17 22:09 UTC,73059.3,151370,5.75391,12.0013,0.266466,0.348151,0.119618,0.432047,0.381893,0.056253,0.230104,0.130369,0.514178
3435,1718662491,2024-06-17 22:14 UTC,73030.4,151397,5.7762,12.0324,0.263376,0.344331,0.119365,0.440214,0.38175,0.0566723,0.231255,0.126365,0.501541
3436,1718662791,2024-06-17 22:19 UTC,73005.9,151425,5.79855,12.0636,0.260287,0.340512,0.118909,0.449372,0.381652,0.0570987,0.23241,0.122613,0.489879
3437,1718663091,2024-06-17 22:24 UTC,72968.6,151453,5.82095,12.0948,0.2572,0.336696,0.118259,0.458507,0.381553,0.0575324,0.233568,0.119101,0.478264
3438,1718663391,2024-06-17 22:29 UTC,72948.8,151481,5.84341,12.126,0.254115,0.332883,0.117667,0.475901,0.381457,0.0579687,0.234729,0.115625,0.467112
3439,1718663691,2024-06-17 22:34 UTC,72924.3,151511,5.86593,12.1572,0.251031,0.329119,0.117047,0.483921,0.381351,0.0584088,0.235894,0.112191,0.459736
3440,1718663991,2024-06-17 22:39 UTC,72901,151541,5.88851,12.1884,0.24795,0.32545,0.116361,0.490174,0.381321,0.0588528,0.237061,0.108765,0.469111
3441,1718664291,2024-06-17 22:44 UTC,72874.5,151571,5.91114,12.2196,0.244869,0.321783,0.115562,0.501422,0.381159,0.0593033,0.238233,0.105617,0.489161
3442,1718664591,2024-06-17 22:49 UTC,72855.1,151602,5.93382,12.2508,0.241791,0.318117,0.114875,0.518266,0.381125,0.0597549,0.239407,0.102358,0.53077
3443,1718664891,2024-06-17 22:54 UTC,72829.3,151634,5.95655,12.2821,0.238715,0.314453,0.114186,0.525463,0.380995,0.0602104,0.240585,0.0991498,0.540967
3444,1718665191,2024-06-17 22:59 UTC,72811.7,151666,5.97934,12.3133,0.235641,0.310791,0.11359,0.522364,0.380912,0.0606661,0.241766,0.0958413,0.522101
3445,1718665491,2024-06-17 23:04 UTC,72795.2,151699,6.00217,12.3446,0.229955,0.304266,0.112715,0.525454,0.380873,0.0611328,0.242951,0.0897705,0.529639
3446,1718665791,2024-06-17 23:09 UTC,72768.6,151732,6.02505,12.3759,0.22419,0.297657,0.111673,0.527552,0.38073,0.0616062,0.244139,0.0839701,0.54163
3447,1718666091,2024-06-17 23:14 UTC,72755.2,151766,6.04799,12.4072,0.218426,0.291052,0.110481,0.518162,0.380649,0.0620869,0.24533,0.0786011,0.514279
3448,1718666391,2024-06-17 23:19 UTC,72739,151801,6.07097,12.4385,0.212665,0.284452,0.109313,0.499997,0.380615,0.0625708,0.246524,0.0733695,0.46128
3449,1718666691,2024-06-17 23:24 UTC,72720.7,151836,6.09399,12.4698,0.206905,0.277857,0.108139,0.483941,0.380466,0.0630592,0.247722,0.0683981,0.427055
3450,1718666991,2024-06-17 23:29 UTC,72707.7,151871,6.11706,12.5012,0.201147,0.271267,0.10692,0.453583,0.380362,0.063551,0.248923,0.0636008,0.352966
3451,1718667291,2024-06-17 23:34 UTC,72692.1,151907,6.14018,12.5325,0.195391,0.264684,0.105734,0.399331,0.380297,0.0640452,0.250128,0.0589478,0.405314
3452,1718667591,2024-06-17 23:39 UTC,72680.6,151944,6.16334,12.5639,0.189637,0.258106,0.104659,0.379153,0.380216,0.0645419,0.251336,0.0544392,0.360753
3453,1718667891,2024-06-17 23:44 UTC,72660.6,151980,6.18654,12.5952,0.183886,0.251536,0.103465,0.364835,0.380029,0.0650447,0.252547,0.0501704,0.31082
3454,1718668191,2024-06-17 23:49 UTC,72654.6,152018,6.20979,12.6266,0.178138,0.244978,0.102333,0.356826,0.379969,0.0655497,0.253761,0.0459955,0.276573
3455,1718668491,2024-06-17 23:54 UTC,72639.1,152056,6.23307,12.658,0.172393,0.238435,0.101228,0.352105,0.379807,0.0660579,0.254979,0.0419586,0.282778
3456,1718668791,2024-06-17 23:59 UTC,72626.7,152094,6.2564,12.6894,0.166651,0.231904,0.100061,0.35907,0.379678,0.0665722,0.2562,0.0382288,0.281955
3457,1718669091,2024-06-18 00:04 UTC,72597,152086,6.29593,12.761,0.159566,0.223697,0.0988274,0.345585,0.37949,0.0674497,0.258963,0.033688,0.276547
3458,1718669391,2024-06-18 00:09 UTC,72578.9,152075,6.33614,12.8339,0.152449,0.21545,0.0975858,0.336845,0.379398,0.0683503,0.261789,0.0295225,0.225289
3459,1718669691,2024-06-18 00:14 UTC,72548.8,152065,6.37652,12.9068,0.145344,0.207218,0.0963502,0.335128,0.379274,0.0692601,0.264631,0.0255849,0.177812
3460,1718669991,2024-06-18 00:19 UTC,72519.2,152055,6.41707,12.9797,0.138253,0.199003,0.0951188,0.330905,0.37907,0.0701787,0.26749,0.021871,0.18015
3461,1718670291,2024-06-18 00:24 UTC,72495.8,152045,6.45778,13.0527,0.131178,0.190806,0.093871,0.366705,0.378985,0.0711073,0.270364,0.0183039,0.258957
3462,1718670591,2024-06-18 00:29 UTC,72468.5,152036,6.49865,13.1257,0.124122,0.18263,0.0924987,0.320535,0.378843,0.072049,0.273255,0.0150004,0.189641
3463,1718670891,2024-06-18 00:34 UTC,72441.2,152028,6.53969,13.1987,0.117089,0.174479,0.0911631,0.309491,0.378705,0.0729998,0.276162,0.011913,0.1898
3464,1718671191,2024-06-18 00:39 UTC,72416.3,152020,6.58088,13.2717,0.110082,0.166355,0.0897469,0.302489,0.378573,0.0739617,0.279086,0.00931247,0.194023
3465,1718671491,2024-06-18 00:44 UTC,72395.1,152012,6.62222,13.3447,0.103109,0.158264,0.0883017,0.297348,0.378497,0.0749329,0.282025,0.00764059,0.194337
3466,1718671791,2024-06-18 00:49 UTC,72368.6,152005,6.66373,13.4178,0.0961758,0.150209,0.0867738,0.289441,0.378356,0.0759169,0.284981,0.00762671,0.241477
3467,1718672091,2024-06-18 00:54 UTC,72344.5,151999,6.70538,13.4909,0.0892933,0.142198,0.085123,0.285821,0.37824,0.076914,0.287952,0.00919886,0.273393
3468,1718672391,2024-06-18 00:59 UTC,72320.3,151993,6.74718,13.564,0.0824751,0.134244,0.0834483,0.278358,0.378162,0.0779216,0.29094,0.0117179,0.199941
3469,1718672691,2024-06-18 01:04 UTC,72296.7,151988,6.78912,13.6372,0.0759742,0.126178,0.0816661,0.269847,0.378039,0.078942,0.293945,0.0143504,0.194511
3470,1718672991,2024-06-18 01:09 UTC,72275.7,151983,6.8312,13.7103,0.0695461,0.118194,0.0798317,0.26556,0.377934,0.0799739,0.296965,0.0171714,0.203469
3471,1718673291,2024-06-18 01:14 UTC,72248.6,151980,6.87342,13.7835,0.0632025,0.110355,0.0778957,0.260088,0.37776,0.081017,0.300001,0.0200519,0.20763
3472,1718673591,2024-06-18 01:19 UTC,72224.6,151976,6.91578,13.8567,0.0569714,0.102625,0.0759877,0.25181,0.377616,0.0820692,0.303054,0.0230007,0.20553
3473,1718673891,2024-06-18 01:24 UTC,72202.6,151974,6.95826,13.9299,0.0508935,0.095113,0.0740611,0.240765,0.377477,0.083132,0.306123,0.0258835,0.196665
3474,1718674191,2024-06-18 01:29 UTC,72184.2,151971,7.00086,14.0032,0.04503,0.0878865,0.0721398,0.23216,0.377361,0.0842046,0.309208,0.0286938,0.194119
3475,1718674491,2024-06-18 01:34 UTC,72157.1,151969,7.04359,14.0764,0.039476,0.0808866,0.0701841,0.22391,0.377167,0.0852874,0.312309,0.0314224,0.184703
3476,1718674791,2024-06-18 01:39 UTC,72139.5,151967,7.08643,14.1497,0.0343858,0.0741774,0.0682057,0.216856,0.377045,0.0863803,0.315427,0.0340675,0.185071
3477,1718675091,2024-06-18 01:44 UTC,72125.5,151965,7.12939,14.223,0.0299976,0.0678452,0.0661776,0.209788,0.376956,0.0874844,0.31856,0.0365653,0.184689
3478,1718675391,2024-06-18 01:49 UTC,72098.8,151964,7.17245,14.2963,0.0266306,0.0620056,0.0641011,0.202713,0.376835,0.0885982,0.32171,0.0389775,0.179897
3479,1718675691,2024-06-18 01:54 UTC,72085.8,151962,7.21562,14.3697,0.0246778,0.0568108,0.062005,0.195638,0.376761,0.0897225,0.324876,0.0413187,0.179143
3480,1718675991,2024-06-18 01:59 UTC,72060.7,151961,7.25889,14.443,0.0245106,0.0524527,0.0598358,0.188569,0.376578,0.0908575,0.328058,0.043644,0.177929
3481,1718676291,2024-06-18 02:04 UTC,72039,151960,7.30225,14.5164,0.0254794,0.049509,0.0576413,0.181753,0.376454,0.0920017,0.331257,0.0448954,0.17543
3482,1718676591,2024-06-18 02:09 UTC,72028.3,151959,7.34571,14.5898,0.0274826,0.0474072,0.0555463,0.175352,0.376353,0.0931522,0.334471,0.0463448,0.181376
3483,1718676891,2024-06-18 02:14 UTC,72011.1,151957,7.38926,14.6632,0.0303177,0.0483566,0.0534608,0.169234,0.376279,0.0943116,0.337702,0.0479301,0.17231
3484,1718677191,2024-06-18 02:19 UTC,71993.5,151954,7.4329,14.7366,0.0337527,0.0523728,0.0514058,0.163311,0.376159,0.0954797,0.340949,0.0496834,0.1682
3485,1718677491,2024-06-18 02:24 UTC,71981.7,151951,7.47662,14.81,0.0376102,0.0566699,0.0493546,0.157528,0.376064,0.0966561,0.344212,0.0515693,0.166875
3486,1718677791,2024-06-18 02:29 UTC,71963.6,151948,7.52043,14.8835,0.0417696,0.061189,0.0472692,0.151846,0.375948,0.0978427,0.347491,0.0535685,0.165526
3487,1718678091,2024-06-18 02:34 UTC,71947,151944,7.56432,14.957,0.0461491,0.0658842,0.0452484,0.146242,0.375842,0.0990373,0.350787,0.0557146,0.165262
3488,1718678391,2024-06-18 02:39 UTC,71929.7,151941,7.60829,15.0305,0.0506924,0.0707212,0.0432205,0.140701,0.375699,0.100241,0.354098,0.0579848,0.165684
3489,1718678691,2024-06-18 02:44 UTC,71923.2,151937,7.65235,15.104,0.0553599,0.0756725,0.0411915,0.135214,0.375701,0.101454,0.357426,0.0603579,0.166441
3490,1718678991,2024-06-18 02:49 UTC,71909.7,151933,7.69648,15.1775,0.0601234,0.0807169,0.0391437,0.129776,0.375583,0.102677,0.36077,0.0627933,0.169522
3491,1718679291,2024-06-18 02:54 UTC,71892,151929,7.74068,15.251,0.0649622,0.0872612,0.0371307,0.12825,0.375443,0.103908,0.36413,0.0654077,0.168628
3492,1718679591,2024-06-18 02:59 UTC,71881.7,151926,7.78496,15.3246,0.0698608,0.0938476,0.0351477,0.12019,0.375382,0.105147,0.367507,0.0681627,0.172636
3493,1718679891,2024-06-18 03:04 UTC,71869.2,151912,7.80025,15.351,0.0728405,0.0974373,0.0332557,0.117152,0.375266,0.10566,0.368592,0.0687801,0.17332
3494,1718680191,2024-06-18 03:09 UTC,71860.1,151898,7.81467,15.3759,0.0757714,0.100944,0.0315081,0.115478,0.375211,0.106148,0.369609,0.0695758,0.180939
3495,1718680491,2024-06-18 03:14 UTC,71859.1,151885,7.82911,15.4008,0.0787128,0.104601,0.0298517,0.112027,0.375192,0.106636,0.370627,0.0704957,0.192957
3496,1718680791,2024-06-18 03:19 UTC,71848.8,151871,7.84356,15.4258,0.0816636,0.108667,0.0282695,0.110496,0.375105,0.107123,0.371648,0.0715725,0.187962
3497,1718681091,2024-06-18 03:24 UTC,71837.7,151858,7.85803,15.4507,0.0846228,0.112734,0.026758,0.108225,0.374994,0.10761,0.37267,0.0727617,0.200046
3498,1718681391,2024-06-18 03:29 UTC,71825.4,151844,7.87252,15.4757,0.0875896,0.116802,0.0252523,0.106866,0.374932,0.108099,0.373694,0.0740306,0.192493
3499,1718681691,2024-06-18 03:34 UTC,71816.8,151831,7.88703,15.5008,0.0905634,0.12087,0.0237861,0.105544,0.374887,0.108588,0.374721,0.0753617,0.208833
3500,1718681991,2024-06-18 03:39 UTC,71813.6,151817,7.90155,15.5261,0.0935434,0.124938,0.0223568,0.104251,0.37484,0.109079,0.375749,0.076772,0.221019
3501,1718682291,2024-06-18 03:44 UTC,71808.7,151804,7.9161,15.5513,0.0965291,0.129006,0.020948,0.102982,0.374807,0.10957,0.37678,0.0782618,0.230216
3502,1718682591,2024-06-18 03:49 UTC,71802.1,151791,7.93066,15.5765,0.09952,0.133074,0.0195402,0.101736,0.374744,0.110063,0.377812,0.0798097,0.236673
3503,1718682891,2024-06-18 03:54 UTC,71792.7,151778,7.94524,15.6018,0.102516,0.137143,0.0181321,0.100512,0.374698,0.110558,0.378847,0.0813907,0.241357
3504,1718683191,2024-06-18 03:59 UTC,71789.3,151765,7.95983,15.6271,0.105516,0.141212,0.0167528,0.0993091,0.374682,0.111055,0.379883,0.0830525,0.245047
3505,1718683491,2024-06-18 04:04 UTC,71783,151752,7.97444,15.6523,0.105988,0.141694,0.0155497,0.0982471,0.374634,0.111547,0.381167,0.0816865,0.242904
3506,1718683791,2024-06-18 04:09 UTC,71776.8,151739,7.98907,15.6776,0.106387,0.142086,0.0146089,0.0973985,0.374582,0.112034,0.382568,0.0806613,0.24198
3507,1718684091,2024-06-18 04:14 UTC,71773.3,151726,8.00372,15.7029,0.106791,0.142492,0.0138673,0.0969774,0.374567,0.112518,0.383973,0.0799685,0.241449
3508,1718684391,2024-06-18 04:19 UTC,71768.1,151713,8.01838,15.7282,0.107201,0.143191,0.0132857,0.101783,0.374527,0.112998,0.385382,0.0795455,0.241355
3509,1718684691,2024-06-18 04:24 UTC,71762.3,151701,8.03307,15.7535,0.107615,0.144182,0.0128406,0.10568,0.374477,0.113477,0.386793,0.079339,0.24189
3510,1718684991,2024-06-18 04:29 UTC,71756.5,151688,8.04776,15.7789,0.108035,0.145188,0.0124647,0.111627,0.374425,0.113955,0.388208,0.0792385,0.242272
3511,1718685291,2024-06-18 04:34 UTC,71752.8,151675,8.06248,15.8045,0.10846,0.146208,0.0121374,0.11885,0.374422,0.114434,0.389626,0.0792193,0.242772
3512,1718685591,2024-06-18 04:39 UTC,71745.6,151662,8.07721,15.8301,0.108889,0.147241,0.0118357,0.127002,0.374381,0.114914,0.391047,0.0792581,0.243743
3513,1718685891,2024-06-18 04:44 UTC,71741.1,151650,8.09196,15.8557,0.109324,0.1483,0.011576,0.134914,0.374347,0.115394,0.392472,0.0793652,0.244339
3514,1718686191,2024-06-18 04:49 UTC,71734.1,151637,8.10672,15.8813,0.109762,0.149386,0.0113366,0.14217,0.374299,0.115876,0.3939,0.0795049,0.245454
3515,1718686491,2024-06-18 04:54 UTC,71729,151624,8.1215,15.9075,0.110206,0.150486,0.0111072,0.147953,0.374265,0.116359,0.395331,0.0796603,0.246188
3516,1718686791,2024-06-18 04:59 UTC,71724.2,151611,8.1363,15.935,0.110653,0.1516,0.0109033,0.15319,0.374238,0.116844,0.396765,0.0798607,0.24686
3517,1718687091,2024-06-18 05:04 UTC,71721.5,151598,8.15111,15.9625,0.108341,0.148454,0.010865,0.157488,0.37422,0.117325,0.398203,0.0768002,0.239899
3518,1718687391,2024-06-18 05:09 UTC,71716,151586,8.16594,15.99,0.105948,0.145288,0.0110894,0.161248,0.374202,0.1178,0.399644,0.0741193,0.235845
3519,1718687691,2024-06-18 05:14 UTC,71708.5,151573,8.18078,16.0175,0.103561,0.142139,0.0115114,0.163716,0.37414,0.11827,0.401089,0.0717839,0.233079
3520,1718687991,2024-06-18 05:19 UTC,71703.9,151560,8.19564,16.045,0.10118,0.139006,0.0120882,0.165093,0.374089,0.118738,0.402536,0.0697181,0.231565
3521,1718688291,2024-06-18 05:24 UTC,71698.2,151547,8.21052,16.0726,0.0988065,0.13589,0.0127933,0.164723,0.374059,0.119204,0.403987,0.0678777,0.230153
3522,1718688591,2024-06-18 05:29 UTC,71690,151534,8.22541,16.1001,0.09644,0.132794,0.0136161,0.16504,0.374017,0.119668,0.405441,0.06623,0.230256
3523,1718688891,2024-06-18 05:34 UTC,71683.4,151521,8.24032,16.1276,0.0940814,0.129717,0.0145265,0.165145,0.37395,0.120131,0.406899,0.0647381,0.230673
3524,1718689191,2024-06-18 05:39 UTC,71680.1,151507,8.25524,16.1552,0.0917314,0.126662,0.0155043,0.164946,0.373916,0.120593,0.408359,0.063361,0.2158
3525,1718689491,2024-06-18 05:44 UTC,71673,151494,8.27018,16.1828,0.0893907,0.123629,0.0165351,0.165318,0.373897,0.121056,0.409823,0.0620767,0.213607
3526,1718689791,2024-06-18 05:49 UTC,71667.5,151480,8.28513,16.2104,0.0870602,0.120622,0.017623,0.165137,0.373856,0.121519,0.411291,0.0609131,0.230205
3527,1718690091,2024-06-18 05:54 UTC,71655.1,151467,8.3001,16.2379,0.0847408,0.117641,0.018749,0.165349,0.373724,0.121983,0.412761,0.0598363,0.211825
3528,1718690391,2024-06-18 05:59 UTC,71651,151453,8.31508,16.2655,0.0824335,0.114689,0.0199265,0.166061,0.373702,0.122446,0.414235,0.0588661,0.207473
3529,1718690691,2024-06-18 06:04 UTC,71639.2,151439,8.33208,16.2961,0.0782708,0.109058,0.0212102,0.166051,0.373627,0.122904,0.415629,0.0561174,0.195275
3530,1718690991,2024-06-18 06:09 UTC,71628.7,151425,8.34916,16.3268,0.0740703,0.103363,0.0227041,0.166887,0.373558,0.123357,0.417022,0.0537038,0.193128
3531,1718691291,2024-06-18 06:14 UTC,71614.9,151411,8.36625,16.3575,0.0698937,0.0976943,0.0243714,0.16807,0.37344,0.123805,0.418418,0.0516286,0.191403
3532,1718691591,2024-06-18 06:19 UTC,71613.2,151397,8.38336,16.3882,0.0657461,0.0920549,0.0261462,0.169262,0.373397,0.124251,0.419816,0.0497953,0.183656
3533,1718691891,2024-06-18 06:24 UTC,71596.3,151382,8.40048,16.4189,0.061634,0.0864512,0.0279864,0.170286,0.373278,0.124696,0.421216,0.0481382,0.18272
3534,1718692191,2024-06-18 06:29 UTC,71585.6,151367,8.41761,16.4496,0.0575661,0.0808905,0.0299607,0.17157,0.373149,0.125138,0.422619,0.0467144,0.194982
3535,1718692491,2024-06-18 06:34 UTC,71575.6,151352,8.43476,16.4804,0.0535541,0.0759821,0.0319846,0.172584,0.373083,0.125579,0.424024,0.0454297,0.192998
3536,1718692791,2024-06-18 06:39 UTC,71557.3,151337,8.45193,16.5111,0.0496141,0.0714945,0.034027,0.174283,0.372917,0.126021,0.425431,0.0442447,0.17389
3537,1718693091,2024-06-18 06:44 UTC,71540,151322,8.46911,16.5418,0.0457688,0.0670793,0.0361235,0.17566,0.372734,0.126463,0.426841,0.0431877,0.15841
3538,1718693391,2024-06-18 06:49 UTC,71525.7,151307,8.4863,16.5725,0.04205,0.0627517,0.0382808,0.176767,0.372639,0.126902,0.428253,0.0422788,0.158074
3539,1718693691,2024-06-18 06:54 UTC,71507.6,151291,8.50351,16.6032,0.0385026,0.0585318,0.0404724,0.178508,0.372467,0.127343,0.429667,0.0414455,0.157792
3540,1718693991,2024-06-18 06:59 UTC,71488.8,151276,8.52073,16.6339,0.0351879,0.0544456,0.0426474,0.179474,0.372297,0.127785,0.431084,0.0406536,0.157176
3541,1718694291,2024-06-18 07:04 UTC,71473.9,151260,8.53796,16.6646,0.0321226,0.0498947,0.0448752,0.181102,0.372221,0.128226,0.432503,0.0397598,0.157817
3542,1718694591,2024-06-18 07:09 UTC,71450.6,151244,8.55521,16.6953,0.0294509,0.0457218,0.0471599,0.18216,0.372023,0.128667,0.433924,0.0389798,0.163906
3543,1718694891,2024-06-18 07:14 UTC,71427.2,151227,8.57247,16.726,0.0272812,0.041886,0.0494423,0.183935,0.371797,0.129108,0.435348,0.0382726,0.183858
3544,1718695191,2024-06-18 07:19 UTC,71403.4,151211,8.58974,16.7568,0.025725,0.0394001,0.051747,0.184885,0.371606,0.129549,0.436774,0.0375954,0.162823
3545,1718695491,2024-06-18 07:24 UTC,71381.8,151195,8.60703,16.7875,0.0248793,0.0393249,0.0540949,0.186546,0.371419,0.129991,0.438202,0.0369881,0.163592
3546,1718695791,2024-06-18 07:29 UTC,71351.2,151178,8.62433,16.8182,0.0248016,0.0405728,0.0564148,0.187833,0.371141,0.130434,0.439633,0.0363914,0.164138
3547,1718696091,2024-06-18 07:34 UTC,71331.8,151161,8.64164,16.8489,0.025487,0.0424356,0.058689,0.190107,0.370961,0.13088,0.441066,0.0357309,0.164589
3548,1718696391,2024-06-18 07:39 UTC,71307,151144,8.65896,16.8796,0.0268691,0.0448376,0.0609682,0.191566,0.370735,0.131326,0.442501,0.0350635,0.164947
3549,1718696691,2024-06-18 07:44 UTC,71277.7,151127,8.6763,16.9103,0.0288486,0.0482491,0.0633155,0.193357,0.370508,0.13177,0.443939,0.0344214,0.182618
3550,1718696991,2024-06-18 07:49 UTC,71244.2,151110,8.69365,16.941,0.0313233,0.0529514,0.0656254,0.217611,0.370221,0.132217,0.445379,0.0337386,0.199412
3551,1718697291,2024-06-18 07:54 UTC,71215.1,151092,8.71101,16.9718,0.0342004,0.0580503,0.0679654,0.231137,0.369954,0.132662,0.446821,0.0330719,0.217715
3552,1718697591,2024-06-18 07:59 UTC,71175.2,151075,8.72838,17.0025,0.0373995,0.0632604,0.0702529,0.23394,0.36962,0.13311,0.448266,0.032305,0.227124
3553,1718697891,2024-06-18 08:04 UTC,71151.8,151057,8.74576,17.0332,0.0402124,0.0666778,0.0725283,0.242081,0.369423,0.133559,0.449713,0.0321548,0.234494
3554,1718698191,2024-06-18 08:09 UTC,71117.3,151039,8.76316,17.0639,0.0431304,0.0700616,0.0745829,0.249466,0.369092,0.134016,0.451162,0.0318564,0.239856
3555,1718698491,2024-06-18 08:14 UTC,71076.4,151021,8.78056,17.0946,0.0461488,0.0734696,0.076563,0.259823,0.368786,0.134476,0.452614,0.0314722,0.25617
3556,1718698791,2024-06-18 08:19 UTC,71042.1,151002,8.79798,17.1253,0.0492485,0.0769022,0.0785279,0.267567,0.368474,0.134936,0.454068,0.0310692,0.264464
3557,1718699091,2024-06-18 08:24 UTC,71007.6,150984,8.81541,17.1561,0.0524143,0.0803503,0.0804712,0.268355,0.368174,0.135399,0.455524,0.0306532,0.255892
3558,1718699391,2024-06-18 08:29 UTC,70971,150965,8.83285,17.1868,0.0556339,0.0838119,0.0823291,0.287375,0.367912,0.135866,0.456983,0.030125,0.291365
3559,1718699691,2024-06-18 08:34 UTC,70933,150947,8.8503,17.2175,0.0588975,0.0872855,0.0841775,0.289929,0.367547,0.136334,0.458444,0.0296172,0.287083
3560,1718699991,2024-06-18 08:39 UTC,70893.8,150928,8.86776,17.2482,0.0621973,0.0907697,0.0860111,0.285647,0.367256,0.136804,0.459907,0.0291203,0.267031
3561,1718700291,2024-06-18 08:44 UTC,70844.1,150909,8.88523,17.2789,0.065527,0.0942632,0.0877458,0.284526,0.366822,0.137277,0.461373,0.0285725,0.253176
3562,1718700591,2024-06-18 08:49 UTC,70814.6,150890,8.90272,17.3097,0.0688817,0.0977652,0.0894531,0.281818,0.36654,0.137754,0.462841,0.027988,0.23856
3563,1718700891,2024-06-18 08:54 UTC,70779.1,150871,8.92021,17.3404,0.0722575,0.101275,0.0911535,0.258112,0.366217,0.138232,0.464311,0.0273731,0.185667
3564,1718701191,2024-06-18 08:59 UTC,70731.7,150851,8.93771,17.3711,0.0756509,0.104791,0.0928707,0.266084,0.365817,0.13871,0.465784,0.0267687,0.169441
3565,1718701491,2024-06-18 09:04 UTC,70691.1,150834,8.93629,17.3716,0.0776173,0.106866,0.0944623,0.274193,0.365435,0.138597,0.465737,0.0269527,0.213303
3566,1718701791,2024-06-18 09:09 UTC,70646.4,150818,8.93431,17.3712,0.0795453,0.108903,0.095835,0.280753,0.365047,0.138474,0.465644,0.0269896,0.170486
3567,1718702091,2024-06-18 09:14 UTC,70614.2,150801,8.93236,17.3708,0.081479,0.110946,0.0971253,0.286141,0.36475,0.138356,0.46555,0.0269282,0.165502
3568,1718702391,2024-06-18 09:19 UTC,70575.8,150785,8.93043,17.3704,0.0834181,0.112997,0.0982916,0.290658,0.364407,0.138241,0.465457,0.0267528,0.169396
3569,1718702691,2024-06-18 09:24 UTC,70525.9,150769,8.92853,17.37,0.0853621,0.115062,0.0994469,0.294535,0.36398,0.138125,0.465363,0.0265303,0.17225
3570,1718702991,2024-06-18 09:29 UTC,70483.6,150754,8.92666,17.3697,0.0873107,0.117346,0.100501,0.297952,0.363603,0.138014,0.46527,0.0261704,0.174295
3571,1718703291,2024-06-18 09:34 UTC,70444.7,150738,8.92481,17.3693,0.0892636,0.119742,0.101485,0.301046,0.363298,0.137906,0.465177,0.0257695,0.177029
3572,1718703591,2024-06-18 09:39 UTC,70407,150723,8.92298,17.3689,0.0912205,0.12221,0.102464,0.303913,0.363,0.1378,0.465083,0.0253112,0.176569
3573,1718703891,2024-06-18 09:44 UTC,70356.4,150709,8.92119,17.3685,0.0931812,0.124683,0.103346,0.288334,0.362549,0.137697,0.46499,0.0247727,0.167221
3574,1718704191,2024-06-18 09:49 UTC,70313.8,150694,8.91942,17.3681,0.0951454,0.12716,0.104221,0.279331,0.362191,0.137594,0.464897,0.0241485,0.17128
3575,1718704491,2024-06-18 09:54 UTC,70278,150680,8.91767,17.3677,0.0971129,0.129642,0.105036,0.283003,0.361922,0.137494,0.464804,0.0235683,0.173548
3576,1718704791,2024-06-18 09:59 UTC,70225.6,150666,8.91595,17.3673,0.0990834,0.132127,0.105789,0.285284,0.361502,0.137397,0.464711,0.0229822,0.169064
3577,1718705091,2024-06-18 10:04 UTC,70190.9,150653,8.91426,17.3669,0.0991861,0.13277,0.106473,0.29071,0.361179,0.137303,0.464617,0.0233445,0.183734
3578,1718705391,2024-06-18 10:09 UTC,70151.1,150640,8.9126,17.3666,0.099236,0.13338,0.107006,0.296657,0.360864,0.137216,0.464524,0.0235933,0.192027
3579,1718705691,2024-06-18 10:14 UTC,70107.8,150627,8.91096,17.3662,0.099291,0.134012,0.107422,0.300195,0.36055,0.137132,0.464431,0.0237076,0.200179
3580,1718705991,2024-06-18 10:19 UTC,70066.7,150615,8.90935,17.3658,0.0993512,0.134666,0.107726,0.30617,0.360242,0.137051,0.464338,0.0237423,0.207374
3581,1718706291,2024-06-18 10:24 UTC,70023.6,150603,8.90777,17.3654,0.0994165,0.135343,0.107923,0.309489,0.35997,0.136977,0.464245,0.0237243,0.215169
3582,1718706591,2024-06-18 10:29 UTC,69986.2,150590,8.90621,17.3651,0.0994869,0.136041,0.108061,0.313945,0.359729,0.136903,0.464153,0.0236523,0.218614
3583,1718706891,2024-06-18 10:34 UTC,69940.6,150578,8.90469,17.3647,0.0995623,0.136761,0.10816,0.316921,0.359341,0.136831,0.46406,0.0235743,0.228049
3584,1718707191,2024-06-18 10:39 UTC,69902.3,150565,8.90319,17.3643,0.0996426,0.137503,0.108245,0.320964,0.359131,0.136758,0.463967,0.0234271,0.232676
3585,1718707491,2024-06-18 10:44 UTC,69858.5,150553,8.90172,17.364,0.0997279,0.138265,0.108191,0.324154,0.358874,0.13669,0.463874,0.023257,0.242544
3586,1718707791,2024-06-18 10:49 UTC,69821,150540,8.90028,17.3636,0.0998181,0.139047,0.108218,0.330085,0.358584,0.136621,0.463781,0.0230883,0.24771
3587,1718708091,2024-06-18 10:54 UTC,69777.9,150527,8.89887,17.3632,0.0999132,0.13985,0.108191,0.337408,0.358306,0.136552,0.463689,0.0229115,0.329751
3588,1718708391,2024-06-18 10:59 UTC,69732.3,150514,8.89749,17.3629,0.100013,0.140673,0.108112,0.343242,0.357935,0.136485,0.463596,0.0227173,0.271339
3589,1718708690,2024-06-18 11:04 UTC,69693.5,150501,8.89614,17.3625,0.0981394,0.138084,0.107922,0.345932,0.357649,0.136422,0.463504,0.0240039,0.318369
3590,1718708990,2024-06-18 11:09 UTC,69649.8,150487,8.89482,17.3621,0.0961998,0.13538,0.107515,0.347388,0.357362,0.136366,0.463411,0.0251812,0.274819
3591,1718709290,2024-06-18 11:14 UTC,69606.8,150474,8.89353,17.3618,0.094262,0.132676,0.106953,0.345019,0.357069,0.136316,0.463318,0.026237,0.317509
3592,1718709590,2024-06-18 11:19 UTC,69565.3,150461,8.89227,17.3614,0.0923261,0.129972,0.106231,0.344755,0.356696,0.136269,0.463226,0.0271512,0.297138
3593,1718709890,2024-06-18 11:24 UTC,69533.2,150447,8.89104,17.3611,0.0903924,0.127268,0.105453,0.34554,0.356482,0.136225,0.463133,0.0279238,0.342736
3594,1718710190,2024-06-18 11:29 UTC,69488.5,150433,8.88985,17.3607,0.0884609,0.124564,0.104672,0.345505,0.356177,0.136181,0.463041,0.0286904,0.27452
3595,1718710490,2024-06-18 11:34 UTC,69443.6,150419,8.88868,17.3604,0.0865318,0.12186,0.103886,0.342024,0.355858,0.136135,0.462949,0.0293901,0.265737
3596,1718710790,2024-06-18 11:39 UTC,69400.9,150405,8.88755,17.36,0.0846052,0.119157,0.10307,0.330281,0.355589,0.136092,0.462856,0.0299999,0.271195
3597,1718711090,2024-06-18 11:44 UTC,69361.4,150390,8.88645,17.3597,0.0826814,0.116453,0.102202,0.323037,0.3553,0.136049,0.462764,0.0305038,0.275439
3598,1718711390,2024-06-18 11:49 UTC,69309.8,150376,8.88538,17.3593,0.0807604,0.113749,0.10132,0.322631,0.35493,0.136006,0.462672,0.0309884,0.279715
3599,1718711690,2024-06-18 11:54 UTC,69277,150361,8.88434,17.359,0.0788427,0.111049,0.100347,0.321659,0.35472,0.135969,0.462579,0.031388,0.282704
3600,1718711990,2024-06-18 11:59 UTC,69238.7,150346,8.88332,17.3586,0.0769283,0.108354,0.0992575,0.320209,0.354438,0.135935,0.462487,0.0317056,0.284617
